2026-09-28 19:13:41 | root                           | INFO   | Logging configured: file=/content/drive/MyDrive/DHUC_RUN/lstm/full/logs/runner.log level=INFO
2026-09-28 19:13:41 | __main__                       | INFO   | Mode: full
2026-09-28 19:13:41 | __main__                       | INFO   | Run root: /content/drive/MyDrive/DHUC_RUN/lstm/full
2026-09-28 19:13:41 | __main__                       | INFO   | Models: lstm
2026-09-28 19:13:41 | __main__                       | INFO   | No dataset regeneration: False
2026-09-28 19:13:41 | __main__                       | INFO   | ================================================================================
2026-09-28 19:13:41 | __main__                       | INFO   | EXPERIMENT ber_vs_snr
2026-09-28 19:13:41 | __main__                       | INFO   | ================================================================================
2026-09-28 19:13:41 | __main__                       | INFO   | ber_vs_snr: scenarios limited to ['k1_doppler_full', 'k3_doppler_full', 'k3_doppler_limited', 'iod_peers']
2026-09-28 19:13:41 | __main__                       | INFO   | experiment_name = ber_vs_snr_full
2026-09-28 19:13:41 | __main__                       | INFO   | seed = 42
2026-09-28 19:13:41 | __main__                       | INFO   | lambda_mse = 2
2026-09-28 19:13:41 | __main__                       | INFO   | sequence_length = 100
2026-09-28 19:13:41 | __main__                       | INFO   | map_type = logistic / map_param = 3.9
2026-09-28 19:13:41 | __main__                       | INFO   | backbone_type = lstm
2026-09-28 19:13:41 | __main__                       | INFO   | epochs = 30
2026-09-28 19:13:41 | src.utils.config_loader        | INFO   | config snapshot saved: /content/drive/MyDrive/DHUC_RUN/lstm/full/ber_vs_snr/logs/config_used.yaml
2026-09-28 19:13:41 | __main__                       | INFO   | ============================================================
2026-09-28 19:13:41 | __main__                       | INFO   | ber_vs_snr experiment: BER vs SNR (5 architectures, 3 scenarios)
2026-09-28 19:13:41 | __main__                       | INFO   | ============================================================
2026-09-28 19:13:41 | __main__                       | INFO   | ber_vs_snr: --model=lstm filters architectures to: ['lstm']
2026-09-28 19:13:41 | __main__                       | INFO   | --- Scenario: k1_doppler_full ---
2026-09-28 19:13:41 | src.experiments.pipeline       | INFO   | Dataset not found in data/raw/555e38fc, generating...
2026-09-28 19:13:42 | src.data.dataset_generator     | INFO   | saved data/raw/555e38fc/train_snr-5_echo1.npz: 7500 symbols, x shape=(7500, 100), tau in [1, 33], f_d in [5.123e-10, 8.000e-05]
2026-09-28 19:13:42 | src.data.dataset_generator     | INFO   | saved data/raw/555e38fc/train_snr-3_echo1.npz: 7500 symbols, x shape=(7500, 100), tau in [1, 33], f_d in [1.469e-08, 7.997e-05]
2026-09-28 19:13:42 | src.data.dataset_generator     | INFO   | saved data/raw/555e38fc/train_snr-1_echo1.npz: 7500 symbols, x shape=(7500, 100), tau in [1, 33], f_d in [2.723e-08, 7.999e-05]
2026-09-28 19:13:43 | src.data.dataset_generator     | INFO   | saved data/raw/555e38fc/train_snr1_echo1.npz: 7500 symbols, x shape=(7500, 100), tau in [1, 33], f_d in [3.223e-08, 7.998e-05]
2026-09-28 19:13:44 | src.data.dataset_generator     | INFO   | saved data/raw/555e38fc/train_snr3_echo1.npz: 7500 symbols, x shape=(7500, 100), tau in [1, 33], f_d in [2.007e-08, 7.999e-05]
2026-09-28 19:13:44 | src.data.dataset_generator     | INFO   | saved data/raw/555e38fc/train_snr5_echo1.npz: 7500 symbols, x shape=(7500, 100), tau in [1, 33], f_d in [1.977e-08, 7.999e-05]
2026-09-28 19:13:45 | src.data.dataset_generator     | INFO   | saved data/raw/555e38fc/train_snr7_echo1.npz: 7500 symbols, x shape=(7500, 100), tau in [1, 33], f_d in [1.223e-09, 7.998e-05]
2026-09-28 19:13:45 | src.data.dataset_generator     | INFO   | saved data/raw/555e38fc/train_snr9_echo1.npz: 7500 symbols, x shape=(7500, 100), tau in [1, 33], f_d in [9.979e-10, 7.999e-05]
2026-09-28 19:13:46 | src.data.dataset_generator     | INFO   | saved data/raw/555e38fc/train_snr11_echo1.npz: 7500 symbols, x shape=(7500, 100), tau in [1, 33], f_d in [1.370e-08, 8.000e-05]
2026-09-28 19:13:46 | src.data.dataset_generator     | INFO   | saved data/raw/555e38fc/train_snr13_echo1.npz: 7500 symbols, x shape=(7500, 100), tau in [1, 33], f_d in [2.273e-09, 8.000e-05]
2026-09-28 19:13:47 | src.data.dataset_generator     | INFO   | saved data/raw/555e38fc/train_snr15_echo1.npz: 7500 symbols, x shape=(7500, 100), tau in [1, 33], f_d in [5.939e-09, 7.997e-05]
2026-09-28 19:13:47 | src.data.dataset_generator     | INFO   | saved data/raw/555e38fc/train_snr17_echo1.npz: 7500 symbols, x shape=(7500, 100), tau in [1, 33], f_d in [1.867e-08, 7.999e-05]
2026-09-28 19:13:48 | src.data.dataset_generator     | INFO   | saved data/raw/555e38fc/train_snr19_echo1.npz: 7500 symbols, x shape=(7500, 100), tau in [1, 33], f_d in [3.120e-10, 8.000e-05]
2026-09-28 19:13:48 | src.data.dataset_generator     | INFO   | saved data/raw/555e38fc/train_snr21_echo1.npz: 7500 symbols, x shape=(7500, 100), tau in [1, 33], f_d in [6.065e-09, 7.997e-05]
2026-09-28 19:13:48 | src.data.dataset_generator     | INFO   | split 'train': 14 files generated, 7500 symbols per combination (combos=14)
2026-09-28 19:13:48 | src.data.dataset_generator     | INFO   | saved data/raw/555e38fc/val_snr-5_echo1.npz: 5000 symbols, x shape=(5000, 100), tau in [1, 33], f_d in [2.454e-08, 7.999e-05]
2026-09-28 19:13:49 | src.data.dataset_generator     | INFO   | saved data/raw/555e38fc/val_snr-3_echo1.npz: 5000 symbols, x shape=(5000, 100), tau in [1, 33], f_d in [2.144e-08, 7.999e-05]
2026-09-28 19:13:49 | src.data.dataset_generator     | INFO   | saved data/raw/555e38fc/val_snr-1_echo1.npz: 5000 symbols, x shape=(5000, 100), tau in [1, 33], f_d in [2.573e-10, 8.000e-05]
2026-09-28 19:13:49 | src.data.dataset_generator     | INFO   | saved data/raw/555e38fc/val_snr1_echo1.npz: 5000 symbols, x shape=(5000, 100), tau in [1, 33], f_d in [2.121e-08, 7.998e-05]
2026-09-28 19:13:49 | src.data.dataset_generator     | INFO   | saved data/raw/555e38fc/val_snr3_echo1.npz: 5000 symbols, x shape=(5000, 100), tau in [1, 33], f_d in [2.391e-08, 7.994e-05]
2026-09-28 19:13:50 | src.data.dataset_generator     | INFO   | saved data/raw/555e38fc/val_snr5_echo1.npz: 5000 symbols, x shape=(5000, 100), tau in [1, 33], f_d in [4.377e-09, 8.000e-05]
2026-09-28 19:13:50 | src.data.dataset_generator     | INFO   | saved data/raw/555e38fc/val_snr7_echo1.npz: 5000 symbols, x shape=(5000, 100), tau in [1, 33], f_d in [4.595e-10, 7.997e-05]
2026-09-28 19:13:50 | src.data.dataset_generator     | INFO   | saved data/raw/555e38fc/val_snr9_echo1.npz: 5000 symbols, x shape=(5000, 100), tau in [1, 33], f_d in [8.012e-09, 7.998e-05]
2026-09-28 19:13:50 | src.data.dataset_generator     | INFO   | saved data/raw/555e38fc/val_snr11_echo1.npz: 5000 symbols, x shape=(5000, 100), tau in [1, 33], f_d in [3.124e-09, 8.000e-05]
2026-09-28 19:13:50 | src.data.dataset_generator     | INFO   | saved data/raw/555e38fc/val_snr13_echo1.npz: 5000 symbols, x shape=(5000, 100), tau in [1, 33], f_d in [7.868e-09, 7.998e-05]
2026-09-28 19:13:51 | src.data.dataset_generator     | INFO   | saved data/raw/555e38fc/val_snr15_echo1.npz: 5000 symbols, x shape=(5000, 100), tau in [1, 33], f_d in [1.013e-08, 7.999e-05]
2026-09-28 19:13:51 | src.data.dataset_generator     | INFO   | saved data/raw/555e38fc/val_snr17_echo1.npz: 5000 symbols, x shape=(5000, 100), tau in [1, 33], f_d in [1.550e-09, 7.999e-05]
2026-09-28 19:13:51 | src.data.dataset_generator     | INFO   | saved data/raw/555e38fc/val_snr19_echo1.npz: 5000 symbols, x shape=(5000, 100), tau in [1, 33], f_d in [2.254e-08, 7.998e-05]
2026-09-28 19:13:51 | src.data.dataset_generator     | INFO   | saved data/raw/555e38fc/val_snr21_echo1.npz: 5000 symbols, x shape=(5000, 100), tau in [1, 33], f_d in [1.250e-08, 7.997e-05]
2026-09-28 19:13:51 | src.data.dataset_generator     | INFO   | split 'val': 14 files generated, 5000 symbols per combination (combos=14)
2026-09-28 19:13:52 | src.data.dataset_generator     | INFO   | saved data/raw/555e38fc/test_snr-5_echo1.npz: 20000 symbols, x shape=(20000, 100), tau in [1, 33], f_d in [5.907e-09, 7.999e-05]
2026-09-28 19:13:53 | src.data.dataset_generator     | INFO   | saved data/raw/555e38fc/test_snr-3_echo1.npz: 20000 symbols, x shape=(20000, 100), tau in [1, 33], f_d in [7.431e-10, 7.999e-05]
2026-09-28 19:13:54 | src.data.dataset_generator     | INFO   | saved data/raw/555e38fc/test_snr-1_echo1.npz: 20000 symbols, x shape=(20000, 100), tau in [1, 33], f_d in [3.074e-09, 8.000e-05]
2026-09-28 19:13:55 | src.data.dataset_generator     | INFO   | saved data/raw/555e38fc/test_snr1_echo1.npz: 20000 symbols, x shape=(20000, 100), tau in [1, 33], f_d in [4.446e-09, 7.999e-05]
2026-09-28 19:13:56 | src.data.dataset_generator     | INFO   | saved data/raw/555e38fc/test_snr3_echo1.npz: 20000 symbols, x shape=(20000, 100), tau in [1, 33], f_d in [6.471e-09, 7.999e-05]
2026-09-28 19:13:57 | src.data.dataset_generator     | INFO   | saved data/raw/555e38fc/test_snr5_echo1.npz: 20000 symbols, x shape=(20000, 100), tau in [1, 33], f_d in [2.703e-09, 8.000e-05]
2026-09-28 19:13:59 | src.data.dataset_generator     | INFO   | saved data/raw/555e38fc/test_snr7_echo1.npz: 20000 symbols, x shape=(20000, 100), tau in [1, 33], f_d in [8.244e-09, 7.997e-05]
2026-09-28 19:14:00 | src.data.dataset_generator     | INFO   | saved data/raw/555e38fc/test_snr9_echo1.npz: 20000 symbols, x shape=(20000, 100), tau in [1, 33], f_d in [3.030e-08, 8.000e-05]
2026-09-28 19:14:02 | src.data.dataset_generator     | INFO   | saved data/raw/555e38fc/test_snr11_echo1.npz: 20000 symbols, x shape=(20000, 100), tau in [1, 33], f_d in [4.338e-09, 7.999e-05]
2026-09-28 19:14:03 | src.data.dataset_generator     | INFO   | saved data/raw/555e38fc/test_snr13_echo1.npz: 20000 symbols, x shape=(20000, 100), tau in [1, 33], f_d in [6.262e-10, 8.000e-05]
2026-09-28 19:14:04 | src.data.dataset_generator     | INFO   | saved data/raw/555e38fc/test_snr15_echo1.npz: 20000 symbols, x shape=(20000, 100), tau in [1, 33], f_d in [8.955e-10, 7.999e-05]
2026-09-28 19:14:05 | src.data.dataset_generator     | INFO   | saved data/raw/555e38fc/test_snr17_echo1.npz: 20000 symbols, x shape=(20000, 100), tau in [1, 33], f_d in [7.527e-10, 8.000e-05]
2026-09-28 19:14:06 | src.data.dataset_generator     | INFO   | saved data/raw/555e38fc/test_snr19_echo1.npz: 20000 symbols, x shape=(20000, 100), tau in [1, 33], f_d in [8.022e-09, 8.000e-05]
2026-09-28 19:14:07 | src.data.dataset_generator     | INFO   | saved data/raw/555e38fc/test_snr21_echo1.npz: 20000 symbols, x shape=(20000, 100), tau in [1, 33], f_d in [3.473e-10, 7.999e-05]
2026-09-28 19:14:07 | src.data.dataset_generator     | INFO   | split 'test': 14 files generated, 20000 symbols per combination (combos=14)
2026-09-28 19:14:07 | src.data.data_loader           | INFO   | split 'train': 105000 total samples, x shape=(105000, 100), tau in [1.00, 33.00], f_d in [3.120e-10, 8.000e-05]
2026-09-28 19:14:07 | src.data.data_loader           | INFO   | balancing verified: 7500 samples for each of the 14 (SNR, K) combinations
2026-09-28 19:14:23 | src.experiments.pipeline       | INFO   | Split 'train': 105000 samples
2026-09-28 19:14:23 | src.data.data_loader           | INFO   | split 'val': 70000 total samples, x shape=(70000, 100), tau in [1.00, 33.00], f_d in [2.573e-10, 8.000e-05]
2026-09-28 19:14:23 | src.data.data_loader           | INFO   | balancing verified: 5000 samples for each of the 14 (SNR, K) combinations
2026-09-28 19:14:34 | src.experiments.pipeline       | INFO   | Split 'val': 70000 samples
2026-09-28 19:14:36 | src.data.data_loader           | INFO   | dataset built: n=105000, batch_size=128, feature_mode=iq, shuffle=True, seed=42
2026-09-28 19:14:37 | src.data.data_loader           | INFO   | dataset built: n=70000, batch_size=128, feature_mode=iq, shuffle=False, seed=42
2026-09-28 19:14:37 | __main__                       | INFO   | Architecture: lstm
2026-09-28 19:14:37 | src.experiments.pipeline       | INFO   | build_model 'lstm': model seed applied = 92 (from model.seeds.lstm, dataset seed stays 42)
2026-09-28 19:14:38 | src.models.baselines           | WARNING | baselines.lstm.units[-1]=77 != v contract in R^64: adding Dense(64) projection before the shared heads
2026-09-28 19:14:38 | src.models.heads               | INFO   | communication_head built: input_dim=64, units=128, M=2, params=8578
2026-09-28 19:14:38 | src.models.heads               | INFO   | sensing_head built: input_dim=241, units=32, output_units=2, params=7810
2026-09-28 19:14:40 | src.models.baselines           | INFO   | model 'lstm_baseline' built: backbone=29632 params, comm=8578 params, sensing=7810 params, TOTAL=46020 params
2026-09-28 19:14:40 | src.models.baselines           | INFO   | baseline 'lstm' built: input=(None, 100, 3), output=['comm', 'sensing'], params=46020
2026-09-28 19:14:40 | src.experiments.pipeline       | INFO   | Model 'lstm_baseline' built: 46020 trainable parameters.
2026-09-28 19:14:40 | src.experiments.pipeline       | INFO   | Training for 30 epochs, lambda_mse=2.0000
2026-09-28 19:14:40 | src.training.trainer           | INFO   | Sensing component weights: delay=1.000, f_doppler=1.000
2026-09-28 19:14:40 | src.training.trainer           | INFO   | Trainer initialized: lambda_mse = 2.0
2026-09-28 19:14:40 | src.training.trainer           | INFO   | Model compiled: loss_weights = {'comm': 1.0, 'sensing': 2}, lr=0.001000, optimizer=adam, label_smoothing=0.1, lr_schedule=cosine, sensing_range_penalty=1.0, sensing_component_weights=[1.0, 1.0]
2026-09-28 19:14:42 | src.training.trainer           | INFO   | Callbacks configured: 5
2026-09-28 19:14:42 | src.training.trainer           | INFO   | Starting training: epochs=30, batch_size=128
2026-09-28 19:23:43 | src.training.trainer           | INFO   | History saved to /content/drive/MyDrive/DHUC_RUN/lstm/full/ber_vs_snr/k1_doppler_full/lstm/logs/history.csv
2026-09-28 19:23:43 | src.training.trainer           | INFO   | Metadata saved to /content/drive/MyDrive/DHUC_RUN/lstm/full/ber_vs_snr/k1_doppler_full/lstm/logs/run_metadata.json
2026-09-28 19:23:43 | src.training.trainer           | INFO   | Training completed in 30 epochs. Best val_loss = 0.333174, best loss = 0.326157
2026-09-28 19:23:44 | src.training.trainer           | INFO   | Best weights reloaded from /content/drive/MyDrive/DHUC_RUN/lstm/full/ber_vs_snr/k1_doppler_full/lstm/logs/best_weights.weights.h5 before evaluation/saving
2026-09-28 19:23:44 | src.evaluation.evaluator       | INFO   | ONLINE evaluation over 14 SNR points (batch=100000, max_symbols=2000000, floor BER=2.5e-07)
2026-09-28 19:23:58 | src.evaluation.evaluator       | WARNING | SNR=-5.0 dB: 36/200000 sensing elements outside [0,1] (min=-0.3033, max=1.1146) -> clamped
2026-09-28 19:24:11 | src.evaluation.evaluator       | WARNING | SNR=-3.0 dB: 24/200000 sensing elements outside [0,1] (min=-0.1098, max=1.0476) -> clamped
2026-09-28 19:24:25 | src.evaluation.evaluator       | WARNING | SNR=-1.0 dB: 41/200000 sensing elements outside [0,1] (min=-0.1443, max=1.0882) -> clamped
2026-09-28 19:24:39 | src.evaluation.evaluator       | WARNING | SNR=1.0 dB: 77/200000 sensing elements outside [0,1] (min=-0.1337, max=1.0622) -> clamped
2026-09-28 19:25:07 | src.evaluation.evaluator       | WARNING | SNR=3.0 dB: 247/400000 sensing elements outside [0,1] (min=-0.1288, max=1.1152) -> clamped
2026-09-28 19:25:47 | src.evaluation.evaluator       | WARNING | SNR=5.0 dB: 743/600000 sensing elements outside [0,1] (min=-0.1500, max=1.1343) -> clamped
2026-09-28 19:26:42 | src.evaluation.evaluator       | WARNING | SNR=7.0 dB: 1690/800000 sensing elements outside [0,1] (min=-0.1361, max=1.1588) -> clamped
2026-09-28 19:27:51 | src.evaluation.evaluator       | WARNING | SNR=9.0 dB: 3412/1000000 sensing elements outside [0,1] (min=-0.1195, max=1.1235) -> clamped
2026-09-28 19:29:14 | src.evaluation.evaluator       | WARNING | SNR=11.0 dB: 6020/1200000 sensing elements outside [0,1] (min=-0.1281, max=1.1682) -> clamped
2026-09-28 19:30:23 | src.evaluation.evaluator       | WARNING | SNR=13.0 dB: 6752/1000000 sensing elements outside [0,1] (min=-0.1062, max=1.1961) -> clamped
2026-09-28 19:31:33 | src.evaluation.evaluator       | WARNING | SNR=15.0 dB: 8652/1000000 sensing elements outside [0,1] (min=-0.1009, max=1.1728) -> clamped
2026-09-28 19:32:57 | src.evaluation.evaluator       | WARNING | SNR=17.0 dB: 12833/1200000 sensing elements outside [0,1] (min=-0.1502, max=1.1421) -> clamped
2026-09-28 19:34:07 | src.evaluation.evaluator       | WARNING | SNR=19.0 dB: 12626/1000000 sensing elements outside [0,1] (min=-0.1227, max=1.1442) -> clamped
2026-09-28 19:35:44 | src.evaluation.evaluator       | WARNING | SNR=21.0 dB: 20526/1400000 sensing elements outside [0,1] (min=-0.1091, max=1.1550) -> clamped
2026-09-28 19:35:44 | src.evaluation.evaluator       | INFO   | Online evaluation completed for 14 SNR points
2026-09-28 19:35:44 | src.experiments.pipeline       | INFO   | Metrics saved to /content/drive/MyDrive/DHUC_RUN/lstm/full/ber_vs_snr/k1_doppler_full/lstm/metrics.csv
2026-09-28 19:35:45 | src.evaluation.evaluator       | INFO   | BER plot saved to /content/drive/MyDrive/DHUC_RUN/lstm/full/ber_vs_snr/k1_doppler_full/lstm/plots/ber_vs_snr_lstm_baseline.pdf
2026-09-28 19:35:45 | src.experiments.pipeline       | INFO   | BER vs SNR plot saved to /content/drive/MyDrive/DHUC_RUN/lstm/full/ber_vs_snr/k1_doppler_full/lstm/plots/ber_vs_snr_lstm_baseline.pdf
2026-09-28 19:35:46 | src.experiments.pipeline       | INFO   | Model saved to /content/drive/MyDrive/DHUC_RUN/lstm/full/ber_vs_snr/k1_doppler_full/lstm/best_model.keras
2026-09-28 19:35:46 | src.utils.config_loader        | INFO   | config snapshot saved: /content/drive/MyDrive/DHUC_RUN/lstm/full/ber_vs_snr/k1_doppler_full/lstm/logs/config_used.yaml
2026-09-28 19:35:46 | __main__                       | INFO   | RSS [ber_vs_snr k1_doppler_full/lstm] = 2.22 GB
2026-09-28 19:35:47 | src.evaluation.compare_baselines | INFO   | BER plot saved to /content/drive/MyDrive/DHUC_RUN/lstm/full/ber_vs_snr/plots/ber_vs_snr_k1_doppler_full.pdf
2026-09-28 19:35:47 | src.experiments.pipeline       | INFO   | Overlay saved to /content/drive/MyDrive/DHUC_RUN/lstm/full/ber_vs_snr/plots/ber_vs_snr_k1_doppler_full.pdf
2026-09-28 19:35:47 | __main__                       | INFO   | RSS [ber_vs_snr k1_doppler_full scenario done] = 1.84 GB
2026-09-28 19:35:47 | __main__                       | INFO   | --- Scenario: k3_doppler_full ---
2026-09-28 19:35:47 | src.experiments.pipeline       | INFO   | Dataset not found in data/raw/b40bac87, generating...
2026-09-28 19:35:47 | src.data.dataset_generator     | INFO   | saved data/raw/b40bac87/train_snr-5_echo3.npz: 7500 symbols, x shape=(7500, 100), tau in [1, 33], f_d in [5.123e-10, 7.999e-05]
2026-09-28 19:35:48 | src.data.dataset_generator     | INFO   | saved data/raw/b40bac87/train_snr-3_echo3.npz: 7500 symbols, x shape=(7500, 100), tau in [1, 33], f_d in [2.036e-08, 8.000e-05]
2026-09-28 19:35:48 | src.data.dataset_generator     | INFO   | saved data/raw/b40bac87/train_snr-1_echo3.npz: 7500 symbols, x shape=(7500, 100), tau in [1, 33], f_d in [1.816e-08, 7.999e-05]
2026-09-28 19:35:49 | src.data.dataset_generator     | INFO   | saved data/raw/b40bac87/train_snr1_echo3.npz: 7500 symbols, x shape=(7500, 100), tau in [1, 33], f_d in [6.635e-09, 8.000e-05]
2026-09-28 19:35:49 | src.data.dataset_generator     | INFO   | saved data/raw/b40bac87/train_snr3_echo3.npz: 7500 symbols, x shape=(7500, 100), tau in [1, 33], f_d in [2.007e-08, 7.999e-05]
2026-09-28 19:35:50 | src.data.dataset_generator     | INFO   | saved data/raw/b40bac87/train_snr5_echo3.npz: 7500 symbols, x shape=(7500, 100), tau in [1, 33], f_d in [2.503e-10, 8.000e-05]
2026-09-28 19:35:50 | src.data.dataset_generator     | INFO   | saved data/raw/b40bac87/train_snr7_echo3.npz: 7500 symbols, x shape=(7500, 100), tau in [1, 33], f_d in [8.852e-09, 7.999e-05]
2026-09-28 19:35:51 | src.data.dataset_generator     | INFO   | saved data/raw/b40bac87/train_snr9_echo3.npz: 7500 symbols, x shape=(7500, 100), tau in [1, 33], f_d in [6.658e-09, 8.000e-05]
2026-09-28 19:35:51 | src.data.dataset_generator     | INFO   | saved data/raw/b40bac87/train_snr11_echo3.npz: 7500 symbols, x shape=(7500, 100), tau in [1, 33], f_d in [2.039e-09, 8.000e-05]
2026-09-28 19:35:52 | src.data.dataset_generator     | INFO   | saved data/raw/b40bac87/train_snr13_echo3.npz: 7500 symbols, x shape=(7500, 100), tau in [1, 33], f_d in [1.279e-08, 8.000e-05]
2026-09-28 19:35:53 | src.data.dataset_generator     | INFO   | saved data/raw/b40bac87/train_snr15_echo3.npz: 7500 symbols, x shape=(7500, 100), tau in [1, 33], f_d in [5.939e-09, 7.999e-05]
2026-09-28 19:35:53 | src.data.dataset_generator     | INFO   | saved data/raw/b40bac87/train_snr17_echo3.npz: 7500 symbols, x shape=(7500, 100), tau in [1, 33], f_d in [1.867e-08, 7.997e-05]
2026-09-28 19:35:54 | src.data.dataset_generator     | INFO   | saved data/raw/b40bac87/train_snr19_echo3.npz: 7500 symbols, x shape=(7500, 100), tau in [1, 33], f_d in [3.120e-10, 8.000e-05]
2026-09-28 19:35:55 | src.data.dataset_generator     | INFO   | saved data/raw/b40bac87/train_snr21_echo3.npz: 7500 symbols, x shape=(7500, 100), tau in [1, 33], f_d in [3.692e-09, 7.999e-05]
2026-09-28 19:35:55 | src.data.dataset_generator     | INFO   | split 'train': 14 files generated, 7500 symbols per combination (combos=14)
2026-09-28 19:35:55 | src.data.dataset_generator     | INFO   | saved data/raw/b40bac87/val_snr-5_echo3.npz: 5000 symbols, x shape=(5000, 100), tau in [1, 33], f_d in [1.999e-08, 8.000e-05]
2026-09-28 19:35:55 | src.data.dataset_generator     | INFO   | saved data/raw/b40bac87/val_snr-3_echo3.npz: 5000 symbols, x shape=(5000, 100), tau in [1, 33], f_d in [9.208e-09, 7.999e-05]
2026-09-28 19:35:55 | src.data.dataset_generator     | INFO   | saved data/raw/b40bac87/val_snr-1_echo3.npz: 5000 symbols, x shape=(5000, 100), tau in [1, 33], f_d in [9.319e-10, 8.000e-05]
2026-09-28 19:35:56 | src.data.dataset_generator     | INFO   | saved data/raw/b40bac87/val_snr1_echo3.npz: 5000 symbols, x shape=(5000, 100), tau in [1, 33], f_d in [3.260e-09, 7.991e-05]
2026-09-28 19:35:56 | src.data.dataset_generator     | INFO   | saved data/raw/b40bac87/val_snr3_echo3.npz: 5000 symbols, x shape=(5000, 100), tau in [1, 33], f_d in [1.621e-08, 7.998e-05]
2026-09-28 19:35:56 | src.data.dataset_generator     | INFO   | saved data/raw/b40bac87/val_snr5_echo3.npz: 5000 symbols, x shape=(5000, 100), tau in [1, 33], f_d in [1.406e-09, 8.000e-05]
2026-09-28 19:35:56 | src.data.dataset_generator     | INFO   | saved data/raw/b40bac87/val_snr7_echo3.npz: 5000 symbols, x shape=(5000, 100), tau in [1, 33], f_d in [6.021e-08, 7.999e-05]
2026-09-28 19:35:57 | src.data.dataset_generator     | INFO   | saved data/raw/b40bac87/val_snr9_echo3.npz: 5000 symbols, x shape=(5000, 100), tau in [1, 33], f_d in [4.812e-09, 8.000e-05]
2026-09-28 19:35:57 | src.data.dataset_generator     | INFO   | saved data/raw/b40bac87/val_snr11_echo3.npz: 5000 symbols, x shape=(5000, 100), tau in [1, 33], f_d in [3.124e-09, 7.998e-05]
2026-09-28 19:35:57 | src.data.dataset_generator     | INFO   | saved data/raw/b40bac87/val_snr13_echo3.npz: 5000 symbols, x shape=(5000, 100), tau in [1, 33], f_d in [2.243e-08, 7.999e-05]
2026-09-28 19:35:58 | src.data.dataset_generator     | INFO   | saved data/raw/b40bac87/val_snr15_echo3.npz: 5000 symbols, x shape=(5000, 100), tau in [1, 33], f_d in [1.167e-08, 8.000e-05]
2026-09-28 19:35:58 | src.data.dataset_generator     | INFO   | saved data/raw/b40bac87/val_snr17_echo3.npz: 5000 symbols, x shape=(5000, 100), tau in [1, 33], f_d in [1.401e-08, 7.999e-05]
2026-09-28 19:35:58 | src.data.dataset_generator     | INFO   | saved data/raw/b40bac87/val_snr19_echo3.npz: 5000 symbols, x shape=(5000, 100), tau in [1, 33], f_d in [2.679e-08, 7.999e-05]
2026-09-28 19:35:59 | src.data.dataset_generator     | INFO   | saved data/raw/b40bac87/val_snr21_echo3.npz: 5000 symbols, x shape=(5000, 100), tau in [1, 33], f_d in [1.340e-08, 7.998e-05]
2026-09-28 19:35:59 | src.data.dataset_generator     | INFO   | split 'val': 14 files generated, 5000 symbols per combination (combos=14)
2026-09-28 19:36:00 | src.data.dataset_generator     | INFO   | saved data/raw/b40bac87/test_snr-5_echo3.npz: 20000 symbols, x shape=(20000, 100), tau in [1, 33], f_d in [3.654e-09, 8.000e-05]
2026-09-28 19:36:01 | src.data.dataset_generator     | INFO   | saved data/raw/b40bac87/test_snr-3_echo3.npz: 20000 symbols, x shape=(20000, 100), tau in [1, 33], f_d in [7.431e-10, 7.999e-05]
2026-09-28 19:36:02 | src.data.dataset_generator     | INFO   | saved data/raw/b40bac87/test_snr-1_echo3.npz: 20000 symbols, x shape=(20000, 100), tau in [1, 33], f_d in [3.074e-09, 8.000e-05]
2026-09-28 19:36:03 | src.data.dataset_generator     | INFO   | saved data/raw/b40bac87/test_snr1_echo3.npz: 20000 symbols, x shape=(20000, 100), tau in [1, 33], f_d in [4.446e-09, 8.000e-05]
2026-09-28 19:36:05 | src.data.dataset_generator     | INFO   | saved data/raw/b40bac87/test_snr3_echo3.npz: 20000 symbols, x shape=(20000, 100), tau in [1, 33], f_d in [6.713e-10, 8.000e-05]
2026-09-28 19:36:06 | src.data.dataset_generator     | INFO   | saved data/raw/b40bac87/test_snr5_echo3.npz: 20000 symbols, x shape=(20000, 100), tau in [1, 33], f_d in [3.631e-09, 7.999e-05]
2026-09-28 19:36:08 | src.data.dataset_generator     | INFO   | saved data/raw/b40bac87/test_snr7_echo3.npz: 20000 symbols, x shape=(20000, 100), tau in [1, 33], f_d in [1.594e-09, 7.999e-05]
2026-09-28 19:36:09 | src.data.dataset_generator     | INFO   | saved data/raw/b40bac87/test_snr9_echo3.npz: 20000 symbols, x shape=(20000, 100), tau in [1, 33], f_d in [4.142e-09, 8.000e-05]
2026-09-28 19:36:10 | src.data.dataset_generator     | INFO   | saved data/raw/b40bac87/test_snr11_echo3.npz: 20000 symbols, x shape=(20000, 100), tau in [1, 33], f_d in [1.007e-08, 7.999e-05]
2026-09-28 19:36:12 | src.data.dataset_generator     | INFO   | saved data/raw/b40bac87/test_snr13_echo3.npz: 20000 symbols, x shape=(20000, 100), tau in [1, 33], f_d in [1.064e-09, 8.000e-05]
2026-09-28 19:36:13 | src.data.dataset_generator     | INFO   | saved data/raw/b40bac87/test_snr15_echo3.npz: 20000 symbols, x shape=(20000, 100), tau in [1, 33], f_d in [8.955e-10, 7.999e-05]
2026-09-28 19:36:14 | src.data.dataset_generator     | INFO   | saved data/raw/b40bac87/test_snr17_echo3.npz: 20000 symbols, x shape=(20000, 100), tau in [1, 33], f_d in [4.564e-09, 8.000e-05]
2026-09-28 19:36:15 | src.data.dataset_generator     | INFO   | saved data/raw/b40bac87/test_snr19_echo3.npz: 20000 symbols, x shape=(20000, 100), tau in [1, 33], f_d in [1.161e-08, 8.000e-05]
2026-09-28 19:36:16 | src.data.dataset_generator     | INFO   | saved data/raw/b40bac87/test_snr21_echo3.npz: 20000 symbols, x shape=(20000, 100), tau in [1, 33], f_d in [1.673e-09, 7.999e-05]
2026-09-28 19:36:16 | src.data.dataset_generator     | INFO   | split 'test': 14 files generated, 20000 symbols per combination (combos=14)
2026-09-28 19:36:16 | src.data.data_loader           | INFO   | split 'train': 105000 total samples, x shape=(105000, 100), tau in [1.00, 33.00], f_d in [2.503e-10, 8.000e-05]
2026-09-28 19:36:16 | src.data.data_loader           | INFO   | balancing verified: 7500 samples for each of the 14 (SNR, K) combinations
2026-09-28 19:36:32 | src.experiments.pipeline       | INFO   | Split 'train': 105000 samples
2026-09-28 19:36:32 | src.data.data_loader           | INFO   | split 'val': 70000 total samples, x shape=(70000, 100), tau in [1.00, 33.00], f_d in [9.319e-10, 8.000e-05]
2026-09-28 19:36:32 | src.data.data_loader           | INFO   | balancing verified: 5000 samples for each of the 14 (SNR, K) combinations
2026-09-28 19:36:43 | src.experiments.pipeline       | INFO   | Split 'val': 70000 samples
2026-09-28 19:36:43 | src.data.data_loader           | INFO   | dataset built: n=105000, batch_size=128, feature_mode=iq, shuffle=True, seed=42
2026-09-28 19:36:44 | src.data.data_loader           | INFO   | dataset built: n=70000, batch_size=128, feature_mode=iq, shuffle=False, seed=42
2026-09-28 19:36:44 | __main__                       | INFO   | Architecture: lstm
2026-09-28 19:36:44 | src.experiments.pipeline       | INFO   | build_model 'lstm': model seed applied = 92 (from model.seeds.lstm, dataset seed stays 42)
2026-09-28 19:36:44 | src.models.baselines           | WARNING | baselines.lstm.units[-1]=77 != v contract in R^64: adding Dense(64) projection before the shared heads
2026-09-28 19:36:44 | src.models.heads               | INFO   | communication_head built: input_dim=64, units=128, M=2, params=8578
2026-09-28 19:36:44 | src.models.heads               | INFO   | sensing_head built: input_dim=241, units=32, output_units=2, params=7810
2026-09-28 19:36:45 | src.models.baselines           | INFO   | model 'lstm_baseline' built: backbone=29632 params, comm=8578 params, sensing=7810 params, TOTAL=46020 params
2026-09-28 19:36:45 | src.models.baselines           | INFO   | baseline 'lstm' built: input=(None, 100, 3), output=['comm', 'sensing'], params=46020
2026-09-28 19:36:45 | src.experiments.pipeline       | INFO   | Model 'lstm_baseline' built: 46020 trainable parameters.
2026-09-28 19:36:45 | src.experiments.pipeline       | INFO   | Training for 30 epochs, lambda_mse=2.0000
2026-09-28 19:36:45 | src.training.trainer           | INFO   | Sensing component weights: delay=1.000, f_doppler=1.000
2026-09-28 19:36:45 | src.training.trainer           | INFO   | Trainer initialized: lambda_mse = 2.0
2026-09-28 19:36:45 | src.training.trainer           | INFO   | Model compiled: loss_weights = {'comm': 1.0, 'sensing': 2}, lr=0.001000, optimizer=adam, label_smoothing=0.1, lr_schedule=cosine, sensing_range_penalty=1.0, sensing_component_weights=[1.0, 1.0]
2026-09-28 19:36:46 | src.training.trainer           | INFO   | Callbacks configured: 5
2026-09-28 19:36:46 | src.training.trainer           | INFO   | Starting training: epochs=30, batch_size=128
2026-09-28 19:45:40 | src.training.trainer           | INFO   | History saved to /content/drive/MyDrive/DHUC_RUN/lstm/full/ber_vs_snr/k3_doppler_full/lstm/logs/history.csv
2026-09-28 19:45:40 | src.training.trainer           | INFO   | Metadata saved to /content/drive/MyDrive/DHUC_RUN/lstm/full/ber_vs_snr/k3_doppler_full/lstm/logs/run_metadata.json
2026-09-28 19:45:40 | src.training.trainer           | INFO   | Training completed in 30 epochs. Best val_loss = 0.337660, best loss = 0.330777
2026-09-28 19:45:41 | src.training.trainer           | INFO   | Best weights reloaded from /content/drive/MyDrive/DHUC_RUN/lstm/full/ber_vs_snr/k3_doppler_full/lstm/logs/best_weights.weights.h5 before evaluation/saving
2026-09-28 19:45:41 | src.evaluation.evaluator       | INFO   | ONLINE evaluation over 14 SNR points (batch=100000, max_symbols=2000000, floor BER=2.5e-07)
2026-09-28 19:45:56 | src.evaluation.evaluator       | WARNING | SNR=-5.0 dB: 60/200000 sensing elements outside [0,1] (min=-0.2139, max=1.1695) -> clamped
2026-09-28 19:46:12 | src.evaluation.evaluator       | WARNING | SNR=-3.0 dB: 46/200000 sensing elements outside [0,1] (min=-0.1062, max=1.1069) -> clamped
2026-09-28 19:46:27 | src.evaluation.evaluator       | WARNING | SNR=-1.0 dB: 57/200000 sensing elements outside [0,1] (min=-0.1508, max=1.1680) -> clamped
2026-09-28 19:46:42 | src.evaluation.evaluator       | WARNING | SNR=1.0 dB: 73/200000 sensing elements outside [0,1] (min=-0.1373, max=1.0887) -> clamped
2026-09-28 19:46:57 | src.evaluation.evaluator       | WARNING | SNR=3.0 dB: 136/200000 sensing elements outside [0,1] (min=-0.1076, max=1.1439) -> clamped
2026-09-28 19:47:29 | src.evaluation.evaluator       | WARNING | SNR=5.0 dB: 407/400000 sensing elements outside [0,1] (min=-0.1025, max=1.1821) -> clamped
2026-09-28 19:48:00 | src.evaluation.evaluator       | WARNING | SNR=7.0 dB: 675/400000 sensing elements outside [0,1] (min=-0.1162, max=1.0946) -> clamped
2026-09-28 19:48:47 | src.evaluation.evaluator       | WARNING | SNR=9.0 dB: 1422/600000 sensing elements outside [0,1] (min=-0.1023, max=1.0992) -> clamped
2026-09-28 19:49:34 | src.evaluation.evaluator       | WARNING | SNR=11.0 dB: 1681/600000 sensing elements outside [0,1] (min=-0.1006, max=1.1439) -> clamped
2026-09-28 19:50:20 | src.evaluation.evaluator       | WARNING | SNR=13.0 dB: 2060/600000 sensing elements outside [0,1] (min=-0.1178, max=1.1286) -> clamped
2026-09-28 19:51:20 | src.evaluation.evaluator       | WARNING | SNR=15.0 dB: 3066/800000 sensing elements outside [0,1] (min=-0.1353, max=1.1073) -> clamped
2026-09-28 19:52:04 | src.evaluation.evaluator       | WARNING | SNR=17.0 dB: 2453/600000 sensing elements outside [0,1] (min=-0.1175, max=1.1457) -> clamped
2026-09-28 19:52:51 | src.evaluation.evaluator       | WARNING | SNR=19.0 dB: 2560/600000 sensing elements outside [0,1] (min=-0.1095, max=1.1328) -> clamped
2026-09-28 19:53:52 | src.evaluation.evaluator       | WARNING | SNR=21.0 dB: 3674/800000 sensing elements outside [0,1] (min=-0.1072, max=1.1515) -> clamped
2026-09-28 19:53:52 | src.evaluation.evaluator       | INFO   | Online evaluation completed for 14 SNR points
2026-09-28 19:53:52 | src.experiments.pipeline       | INFO   | Metrics saved to /content/drive/MyDrive/DHUC_RUN/lstm/full/ber_vs_snr/k3_doppler_full/lstm/metrics.csv
2026-09-28 19:53:52 | src.evaluation.evaluator       | INFO   | BER plot saved to /content/drive/MyDrive/DHUC_RUN/lstm/full/ber_vs_snr/k3_doppler_full/lstm/plots/ber_vs_snr_lstm_baseline.pdf
2026-09-28 19:53:52 | src.experiments.pipeline       | INFO   | BER vs SNR plot saved to /content/drive/MyDrive/DHUC_RUN/lstm/full/ber_vs_snr/k3_doppler_full/lstm/plots/ber_vs_snr_lstm_baseline.pdf
2026-09-28 19:53:53 | src.experiments.pipeline       | INFO   | Model saved to /content/drive/MyDrive/DHUC_RUN/lstm/full/ber_vs_snr/k3_doppler_full/lstm/best_model.keras
2026-09-28 19:53:53 | src.utils.config_loader        | INFO   | config snapshot saved: /content/drive/MyDrive/DHUC_RUN/lstm/full/ber_vs_snr/k3_doppler_full/lstm/logs/config_used.yaml
2026-09-28 19:53:53 | __main__                       | INFO   | RSS [ber_vs_snr k3_doppler_full/lstm] = 2.37 GB
2026-09-28 19:53:54 | src.evaluation.compare_baselines | INFO   | BER plot saved to /content/drive/MyDrive/DHUC_RUN/lstm/full/ber_vs_snr/plots/ber_vs_snr_k3_doppler_full.pdf
2026-09-28 19:53:54 | src.experiments.pipeline       | INFO   | Overlay saved to /content/drive/MyDrive/DHUC_RUN/lstm/full/ber_vs_snr/plots/ber_vs_snr_k3_doppler_full.pdf
2026-09-28 19:53:54 | __main__                       | INFO   | RSS [ber_vs_snr k3_doppler_full scenario done] = 1.95 GB
2026-09-28 19:53:54 | __main__                       | INFO   | --- Scenario: k3_doppler_limited ---
2026-09-28 19:53:54 | src.experiments.pipeline       | INFO   | Dataset not found in data/raw/5721f828, generating...
2026-09-28 19:53:55 | src.data.dataset_generator     | INFO   | saved data/raw/5721f828/train_snr-5_echo3.npz: 7500 symbols, x shape=(7500, 100), tau in [1, 33], f_d in [2.562e-10, 4.000e-05]
2026-09-28 19:53:55 | src.data.dataset_generator     | INFO   | saved data/raw/5721f828/train_snr-3_echo3.npz: 7500 symbols, x shape=(7500, 100), tau in [1, 33], f_d in [1.018e-08, 4.000e-05]
2026-09-28 19:53:55 | src.data.dataset_generator     | INFO   | saved data/raw/5721f828/train_snr-1_echo3.npz: 7500 symbols, x shape=(7500, 100), tau in [1, 33], f_d in [9.081e-09, 3.999e-05]
2026-09-28 19:53:56 | src.data.dataset_generator     | INFO   | saved data/raw/5721f828/train_snr1_echo3.npz: 7500 symbols, x shape=(7500, 100), tau in [1, 33], f_d in [3.318e-09, 4.000e-05]
2026-09-28 19:53:56 | src.data.dataset_generator     | INFO   | saved data/raw/5721f828/train_snr3_echo3.npz: 7500 symbols, x shape=(7500, 100), tau in [1, 33], f_d in [1.003e-08, 3.999e-05]
2026-09-28 19:53:57 | src.data.dataset_generator     | INFO   | saved data/raw/5721f828/train_snr5_echo3.npz: 7500 symbols, x shape=(7500, 100), tau in [1, 33], f_d in [1.251e-10, 4.000e-05]
2026-09-28 19:53:58 | src.data.dataset_generator     | INFO   | saved data/raw/5721f828/train_snr7_echo3.npz: 7500 symbols, x shape=(7500, 100), tau in [1, 33], f_d in [4.426e-09, 4.000e-05]
2026-09-28 19:53:58 | src.data.dataset_generator     | INFO   | saved data/raw/5721f828/train_snr9_echo3.npz: 7500 symbols, x shape=(7500, 100), tau in [1, 33], f_d in [3.329e-09, 4.000e-05]
2026-09-28 19:53:59 | src.data.dataset_generator     | INFO   | saved data/raw/5721f828/train_snr11_echo3.npz: 7500 symbols, x shape=(7500, 100), tau in [1, 33], f_d in [1.020e-09, 4.000e-05]
2026-09-28 19:54:00 | src.data.dataset_generator     | INFO   | saved data/raw/5721f828/train_snr13_echo3.npz: 7500 symbols, x shape=(7500, 100), tau in [1, 33], f_d in [6.393e-09, 4.000e-05]
2026-09-28 19:54:00 | src.data.dataset_generator     | INFO   | saved data/raw/5721f828/train_snr15_echo3.npz: 7500 symbols, x shape=(7500, 100), tau in [1, 33], f_d in [2.969e-09, 3.999e-05]
2026-09-28 19:54:01 | src.data.dataset_generator     | INFO   | saved data/raw/5721f828/train_snr17_echo3.npz: 7500 symbols, x shape=(7500, 100), tau in [1, 33], f_d in [9.337e-09, 3.999e-05]
2026-09-28 19:54:01 | src.data.dataset_generator     | INFO   | saved data/raw/5721f828/train_snr19_echo3.npz: 7500 symbols, x shape=(7500, 100), tau in [1, 33], f_d in [1.560e-10, 4.000e-05]
2026-09-28 19:54:02 | src.data.dataset_generator     | INFO   | saved data/raw/5721f828/train_snr21_echo3.npz: 7500 symbols, x shape=(7500, 100), tau in [1, 33], f_d in [1.846e-09, 4.000e-05]
2026-09-28 19:54:02 | src.data.dataset_generator     | INFO   | split 'train': 14 files generated, 7500 symbols per combination (combos=14)
2026-09-28 19:54:02 | src.data.dataset_generator     | INFO   | saved data/raw/5721f828/val_snr-5_echo3.npz: 5000 symbols, x shape=(5000, 100), tau in [1, 33], f_d in [9.995e-09, 4.000e-05]
2026-09-28 19:54:02 | src.data.dataset_generator     | INFO   | saved data/raw/5721f828/val_snr-3_echo3.npz: 5000 symbols, x shape=(5000, 100), tau in [1, 33], f_d in [4.604e-09, 4.000e-05]
2026-09-28 19:54:03 | src.data.dataset_generator     | INFO   | saved data/raw/5721f828/val_snr-1_echo3.npz: 5000 symbols, x shape=(5000, 100), tau in [1, 33], f_d in [4.660e-10, 4.000e-05]
2026-09-28 19:54:03 | src.data.dataset_generator     | INFO   | saved data/raw/5721f828/val_snr1_echo3.npz: 5000 symbols, x shape=(5000, 100), tau in [1, 33], f_d in [1.630e-09, 3.996e-05]
2026-09-28 19:54:03 | src.data.dataset_generator     | INFO   | saved data/raw/5721f828/val_snr3_echo3.npz: 5000 symbols, x shape=(5000, 100), tau in [1, 33], f_d in [8.107e-09, 3.999e-05]
2026-09-28 19:54:03 | src.data.dataset_generator     | INFO   | saved data/raw/5721f828/val_snr5_echo3.npz: 5000 symbols, x shape=(5000, 100), tau in [1, 33], f_d in [7.029e-10, 4.000e-05]
2026-09-28 19:54:04 | src.data.dataset_generator     | INFO   | saved data/raw/5721f828/val_snr7_echo3.npz: 5000 symbols, x shape=(5000, 100), tau in [1, 33], f_d in [3.010e-08, 4.000e-05]
2026-09-28 19:54:04 | src.data.dataset_generator     | INFO   | saved data/raw/5721f828/val_snr9_echo3.npz: 5000 symbols, x shape=(5000, 100), tau in [1, 33], f_d in [2.406e-09, 4.000e-05]
2026-09-28 19:54:04 | src.data.dataset_generator     | INFO   | saved data/raw/5721f828/val_snr11_echo3.npz: 5000 symbols, x shape=(5000, 100), tau in [1, 33], f_d in [1.562e-09, 3.999e-05]
2026-09-28 19:54:04 | src.data.dataset_generator     | INFO   | saved data/raw/5721f828/val_snr13_echo3.npz: 5000 symbols, x shape=(5000, 100), tau in [1, 33], f_d in [1.121e-08, 4.000e-05]
2026-09-28 19:54:05 | src.data.dataset_generator     | INFO   | saved data/raw/5721f828/val_snr15_echo3.npz: 5000 symbols, x shape=(5000, 100), tau in [1, 33], f_d in [5.836e-09, 4.000e-05]
2026-09-28 19:54:05 | src.data.dataset_generator     | INFO   | saved data/raw/5721f828/val_snr17_echo3.npz: 5000 symbols, x shape=(5000, 100), tau in [1, 33], f_d in [7.005e-09, 4.000e-05]
2026-09-28 19:54:05 | src.data.dataset_generator     | INFO   | saved data/raw/5721f828/val_snr19_echo3.npz: 5000 symbols, x shape=(5000, 100), tau in [1, 33], f_d in [1.340e-08, 4.000e-05]
2026-09-28 19:54:06 | src.data.dataset_generator     | INFO   | saved data/raw/5721f828/val_snr21_echo3.npz: 5000 symbols, x shape=(5000, 100), tau in [1, 33], f_d in [6.701e-09, 3.999e-05]
2026-09-28 19:54:06 | src.data.dataset_generator     | INFO   | split 'val': 14 files generated, 5000 symbols per combination (combos=14)
2026-09-28 19:54:07 | src.data.dataset_generator     | INFO   | saved data/raw/5721f828/test_snr-5_echo3.npz: 20000 symbols, x shape=(20000, 100), tau in [1, 33], f_d in [1.827e-09, 4.000e-05]
2026-09-28 19:54:08 | src.data.dataset_generator     | INFO   | saved data/raw/5721f828/test_snr-3_echo3.npz: 20000 symbols, x shape=(20000, 100), tau in [1, 33], f_d in [3.715e-10, 4.000e-05]
2026-09-28 19:54:09 | src.data.dataset_generator     | INFO   | saved data/raw/5721f828/test_snr-1_echo3.npz: 20000 symbols, x shape=(20000, 100), tau in [1, 33], f_d in [1.537e-09, 4.000e-05]
2026-09-28 19:54:10 | src.data.dataset_generator     | INFO   | saved data/raw/5721f828/test_snr1_echo3.npz: 20000 symbols, x shape=(20000, 100), tau in [1, 33], f_d in [2.223e-09, 4.000e-05]
2026-09-28 19:54:12 | src.data.dataset_generator     | INFO   | saved data/raw/5721f828/test_snr3_echo3.npz: 20000 symbols, x shape=(20000, 100), tau in [1, 33], f_d in [3.357e-10, 4.000e-05]
2026-09-28 19:54:14 | src.data.dataset_generator     | INFO   | saved data/raw/5721f828/test_snr5_echo3.npz: 20000 symbols, x shape=(20000, 100), tau in [1, 33], f_d in [1.815e-09, 4.000e-05]
2026-09-28 19:54:15 | src.data.dataset_generator     | INFO   | saved data/raw/5721f828/test_snr7_echo3.npz: 20000 symbols, x shape=(20000, 100), tau in [1, 33], f_d in [7.971e-10, 3.999e-05]
2026-09-28 19:54:16 | src.data.dataset_generator     | INFO   | saved data/raw/5721f828/test_snr9_echo3.npz: 20000 symbols, x shape=(20000, 100), tau in [1, 33], f_d in [2.071e-09, 4.000e-05]
2026-09-28 19:54:18 | src.data.dataset_generator     | INFO   | saved data/raw/5721f828/test_snr11_echo3.npz: 20000 symbols, x shape=(20000, 100), tau in [1, 33], f_d in [5.034e-09, 4.000e-05]
2026-09-28 19:54:19 | src.data.dataset_generator     | INFO   | saved data/raw/5721f828/test_snr13_echo3.npz: 20000 symbols, x shape=(20000, 100), tau in [1, 33], f_d in [5.320e-10, 4.000e-05]
2026-09-28 19:54:20 | src.data.dataset_generator     | INFO   | saved data/raw/5721f828/test_snr15_echo3.npz: 20000 symbols, x shape=(20000, 100), tau in [1, 33], f_d in [4.477e-10, 4.000e-05]
2026-09-28 19:54:21 | src.data.dataset_generator     | INFO   | saved data/raw/5721f828/test_snr17_echo3.npz: 20000 symbols, x shape=(20000, 100), tau in [1, 33], f_d in [2.282e-09, 4.000e-05]
2026-09-28 19:54:22 | src.data.dataset_generator     | INFO   | saved data/raw/5721f828/test_snr19_echo3.npz: 20000 symbols, x shape=(20000, 100), tau in [1, 33], f_d in [5.807e-09, 4.000e-05]
2026-09-28 19:54:23 | src.data.dataset_generator     | INFO   | saved data/raw/5721f828/test_snr21_echo3.npz: 20000 symbols, x shape=(20000, 100), tau in [1, 33], f_d in [8.366e-10, 4.000e-05]
2026-09-28 19:54:23 | src.data.dataset_generator     | INFO   | split 'test': 14 files generated, 20000 symbols per combination (combos=14)
2026-09-28 19:54:24 | src.data.data_loader           | INFO   | split 'train': 105000 total samples, x shape=(105000, 100), tau in [1.00, 33.00], f_d in [1.251e-10, 4.000e-05]
2026-09-28 19:54:24 | src.data.data_loader           | INFO   | balancing verified: 7500 samples for each of the 14 (SNR, K) combinations
2026-09-28 19:54:39 | src.experiments.pipeline       | INFO   | Split 'train': 105000 samples
2026-09-28 19:54:39 | src.data.data_loader           | INFO   | split 'val': 70000 total samples, x shape=(70000, 100), tau in [1.00, 33.00], f_d in [4.660e-10, 4.000e-05]
2026-09-28 19:54:40 | src.data.data_loader           | INFO   | balancing verified: 5000 samples for each of the 14 (SNR, K) combinations
2026-09-28 19:54:50 | src.experiments.pipeline       | INFO   | Split 'val': 70000 samples
2026-09-28 19:54:50 | src.data.data_loader           | INFO   | dataset built: n=105000, batch_size=128, feature_mode=iq, shuffle=True, seed=42
2026-09-28 19:54:51 | src.data.data_loader           | INFO   | dataset built: n=70000, batch_size=128, feature_mode=iq, shuffle=False, seed=42
2026-09-28 19:54:51 | __main__                       | INFO   | Architecture: lstm
2026-09-28 19:54:51 | src.experiments.pipeline       | INFO   | build_model 'lstm': model seed applied = 92 (from model.seeds.lstm, dataset seed stays 42)
2026-09-28 19:54:51 | src.models.baselines           | WARNING | baselines.lstm.units[-1]=77 != v contract in R^64: adding Dense(64) projection before the shared heads
2026-09-28 19:54:51 | src.models.heads               | INFO   | communication_head built: input_dim=64, units=128, M=2, params=8578
2026-09-28 19:54:51 | src.models.heads               | INFO   | sensing_head built: input_dim=241, units=32, output_units=2, params=7810
2026-09-28 19:54:51 | src.models.baselines           | INFO   | model 'lstm_baseline' built: backbone=29632 params, comm=8578 params, sensing=7810 params, TOTAL=46020 params
2026-09-28 19:54:51 | src.models.baselines           | INFO   | baseline 'lstm' built: input=(None, 100, 3), output=['comm', 'sensing'], params=46020
2026-09-28 19:54:51 | src.experiments.pipeline       | INFO   | Model 'lstm_baseline' built: 46020 trainable parameters.
2026-09-28 19:54:51 | src.experiments.pipeline       | INFO   | Training for 30 epochs, lambda_mse=2.0000
2026-09-28 19:54:51 | src.training.trainer           | INFO   | Sensing component weights: delay=1.000, f_doppler=1.000
2026-09-28 19:54:51 | src.training.trainer           | INFO   | Trainer initialized: lambda_mse = 2.0
2026-09-28 19:54:52 | src.training.trainer           | INFO   | Model compiled: loss_weights = {'comm': 1.0, 'sensing': 2}, lr=0.001000, optimizer=adam, label_smoothing=0.1, lr_schedule=cosine, sensing_range_penalty=1.0, sensing_component_weights=[1.0, 1.0]
2026-09-28 19:54:53 | src.training.trainer           | INFO   | Callbacks configured: 5
2026-09-28 19:54:53 | src.training.trainer           | INFO   | Starting training: epochs=30, batch_size=128
2026-09-28 20:03:49 | src.training.trainer           | INFO   | History saved to /content/drive/MyDrive/DHUC_RUN/lstm/full/ber_vs_snr/k3_doppler_limited/lstm/logs/history.csv
2026-09-28 20:03:49 | src.training.trainer           | INFO   | Metadata saved to /content/drive/MyDrive/DHUC_RUN/lstm/full/ber_vs_snr/k3_doppler_limited/lstm/logs/run_metadata.json
2026-09-28 20:03:49 | src.training.trainer           | INFO   | Training completed in 30 epochs. Best val_loss = 0.338179, best loss = 0.330561
2026-09-28 20:03:49 | src.training.trainer           | INFO   | Best weights reloaded from /content/drive/MyDrive/DHUC_RUN/lstm/full/ber_vs_snr/k3_doppler_limited/lstm/logs/best_weights.weights.h5 before evaluation/saving
2026-09-28 20:03:49 | src.evaluation.evaluator       | INFO   | ONLINE evaluation over 14 SNR points (batch=100000, max_symbols=2000000, floor BER=2.5e-07)
2026-09-28 20:04:04 | src.evaluation.evaluator       | WARNING | SNR=-5.0 dB: 54/200000 sensing elements outside [0,1] (min=-0.2296, max=1.2079) -> clamped
2026-09-28 20:04:20 | src.evaluation.evaluator       | WARNING | SNR=-3.0 dB: 23/200000 sensing elements outside [0,1] (min=-0.1323, max=1.1030) -> clamped
2026-09-28 20:04:34 | src.evaluation.evaluator       | WARNING | SNR=-1.0 dB: 42/200000 sensing elements outside [0,1] (min=-0.1078, max=1.1788) -> clamped
2026-09-28 20:04:49 | src.evaluation.evaluator       | WARNING | SNR=1.0 dB: 70/200000 sensing elements outside [0,1] (min=-0.0375, max=1.0942) -> clamped
2026-09-28 20:05:05 | src.evaluation.evaluator       | WARNING | SNR=3.0 dB: 128/200000 sensing elements outside [0,1] (min=-0.0801, max=1.1729) -> clamped
2026-09-28 20:05:37 | src.evaluation.evaluator       | WARNING | SNR=5.0 dB: 395/400000 sensing elements outside [0,1] (min=-0.0759, max=1.1565) -> clamped
2026-09-28 20:06:23 | src.evaluation.evaluator       | WARNING | SNR=7.0 dB: 923/600000 sensing elements outside [0,1] (min=-0.1143, max=1.1074) -> clamped
2026-09-28 20:07:08 | src.evaluation.evaluator       | WARNING | SNR=9.0 dB: 1376/600000 sensing elements outside [0,1] (min=-0.1193, max=1.1485) -> clamped
2026-09-28 20:07:53 | src.evaluation.evaluator       | WARNING | SNR=11.0 dB: 1662/600000 sensing elements outside [0,1] (min=-0.0988, max=1.1467) -> clamped
2026-09-28 20:08:55 | src.evaluation.evaluator       | WARNING | SNR=13.0 dB: 2638/800000 sensing elements outside [0,1] (min=-0.1246, max=1.1368) -> clamped
2026-09-28 20:09:54 | src.evaluation.evaluator       | WARNING | SNR=15.0 dB: 3010/800000 sensing elements outside [0,1] (min=-0.1049, max=1.1122) -> clamped
2026-09-28 20:10:55 | src.evaluation.evaluator       | WARNING | SNR=17.0 dB: 3267/800000 sensing elements outside [0,1] (min=-0.1091, max=1.1784) -> clamped
2026-09-28 20:11:56 | src.evaluation.evaluator       | WARNING | SNR=19.0 dB: 3375/800000 sensing elements outside [0,1] (min=-0.0972, max=1.1392) -> clamped
2026-09-28 20:12:55 | src.evaluation.evaluator       | WARNING | SNR=21.0 dB: 3605/800000 sensing elements outside [0,1] (min=-0.1387, max=1.1238) -> clamped
2026-09-28 20:12:55 | src.evaluation.evaluator       | INFO   | Online evaluation completed for 14 SNR points
2026-09-28 20:12:55 | src.experiments.pipeline       | INFO   | Metrics saved to /content/drive/MyDrive/DHUC_RUN/lstm/full/ber_vs_snr/k3_doppler_limited/lstm/metrics.csv
2026-09-28 20:12:56 | src.evaluation.evaluator       | INFO   | BER plot saved to /content/drive/MyDrive/DHUC_RUN/lstm/full/ber_vs_snr/k3_doppler_limited/lstm/plots/ber_vs_snr_lstm_baseline.pdf
2026-09-28 20:12:56 | src.experiments.pipeline       | INFO   | BER vs SNR plot saved to /content/drive/MyDrive/DHUC_RUN/lstm/full/ber_vs_snr/k3_doppler_limited/lstm/plots/ber_vs_snr_lstm_baseline.pdf
2026-09-28 20:12:56 | src.experiments.pipeline       | INFO   | Model saved to /content/drive/MyDrive/DHUC_RUN/lstm/full/ber_vs_snr/k3_doppler_limited/lstm/best_model.keras
2026-09-28 20:12:56 | src.utils.config_loader        | INFO   | config snapshot saved: /content/drive/MyDrive/DHUC_RUN/lstm/full/ber_vs_snr/k3_doppler_limited/lstm/logs/config_used.yaml
2026-09-28 20:12:57 | __main__                       | INFO   | RSS [ber_vs_snr k3_doppler_limited/lstm] = 2.47 GB
2026-09-28 20:12:57 | src.evaluation.compare_baselines | INFO   | BER plot saved to /content/drive/MyDrive/DHUC_RUN/lstm/full/ber_vs_snr/plots/ber_vs_snr_k3_doppler_limited.pdf
2026-09-28 20:12:57 | src.experiments.pipeline       | INFO   | Overlay saved to /content/drive/MyDrive/DHUC_RUN/lstm/full/ber_vs_snr/plots/ber_vs_snr_k3_doppler_limited.pdf
2026-09-28 20:12:58 | __main__                       | INFO   | RSS [ber_vs_snr k3_doppler_limited scenario done] = 2.09 GB
2026-09-28 20:12:58 | __main__                       | INFO   | --- Scenario: iod_peers ---
2026-09-28 20:12:58 | src.experiments.pipeline       | INFO   | Dataset not found in data/raw/beb4a243, generating...
2026-09-28 20:12:58 | src.data.dataset_generator     | INFO   | saved data/raw/beb4a243/train_snr-5_echo3.npz: 7500 symbols, x shape=(7500, 100), tau in [1, 33], f_d in [5.123e-10, 7.999e-05]
2026-09-28 20:12:59 | src.data.dataset_generator     | INFO   | saved data/raw/beb4a243/train_snr-3_echo3.npz: 7500 symbols, x shape=(7500, 100), tau in [1, 33], f_d in [2.036e-08, 8.000e-05]
2026-09-28 20:13:00 | src.data.dataset_generator     | INFO   | saved data/raw/beb4a243/train_snr-1_echo3.npz: 7500 symbols, x shape=(7500, 100), tau in [1, 33], f_d in [1.816e-08, 7.999e-05]
2026-09-28 20:13:01 | src.data.dataset_generator     | INFO   | saved data/raw/beb4a243/train_snr1_echo3.npz: 7500 symbols, x shape=(7500, 100), tau in [1, 33], f_d in [6.635e-09, 8.000e-05]
2026-09-28 20:13:01 | src.data.dataset_generator     | INFO   | saved data/raw/beb4a243/train_snr3_echo3.npz: 7500 symbols, x shape=(7500, 100), tau in [1, 33], f_d in [2.007e-08, 7.999e-05]
2026-09-28 20:13:02 | src.data.dataset_generator     | INFO   | saved data/raw/beb4a243/train_snr5_echo3.npz: 7500 symbols, x shape=(7500, 100), tau in [1, 33], f_d in [2.503e-10, 8.000e-05]
2026-09-28 20:13:03 | src.data.dataset_generator     | INFO   | saved data/raw/beb4a243/train_snr7_echo3.npz: 7500 symbols, x shape=(7500, 100), tau in [1, 33], f_d in [8.852e-09, 7.999e-05]
2026-09-28 20:13:03 | src.data.dataset_generator     | INFO   | saved data/raw/beb4a243/train_snr9_echo3.npz: 7500 symbols, x shape=(7500, 100), tau in [1, 33], f_d in [6.658e-09, 8.000e-05]
2026-09-28 20:13:04 | src.data.dataset_generator     | INFO   | saved data/raw/beb4a243/train_snr11_echo3.npz: 7500 symbols, x shape=(7500, 100), tau in [1, 33], f_d in [2.039e-09, 8.000e-05]
2026-09-28 20:13:04 | src.data.dataset_generator     | INFO   | saved data/raw/beb4a243/train_snr13_echo3.npz: 7500 symbols, x shape=(7500, 100), tau in [1, 33], f_d in [1.279e-08, 8.000e-05]
2026-09-28 20:13:05 | src.data.dataset_generator     | INFO   | saved data/raw/beb4a243/train_snr15_echo3.npz: 7500 symbols, x shape=(7500, 100), tau in [1, 33], f_d in [5.939e-09, 7.999e-05]
2026-09-28 20:13:05 | src.data.dataset_generator     | INFO   | saved data/raw/beb4a243/train_snr17_echo3.npz: 7500 symbols, x shape=(7500, 100), tau in [1, 33], f_d in [1.867e-08, 7.997e-05]
2026-09-28 20:13:06 | src.data.dataset_generator     | INFO   | saved data/raw/beb4a243/train_snr19_echo3.npz: 7500 symbols, x shape=(7500, 100), tau in [1, 33], f_d in [3.120e-10, 8.000e-05]
2026-09-28 20:13:06 | src.data.dataset_generator     | INFO   | saved data/raw/beb4a243/train_snr21_echo3.npz: 7500 symbols, x shape=(7500, 100), tau in [1, 33], f_d in [3.692e-09, 7.999e-05]
2026-09-28 20:13:06 | src.data.dataset_generator     | INFO   | split 'train': 14 files generated, 7500 symbols per combination (combos=14)
2026-09-28 20:13:06 | src.data.dataset_generator     | INFO   | saved data/raw/beb4a243/val_snr-5_echo3.npz: 5000 symbols, x shape=(5000, 100), tau in [1, 33], f_d in [1.999e-08, 8.000e-05]
2026-09-28 20:13:07 | src.data.dataset_generator     | INFO   | saved data/raw/beb4a243/val_snr-3_echo3.npz: 5000 symbols, x shape=(5000, 100), tau in [1, 33], f_d in [9.208e-09, 7.999e-05]
2026-09-28 20:13:07 | src.data.dataset_generator     | INFO   | saved data/raw/beb4a243/val_snr-1_echo3.npz: 5000 symbols, x shape=(5000, 100), tau in [1, 33], f_d in [9.319e-10, 8.000e-05]
2026-09-28 20:13:07 | src.data.dataset_generator     | INFO   | saved data/raw/beb4a243/val_snr1_echo3.npz: 5000 symbols, x shape=(5000, 100), tau in [1, 33], f_d in [3.260e-09, 7.991e-05]
2026-09-28 20:13:08 | src.data.dataset_generator     | INFO   | saved data/raw/beb4a243/val_snr3_echo3.npz: 5000 symbols, x shape=(5000, 100), tau in [1, 33], f_d in [1.621e-08, 7.998e-05]
2026-09-28 20:13:08 | src.data.dataset_generator     | INFO   | saved data/raw/beb4a243/val_snr5_echo3.npz: 5000 symbols, x shape=(5000, 100), tau in [1, 33], f_d in [1.406e-09, 8.000e-05]
2026-09-28 20:13:08 | src.data.dataset_generator     | INFO   | saved data/raw/beb4a243/val_snr7_echo3.npz: 5000 symbols, x shape=(5000, 100), tau in [1, 33], f_d in [6.021e-08, 7.999e-05]
2026-09-28 20:13:09 | src.data.dataset_generator     | INFO   | saved data/raw/beb4a243/val_snr9_echo3.npz: 5000 symbols, x shape=(5000, 100), tau in [1, 33], f_d in [4.812e-09, 8.000e-05]
2026-09-28 20:13:09 | src.data.dataset_generator     | INFO   | saved data/raw/beb4a243/val_snr11_echo3.npz: 5000 symbols, x shape=(5000, 100), tau in [1, 33], f_d in [3.124e-09, 7.998e-05]
2026-09-28 20:13:09 | src.data.dataset_generator     | INFO   | saved data/raw/beb4a243/val_snr13_echo3.npz: 5000 symbols, x shape=(5000, 100), tau in [1, 33], f_d in [2.243e-08, 7.999e-05]
2026-09-28 20:13:10 | src.data.dataset_generator     | INFO   | saved data/raw/beb4a243/val_snr15_echo3.npz: 5000 symbols, x shape=(5000, 100), tau in [1, 33], f_d in [1.167e-08, 8.000e-05]
2026-09-28 20:13:10 | src.data.dataset_generator     | INFO   | saved data/raw/beb4a243/val_snr17_echo3.npz: 5000 symbols, x shape=(5000, 100), tau in [1, 33], f_d in [1.401e-08, 7.999e-05]
2026-09-28 20:13:10 | src.data.dataset_generator     | INFO   | saved data/raw/beb4a243/val_snr19_echo3.npz: 5000 symbols, x shape=(5000, 100), tau in [1, 33], f_d in [2.679e-08, 7.999e-05]
2026-09-28 20:13:11 | src.data.dataset_generator     | INFO   | saved data/raw/beb4a243/val_snr21_echo3.npz: 5000 symbols, x shape=(5000, 100), tau in [1, 33], f_d in [1.340e-08, 7.998e-05]
2026-09-28 20:13:11 | src.data.dataset_generator     | INFO   | split 'val': 14 files generated, 5000 symbols per combination (combos=14)
2026-09-28 20:13:12 | src.data.dataset_generator     | INFO   | saved data/raw/beb4a243/test_snr-5_echo3.npz: 20000 symbols, x shape=(20000, 100), tau in [1, 33], f_d in [3.654e-09, 8.000e-05]
2026-09-28 20:13:14 | src.data.dataset_generator     | INFO   | saved data/raw/beb4a243/test_snr-3_echo3.npz: 20000 symbols, x shape=(20000, 100), tau in [1, 33], f_d in [7.431e-10, 7.999e-05]
2026-09-28 20:13:16 | src.data.dataset_generator     | INFO   | saved data/raw/beb4a243/test_snr-1_echo3.npz: 20000 symbols, x shape=(20000, 100), tau in [1, 33], f_d in [3.074e-09, 8.000e-05]
2026-09-28 20:13:18 | src.data.dataset_generator     | INFO   | saved data/raw/beb4a243/test_snr1_echo3.npz: 20000 symbols, x shape=(20000, 100), tau in [1, 33], f_d in [4.446e-09, 8.000e-05]
2026-09-28 20:13:19 | src.data.dataset_generator     | INFO   | saved data/raw/beb4a243/test_snr3_echo3.npz: 20000 symbols, x shape=(20000, 100), tau in [1, 33], f_d in [6.713e-10, 8.000e-05]
2026-09-28 20:13:20 | src.data.dataset_generator     | INFO   | saved data/raw/beb4a243/test_snr5_echo3.npz: 20000 symbols, x shape=(20000, 100), tau in [1, 33], f_d in [3.631e-09, 7.999e-05]
2026-09-28 20:13:22 | src.data.dataset_generator     | INFO   | saved data/raw/beb4a243/test_snr7_echo3.npz: 20000 symbols, x shape=(20000, 100), tau in [1, 33], f_d in [1.594e-09, 7.999e-05]
2026-09-28 20:13:23 | src.data.dataset_generator     | INFO   | saved data/raw/beb4a243/test_snr9_echo3.npz: 20000 symbols, x shape=(20000, 100), tau in [1, 33], f_d in [4.142e-09, 8.000e-05]
2026-09-28 20:13:24 | src.data.dataset_generator     | INFO   | saved data/raw/beb4a243/test_snr11_echo3.npz: 20000 symbols, x shape=(20000, 100), tau in [1, 33], f_d in [1.007e-08, 7.999e-05]
2026-09-28 20:13:26 | src.data.dataset_generator     | INFO   | saved data/raw/beb4a243/test_snr13_echo3.npz: 20000 symbols, x shape=(20000, 100), tau in [1, 33], f_d in [1.064e-09, 8.000e-05]
2026-09-28 20:13:28 | src.data.dataset_generator     | INFO   | saved data/raw/beb4a243/test_snr15_echo3.npz: 20000 symbols, x shape=(20000, 100), tau in [1, 33], f_d in [8.955e-10, 7.999e-05]
2026-09-28 20:13:30 | src.data.dataset_generator     | INFO   | saved data/raw/beb4a243/test_snr17_echo3.npz: 20000 symbols, x shape=(20000, 100), tau in [1, 33], f_d in [4.564e-09, 8.000e-05]
2026-09-28 20:13:31 | src.data.dataset_generator     | INFO   | saved data/raw/beb4a243/test_snr19_echo3.npz: 20000 symbols, x shape=(20000, 100), tau in [1, 33], f_d in [1.161e-08, 8.000e-05]
2026-09-28 20:13:33 | src.data.dataset_generator     | INFO   | saved data/raw/beb4a243/test_snr21_echo3.npz: 20000 symbols, x shape=(20000, 100), tau in [1, 33], f_d in [1.673e-09, 7.999e-05]
2026-09-28 20:13:33 | src.data.dataset_generator     | INFO   | split 'test': 14 files generated, 20000 symbols per combination (combos=14)
2026-09-28 20:13:33 | src.data.data_loader           | INFO   | split 'train': 105000 total samples, x shape=(105000, 100), tau in [1.00, 33.00], f_d in [2.503e-10, 8.000e-05]
2026-09-28 20:13:33 | src.data.data_loader           | INFO   | balancing verified: 7500 samples for each of the 14 (SNR, K) combinations
2026-09-28 20:13:48 | src.experiments.pipeline       | INFO   | Split 'train': 105000 samples
2026-09-28 20:13:48 | src.data.data_loader           | INFO   | split 'val': 70000 total samples, x shape=(70000, 100), tau in [1.00, 33.00], f_d in [9.319e-10, 8.000e-05]
2026-09-28 20:13:48 | src.data.data_loader           | INFO   | balancing verified: 5000 samples for each of the 14 (SNR, K) combinations
2026-09-28 20:13:59 | src.experiments.pipeline       | INFO   | Split 'val': 70000 samples
2026-09-28 20:13:59 | src.data.data_loader           | INFO   | dataset built: n=105000, batch_size=128, feature_mode=iq, shuffle=True, seed=42
2026-09-28 20:14:00 | src.data.data_loader           | INFO   | dataset built: n=70000, batch_size=128, feature_mode=iq, shuffle=False, seed=42
2026-09-28 20:14:00 | __main__                       | INFO   | Architecture: lstm
2026-09-28 20:14:00 | src.experiments.pipeline       | INFO   | build_model 'lstm': model seed applied = 92 (from model.seeds.lstm, dataset seed stays 42)
2026-09-28 20:14:00 | src.models.baselines           | WARNING | baselines.lstm.units[-1]=77 != v contract in R^64: adding Dense(64) projection before the shared heads
2026-09-28 20:14:00 | src.models.heads               | INFO   | communication_head built: input_dim=64, units=128, M=2, params=8578
2026-09-28 20:14:00 | src.models.heads               | INFO   | sensing_head built: input_dim=241, units=32, output_units=2, params=7810
2026-09-28 20:14:01 | src.models.baselines           | INFO   | model 'lstm_baseline' built: backbone=29632 params, comm=8578 params, sensing=7810 params, TOTAL=46020 params
2026-09-28 20:14:01 | src.models.baselines           | INFO   | baseline 'lstm' built: input=(None, 100, 3), output=['comm', 'sensing'], params=46020
2026-09-28 20:14:01 | src.experiments.pipeline       | INFO   | Model 'lstm_baseline' built: 46020 trainable parameters.
2026-09-28 20:14:01 | src.experiments.pipeline       | INFO   | Training for 30 epochs, lambda_mse=2.0000
2026-09-28 20:14:01 | src.training.trainer           | INFO   | Sensing component weights: delay=1.000, f_doppler=1.000
2026-09-28 20:14:01 | src.training.trainer           | INFO   | Trainer initialized: lambda_mse = 2.0
2026-09-28 20:14:01 | src.training.trainer           | INFO   | Model compiled: loss_weights = {'comm': 1.0, 'sensing': 2}, lr=0.001000, optimizer=adam, label_smoothing=0.1, lr_schedule=cosine, sensing_range_penalty=1.0, sensing_component_weights=[1.0, 1.0]
2026-09-28 20:14:02 | src.training.trainer           | INFO   | Callbacks configured: 5
2026-09-28 20:14:02 | src.training.trainer           | INFO   | Starting training: epochs=30, batch_size=128
2026-09-28 20:22:52 | src.training.trainer           | INFO   | History saved to /content/drive/MyDrive/DHUC_RUN/lstm/full/ber_vs_snr/iod_peers/lstm/logs/history.csv
2026-09-28 20:22:52 | src.training.trainer           | INFO   | Metadata saved to /content/drive/MyDrive/DHUC_RUN/lstm/full/ber_vs_snr/iod_peers/lstm/logs/run_metadata.json
2026-09-28 20:22:52 | src.training.trainer           | INFO   | Training completed in 30 epochs. Best val_loss = 0.365279, best loss = 0.356326
2026-09-28 20:22:53 | src.training.trainer           | INFO   | Best weights reloaded from /content/drive/MyDrive/DHUC_RUN/lstm/full/ber_vs_snr/iod_peers/lstm/logs/best_weights.weights.h5 before evaluation/saving
2026-09-28 20:22:53 | src.evaluation.evaluator       | INFO   | ONLINE evaluation over 14 SNR points (batch=100000, max_symbols=2000000, floor BER=2.5e-07)
2026-09-28 20:23:11 | src.evaluation.evaluator       | WARNING | SNR=-5.0 dB: 110/200000 sensing elements outside [0,1] (min=-0.2753, max=1.4245) -> clamped
2026-09-28 20:23:28 | src.evaluation.evaluator       | WARNING | SNR=-3.0 dB: 75/200000 sensing elements outside [0,1] (min=-0.3685, max=1.2099) -> clamped
2026-09-28 20:23:44 | src.evaluation.evaluator       | WARNING | SNR=-1.0 dB: 87/200000 sensing elements outside [0,1] (min=-0.3309, max=1.4107) -> clamped
2026-09-28 20:24:01 | src.evaluation.evaluator       | WARNING | SNR=1.0 dB: 111/200000 sensing elements outside [0,1] (min=-0.2535, max=1.2395) -> clamped
2026-09-28 20:24:18 | src.evaluation.evaluator       | WARNING | SNR=3.0 dB: 156/200000 sensing elements outside [0,1] (min=-0.2101, max=1.2166) -> clamped
2026-09-28 20:24:35 | src.evaluation.evaluator       | WARNING | SNR=5.0 dB: 199/200000 sensing elements outside [0,1] (min=-0.1443, max=1.2570) -> clamped
2026-09-28 20:24:51 | src.evaluation.evaluator       | WARNING | SNR=7.0 dB: 298/200000 sensing elements outside [0,1] (min=-0.3022, max=1.4185) -> clamped
2026-09-28 20:25:07 | src.evaluation.evaluator       | WARNING | SNR=9.0 dB: 404/200000 sensing elements outside [0,1] (min=-0.1621, max=1.3208) -> clamped
2026-09-28 20:25:41 | src.evaluation.evaluator       | WARNING | SNR=11.0 dB: 959/400000 sensing elements outside [0,1] (min=-0.3704, max=1.3430) -> clamped
2026-09-28 20:26:13 | src.evaluation.evaluator       | WARNING | SNR=13.0 dB: 1124/400000 sensing elements outside [0,1] (min=-0.4245, max=1.3062) -> clamped
2026-09-28 20:26:47 | src.evaluation.evaluator       | WARNING | SNR=15.0 dB: 1323/400000 sensing elements outside [0,1] (min=-0.3143, max=1.2936) -> clamped
2026-09-28 20:27:20 | src.evaluation.evaluator       | WARNING | SNR=17.0 dB: 1478/400000 sensing elements outside [0,1] (min=-0.2510, max=1.3823) -> clamped
2026-09-28 20:27:53 | src.evaluation.evaluator       | WARNING | SNR=19.0 dB: 1530/400000 sensing elements outside [0,1] (min=-0.2464, max=1.2912) -> clamped
2026-09-28 20:28:27 | src.evaluation.evaluator       | WARNING | SNR=21.0 dB: 1601/400000 sensing elements outside [0,1] (min=-0.3923, max=1.4068) -> clamped
2026-09-28 20:28:27 | src.evaluation.evaluator       | INFO   | Online evaluation completed for 14 SNR points
2026-09-28 20:28:27 | src.experiments.pipeline       | INFO   | Metrics saved to /content/drive/MyDrive/DHUC_RUN/lstm/full/ber_vs_snr/iod_peers/lstm/metrics.csv
2026-09-28 20:28:27 | src.evaluation.evaluator       | INFO   | BER plot saved to /content/drive/MyDrive/DHUC_RUN/lstm/full/ber_vs_snr/iod_peers/lstm/plots/ber_vs_snr_lstm_baseline.pdf
2026-09-28 20:28:27 | src.experiments.pipeline       | INFO   | BER vs SNR plot saved to /content/drive/MyDrive/DHUC_RUN/lstm/full/ber_vs_snr/iod_peers/lstm/plots/ber_vs_snr_lstm_baseline.pdf
2026-09-28 20:28:27 | src.experiments.pipeline       | INFO   | Model saved to /content/drive/MyDrive/DHUC_RUN/lstm/full/ber_vs_snr/iod_peers/lstm/best_model.keras
2026-09-28 20:28:27 | src.utils.config_loader        | INFO   | config snapshot saved: /content/drive/MyDrive/DHUC_RUN/lstm/full/ber_vs_snr/iod_peers/lstm/logs/config_used.yaml
2026-09-28 20:28:28 | __main__                       | INFO   | RSS [ber_vs_snr iod_peers/lstm] = 2.57 GB
2026-09-28 20:28:28 | src.evaluation.compare_baselines | INFO   | BER plot saved to /content/drive/MyDrive/DHUC_RUN/lstm/full/ber_vs_snr/plots/ber_vs_snr_iod_peers.pdf
2026-09-28 20:28:28 | src.experiments.pipeline       | INFO   | Overlay saved to /content/drive/MyDrive/DHUC_RUN/lstm/full/ber_vs_snr/plots/ber_vs_snr_iod_peers.pdf
2026-09-28 20:28:29 | __main__                       | INFO   | RSS [ber_vs_snr iod_peers scenario done] = 2.20 GB
2026-09-28 20:28:29 | __main__                       | INFO   | ber_vs_snr experiment completed.
2026-09-28 20:28:29 | __main__                       | INFO   | Experiment ber_vs_snr completed successfully.
2026-09-28 20:28:29 | __main__                       | INFO   | ================================================================================
2026-09-28 20:28:29 | __main__                       | INFO   | SUMMARY
2026-09-28 20:28:29 | __main__                       | INFO   | ================================================================================
2026-09-28 20:28:29 | __main__                       | INFO   | ber_vs_snr: OK
2026-09-28 20:28:29 | __main__                       | INFO   | All requested experiments finished. Output in: /content/drive/MyDrive/DHUC_RUN/lstm
2026-09-28 20:28:38 | root                           | INFO   | Logging configured: file=/content/drive/MyDrive/DHUC_RUN/lstm/full/logs/runner.log level=INFO
2026-09-28 20:28:38 | __main__                       | INFO   | Mode: full
2026-09-28 20:28:38 | __main__                       | INFO   | Run root: /content/drive/MyDrive/DHUC_RUN/lstm/full
2026-09-28 20:28:38 | __main__                       | INFO   | Models: lstm
2026-09-28 20:28:38 | __main__                       | INFO   | No dataset regeneration: False
2026-09-28 20:28:38 | __main__                       | INFO   | ================================================================================
2026-09-28 20:28:38 | __main__                       | INFO   | EXPERIMENT jamming
2026-09-28 20:28:38 | __main__                       | INFO   | ================================================================================
2026-09-28 20:28:38 | __main__                       | INFO   | experiment_name = jamming_full
2026-09-28 20:28:38 | __main__                       | INFO   | seed = 42
2026-09-28 20:28:38 | __main__                       | INFO   | lambda_mse = 2
2026-09-28 20:28:38 | __main__                       | INFO   | sequence_length = 100
2026-09-28 20:28:38 | __main__                       | INFO   | map_type = logistic / map_param = 3.9
2026-09-28 20:28:38 | __main__                       | INFO   | backbone_type = lstm
2026-09-28 20:28:38 | __main__                       | INFO   | epochs = 30
2026-09-28 20:28:38 | src.utils.config_loader        | INFO   | config snapshot saved: /content/drive/MyDrive/DHUC_RUN/lstm/full/jamming/logs/config_used.yaml
2026-09-28 20:28:38 | __main__                       | INFO   | ============================================================
2026-09-28 20:28:38 | __main__                       | INFO   | Experiment jamming: jamming robustness + explainability
2026-09-28 20:28:38 | __main__                       | INFO   | ============================================================
2026-09-28 20:28:38 | __main__                       | INFO   | jamming: --model=lstm -> models filtered to: ['lstm']
2026-09-28 20:28:38 | __main__                       | INFO   | Models to test: ['lstm']
2026-09-28 20:28:38 | src.experiments.pipeline       | INFO   | Dataset not found in data/raw/d1f4aa61, generating...
2026-09-28 20:28:39 | src.data.dataset_generator     | INFO   | saved data/raw/d1f4aa61/train_snr-5_echo1.npz: 3750 symbols, x shape=(3750, 100), tau in [1, 33], f_d in [3.795e-10, 7.998e-05]
2026-09-28 20:28:39 | src.data.dataset_generator     | INFO   | saved data/raw/d1f4aa61/train_snr-5_echo3.npz: 3750 symbols, x shape=(3750, 100), tau in [1, 33], f_d in [8.168e-09, 7.999e-05]
2026-09-28 20:28:39 | src.data.dataset_generator     | INFO   | saved data/raw/d1f4aa61/train_snr-3_echo1.npz: 3750 symbols, x shape=(3750, 100), tau in [1, 33], f_d in [3.435e-09, 7.996e-05]
2026-09-28 20:28:39 | src.data.dataset_generator     | INFO   | saved data/raw/d1f4aa61/train_snr-3_echo3.npz: 3750 symbols, x shape=(3750, 100), tau in [1, 33], f_d in [2.401e-08, 7.998e-05]
2026-09-28 20:28:39 | src.data.dataset_generator     | INFO   | saved data/raw/d1f4aa61/train_snr-1_echo1.npz: 3750 symbols, x shape=(3750, 100), tau in [1, 33], f_d in [2.142e-09, 8.000e-05]
2026-09-28 20:28:40 | src.data.dataset_generator     | INFO   | saved data/raw/d1f4aa61/train_snr-1_echo3.npz: 3750 symbols, x shape=(3750, 100), tau in [1, 33], f_d in [7.802e-09, 8.000e-05]
2026-09-28 20:28:40 | src.data.dataset_generator     | INFO   | saved data/raw/d1f4aa61/train_snr1_echo1.npz: 3750 symbols, x shape=(3750, 100), tau in [1, 33], f_d in [3.942e-09, 7.999e-05]
2026-09-28 20:28:40 | src.data.dataset_generator     | INFO   | saved data/raw/d1f4aa61/train_snr1_echo3.npz: 3750 symbols, x shape=(3750, 100), tau in [1, 33], f_d in [3.859e-08, 7.999e-05]
2026-09-28 20:28:40 | src.data.dataset_generator     | INFO   | saved data/raw/d1f4aa61/train_snr3_echo1.npz: 3750 symbols, x shape=(3750, 100), tau in [1, 33], f_d in [7.464e-09, 7.997e-05]
2026-09-28 20:28:40 | src.data.dataset_generator     | INFO   | saved data/raw/d1f4aa61/train_snr3_echo3.npz: 3750 symbols, x shape=(3750, 100), tau in [1, 33], f_d in [2.724e-09, 7.999e-05]
2026-09-28 20:28:41 | src.data.dataset_generator     | INFO   | saved data/raw/d1f4aa61/train_snr5_echo1.npz: 3750 symbols, x shape=(3750, 100), tau in [1, 33], f_d in [9.249e-08, 8.000e-05]
2026-09-28 20:28:41 | src.data.dataset_generator     | INFO   | saved data/raw/d1f4aa61/train_snr5_echo3.npz: 3750 symbols, x shape=(3750, 100), tau in [1, 33], f_d in [1.880e-08, 8.000e-05]
2026-09-28 20:28:41 | src.data.dataset_generator     | INFO   | saved data/raw/d1f4aa61/train_snr7_echo1.npz: 3750 symbols, x shape=(3750, 100), tau in [1, 33], f_d in [1.089e-08, 7.998e-05]
2026-09-28 20:28:41 | src.data.dataset_generator     | INFO   | saved data/raw/d1f4aa61/train_snr7_echo3.npz: 3750 symbols, x shape=(3750, 100), tau in [1, 33], f_d in [8.283e-09, 7.999e-05]
2026-09-28 20:28:41 | src.data.dataset_generator     | INFO   | saved data/raw/d1f4aa61/train_snr9_echo1.npz: 3750 symbols, x shape=(3750, 100), tau in [1, 33], f_d in [1.458e-08, 7.997e-05]
2026-09-28 20:28:42 | src.data.dataset_generator     | INFO   | saved data/raw/d1f4aa61/train_snr9_echo3.npz: 3750 symbols, x shape=(3750, 100), tau in [1, 33], f_d in [7.954e-09, 7.997e-05]
2026-09-28 20:28:42 | src.data.dataset_generator     | INFO   | saved data/raw/d1f4aa61/train_snr11_echo1.npz: 3750 symbols, x shape=(3750, 100), tau in [1, 33], f_d in [6.483e-09, 7.999e-05]
2026-09-28 20:28:42 | src.data.dataset_generator     | INFO   | saved data/raw/d1f4aa61/train_snr11_echo3.npz: 3750 symbols, x shape=(3750, 100), tau in [1, 33], f_d in [3.231e-08, 8.000e-05]
2026-09-28 20:28:42 | src.data.dataset_generator     | INFO   | saved data/raw/d1f4aa61/train_snr13_echo1.npz: 3750 symbols, x shape=(3750, 100), tau in [1, 33], f_d in [2.780e-08, 7.997e-05]
2026-09-28 20:28:42 | src.data.dataset_generator     | INFO   | saved data/raw/d1f4aa61/train_snr13_echo3.npz: 3750 symbols, x shape=(3750, 100), tau in [1, 33], f_d in [6.069e-09, 7.999e-05]
2026-09-28 20:28:43 | src.data.dataset_generator     | INFO   | saved data/raw/d1f4aa61/train_snr15_echo1.npz: 3750 symbols, x shape=(3750, 100), tau in [1, 33], f_d in [5.738e-09, 7.998e-05]
2026-09-28 20:28:43 | src.data.dataset_generator     | INFO   | saved data/raw/d1f4aa61/train_snr15_echo3.npz: 3750 symbols, x shape=(3750, 100), tau in [1, 33], f_d in [4.044e-08, 7.997e-05]
2026-09-28 20:28:43 | src.data.dataset_generator     | INFO   | saved data/raw/d1f4aa61/train_snr17_echo1.npz: 3750 symbols, x shape=(3750, 100), tau in [1, 33], f_d in [6.484e-09, 7.995e-05]
2026-09-28 20:28:43 | src.data.dataset_generator     | INFO   | saved data/raw/d1f4aa61/train_snr17_echo3.npz: 3750 symbols, x shape=(3750, 100), tau in [1, 33], f_d in [3.281e-08, 7.998e-05]
2026-09-28 20:28:43 | src.data.dataset_generator     | INFO   | saved data/raw/d1f4aa61/train_snr19_echo1.npz: 3750 symbols, x shape=(3750, 100), tau in [1, 33], f_d in [7.303e-08, 8.000e-05]
2026-09-28 20:28:44 | src.data.dataset_generator     | INFO   | saved data/raw/d1f4aa61/train_snr19_echo3.npz: 3750 symbols, x shape=(3750, 100), tau in [1, 33], f_d in [3.687e-08, 7.996e-05]
2026-09-28 20:28:44 | src.data.dataset_generator     | INFO   | saved data/raw/d1f4aa61/train_snr21_echo1.npz: 3750 symbols, x shape=(3750, 100), tau in [1, 33], f_d in [9.642e-09, 7.998e-05]
2026-09-28 20:28:44 | src.data.dataset_generator     | INFO   | saved data/raw/d1f4aa61/train_snr21_echo3.npz: 3750 symbols, x shape=(3750, 100), tau in [1, 33], f_d in [8.610e-09, 7.998e-05]
2026-09-28 20:28:44 | src.data.dataset_generator     | INFO   | split 'train': 28 files generated, 3750 symbols per combination (combos=28)
2026-09-28 20:28:44 | src.data.dataset_generator     | INFO   | saved data/raw/d1f4aa61/val_snr-5_echo1.npz: 5000 symbols, x shape=(5000, 100), tau in [1, 33], f_d in [2.454e-08, 7.999e-05]
2026-09-28 20:28:45 | src.data.dataset_generator     | INFO   | saved data/raw/d1f4aa61/val_snr-5_echo3.npz: 5000 symbols, x shape=(5000, 100), tau in [1, 33], f_d in [9.208e-09, 7.999e-05]
2026-09-28 20:28:45 | src.data.dataset_generator     | INFO   | saved data/raw/d1f4aa61/val_snr-3_echo1.npz: 5000 symbols, x shape=(5000, 100), tau in [1, 33], f_d in [2.573e-10, 8.000e-05]
2026-09-28 20:28:45 | src.data.dataset_generator     | INFO   | saved data/raw/d1f4aa61/val_snr-3_echo3.npz: 5000 symbols, x shape=(5000, 100), tau in [1, 33], f_d in [3.260e-09, 7.991e-05]
2026-09-28 20:28:45 | src.data.dataset_generator     | INFO   | saved data/raw/d1f4aa61/val_snr-1_echo1.npz: 5000 symbols, x shape=(5000, 100), tau in [1, 33], f_d in [2.391e-08, 7.994e-05]
2026-09-28 20:28:46 | src.data.dataset_generator     | INFO   | saved data/raw/d1f4aa61/val_snr-1_echo3.npz: 5000 symbols, x shape=(5000, 100), tau in [1, 33], f_d in [1.406e-09, 8.000e-05]
2026-09-28 20:28:46 | src.data.dataset_generator     | INFO   | saved data/raw/d1f4aa61/val_snr1_echo1.npz: 5000 symbols, x shape=(5000, 100), tau in [1, 33], f_d in [4.595e-10, 7.997e-05]
2026-09-28 20:28:46 | src.data.dataset_generator     | INFO   | saved data/raw/d1f4aa61/val_snr1_echo3.npz: 5000 symbols, x shape=(5000, 100), tau in [1, 33], f_d in [4.812e-09, 8.000e-05]
2026-09-28 20:28:46 | src.data.dataset_generator     | INFO   | saved data/raw/d1f4aa61/val_snr3_echo1.npz: 5000 symbols, x shape=(5000, 100), tau in [1, 33], f_d in [3.124e-09, 8.000e-05]
2026-09-28 20:28:47 | src.data.dataset_generator     | INFO   | saved data/raw/d1f4aa61/val_snr3_echo3.npz: 5000 symbols, x shape=(5000, 100), tau in [1, 33], f_d in [2.243e-08, 7.999e-05]
2026-09-28 20:28:47 | src.data.dataset_generator     | INFO   | saved data/raw/d1f4aa61/val_snr5_echo1.npz: 5000 symbols, x shape=(5000, 100), tau in [1, 33], f_d in [1.013e-08, 7.999e-05]
2026-09-28 20:28:47 | src.data.dataset_generator     | INFO   | saved data/raw/d1f4aa61/val_snr5_echo3.npz: 5000 symbols, x shape=(5000, 100), tau in [1, 33], f_d in [1.401e-08, 7.999e-05]
2026-09-28 20:28:48 | src.data.dataset_generator     | INFO   | saved data/raw/d1f4aa61/val_snr7_echo1.npz: 5000 symbols, x shape=(5000, 100), tau in [1, 33], f_d in [2.254e-08, 7.998e-05]
2026-09-28 20:28:48 | src.data.dataset_generator     | INFO   | saved data/raw/d1f4aa61/val_snr7_echo3.npz: 5000 symbols, x shape=(5000, 100), tau in [1, 33], f_d in [1.340e-08, 7.998e-05]
2026-09-28 20:28:49 | src.data.dataset_generator     | INFO   | saved data/raw/d1f4aa61/val_snr9_echo1.npz: 5000 symbols, x shape=(5000, 100), tau in [1, 33], f_d in [9.315e-09, 7.998e-05]
2026-09-28 20:28:49 | src.data.dataset_generator     | INFO   | saved data/raw/d1f4aa61/val_snr9_echo3.npz: 5000 symbols, x shape=(5000, 100), tau in [1, 33], f_d in [3.424e-09, 8.000e-05]
2026-09-28 20:28:49 | src.data.dataset_generator     | INFO   | saved data/raw/d1f4aa61/val_snr11_echo1.npz: 5000 symbols, x shape=(5000, 100), tau in [1, 33], f_d in [1.285e-11, 7.999e-05]
2026-09-28 20:28:50 | src.data.dataset_generator     | INFO   | saved data/raw/d1f4aa61/val_snr11_echo3.npz: 5000 symbols, x shape=(5000, 100), tau in [1, 33], f_d in [1.710e-08, 8.000e-05]
2026-09-28 20:28:50 | src.data.dataset_generator     | INFO   | saved data/raw/d1f4aa61/val_snr13_echo1.npz: 5000 symbols, x shape=(5000, 100), tau in [1, 33], f_d in [9.832e-09, 7.998e-05]
2026-09-28 20:28:51 | src.data.dataset_generator     | INFO   | saved data/raw/d1f4aa61/val_snr13_echo3.npz: 5000 symbols, x shape=(5000, 100), tau in [1, 33], f_d in [7.625e-10, 7.998e-05]
2026-09-28 20:28:51 | src.data.dataset_generator     | INFO   | saved data/raw/d1f4aa61/val_snr15_echo1.npz: 5000 symbols, x shape=(5000, 100), tau in [1, 33], f_d in [1.984e-08, 7.999e-05]
2026-09-28 20:28:51 | src.data.dataset_generator     | INFO   | saved data/raw/d1f4aa61/val_snr15_echo3.npz: 5000 symbols, x shape=(5000, 100), tau in [1, 33], f_d in [1.115e-08, 7.998e-05]
2026-09-28 20:28:51 | src.data.dataset_generator     | INFO   | saved data/raw/d1f4aa61/val_snr17_echo1.npz: 5000 symbols, x shape=(5000, 100), tau in [1, 33], f_d in [3.878e-09, 8.000e-05]
2026-09-28 20:28:52 | src.data.dataset_generator     | INFO   | saved data/raw/d1f4aa61/val_snr17_echo3.npz: 5000 symbols, x shape=(5000, 100), tau in [1, 33], f_d in [8.004e-09, 7.997e-05]
2026-09-28 20:28:52 | src.data.dataset_generator     | INFO   | saved data/raw/d1f4aa61/val_snr19_echo1.npz: 5000 symbols, x shape=(5000, 100), tau in [1, 33], f_d in [2.621e-08, 7.999e-05]
2026-09-28 20:28:52 | src.data.dataset_generator     | INFO   | saved data/raw/d1f4aa61/val_snr19_echo3.npz: 5000 symbols, x shape=(5000, 100), tau in [1, 33], f_d in [8.752e-09, 8.000e-05]
2026-09-28 20:28:52 | src.data.dataset_generator     | INFO   | saved data/raw/d1f4aa61/val_snr21_echo1.npz: 5000 symbols, x shape=(5000, 100), tau in [1, 33], f_d in [2.638e-09, 7.996e-05]
2026-09-28 20:28:53 | src.data.dataset_generator     | INFO   | saved data/raw/d1f4aa61/val_snr21_echo3.npz: 5000 symbols, x shape=(5000, 100), tau in [1, 33], f_d in [5.689e-08, 8.000e-05]
2026-09-28 20:28:53 | src.data.dataset_generator     | INFO   | split 'val': 28 files generated, 5000 symbols per combination (combos=28)
2026-09-28 20:28:54 | src.data.dataset_generator     | INFO   | saved data/raw/d1f4aa61/test_snr-5_echo1.npz: 20000 symbols, x shape=(20000, 100), tau in [1, 33], f_d in [5.907e-09, 7.999e-05]
2026-09-28 20:28:55 | src.data.dataset_generator     | INFO   | saved data/raw/d1f4aa61/test_snr-5_echo3.npz: 20000 symbols, x shape=(20000, 100), tau in [1, 33], f_d in [7.431e-10, 7.999e-05]
2026-09-28 20:28:56 | src.data.dataset_generator     | INFO   | saved data/raw/d1f4aa61/test_snr-3_echo1.npz: 20000 symbols, x shape=(20000, 100), tau in [1, 33], f_d in [3.074e-09, 8.000e-05]
2026-09-28 20:28:57 | src.data.dataset_generator     | INFO   | saved data/raw/d1f4aa61/test_snr-3_echo3.npz: 20000 symbols, x shape=(20000, 100), tau in [1, 33], f_d in [4.446e-09, 8.000e-05]
2026-09-28 20:28:58 | src.data.dataset_generator     | INFO   | saved data/raw/d1f4aa61/test_snr-1_echo1.npz: 20000 symbols, x shape=(20000, 100), tau in [1, 33], f_d in [6.471e-09, 7.999e-05]
2026-09-28 20:28:59 | src.data.dataset_generator     | INFO   | saved data/raw/d1f4aa61/test_snr-1_echo3.npz: 20000 symbols, x shape=(20000, 100), tau in [1, 33], f_d in [3.631e-09, 7.999e-05]
2026-09-28 20:29:00 | src.data.dataset_generator     | INFO   | saved data/raw/d1f4aa61/test_snr1_echo1.npz: 20000 symbols, x shape=(20000, 100), tau in [1, 33], f_d in [8.244e-09, 7.997e-05]
2026-09-28 20:29:02 | src.data.dataset_generator     | INFO   | saved data/raw/d1f4aa61/test_snr1_echo3.npz: 20000 symbols, x shape=(20000, 100), tau in [1, 33], f_d in [4.142e-09, 8.000e-05]
2026-09-28 20:29:03 | src.data.dataset_generator     | INFO   | saved data/raw/d1f4aa61/test_snr3_echo1.npz: 20000 symbols, x shape=(20000, 100), tau in [1, 33], f_d in [4.338e-09, 7.999e-05]
2026-09-28 20:29:05 | src.data.dataset_generator     | INFO   | saved data/raw/d1f4aa61/test_snr3_echo3.npz: 20000 symbols, x shape=(20000, 100), tau in [1, 33], f_d in [1.064e-09, 8.000e-05]
2026-09-28 20:29:06 | src.data.dataset_generator     | INFO   | saved data/raw/d1f4aa61/test_snr5_echo1.npz: 20000 symbols, x shape=(20000, 100), tau in [1, 33], f_d in [8.955e-10, 7.999e-05]
2026-09-28 20:29:07 | src.data.dataset_generator     | INFO   | saved data/raw/d1f4aa61/test_snr5_echo3.npz: 20000 symbols, x shape=(20000, 100), tau in [1, 33], f_d in [4.564e-09, 8.000e-05]
2026-09-28 20:29:08 | src.data.dataset_generator     | INFO   | saved data/raw/d1f4aa61/test_snr7_echo1.npz: 20000 symbols, x shape=(20000, 100), tau in [1, 33], f_d in [8.022e-09, 8.000e-05]
2026-09-28 20:29:09 | src.data.dataset_generator     | INFO   | saved data/raw/d1f4aa61/test_snr7_echo3.npz: 20000 symbols, x shape=(20000, 100), tau in [1, 33], f_d in [1.673e-09, 7.999e-05]
2026-09-28 20:29:10 | src.data.dataset_generator     | INFO   | saved data/raw/d1f4aa61/test_snr9_echo1.npz: 20000 symbols, x shape=(20000, 100), tau in [1, 33], f_d in [2.774e-09, 8.000e-05]
2026-09-28 20:29:11 | src.data.dataset_generator     | INFO   | saved data/raw/d1f4aa61/test_snr9_echo3.npz: 20000 symbols, x shape=(20000, 100), tau in [1, 33], f_d in [1.520e-10, 8.000e-05]
2026-09-28 20:29:12 | src.data.dataset_generator     | INFO   | saved data/raw/d1f4aa61/test_snr11_echo1.npz: 20000 symbols, x shape=(20000, 100), tau in [1, 33], f_d in [7.359e-09, 8.000e-05]
2026-09-28 20:29:13 | src.data.dataset_generator     | INFO   | saved data/raw/d1f4aa61/test_snr11_echo3.npz: 20000 symbols, x shape=(20000, 100), tau in [1, 33], f_d in [7.119e-09, 8.000e-05]
2026-09-28 20:29:14 | src.data.dataset_generator     | INFO   | saved data/raw/d1f4aa61/test_snr13_echo1.npz: 20000 symbols, x shape=(20000, 100), tau in [1, 33], f_d in [6.121e-09, 7.999e-05]
2026-09-28 20:29:16 | src.data.dataset_generator     | INFO   | saved data/raw/d1f4aa61/test_snr13_echo3.npz: 20000 symbols, x shape=(20000, 100), tau in [1, 33], f_d in [8.292e-10, 7.999e-05]
2026-09-28 20:29:17 | src.data.dataset_generator     | INFO   | saved data/raw/d1f4aa61/test_snr15_echo1.npz: 20000 symbols, x shape=(20000, 100), tau in [1, 33], f_d in [1.449e-08, 7.999e-05]
2026-09-28 20:29:19 | src.data.dataset_generator     | INFO   | saved data/raw/d1f4aa61/test_snr15_echo3.npz: 20000 symbols, x shape=(20000, 100), tau in [1, 33], f_d in [5.225e-09, 8.000e-05]
2026-09-28 20:29:20 | src.data.dataset_generator     | INFO   | saved data/raw/d1f4aa61/test_snr17_echo1.npz: 20000 symbols, x shape=(20000, 100), tau in [1, 33], f_d in [2.473e-09, 7.999e-05]
2026-09-28 20:29:21 | src.data.dataset_generator     | INFO   | saved data/raw/d1f4aa61/test_snr17_echo3.npz: 20000 symbols, x shape=(20000, 100), tau in [1, 33], f_d in [7.551e-09, 8.000e-05]
2026-09-28 20:29:22 | src.data.dataset_generator     | INFO   | saved data/raw/d1f4aa61/test_snr19_echo1.npz: 20000 symbols, x shape=(20000, 100), tau in [1, 33], f_d in [3.986e-09, 7.999e-05]
2026-09-28 20:29:23 | src.data.dataset_generator     | INFO   | saved data/raw/d1f4aa61/test_snr19_echo3.npz: 20000 symbols, x shape=(20000, 100), tau in [1, 33], f_d in [2.010e-09, 7.999e-05]
2026-09-28 20:29:24 | src.data.dataset_generator     | INFO   | saved data/raw/d1f4aa61/test_snr21_echo1.npz: 20000 symbols, x shape=(20000, 100), tau in [1, 33], f_d in [6.336e-09, 8.000e-05]
2026-09-28 20:29:25 | src.data.dataset_generator     | INFO   | saved data/raw/d1f4aa61/test_snr21_echo3.npz: 20000 symbols, x shape=(20000, 100), tau in [1, 33], f_d in [8.638e-09, 8.000e-05]
2026-09-28 20:29:25 | src.data.dataset_generator     | INFO   | split 'test': 28 files generated, 20000 symbols per combination (combos=28)
2026-09-28 20:29:27 | src.data.data_loader           | INFO   | split 'test': 560000 total samples, x shape=(560000, 100), tau in [1.00, 33.00], f_d in [1.520e-10, 8.000e-05]
2026-09-28 20:29:28 | src.data.data_loader           | INFO   | balancing verified: 20000 samples for each of the 28 (SNR, K) combinations
2026-09-28 20:30:45 | src.experiments.pipeline       | INFO   | Static test set loaded: 560000 samples
2026-09-28 20:30:45 | __main__                       | INFO   | ============================================================
2026-09-28 20:30:45 | __main__                       | INFO   | Model: lstm
2026-09-28 20:30:45 | __main__                       | INFO   | ============================================================
2026-09-28 20:30:45 | src.experiments.pipeline       | INFO   | Dataset already present in data/raw/d1f4aa61
2026-09-28 20:30:45 | src.data.data_loader           | INFO   | split 'train': 105000 total samples, x shape=(105000, 100), tau in [1.00, 33.00], f_d in [3.795e-10, 8.000e-05]
2026-09-28 20:30:45 | src.data.data_loader           | INFO   | balancing verified: 3750 samples for each of the 28 (SNR, K) combinations
2026-09-28 20:30:59 | src.experiments.pipeline       | INFO   | Split 'train': 105000 samples
2026-09-28 20:31:00 | src.data.data_loader           | INFO   | split 'val': 140000 total samples, x shape=(140000, 100), tau in [1.00, 33.00], f_d in [1.285e-11, 8.000e-05]
2026-09-28 20:31:00 | src.data.data_loader           | INFO   | balancing verified: 5000 samples for each of the 28 (SNR, K) combinations
2026-09-28 20:31:18 | src.experiments.pipeline       | INFO   | Split 'val': 140000 samples
2026-09-28 20:31:22 | src.data.data_loader           | INFO   | dataset built: n=105000, batch_size=128, feature_mode=iq, shuffle=True, seed=42
2026-09-28 20:31:23 | src.data.data_loader           | INFO   | dataset built: n=140000, batch_size=128, feature_mode=iq, shuffle=False, seed=42
2026-09-28 20:31:23 | src.experiments.pipeline       | INFO   | build_model 'lstm': model seed applied = 92 (from model.seeds.lstm, dataset seed stays 42)
2026-09-28 20:31:25 | src.models.baselines           | WARNING | baselines.lstm.units[-1]=77 != v contract in R^64: adding Dense(64) projection before the shared heads
2026-09-28 20:31:25 | src.models.heads               | INFO   | communication_head built: input_dim=64, units=128, M=2, params=8578
2026-09-28 20:31:25 | src.models.heads               | INFO   | sensing_head built: input_dim=241, units=32, output_units=2, params=7810
2026-09-28 20:31:27 | src.models.baselines           | INFO   | model 'lstm_baseline' built: backbone=29632 params, comm=8578 params, sensing=7810 params, TOTAL=46020 params
2026-09-28 20:31:27 | src.models.baselines           | INFO   | baseline 'lstm' built: input=(None, 100, 3), output=['comm', 'sensing'], params=46020
2026-09-28 20:31:27 | src.experiments.pipeline       | INFO   | Model 'lstm_baseline' built: 46020 trainable parameters.
2026-09-28 20:31:27 | src.experiments.pipeline       | INFO   | Training for 30 epochs, lambda_mse=2.0000
2026-09-28 20:31:27 | src.training.trainer           | INFO   | Sensing component weights: delay=1.000, f_doppler=1.000
2026-09-28 20:31:27 | src.training.trainer           | INFO   | Trainer initialized: lambda_mse = 2.0
2026-09-28 20:31:27 | src.training.trainer           | INFO   | Model compiled: loss_weights = {'comm': 1.0, 'sensing': 2}, lr=0.001000, optimizer=adam, label_smoothing=0.1, lr_schedule=cosine, sensing_range_penalty=1.0, sensing_component_weights=[1.0, 1.0]
2026-09-28 20:31:28 | src.training.trainer           | INFO   | Callbacks configured: 5
2026-09-28 20:31:28 | src.training.trainer           | INFO   | Starting training: epochs=30, batch_size=128
2026-09-28 20:43:01 | src.training.trainer           | INFO   | History saved to /content/drive/MyDrive/DHUC_RUN/lstm/full/jamming/lstm/logs/history.csv
2026-09-28 20:43:01 | src.training.trainer           | INFO   | Metadata saved to /content/drive/MyDrive/DHUC_RUN/lstm/full/jamming/lstm/logs/run_metadata.json
2026-09-28 20:43:01 | src.training.trainer           | INFO   | Training completed in 30 epochs. Best val_loss = 0.336697, best loss = 0.328314
2026-09-28 20:43:01 | src.training.trainer           | INFO   | Best weights reloaded from /content/drive/MyDrive/DHUC_RUN/lstm/full/jamming/lstm/logs/best_weights.weights.h5 before evaluation/saving
2026-09-28 20:43:01 | src.evaluation.evaluator       | INFO   | ONLINE evaluation over 14 SNR points (batch=100000, max_symbols=2000000, floor BER=2.5e-07)
2026-09-28 20:43:16 | src.evaluation.evaluator       | WARNING | SNR=-5.0 dB: 21/200000 sensing elements outside [0,1] (min=-0.0947, max=1.0808) -> clamped
2026-09-28 20:43:30 | src.evaluation.evaluator       | WARNING | SNR=-3.0 dB: 15/200000 sensing elements outside [0,1] (min=-0.1327, max=1.0638) -> clamped
2026-09-28 20:43:44 | src.evaluation.evaluator       | WARNING | SNR=-1.0 dB: 13/200000 sensing elements outside [0,1] (min=-0.0392, max=1.0300) -> clamped
2026-09-28 20:43:57 | src.evaluation.evaluator       | WARNING | SNR=1.0 dB: 36/200000 sensing elements outside [0,1] (min=-0.0415, max=1.0782) -> clamped
2026-09-28 20:44:26 | src.evaluation.evaluator       | WARNING | SNR=3.0 dB: 209/400000 sensing elements outside [0,1] (min=-0.0505, max=1.1444) -> clamped
2026-09-28 20:44:55 | src.evaluation.evaluator       | WARNING | SNR=5.0 dB: 386/400000 sensing elements outside [0,1] (min=-0.0775, max=1.1260) -> clamped
2026-09-28 20:45:37 | src.evaluation.evaluator       | WARNING | SNR=7.0 dB: 1151/600000 sensing elements outside [0,1] (min=-0.0631, max=1.1341) -> clamped
2026-09-28 20:46:34 | src.evaluation.evaluator       | WARNING | SNR=9.0 dB: 2493/800000 sensing elements outside [0,1] (min=-0.0650, max=1.1392) -> clamped
2026-09-28 20:47:31 | src.evaluation.evaluator       | WARNING | SNR=11.0 dB: 3581/800000 sensing elements outside [0,1] (min=-0.0950, max=1.1765) -> clamped
2026-09-28 20:48:29 | src.evaluation.evaluator       | WARNING | SNR=13.0 dB: 4676/800000 sensing elements outside [0,1] (min=-0.0678, max=1.1399) -> clamped
2026-09-28 20:49:26 | src.evaluation.evaluator       | WARNING | SNR=15.0 dB: 5848/800000 sensing elements outside [0,1] (min=-0.1194, max=1.1392) -> clamped
2026-09-28 20:50:37 | src.evaluation.evaluator       | WARNING | SNR=17.0 dB: 9109/1000000 sensing elements outside [0,1] (min=-0.0908, max=1.1673) -> clamped
2026-09-28 20:51:34 | src.evaluation.evaluator       | WARNING | SNR=19.0 dB: 7750/800000 sensing elements outside [0,1] (min=-0.1238, max=1.1457) -> clamped
2026-09-28 20:52:31 | src.evaluation.evaluator       | WARNING | SNR=21.0 dB: 8458/800000 sensing elements outside [0,1] (min=-0.0720, max=1.1336) -> clamped
2026-09-28 20:52:31 | src.evaluation.evaluator       | INFO   | Online evaluation completed for 14 SNR points
2026-09-28 20:52:31 | src.experiments.pipeline       | INFO   | Metrics saved to /content/drive/MyDrive/DHUC_RUN/lstm/full/jamming/lstm/metrics.csv
2026-09-28 20:52:32 | src.evaluation.evaluator       | INFO   | BER plot saved to /content/drive/MyDrive/DHUC_RUN/lstm/full/jamming/lstm/plots/ber_vs_snr_lstm_baseline.pdf
2026-09-28 20:52:32 | src.experiments.pipeline       | INFO   | BER vs SNR plot saved to /content/drive/MyDrive/DHUC_RUN/lstm/full/jamming/lstm/plots/ber_vs_snr_lstm_baseline.pdf
2026-09-28 20:52:32 | src.experiments.pipeline       | INFO   | Model saved to /content/drive/MyDrive/DHUC_RUN/lstm/full/jamming/lstm/best_model.keras
2026-09-28 20:52:32 | src.utils.config_loader        | INFO   | config snapshot saved: /content/drive/MyDrive/DHUC_RUN/lstm/full/jamming/lstm/logs/config_used.yaml
2026-09-28 20:52:32 | src.evaluation.evaluator       | INFO   | ONLINE evaluation over 14 SNR points (batch=100000, max_symbols=2000000, floor BER=2.5e-07)
2026-09-28 20:52:46 | src.evaluation.evaluator       | WARNING | SNR=-5.0 dB: 21/200000 sensing elements outside [0,1] (min=-0.0947, max=1.0808) -> clamped
2026-09-28 20:52:59 | src.evaluation.evaluator       | WARNING | SNR=-3.0 dB: 15/200000 sensing elements outside [0,1] (min=-0.1327, max=1.0638) -> clamped
2026-09-28 20:53:13 | src.evaluation.evaluator       | WARNING | SNR=-1.0 dB: 13/200000 sensing elements outside [0,1] (min=-0.0392, max=1.0300) -> clamped
2026-09-28 20:53:27 | src.evaluation.evaluator       | WARNING | SNR=1.0 dB: 36/200000 sensing elements outside [0,1] (min=-0.0415, max=1.0782) -> clamped
2026-09-28 20:53:56 | src.evaluation.evaluator       | WARNING | SNR=3.0 dB: 209/400000 sensing elements outside [0,1] (min=-0.0505, max=1.1444) -> clamped
2026-09-28 20:54:25 | src.evaluation.evaluator       | WARNING | SNR=5.0 dB: 386/400000 sensing elements outside [0,1] (min=-0.0775, max=1.1260) -> clamped
2026-09-28 20:55:08 | src.evaluation.evaluator       | WARNING | SNR=7.0 dB: 1151/600000 sensing elements outside [0,1] (min=-0.0631, max=1.1341) -> clamped
2026-09-28 20:56:05 | src.evaluation.evaluator       | WARNING | SNR=9.0 dB: 2493/800000 sensing elements outside [0,1] (min=-0.0650, max=1.1392) -> clamped
2026-09-28 20:57:02 | src.evaluation.evaluator       | WARNING | SNR=11.0 dB: 3581/800000 sensing elements outside [0,1] (min=-0.0950, max=1.1765) -> clamped
2026-09-28 20:57:59 | src.evaluation.evaluator       | WARNING | SNR=13.0 dB: 4676/800000 sensing elements outside [0,1] (min=-0.0678, max=1.1399) -> clamped
2026-09-28 20:58:59 | src.evaluation.evaluator       | WARNING | SNR=15.0 dB: 5848/800000 sensing elements outside [0,1] (min=-0.1194, max=1.1392) -> clamped
2026-09-28 21:00:11 | src.evaluation.evaluator       | WARNING | SNR=17.0 dB: 9109/1000000 sensing elements outside [0,1] (min=-0.0908, max=1.1673) -> clamped
2026-09-28 21:01:08 | src.evaluation.evaluator       | WARNING | SNR=19.0 dB: 7750/800000 sensing elements outside [0,1] (min=-0.1238, max=1.1457) -> clamped
2026-09-28 21:02:05 | src.evaluation.evaluator       | WARNING | SNR=21.0 dB: 8458/800000 sensing elements outside [0,1] (min=-0.0720, max=1.1336) -> clamped
2026-09-28 21:02:05 | src.evaluation.evaluator       | INFO   | Online evaluation completed for 14 SNR points
2026-09-28 21:02:05 | __main__                       | INFO   | Sensing OK: corr(tau) max = 0.943, MSE_tau high-SNR = 10.61
2026-09-28 21:02:05 | __main__                       | INFO   | Sensing head matches its peak picker: corr(tau) 0.943 vs 0.914, exact delay rate 0.243 vs 0.927
2026-09-28 21:02:05 | __main__                       | WARNING | fD is not resolvable from the current parameters (max corr(fD) = 0.006): the Doppler phase accumulated over N_seq=100 samples with max_doppler=8e-05 is ~0.05 rad (Cramer-Rao bound). Estimating fD requires longer windows or a larger max_doppler.
2026-09-28 21:02:05 | src.evaluation.evaluator       | INFO   | BER plot saved to /content/drive/MyDrive/DHUC_RUN/lstm/full/jamming/lstm/jamming/plots/ber_vs_snr_lstm_baseline.pdf
2026-09-28 21:02:05 | src.experiments.pipeline       | INFO   | Starting jamming evaluation for JSR = [-10.0, -8.0, -6.0, -4.0, -2.0, 0.0, 2.0, 4.0, 6.0, 8.0, 10.0], types = ['cw', 'barrage', 'partial_band'], max_symbols = 40000, realizations = 5
2026-09-28 21:02:05 | src.experiments.run_jamming    | INFO   | Running baseline evaluation...
2026-09-28 21:02:05 | src.evaluation.evaluator       | INFO   | Starting evaluation over 14 SNR points
2026-09-28 21:02:19 | src.evaluation.evaluator       | WARNING | SNR=-1.0 dB: 2/512 sensing elements outside [0,1] (min=-0.0310, max=1.0142) -> clamped
2026-09-28 21:02:45 | src.evaluation.evaluator       | WARNING | SNR=1.0 dB: 21/4864 sensing elements outside [0,1] (min=-0.0576, max=1.0915) -> clamped
2026-09-28 21:03:11 | src.evaluation.evaluator       | WARNING | SNR=3.0 dB: 54/12544 sensing elements outside [0,1] (min=-0.0477, max=1.0633) -> clamped
2026-09-28 21:03:37 | src.evaluation.evaluator       | WARNING | SNR=5.0 dB: 82/19968 sensing elements outside [0,1] (min=-0.0462, max=1.1248) -> clamped
2026-09-28 21:04:04 | src.evaluation.evaluator       | WARNING | SNR=7.0 dB: 180/35840 sensing elements outside [0,1] (min=-0.0624, max=1.1186) -> clamped
2026-09-28 21:04:30 | src.evaluation.evaluator       | WARNING | SNR=9.0 dB: 256/45696 sensing elements outside [0,1] (min=-0.0747, max=1.1242) -> clamped
2026-09-28 21:04:56 | src.evaluation.evaluator       | WARNING | SNR=11.0 dB: 381/55424 sensing elements outside [0,1] (min=-0.0478, max=1.1460) -> clamped
2026-09-28 21:05:22 | src.evaluation.evaluator       | WARNING | SNR=13.0 dB: 452/59904 sensing elements outside [0,1] (min=-0.0506, max=1.0961) -> clamped
2026-09-28 21:05:48 | src.evaluation.evaluator       | WARNING | SNR=15.0 dB: 573/65792 sensing elements outside [0,1] (min=-0.0599, max=1.1213) -> clamped
2026-09-28 21:06:14 | src.evaluation.evaluator       | WARNING | SNR=17.0 dB: 667/66176 sensing elements outside [0,1] (min=-0.0583, max=1.1136) -> clamped
2026-09-28 21:06:41 | src.evaluation.evaluator       | WARNING | SNR=19.0 dB: 775/68480 sensing elements outside [0,1] (min=-0.0546, max=1.1332) -> clamped
2026-09-28 21:07:07 | src.evaluation.evaluator       | WARNING | SNR=21.0 dB: 853/71296 sensing elements outside [0,1] (min=-0.0694, max=1.1241) -> clamped
2026-09-28 21:07:07 | src.evaluation.evaluator       | INFO   | Evaluation completed for 14 SNR points
2026-09-28 21:07:07 | src.experiments.run_jamming    | INFO   | Baseline saved to /content/drive/MyDrive/DHUC_RUN/lstm/full/jamming/lstm/jamming/baseline_metrics.csv
2026-09-28 21:07:07 | src.experiments.run_jamming    | INFO   | Baseline mean BER = 0.008471
2026-09-28 21:07:08 | src.experiments.jamming_interpretability | INFO   | [jamming] test set thinned to 40000 of 560000 symbols per realization
2026-09-28 21:07:08 | src.experiments.run_jamming    | INFO   | Processing jamming: cw (5 realization(s))
2026-09-28 21:07:08 | src.evaluation.evaluator       | INFO   | Starting evaluation over 14 SNR points
2026-09-28 21:07:09 | src.evaluation.evaluator       | WARNING | SNR=-3.0 dB: 1/256 sensing elements outside [0,1] (min=0.1984, max=1.0411) -> clamped
2026-09-28 21:07:14 | src.evaluation.evaluator       | WARNING | SNR=1.0 dB: 3/768 sensing elements outside [0,1] (min=-0.0552, max=1.0623) -> clamped
2026-09-28 21:07:18 | src.evaluation.evaluator       | WARNING | SNR=5.0 dB: 8/1792 sensing elements outside [0,1] (min=0.0739, max=1.0449) -> clamped
2026-09-28 21:07:19 | src.evaluation.evaluator       | WARNING | SNR=7.0 dB: 5/1024 sensing elements outside [0,1] (min=-0.0029, max=1.0820) -> clamped
2026-09-28 21:07:21 | src.evaluation.evaluator       | WARNING | SNR=9.0 dB: 4/850 sensing elements outside [0,1] (min=0.0275, max=1.0644) -> clamped
2026-09-28 21:07:23 | src.evaluation.evaluator       | WARNING | SNR=11.0 dB: 13/3328 sensing elements outside [0,1] (min=0.0211, max=1.0428) -> clamped
2026-09-28 21:07:25 | src.evaluation.evaluator       | WARNING | SNR=13.0 dB: 11/2048 sensing elements outside [0,1] (min=-0.0038, max=1.0623) -> clamped
2026-09-28 21:07:28 | src.evaluation.evaluator       | WARNING | SNR=15.0 dB: 16/3072 sensing elements outside [0,1] (min=-0.0121, max=1.1264) -> clamped
2026-09-28 21:07:29 | src.evaluation.evaluator       | WARNING | SNR=17.0 dB: 12/1792 sensing elements outside [0,1] (min=0.0132, max=1.0604) -> clamped
2026-09-28 21:07:31 | src.evaluation.evaluator       | WARNING | SNR=19.0 dB: 9/1792 sensing elements outside [0,1] (min=-0.0111, max=1.0524) -> clamped
2026-09-28 21:07:33 | src.evaluation.evaluator       | WARNING | SNR=21.0 dB: 15/2816 sensing elements outside [0,1] (min=0.0064, max=1.2136) -> clamped
2026-09-28 21:07:33 | src.evaluation.evaluator       | INFO   | Evaluation completed for 14 SNR points
2026-09-28 21:07:33 | src.experiments.run_jamming    | INFO   | jamming cw r=0 JSR=-10.0 dB | BER=0.02671
2026-09-28 21:07:33 | src.evaluation.evaluator       | INFO   | Starting evaluation over 14 SNR points
2026-09-28 21:07:34 | src.evaluation.evaluator       | WARNING | SNR=-3.0 dB: 1/256 sensing elements outside [0,1] (min=0.2003, max=1.0450) -> clamped
2026-09-28 21:07:36 | src.evaluation.evaluator       | WARNING | SNR=1.0 dB: 1/256 sensing elements outside [0,1] (min=-0.0451, max=0.8755) -> clamped
2026-09-28 21:07:38 | src.evaluation.evaluator       | WARNING | SNR=3.0 dB: 2/512 sensing elements outside [0,1] (min=0.1518, max=1.0046) -> clamped
2026-09-28 21:07:40 | src.evaluation.evaluator       | WARNING | SNR=5.0 dB: 5/1024 sensing elements outside [0,1] (min=0.1171, max=1.0463) -> clamped
2026-09-28 21:07:42 | src.evaluation.evaluator       | WARNING | SNR=7.0 dB: 3/768 sensing elements outside [0,1] (min=0.0655, max=1.0869) -> clamped
2026-09-28 21:07:44 | src.evaluation.evaluator       | WARNING | SNR=9.0 dB: 3/768 sensing elements outside [0,1] (min=0.0379, max=1.0318) -> clamped
2026-09-28 21:07:45 | src.evaluation.evaluator       | WARNING | SNR=11.0 dB: 10/2560 sensing elements outside [0,1] (min=0.0520, max=1.0585) -> clamped
2026-09-28 21:07:47 | src.evaluation.evaluator       | WARNING | SNR=13.0 dB: 6/1280 sensing elements outside [0,1] (min=0.0270, max=1.0695) -> clamped
2026-09-28 21:07:49 | src.evaluation.evaluator       | WARNING | SNR=15.0 dB: 12/2304 sensing elements outside [0,1] (min=-0.0138, max=1.1201) -> clamped
2026-09-28 21:07:51 | src.evaluation.evaluator       | WARNING | SNR=17.0 dB: 7/1024 sensing elements outside [0,1] (min=0.0496, max=1.0602) -> clamped
2026-09-28 21:07:53 | src.evaluation.evaluator       | WARNING | SNR=19.0 dB: 9/2048 sensing elements outside [0,1] (min=-0.0021, max=1.0506) -> clamped
2026-09-28 21:07:55 | src.evaluation.evaluator       | WARNING | SNR=21.0 dB: 8/1792 sensing elements outside [0,1] (min=0.0128, max=1.2322) -> clamped
2026-09-28 21:07:55 | src.evaluation.evaluator       | INFO   | Evaluation completed for 14 SNR points
2026-09-28 21:07:55 | src.experiments.run_jamming    | INFO   | jamming cw r=0 JSR=-8.0 dB | BER=0.05189
2026-09-28 21:07:56 | src.evaluation.evaluator       | INFO   | Starting evaluation over 14 SNR points
2026-09-28 21:07:57 | src.evaluation.evaluator       | WARNING | SNR=-1.0 dB: 1/256 sensing elements outside [0,1] (min=0.1332, max=1.0042) -> clamped
2026-09-28 21:07:57 | src.evaluation.evaluator       | WARNING | SNR=1.0 dB: 1/256 sensing elements outside [0,1] (min=-0.0020, max=0.8878) -> clamped
2026-09-28 21:07:59 | src.evaluation.evaluator       | WARNING | SNR=5.0 dB: 2/512 sensing elements outside [0,1] (min=0.1335, max=1.0515) -> clamped
2026-09-28 21:07:59 | src.evaluation.evaluator       | WARNING | SNR=7.0 dB: 1/256 sensing elements outside [0,1] (min=0.1052, max=1.0897) -> clamped
2026-09-28 21:08:01 | src.evaluation.evaluator       | WARNING | SNR=11.0 dB: 2/512 sensing elements outside [0,1] (min=0.1340, max=1.0485) -> clamped
2026-09-28 21:08:02 | src.evaluation.evaluator       | WARNING | SNR=13.0 dB: 2/512 sensing elements outside [0,1] (min=0.0824, max=1.0121) -> clamped
2026-09-28 21:08:03 | src.evaluation.evaluator       | WARNING | SNR=15.0 dB: 3/768 sensing elements outside [0,1] (min=0.0542, max=1.0184) -> clamped
2026-09-28 21:08:03 | src.evaluation.evaluator       | WARNING | SNR=17.0 dB: 5/768 sensing elements outside [0,1] (min=0.0637, max=1.0613) -> clamped
2026-09-28 21:08:04 | src.evaluation.evaluator       | WARNING | SNR=19.0 dB: 1/256 sensing elements outside [0,1] (min=0.0099, max=1.0456) -> clamped
2026-09-28 21:08:05 | src.evaluation.evaluator       | INFO   | Evaluation completed for 14 SNR points
2026-09-28 21:08:05 | src.experiments.run_jamming    | INFO   | jamming cw r=0 JSR=-6.0 dB | BER=0.10788
2026-09-28 21:08:05 | src.evaluation.evaluator       | INFO   | Starting evaluation over 14 SNR points
2026-09-28 21:08:08 | src.evaluation.evaluator       | WARNING | SNR=5.0 dB: 1/256 sensing elements outside [0,1] (min=0.1389, max=1.0157) -> clamped
2026-09-28 21:08:09 | src.evaluation.evaluator       | WARNING | SNR=11.0 dB: 1/256 sensing elements outside [0,1] (min=0.1530, max=1.0598) -> clamped
2026-09-28 21:08:10 | src.evaluation.evaluator       | WARNING | SNR=15.0 dB: 1/256 sensing elements outside [0,1] (min=0.1638, max=1.0206) -> clamped
2026-09-28 21:08:10 | src.evaluation.evaluator       | WARNING | SNR=17.0 dB: 2/256 sensing elements outside [0,1] (min=0.0583, max=1.0359) -> clamped
2026-09-28 21:08:11 | src.evaluation.evaluator       | INFO   | Evaluation completed for 14 SNR points
2026-09-28 21:08:11 | src.experiments.run_jamming    | INFO   | jamming cw r=0 JSR=-4.0 dB | BER=0.21489
2026-09-28 21:08:11 | src.evaluation.evaluator       | INFO   | Starting evaluation over 14 SNR points
2026-09-28 21:08:11 | src.evaluation.evaluator       | WARNING | SNR=-5.0 dB: 3/512 sensing elements outside [0,1] (min=-0.1260, max=0.9253) -> clamped
2026-09-28 21:08:11 | src.evaluation.evaluator       | WARNING | SNR=-3.0 dB: 1/256 sensing elements outside [0,1] (min=-0.0014, max=0.8668) -> clamped
2026-09-28 21:08:12 | src.evaluation.evaluator       | WARNING | SNR=-1.0 dB: 1/256 sensing elements outside [0,1] (min=-0.0004, max=0.8948) -> clamped
2026-09-28 21:08:12 | src.evaluation.evaluator       | WARNING | SNR=1.0 dB: 1/256 sensing elements outside [0,1] (min=-0.0104, max=0.8386) -> clamped
2026-09-28 21:08:12 | src.evaluation.evaluator       | WARNING | SNR=3.0 dB: 1/256 sensing elements outside [0,1] (min=-0.0642, max=0.8276) -> clamped
2026-09-28 21:08:12 | src.evaluation.evaluator       | WARNING | SNR=5.0 dB: 1/256 sensing elements outside [0,1] (min=0.1619, max=1.0218) -> clamped
2026-09-28 21:08:13 | src.evaluation.evaluator       | WARNING | SNR=9.0 dB: 2/512 sensing elements outside [0,1] (min=-0.0395, max=0.8821) -> clamped
2026-09-28 21:08:13 | src.evaluation.evaluator       | WARNING | SNR=11.0 dB: 1/256 sensing elements outside [0,1] (min=0.0662, max=1.0129) -> clamped
2026-09-28 21:08:13 | src.evaluation.evaluator       | WARNING | SNR=13.0 dB: 1/256 sensing elements outside [0,1] (min=-0.0372, max=0.9476) -> clamped
2026-09-28 21:08:13 | src.evaluation.evaluator       | WARNING | SNR=15.0 dB: 1/256 sensing elements outside [0,1] (min=0.1698, max=1.0295) -> clamped
2026-09-28 21:08:14 | src.evaluation.evaluator       | WARNING | SNR=17.0 dB: 3/256 sensing elements outside [0,1] (min=-0.0752, max=1.0121) -> clamped
2026-09-28 21:08:14 | src.evaluation.evaluator       | WARNING | SNR=19.0 dB: 1/256 sensing elements outside [0,1] (min=-0.0325, max=0.9490) -> clamped
2026-09-28 21:08:14 | src.evaluation.evaluator       | INFO   | Evaluation completed for 14 SNR points
2026-09-28 21:08:14 | src.experiments.run_jamming    | INFO   | jamming cw r=0 JSR=-2.0 dB | BER=0.35212
2026-09-28 21:08:14 | src.evaluation.evaluator       | INFO   | Starting evaluation over 14 SNR points
2026-09-28 21:08:14 | src.evaluation.evaluator       | WARNING | SNR=-5.0 dB: 5/512 sensing elements outside [0,1] (min=-0.2893, max=1.0035) -> clamped
2026-09-28 21:08:15 | src.evaluation.evaluator       | WARNING | SNR=-3.0 dB: 4/512 sensing elements outside [0,1] (min=-0.1733, max=0.9317) -> clamped
2026-09-28 21:08:15 | src.evaluation.evaluator       | WARNING | SNR=-1.0 dB: 3/512 sensing elements outside [0,1] (min=-0.0771, max=0.9021) -> clamped
2026-09-28 21:08:15 | src.evaluation.evaluator       | WARNING | SNR=1.0 dB: 3/512 sensing elements outside [0,1] (min=-0.1926, max=0.8276) -> clamped
2026-09-28 21:08:15 | src.evaluation.evaluator       | WARNING | SNR=3.0 dB: 1/256 sensing elements outside [0,1] (min=-0.2334, max=0.8431) -> clamped
2026-09-28 21:08:15 | src.evaluation.evaluator       | WARNING | SNR=5.0 dB: 2/512 sensing elements outside [0,1] (min=-0.0878, max=1.0271) -> clamped
2026-09-28 21:08:15 | src.evaluation.evaluator       | WARNING | SNR=7.0 dB: 5/512 sensing elements outside [0,1] (min=-0.1045, max=1.0125) -> clamped
2026-09-28 21:08:16 | src.evaluation.evaluator       | WARNING | SNR=9.0 dB: 5/512 sensing elements outside [0,1] (min=-0.2468, max=0.9282) -> clamped
2026-09-28 21:08:16 | src.evaluation.evaluator       | WARNING | SNR=11.0 dB: 4/512 sensing elements outside [0,1] (min=-0.0516, max=0.9844) -> clamped
2026-09-28 21:08:16 | src.evaluation.evaluator       | WARNING | SNR=15.0 dB: 2/512 sensing elements outside [0,1] (min=-0.0034, max=1.0352) -> clamped
2026-09-28 21:08:16 | src.evaluation.evaluator       | WARNING | SNR=17.0 dB: 5/512 sensing elements outside [0,1] (min=-0.1983, max=1.0392) -> clamped
2026-09-28 21:08:16 | src.evaluation.evaluator       | WARNING | SNR=19.0 dB: 4/512 sensing elements outside [0,1] (min=-0.1317, max=0.9808) -> clamped
2026-09-28 21:08:16 | src.evaluation.evaluator       | WARNING | SNR=21.0 dB: 4/512 sensing elements outside [0,1] (min=-0.0249, max=1.0078) -> clamped
2026-09-28 21:08:16 | src.evaluation.evaluator       | INFO   | Evaluation completed for 14 SNR points
2026-09-28 21:08:16 | src.experiments.run_jamming    | INFO   | jamming cw r=0 JSR=0.0 dB | BER=0.47154
2026-09-28 21:08:17 | src.evaluation.evaluator       | INFO   | Starting evaluation over 14 SNR points
2026-09-28 21:08:17 | src.evaluation.evaluator       | WARNING | SNR=-5.0 dB: 10/512 sensing elements outside [0,1] (min=-0.5060, max=1.0983) -> clamped
2026-09-28 21:08:17 | src.evaluation.evaluator       | WARNING | SNR=-3.0 dB: 9/512 sensing elements outside [0,1] (min=-0.4086, max=1.0248) -> clamped
2026-09-28 21:08:17 | src.evaluation.evaluator       | WARNING | SNR=-1.0 dB: 16/512 sensing elements outside [0,1] (min=-0.1748, max=0.9285) -> clamped
2026-09-28 21:08:17 | src.evaluation.evaluator       | WARNING | SNR=1.0 dB: 10/512 sensing elements outside [0,1] (min=-0.4065, max=0.8625) -> clamped
2026-09-28 21:08:17 | src.evaluation.evaluator       | WARNING | SNR=3.0 dB: 10/512 sensing elements outside [0,1] (min=-0.4469, max=0.9897) -> clamped
2026-09-28 21:08:18 | src.evaluation.evaluator       | WARNING | SNR=5.0 dB: 15/512 sensing elements outside [0,1] (min=-0.2964, max=1.0407) -> clamped
2026-09-28 21:08:18 | src.evaluation.evaluator       | WARNING | SNR=7.0 dB: 20/512 sensing elements outside [0,1] (min=-0.3146, max=1.0468) -> clamped
2026-09-28 21:08:18 | src.evaluation.evaluator       | WARNING | SNR=9.0 dB: 20/512 sensing elements outside [0,1] (min=-0.5023, max=0.9793) -> clamped
2026-09-28 21:08:18 | src.evaluation.evaluator       | WARNING | SNR=11.0 dB: 10/512 sensing elements outside [0,1] (min=-0.2672, max=0.9970) -> clamped
2026-09-28 21:08:18 | src.evaluation.evaluator       | WARNING | SNR=13.0 dB: 10/512 sensing elements outside [0,1] (min=-0.0873, max=0.9603) -> clamped
2026-09-28 21:08:18 | src.evaluation.evaluator       | WARNING | SNR=15.0 dB: 11/512 sensing elements outside [0,1] (min=-0.1861, max=1.0232) -> clamped
2026-09-28 21:08:18 | src.evaluation.evaluator       | WARNING | SNR=17.0 dB: 15/512 sensing elements outside [0,1] (min=-0.3479, max=1.0639) -> clamped
2026-09-28 21:08:19 | src.evaluation.evaluator       | WARNING | SNR=19.0 dB: 17/512 sensing elements outside [0,1] (min=-0.2979, max=1.0300) -> clamped
2026-09-28 21:08:19 | src.evaluation.evaluator       | WARNING | SNR=21.0 dB: 11/512 sensing elements outside [0,1] (min=-0.2718, max=1.0368) -> clamped
2026-09-28 21:08:19 | src.evaluation.evaluator       | INFO   | Evaluation completed for 14 SNR points
2026-09-28 21:08:19 | src.experiments.run_jamming    | INFO   | jamming cw r=0 JSR=2.0 dB | BER=0.50642
2026-09-28 21:08:19 | src.evaluation.evaluator       | INFO   | Starting evaluation over 14 SNR points
2026-09-28 21:08:19 | src.evaluation.evaluator       | WARNING | SNR=-5.0 dB: 26/512 sensing elements outside [0,1] (min=-0.8200, max=1.2005) -> clamped
2026-09-28 21:08:19 | src.evaluation.evaluator       | WARNING | SNR=-3.0 dB: 31/512 sensing elements outside [0,1] (min=-0.7212, max=1.1396) -> clamped
2026-09-28 21:08:20 | src.evaluation.evaluator       | WARNING | SNR=-1.0 dB: 41/512 sensing elements outside [0,1] (min=-0.3846, max=0.9787) -> clamped
2026-09-28 21:08:20 | src.evaluation.evaluator       | WARNING | SNR=1.0 dB: 32/512 sensing elements outside [0,1] (min=-0.6792, max=0.9899) -> clamped
2026-09-28 21:08:20 | src.evaluation.evaluator       | WARNING | SNR=3.0 dB: 33/512 sensing elements outside [0,1] (min=-0.6963, max=1.0544) -> clamped
2026-09-28 21:08:20 | src.evaluation.evaluator       | WARNING | SNR=5.0 dB: 49/512 sensing elements outside [0,1] (min=-0.5504, max=1.0414) -> clamped
2026-09-28 21:08:20 | src.evaluation.evaluator       | WARNING | SNR=7.0 dB: 55/512 sensing elements outside [0,1] (min=-0.6039, max=1.0751) -> clamped
2026-09-28 21:08:21 | src.evaluation.evaluator       | WARNING | SNR=9.0 dB: 41/512 sensing elements outside [0,1] (min=-0.8402, max=1.0483) -> clamped
2026-09-28 21:08:21 | src.evaluation.evaluator       | WARNING | SNR=11.0 dB: 49/512 sensing elements outside [0,1] (min=-0.5357, max=1.0311) -> clamped
2026-09-28 21:08:21 | src.evaluation.evaluator       | WARNING | SNR=13.0 dB: 40/512 sensing elements outside [0,1] (min=-0.3089, max=1.0172) -> clamped
2026-09-28 21:08:21 | src.evaluation.evaluator       | WARNING | SNR=15.0 dB: 42/512 sensing elements outside [0,1] (min=-0.4326, max=1.0286) -> clamped
2026-09-28 21:08:22 | src.evaluation.evaluator       | WARNING | SNR=17.0 dB: 50/512 sensing elements outside [0,1] (min=-0.5309, max=1.1023) -> clamped
2026-09-28 21:08:22 | src.evaluation.evaluator       | WARNING | SNR=19.0 dB: 36/512 sensing elements outside [0,1] (min=-0.5855, max=1.0755) -> clamped
2026-09-28 21:08:22 | src.evaluation.evaluator       | WARNING | SNR=21.0 dB: 29/512 sensing elements outside [0,1] (min=-0.5603, max=1.0715) -> clamped
2026-09-28 21:08:22 | src.evaluation.evaluator       | INFO   | Evaluation completed for 14 SNR points
2026-09-28 21:08:22 | src.experiments.run_jamming    | INFO   | jamming cw r=0 JSR=4.0 dB | BER=0.51032
2026-09-28 21:08:22 | src.evaluation.evaluator       | INFO   | Starting evaluation over 14 SNR points
2026-09-28 21:08:22 | src.evaluation.evaluator       | WARNING | SNR=-5.0 dB: 61/512 sensing elements outside [0,1] (min=-1.2166, max=1.3176) -> clamped
2026-09-28 21:08:23 | src.evaluation.evaluator       | WARNING | SNR=-3.0 dB: 66/512 sensing elements outside [0,1] (min=-1.0763, max=1.2806) -> clamped
2026-09-28 21:08:23 | src.evaluation.evaluator       | WARNING | SNR=-1.0 dB: 79/512 sensing elements outside [0,1] (min=-0.6794, max=1.0681) -> clamped
2026-09-28 21:08:23 | src.evaluation.evaluator       | WARNING | SNR=1.0 dB: 72/512 sensing elements outside [0,1] (min=-1.0235, max=1.1347) -> clamped
2026-09-28 21:08:23 | src.evaluation.evaluator       | WARNING | SNR=3.0 dB: 73/512 sensing elements outside [0,1] (min=-1.0060, max=1.1422) -> clamped
2026-09-28 21:08:23 | src.evaluation.evaluator       | WARNING | SNR=5.0 dB: 93/512 sensing elements outside [0,1] (min=-0.8448, max=1.0749) -> clamped
2026-09-28 21:08:23 | src.evaluation.evaluator       | WARNING | SNR=7.0 dB: 98/512 sensing elements outside [0,1] (min=-0.9881, max=1.1491) -> clamped
2026-09-28 21:08:24 | src.evaluation.evaluator       | WARNING | SNR=9.0 dB: 85/512 sensing elements outside [0,1] (min=-1.2742, max=1.1811) -> clamped
2026-09-28 21:08:24 | src.evaluation.evaluator       | WARNING | SNR=11.0 dB: 93/512 sensing elements outside [0,1] (min=-0.8652, max=1.0830) -> clamped
2026-09-28 21:08:24 | src.evaluation.evaluator       | WARNING | SNR=13.0 dB: 83/512 sensing elements outside [0,1] (min=-0.5929, max=1.0723) -> clamped
2026-09-28 21:08:24 | src.evaluation.evaluator       | WARNING | SNR=15.0 dB: 82/512 sensing elements outside [0,1] (min=-0.6968, max=1.0563) -> clamped
2026-09-28 21:08:24 | src.evaluation.evaluator       | WARNING | SNR=17.0 dB: 93/512 sensing elements outside [0,1] (min=-0.7748, max=1.1492) -> clamped
2026-09-28 21:08:24 | src.evaluation.evaluator       | WARNING | SNR=19.0 dB: 71/512 sensing elements outside [0,1] (min=-0.9173, max=1.1201) -> clamped
2026-09-28 21:08:25 | src.evaluation.evaluator       | WARNING | SNR=21.0 dB: 84/512 sensing elements outside [0,1] (min=-0.8990, max=1.1193) -> clamped
2026-09-28 21:08:25 | src.evaluation.evaluator       | INFO   | Evaluation completed for 14 SNR points
2026-09-28 21:08:25 | src.experiments.run_jamming    | INFO   | jamming cw r=0 JSR=6.0 dB | BER=0.51032
2026-09-28 21:08:25 | src.evaluation.evaluator       | INFO   | Starting evaluation over 14 SNR points
2026-09-28 21:08:25 | src.evaluation.evaluator       | WARNING | SNR=-5.0 dB: 121/512 sensing elements outside [0,1] (min=-1.6827, max=1.4690) -> clamped
2026-09-28 21:08:25 | src.evaluation.evaluator       | WARNING | SNR=-3.0 dB: 139/512 sensing elements outside [0,1] (min=-1.4702, max=1.4523) -> clamped
2026-09-28 21:08:25 | src.evaluation.evaluator       | WARNING | SNR=-1.0 dB: 135/512 sensing elements outside [0,1] (min=-1.0391, max=1.1129) -> clamped
2026-09-28 21:08:25 | src.evaluation.evaluator       | WARNING | SNR=1.0 dB: 124/512 sensing elements outside [0,1] (min=-1.4403, max=1.2760) -> clamped
2026-09-28 21:08:25 | src.evaluation.evaluator       | WARNING | SNR=3.0 dB: 137/512 sensing elements outside [0,1] (min=-1.3240, max=1.2501) -> clamped
2026-09-28 21:08:26 | src.evaluation.evaluator       | WARNING | SNR=5.0 dB: 148/512 sensing elements outside [0,1] (min=-1.1605, max=1.1628) -> clamped
2026-09-28 21:08:26 | src.evaluation.evaluator       | WARNING | SNR=7.0 dB: 163/512 sensing elements outside [0,1] (min=-1.4383, max=1.2462) -> clamped
2026-09-28 21:08:26 | src.evaluation.evaluator       | WARNING | SNR=9.0 dB: 150/512 sensing elements outside [0,1] (min=-1.8174, max=1.3424) -> clamped
2026-09-28 21:08:26 | src.evaluation.evaluator       | WARNING | SNR=11.0 dB: 153/512 sensing elements outside [0,1] (min=-1.2852, max=1.1422) -> clamped
2026-09-28 21:08:26 | src.evaluation.evaluator       | WARNING | SNR=13.0 dB: 139/512 sensing elements outside [0,1] (min=-0.9210, max=1.1306) -> clamped
2026-09-28 21:08:26 | src.evaluation.evaluator       | WARNING | SNR=15.0 dB: 150/512 sensing elements outside [0,1] (min=-1.0298, max=1.1030) -> clamped
2026-09-28 21:08:27 | src.evaluation.evaluator       | WARNING | SNR=17.0 dB: 150/512 sensing elements outside [0,1] (min=-1.1624, max=1.1913) -> clamped
2026-09-28 21:08:27 | src.evaluation.evaluator       | WARNING | SNR=19.0 dB: 127/512 sensing elements outside [0,1] (min=-1.2843, max=1.1624) -> clamped
2026-09-28 21:08:27 | src.evaluation.evaluator       | WARNING | SNR=21.0 dB: 148/512 sensing elements outside [0,1] (min=-1.2995, max=1.1897) -> clamped
2026-09-28 21:08:27 | src.evaluation.evaluator       | INFO   | Evaluation completed for 14 SNR points
2026-09-28 21:08:27 | src.experiments.run_jamming    | INFO   | jamming cw r=0 JSR=8.0 dB | BER=0.51032
2026-09-28 21:08:27 | src.evaluation.evaluator       | INFO   | Starting evaluation over 14 SNR points
2026-09-28 21:08:27 | src.evaluation.evaluator       | WARNING | SNR=-5.0 dB: 202/512 sensing elements outside [0,1] (min=-2.2363, max=1.6466) -> clamped
2026-09-28 21:08:27 | src.evaluation.evaluator       | WARNING | SNR=-3.0 dB: 211/512 sensing elements outside [0,1] (min=-1.9654, max=1.6627) -> clamped
2026-09-28 21:08:27 | src.evaluation.evaluator       | WARNING | SNR=-1.0 dB: 202/512 sensing elements outside [0,1] (min=-1.4664, max=1.1271) -> clamped
2026-09-28 21:08:28 | src.evaluation.evaluator       | WARNING | SNR=1.0 dB: 202/512 sensing elements outside [0,1] (min=-1.9416, max=1.4598) -> clamped
2026-09-28 21:08:28 | src.evaluation.evaluator       | WARNING | SNR=3.0 dB: 211/512 sensing elements outside [0,1] (min=-1.6770, max=1.4076) -> clamped
2026-09-28 21:08:28 | src.evaluation.evaluator       | WARNING | SNR=5.0 dB: 216/512 sensing elements outside [0,1] (min=-1.5372, max=1.2523) -> clamped
2026-09-28 21:08:28 | src.evaluation.evaluator       | WARNING | SNR=7.0 dB: 220/512 sensing elements outside [0,1] (min=-1.9604, max=1.4169) -> clamped
2026-09-28 21:08:28 | src.evaluation.evaluator       | WARNING | SNR=9.0 dB: 223/512 sensing elements outside [0,1] (min=-2.4626, max=1.5442) -> clamped
2026-09-28 21:08:28 | src.evaluation.evaluator       | WARNING | SNR=11.0 dB: 215/512 sensing elements outside [0,1] (min=-1.7792, max=1.2596) -> clamped
2026-09-28 21:08:28 | src.evaluation.evaluator       | WARNING | SNR=13.0 dB: 201/512 sensing elements outside [0,1] (min=-1.2881, max=1.3173) -> clamped
2026-09-28 21:08:29 | src.evaluation.evaluator       | WARNING | SNR=15.0 dB: 213/512 sensing elements outside [0,1] (min=-1.4519, max=1.2272) -> clamped
2026-09-28 21:08:29 | src.evaluation.evaluator       | WARNING | SNR=17.0 dB: 208/512 sensing elements outside [0,1] (min=-1.6402, max=1.2357) -> clamped
2026-09-28 21:08:29 | src.evaluation.evaluator       | WARNING | SNR=19.0 dB: 210/512 sensing elements outside [0,1] (min=-1.6929, max=1.2130) -> clamped
2026-09-28 21:08:29 | src.evaluation.evaluator       | WARNING | SNR=21.0 dB: 218/512 sensing elements outside [0,1] (min=-1.7623, max=1.2713) -> clamped
2026-09-28 21:08:29 | src.evaluation.evaluator       | INFO   | Evaluation completed for 14 SNR points
2026-09-28 21:08:29 | src.experiments.run_jamming    | INFO   | jamming cw r=0 JSR=10.0 dB | BER=0.51032
2026-09-28 21:08:29 | src.evaluation.evaluator       | INFO   | Starting evaluation over 14 SNR points
2026-09-28 21:08:35 | src.evaluation.evaluator       | WARNING | SNR=1.0 dB: 2/512 sensing elements outside [0,1] (min=-0.0755, max=1.0382) -> clamped
2026-09-28 21:08:37 | src.evaluation.evaluator       | WARNING | SNR=3.0 dB: 2/512 sensing elements outside [0,1] (min=-0.0170, max=1.0034) -> clamped
2026-09-28 21:08:39 | src.evaluation.evaluator       | WARNING | SNR=5.0 dB: 2/512 sensing elements outside [0,1] (min=0.0471, max=1.0297) -> clamped
2026-09-28 21:08:41 | src.evaluation.evaluator       | WARNING | SNR=7.0 dB: 6/1024 sensing elements outside [0,1] (min=-0.0054, max=1.0209) -> clamped
2026-09-28 21:08:43 | src.evaluation.evaluator       | WARNING | SNR=9.0 dB: 2/338 sensing elements outside [0,1] (min=0.0918, max=1.0277) -> clamped
2026-09-28 21:08:45 | src.evaluation.evaluator       | WARNING | SNR=11.0 dB: 6/1536 sensing elements outside [0,1] (min=-0.0003, max=1.0661) -> clamped
2026-09-28 21:08:46 | src.evaluation.evaluator       | WARNING | SNR=13.0 dB: 16/3072 sensing elements outside [0,1] (min=-0.0233, max=1.0590) -> clamped
2026-09-28 21:08:49 | src.evaluation.evaluator       | WARNING | SNR=15.0 dB: 15/2816 sensing elements outside [0,1] (min=-0.0082, max=1.1112) -> clamped
2026-09-28 21:08:51 | src.evaluation.evaluator       | WARNING | SNR=17.0 dB: 9/2048 sensing elements outside [0,1] (min=-0.0045, max=1.0307) -> clamped
2026-09-28 21:08:53 | src.evaluation.evaluator       | WARNING | SNR=19.0 dB: 16/3584 sensing elements outside [0,1] (min=-0.0182, max=1.0393) -> clamped
2026-09-28 21:08:55 | src.evaluation.evaluator       | WARNING | SNR=21.0 dB: 24/3328 sensing elements outside [0,1] (min=-0.0105, max=1.1149) -> clamped
2026-09-28 21:08:55 | src.evaluation.evaluator       | INFO   | Evaluation completed for 14 SNR points
2026-09-28 21:08:55 | src.experiments.run_jamming    | INFO   | jamming cw r=1 JSR=-10.0 dB | BER=0.01952
2026-09-28 21:08:55 | src.evaluation.evaluator       | INFO   | Starting evaluation over 14 SNR points
2026-09-28 21:08:59 | src.evaluation.evaluator       | WARNING | SNR=1.0 dB: 2/512 sensing elements outside [0,1] (min=-0.0735, max=1.0275) -> clamped
2026-09-28 21:09:01 | src.evaluation.evaluator       | WARNING | SNR=3.0 dB: 1/256 sensing elements outside [0,1] (min=-0.0175, max=0.8256) -> clamped
2026-09-28 21:09:03 | src.evaluation.evaluator       | WARNING | SNR=5.0 dB: 1/256 sensing elements outside [0,1] (min=0.0522, max=1.0295) -> clamped
2026-09-28 21:09:05 | src.evaluation.evaluator       | WARNING | SNR=7.0 dB: 4/512 sensing elements outside [0,1] (min=0.1003, max=1.0069) -> clamped
2026-09-28 21:09:07 | src.evaluation.evaluator       | WARNING | SNR=9.0 dB: 2/338 sensing elements outside [0,1] (min=0.0995, max=1.0158) -> clamped
2026-09-28 21:09:09 | src.evaluation.evaluator       | WARNING | SNR=11.0 dB: 5/1280 sensing elements outside [0,1] (min=0.0003, max=1.0595) -> clamped
2026-09-28 21:09:11 | src.evaluation.evaluator       | WARNING | SNR=13.0 dB: 9/2048 sensing elements outside [0,1] (min=-0.0189, max=1.0506) -> clamped
2026-09-28 21:09:12 | src.evaluation.evaluator       | WARNING | SNR=15.0 dB: 10/2048 sensing elements outside [0,1] (min=-0.0072, max=1.1039) -> clamped
2026-09-28 21:09:14 | src.evaluation.evaluator       | WARNING | SNR=17.0 dB: 4/1024 sensing elements outside [0,1] (min=-0.0022, max=1.0210) -> clamped
2026-09-28 21:09:17 | src.evaluation.evaluator       | WARNING | SNR=19.0 dB: 10/2048 sensing elements outside [0,1] (min=-0.0095, max=1.0326) -> clamped
2026-09-28 21:09:19 | src.evaluation.evaluator       | WARNING | SNR=21.0 dB: 11/2304 sensing elements outside [0,1] (min=-0.0016, max=1.1071) -> clamped
2026-09-28 21:09:19 | src.evaluation.evaluator       | INFO   | Evaluation completed for 14 SNR points
2026-09-28 21:09:19 | src.experiments.run_jamming    | INFO   | jamming cw r=1 JSR=-8.0 dB | BER=0.03751
2026-09-28 21:09:19 | src.evaluation.evaluator       | INFO   | Starting evaluation over 14 SNR points
2026-09-28 21:09:24 | src.evaluation.evaluator       | WARNING | SNR=7.0 dB: 1/256 sensing elements outside [0,1] (min=0.1395, max=1.0031) -> clamped
2026-09-28 21:09:27 | src.evaluation.evaluator       | WARNING | SNR=11.0 dB: 2/512 sensing elements outside [0,1] (min=-0.0076, max=1.0238) -> clamped
2026-09-28 21:09:28 | src.evaluation.evaluator       | WARNING | SNR=13.0 dB: 5/1280 sensing elements outside [0,1] (min=-0.0104, max=1.0419) -> clamped
2026-09-28 21:09:30 | src.evaluation.evaluator       | WARNING | SNR=15.0 dB: 4/768 sensing elements outside [0,1] (min=-0.0111, max=1.0086) -> clamped
2026-09-28 21:09:32 | src.evaluation.evaluator       | WARNING | SNR=17.0 dB: 1/256 sensing elements outside [0,1] (min=0.0814, max=1.0077) -> clamped
2026-09-28 21:09:33 | src.evaluation.evaluator       | WARNING | SNR=19.0 dB: 1/256 sensing elements outside [0,1] (min=0.1225, max=1.0247) -> clamped
2026-09-28 21:09:34 | src.evaluation.evaluator       | WARNING | SNR=21.0 dB: 5/1280 sensing elements outside [0,1] (min=-0.0029, max=1.0966) -> clamped
2026-09-28 21:09:34 | src.evaluation.evaluator       | INFO   | Evaluation completed for 14 SNR points
2026-09-28 21:09:34 | src.experiments.run_jamming    | INFO   | jamming cw r=1 JSR=-6.0 dB | BER=0.07810
2026-09-28 21:09:34 | src.evaluation.evaluator       | INFO   | Starting evaluation over 14 SNR points
2026-09-28 21:09:38 | src.evaluation.evaluator       | WARNING | SNR=11.0 dB: 1/256 sensing elements outside [0,1] (min=0.0927, max=1.0116) -> clamped
2026-09-28 21:09:40 | src.evaluation.evaluator       | WARNING | SNR=19.0 dB: 1/256 sensing elements outside [0,1] (min=0.1144, max=1.0113) -> clamped
2026-09-28 21:09:40 | src.evaluation.evaluator       | INFO   | Evaluation completed for 14 SNR points
2026-09-28 21:09:40 | src.experiments.run_jamming    | INFO   | jamming cw r=1 JSR=-4.0 dB | BER=0.15874
2026-09-28 21:09:41 | src.evaluation.evaluator       | INFO   | Starting evaluation over 14 SNR points
2026-09-28 21:09:41 | src.evaluation.evaluator       | WARNING | SNR=-1.0 dB: 1/256 sensing elements outside [0,1] (min=-0.0576, max=0.8799) -> clamped
2026-09-28 21:09:44 | src.evaluation.evaluator       | WARNING | SNR=15.0 dB: 1/256 sensing elements outside [0,1] (min=-0.0230, max=0.9155) -> clamped
2026-09-28 21:09:45 | src.evaluation.evaluator       | INFO   | Evaluation completed for 14 SNR points
2026-09-28 21:09:45 | src.experiments.run_jamming    | INFO   | jamming cw r=1 JSR=-2.0 dB | BER=0.30250
2026-09-28 21:09:45 | src.evaluation.evaluator       | INFO   | Starting evaluation over 14 SNR points
2026-09-28 21:09:45 | src.evaluation.evaluator       | WARNING | SNR=-5.0 dB: 2/512 sensing elements outside [0,1] (min=-0.0644, max=0.8020) -> clamped
2026-09-28 21:09:45 | src.evaluation.evaluator       | WARNING | SNR=-3.0 dB: 1/256 sensing elements outside [0,1] (min=-0.0614, max=0.7828) -> clamped
2026-09-28 21:09:45 | src.evaluation.evaluator       | WARNING | SNR=-1.0 dB: 1/256 sensing elements outside [0,1] (min=-0.2207, max=0.8587) -> clamped
2026-09-28 21:09:46 | src.evaluation.evaluator       | WARNING | SNR=3.0 dB: 3/512 sensing elements outside [0,1] (min=-0.1334, max=0.9104) -> clamped
2026-09-28 21:09:46 | src.evaluation.evaluator       | WARNING | SNR=7.0 dB: 1/256 sensing elements outside [0,1] (min=-0.0822, max=0.9222) -> clamped
2026-09-28 21:09:46 | src.evaluation.evaluator       | WARNING | SNR=9.0 dB: 1/256 sensing elements outside [0,1] (min=-0.0201, max=0.8579) -> clamped
2026-09-28 21:09:46 | src.evaluation.evaluator       | WARNING | SNR=11.0 dB: 3/256 sensing elements outside [0,1] (min=-0.0525, max=0.9871) -> clamped
2026-09-28 21:09:47 | src.evaluation.evaluator       | WARNING | SNR=13.0 dB: 1/256 sensing elements outside [0,1] (min=-0.0248, max=0.9247) -> clamped
2026-09-28 21:09:47 | src.evaluation.evaluator       | WARNING | SNR=15.0 dB: 1/256 sensing elements outside [0,1] (min=-0.1992, max=0.8649) -> clamped
2026-09-28 21:09:47 | src.evaluation.evaluator       | WARNING | SNR=17.0 dB: 1/256 sensing elements outside [0,1] (min=-0.0248, max=0.8686) -> clamped
2026-09-28 21:09:47 | src.evaluation.evaluator       | WARNING | SNR=19.0 dB: 1/256 sensing elements outside [0,1] (min=-0.0046, max=0.9213) -> clamped
2026-09-28 21:09:47 | src.evaluation.evaluator       | INFO   | Evaluation completed for 14 SNR points
2026-09-28 21:09:47 | src.experiments.run_jamming    | INFO   | jamming cw r=1 JSR=0.0 dB | BER=0.44503
2026-09-28 21:09:47 | src.evaluation.evaluator       | INFO   | Starting evaluation over 14 SNR points
2026-09-28 21:09:47 | src.evaluation.evaluator       | WARNING | SNR=-5.0 dB: 10/512 sensing elements outside [0,1] (min=-0.2104, max=0.7764) -> clamped
2026-09-28 21:09:48 | src.evaluation.evaluator       | WARNING | SNR=-3.0 dB: 7/512 sensing elements outside [0,1] (min=-0.2359, max=0.8974) -> clamped
2026-09-28 21:09:48 | src.evaluation.evaluator       | WARNING | SNR=-1.0 dB: 5/512 sensing elements outside [0,1] (min=-0.4456, max=0.8582) -> clamped
2026-09-28 21:09:48 | src.evaluation.evaluator       | WARNING | SNR=1.0 dB: 12/512 sensing elements outside [0,1] (min=-0.1150, max=0.9158) -> clamped
2026-09-28 21:09:48 | src.evaluation.evaluator       | WARNING | SNR=3.0 dB: 8/512 sensing elements outside [0,1] (min=-0.3111, max=0.9368) -> clamped
2026-09-28 21:09:48 | src.evaluation.evaluator       | WARNING | SNR=5.0 dB: 10/512 sensing elements outside [0,1] (min=-0.1681, max=0.8647) -> clamped
2026-09-28 21:09:48 | src.evaluation.evaluator       | WARNING | SNR=7.0 dB: 14/512 sensing elements outside [0,1] (min=-0.2729, max=0.9330) -> clamped
2026-09-28 21:09:49 | src.evaluation.evaluator       | WARNING | SNR=9.0 dB: 10/512 sensing elements outside [0,1] (min=-0.1948, max=0.9016) -> clamped
2026-09-28 21:09:49 | src.evaluation.evaluator       | WARNING | SNR=11.0 dB: 14/512 sensing elements outside [0,1] (min=-0.2699, max=0.9791) -> clamped
2026-09-28 21:09:49 | src.evaluation.evaluator       | WARNING | SNR=13.0 dB: 8/512 sensing elements outside [0,1] (min=-0.2384, max=0.9290) -> clamped
2026-09-28 21:09:49 | src.evaluation.evaluator       | WARNING | SNR=15.0 dB: 11/512 sensing elements outside [0,1] (min=-0.4073, max=0.8862) -> clamped
2026-09-28 21:09:49 | src.evaluation.evaluator       | WARNING | SNR=17.0 dB: 10/512 sensing elements outside [0,1] (min=-0.2111, max=0.8750) -> clamped
2026-09-28 21:09:49 | src.evaluation.evaluator       | WARNING | SNR=19.0 dB: 9/512 sensing elements outside [0,1] (min=-0.1982, max=0.9620) -> clamped
2026-09-28 21:09:49 | src.evaluation.evaluator       | WARNING | SNR=21.0 dB: 5/512 sensing elements outside [0,1] (min=-0.1012, max=0.9619) -> clamped
2026-09-28 21:09:49 | src.evaluation.evaluator       | INFO   | Evaluation completed for 14 SNR points
2026-09-28 21:09:49 | src.experiments.run_jamming    | INFO   | jamming cw r=1 JSR=2.0 dB | BER=0.50307
2026-09-28 21:09:50 | src.evaluation.evaluator       | INFO   | Starting evaluation over 14 SNR points
2026-09-28 21:09:50 | src.evaluation.evaluator       | WARNING | SNR=-5.0 dB: 24/512 sensing elements outside [0,1] (min=-0.3922, max=0.8035) -> clamped
2026-09-28 21:09:50 | src.evaluation.evaluator       | WARNING | SNR=-3.0 dB: 31/512 sensing elements outside [0,1] (min=-0.4460, max=0.8634) -> clamped
2026-09-28 21:09:50 | src.evaluation.evaluator       | WARNING | SNR=-1.0 dB: 24/512 sensing elements outside [0,1] (min=-0.7439, max=0.8559) -> clamped
2026-09-28 21:09:50 | src.evaluation.evaluator       | WARNING | SNR=1.0 dB: 41/512 sensing elements outside [0,1] (min=-0.3437, max=0.9153) -> clamped
2026-09-28 21:09:50 | src.evaluation.evaluator       | WARNING | SNR=3.0 dB: 35/512 sensing elements outside [0,1] (min=-0.5280, max=0.9428) -> clamped
2026-09-28 21:09:50 | src.evaluation.evaluator       | WARNING | SNR=5.0 dB: 54/512 sensing elements outside [0,1] (min=-0.4221, max=0.8151) -> clamped
2026-09-28 21:09:51 | src.evaluation.evaluator       | WARNING | SNR=7.0 dB: 54/512 sensing elements outside [0,1] (min=-0.5095, max=0.9422) -> clamped
2026-09-28 21:09:51 | src.evaluation.evaluator       | WARNING | SNR=9.0 dB: 47/512 sensing elements outside [0,1] (min=-0.4134, max=0.9235) -> clamped
2026-09-28 21:09:51 | src.evaluation.evaluator       | WARNING | SNR=11.0 dB: 37/512 sensing elements outside [0,1] (min=-0.5465, max=0.9535) -> clamped
2026-09-28 21:09:51 | src.evaluation.evaluator       | WARNING | SNR=13.0 dB: 46/512 sensing elements outside [0,1] (min=-0.5187, max=0.9377) -> clamped
2026-09-28 21:09:51 | src.evaluation.evaluator       | WARNING | SNR=15.0 dB: 50/512 sensing elements outside [0,1] (min=-0.6618, max=0.9125) -> clamped
2026-09-28 21:09:51 | src.evaluation.evaluator       | WARNING | SNR=17.0 dB: 49/512 sensing elements outside [0,1] (min=-0.4354, max=0.8833) -> clamped
2026-09-28 21:09:52 | src.evaluation.evaluator       | WARNING | SNR=19.0 dB: 45/512 sensing elements outside [0,1] (min=-0.4339, max=0.9417) -> clamped
2026-09-28 21:09:52 | src.evaluation.evaluator       | WARNING | SNR=21.0 dB: 45/512 sensing elements outside [0,1] (min=-0.3380, max=0.9420) -> clamped
2026-09-28 21:09:52 | src.evaluation.evaluator       | INFO   | Evaluation completed for 14 SNR points
2026-09-28 21:09:52 | src.experiments.run_jamming    | INFO   | jamming cw r=1 JSR=4.0 dB | BER=0.51032
2026-09-28 21:09:52 | src.evaluation.evaluator       | INFO   | Starting evaluation over 14 SNR points
2026-09-28 21:09:52 | src.evaluation.evaluator       | WARNING | SNR=-5.0 dB: 72/512 sensing elements outside [0,1] (min=-0.6580, max=0.8230) -> clamped
2026-09-28 21:09:52 | src.evaluation.evaluator       | WARNING | SNR=-3.0 dB: 101/512 sensing elements outside [0,1] (min=-0.7082, max=0.8698) -> clamped
2026-09-28 21:09:52 | src.evaluation.evaluator       | WARNING | SNR=-1.0 dB: 107/512 sensing elements outside [0,1] (min=-1.0847, max=0.8764) -> clamped
2026-09-28 21:09:52 | src.evaluation.evaluator       | WARNING | SNR=1.0 dB: 128/512 sensing elements outside [0,1] (min=-0.6369, max=0.9126) -> clamped
2026-09-28 21:09:53 | src.evaluation.evaluator       | WARNING | SNR=3.0 dB: 144/512 sensing elements outside [0,1] (min=-0.8026, max=0.9156) -> clamped
2026-09-28 21:09:53 | src.evaluation.evaluator       | WARNING | SNR=5.0 dB: 144/512 sensing elements outside [0,1] (min=-0.7207, max=0.8463) -> clamped
2026-09-28 21:09:53 | src.evaluation.evaluator       | WARNING | SNR=7.0 dB: 138/512 sensing elements outside [0,1] (min=-0.7925, max=0.9378) -> clamped
2026-09-28 21:09:53 | src.evaluation.evaluator       | WARNING | SNR=9.0 dB: 138/512 sensing elements outside [0,1] (min=-0.7052, max=0.9124) -> clamped
2026-09-28 21:09:53 | src.evaluation.evaluator       | WARNING | SNR=11.0 dB: 146/512 sensing elements outside [0,1] (min=-0.8756, max=0.9149) -> clamped
2026-09-28 21:09:53 | src.evaluation.evaluator       | WARNING | SNR=13.0 dB: 145/512 sensing elements outside [0,1] (min=-0.8758, max=0.9439) -> clamped
2026-09-28 21:09:53 | src.evaluation.evaluator       | WARNING | SNR=15.0 dB: 152/512 sensing elements outside [0,1] (min=-0.9619, max=0.9225) -> clamped
2026-09-28 21:09:54 | src.evaluation.evaluator       | WARNING | SNR=17.0 dB: 145/512 sensing elements outside [0,1] (min=-0.7020, max=0.8883) -> clamped
2026-09-28 21:09:54 | src.evaluation.evaluator       | WARNING | SNR=19.0 dB: 140/512 sensing elements outside [0,1] (min=-0.7138, max=0.8986) -> clamped
2026-09-28 21:09:54 | src.evaluation.evaluator       | WARNING | SNR=21.0 dB: 137/512 sensing elements outside [0,1] (min=-0.6163, max=0.9263) -> clamped
2026-09-28 21:09:54 | src.evaluation.evaluator       | INFO   | Evaluation completed for 14 SNR points
2026-09-28 21:09:54 | src.experiments.run_jamming    | INFO   | jamming cw r=1 JSR=6.0 dB | BER=0.51032
2026-09-28 21:09:54 | src.evaluation.evaluator       | INFO   | Starting evaluation over 14 SNR points
2026-09-28 21:09:54 | src.evaluation.evaluator       | WARNING | SNR=-5.0 dB: 155/512 sensing elements outside [0,1] (min=-1.0114, max=0.8529) -> clamped
2026-09-28 21:09:54 | src.evaluation.evaluator       | WARNING | SNR=-3.0 dB: 199/512 sensing elements outside [0,1] (min=-1.0182, max=0.9224) -> clamped
2026-09-28 21:09:54 | src.evaluation.evaluator       | WARNING | SNR=-1.0 dB: 198/512 sensing elements outside [0,1] (min=-1.4775, max=0.9118) -> clamped
2026-09-28 21:09:55 | src.evaluation.evaluator       | WARNING | SNR=1.0 dB: 205/512 sensing elements outside [0,1] (min=-0.9538, max=0.9002) -> clamped
2026-09-28 21:09:55 | src.evaluation.evaluator       | WARNING | SNR=3.0 dB: 220/512 sensing elements outside [0,1] (min=-1.1369, max=0.8966) -> clamped
2026-09-28 21:09:55 | src.evaluation.evaluator       | WARNING | SNR=5.0 dB: 223/512 sensing elements outside [0,1] (min=-1.0585, max=0.8388) -> clamped
2026-09-28 21:09:55 | src.evaluation.evaluator       | WARNING | SNR=7.0 dB: 229/512 sensing elements outside [0,1] (min=-1.1146, max=0.9281) -> clamped
2026-09-28 21:09:55 | src.evaluation.evaluator       | WARNING | SNR=9.0 dB: 229/512 sensing elements outside [0,1] (min=-0.9992, max=0.9131) -> clamped
2026-09-28 21:09:55 | src.evaluation.evaluator       | WARNING | SNR=11.0 dB: 233/512 sensing elements outside [0,1] (min=-1.2417, max=0.8713) -> clamped
2026-09-28 21:09:56 | src.evaluation.evaluator       | WARNING | SNR=13.0 dB: 230/512 sensing elements outside [0,1] (min=-1.2893, max=0.9495) -> clamped
2026-09-28 21:09:56 | src.evaluation.evaluator       | WARNING | SNR=15.0 dB: 224/512 sensing elements outside [0,1] (min=-1.3045, max=0.9747) -> clamped
2026-09-28 21:09:56 | src.evaluation.evaluator       | WARNING | SNR=17.0 dB: 216/512 sensing elements outside [0,1] (min=-1.0524, max=0.9091) -> clamped
2026-09-28 21:09:56 | src.evaluation.evaluator       | WARNING | SNR=19.0 dB: 222/512 sensing elements outside [0,1] (min=-1.0271, max=0.8782) -> clamped
2026-09-28 21:09:56 | src.evaluation.evaluator       | WARNING | SNR=21.0 dB: 233/512 sensing elements outside [0,1] (min=-0.9169, max=0.8963) -> clamped
2026-09-28 21:09:56 | src.evaluation.evaluator       | INFO   | Evaluation completed for 14 SNR points
2026-09-28 21:09:56 | src.experiments.run_jamming    | INFO   | jamming cw r=1 JSR=8.0 dB | BER=0.51032
2026-09-28 21:09:57 | src.evaluation.evaluator       | INFO   | Starting evaluation over 14 SNR points
2026-09-28 21:09:57 | src.evaluation.evaluator       | WARNING | SNR=-5.0 dB: 213/512 sensing elements outside [0,1] (min=-1.3923, max=0.9527) -> clamped
2026-09-28 21:09:57 | src.evaluation.evaluator       | WARNING | SNR=-3.0 dB: 239/512 sensing elements outside [0,1] (min=-1.3420, max=1.0192) -> clamped
2026-09-28 21:09:57 | src.evaluation.evaluator       | WARNING | SNR=-1.0 dB: 233/512 sensing elements outside [0,1] (min=-1.9147, max=1.0108) -> clamped
2026-09-28 21:09:57 | src.evaluation.evaluator       | WARNING | SNR=1.0 dB: 229/512 sensing elements outside [0,1] (min=-1.3007, max=0.9563) -> clamped
2026-09-28 21:09:58 | src.evaluation.evaluator       | WARNING | SNR=3.0 dB: 240/512 sensing elements outside [0,1] (min=-1.4981, max=1.0087) -> clamped
2026-09-28 21:09:58 | src.evaluation.evaluator       | WARNING | SNR=5.0 dB: 239/512 sensing elements outside [0,1] (min=-1.4241, max=0.8654) -> clamped
2026-09-28 21:09:58 | src.evaluation.evaluator       | WARNING | SNR=7.0 dB: 239/512 sensing elements outside [0,1] (min=-1.4606, max=0.9019) -> clamped
2026-09-28 21:09:58 | src.evaluation.evaluator       | WARNING | SNR=9.0 dB: 246/512 sensing elements outside [0,1] (min=-1.2789, max=0.9480) -> clamped
2026-09-28 21:09:58 | src.evaluation.evaluator       | WARNING | SNR=11.0 dB: 248/512 sensing elements outside [0,1] (min=-1.6453, max=0.9225) -> clamped
2026-09-28 21:09:59 | src.evaluation.evaluator       | WARNING | SNR=13.0 dB: 247/512 sensing elements outside [0,1] (min=-1.7493, max=0.9342) -> clamped
2026-09-28 21:09:59 | src.evaluation.evaluator       | WARNING | SNR=15.0 dB: 246/512 sensing elements outside [0,1] (min=-1.6975, max=1.0595) -> clamped
2026-09-28 21:09:59 | src.evaluation.evaluator       | WARNING | SNR=17.0 dB: 238/512 sensing elements outside [0,1] (min=-1.4666, max=0.9216) -> clamped
2026-09-28 21:09:59 | src.evaluation.evaluator       | WARNING | SNR=19.0 dB: 240/512 sensing elements outside [0,1] (min=-1.3717, max=0.9344) -> clamped
2026-09-28 21:10:00 | src.evaluation.evaluator       | WARNING | SNR=21.0 dB: 240/512 sensing elements outside [0,1] (min=-1.2728, max=0.9595) -> clamped
2026-09-28 21:10:00 | src.evaluation.evaluator       | INFO   | Evaluation completed for 14 SNR points
2026-09-28 21:10:00 | src.experiments.run_jamming    | INFO   | jamming cw r=1 JSR=10.0 dB | BER=0.51032
2026-09-28 21:10:00 | src.evaluation.evaluator       | INFO   | Starting evaluation over 14 SNR points
2026-09-28 21:10:06 | src.evaluation.evaluator       | WARNING | SNR=1.0 dB: 3/768 sensing elements outside [0,1] (min=-0.0742, max=1.0388) -> clamped
2026-09-28 21:10:09 | src.evaluation.evaluator       | WARNING | SNR=5.0 dB: 4/1024 sensing elements outside [0,1] (min=0.0252, max=1.0550) -> clamped
2026-09-28 21:10:12 | src.evaluation.evaluator       | WARNING | SNR=7.0 dB: 6/1536 sensing elements outside [0,1] (min=-0.0196, max=1.0647) -> clamped
2026-09-28 21:10:14 | src.evaluation.evaluator       | WARNING | SNR=9.0 dB: 4/768 sensing elements outside [0,1] (min=-0.0275, max=1.0290) -> clamped
2026-09-28 21:10:15 | src.evaluation.evaluator       | WARNING | SNR=11.0 dB: 8/1536 sensing elements outside [0,1] (min=0.0236, max=1.0785) -> clamped
2026-09-28 21:10:17 | src.evaluation.evaluator       | WARNING | SNR=13.0 dB: 16/3328 sensing elements outside [0,1] (min=-0.0207, max=1.0760) -> clamped
2026-09-28 21:10:19 | src.evaluation.evaluator       | WARNING | SNR=15.0 dB: 19/3584 sensing elements outside [0,1] (min=-0.0379, max=1.1270) -> clamped
2026-09-28 21:10:21 | src.evaluation.evaluator       | WARNING | SNR=17.0 dB: 17/2560 sensing elements outside [0,1] (min=-0.0217, max=1.0458) -> clamped
2026-09-28 21:10:23 | src.evaluation.evaluator       | WARNING | SNR=19.0 dB: 15/3072 sensing elements outside [0,1] (min=-0.0222, max=1.0541) -> clamped
2026-09-28 21:10:25 | src.evaluation.evaluator       | WARNING | SNR=21.0 dB: 23/4180 sensing elements outside [0,1] (min=-0.0245, max=1.1372) -> clamped
2026-09-28 21:10:25 | src.evaluation.evaluator       | INFO   | Evaluation completed for 14 SNR points
2026-09-28 21:10:25 | src.experiments.run_jamming    | INFO   | jamming cw r=2 JSR=-10.0 dB | BER=0.00989
2026-09-28 21:10:25 | src.evaluation.evaluator       | INFO   | Starting evaluation over 14 SNR points
2026-09-28 21:10:32 | src.evaluation.evaluator       | WARNING | SNR=1.0 dB: 3/768 sensing elements outside [0,1] (min=-0.0759, max=1.0385) -> clamped
2026-09-28 21:10:35 | src.evaluation.evaluator       | WARNING | SNR=5.0 dB: 4/1024 sensing elements outside [0,1] (min=0.0322, max=1.0509) -> clamped
2026-09-28 21:10:37 | src.evaluation.evaluator       | WARNING | SNR=7.0 dB: 4/1024 sensing elements outside [0,1] (min=-0.0205, max=1.0634) -> clamped
2026-09-28 21:10:40 | src.evaluation.evaluator       | WARNING | SNR=9.0 dB: 3/512 sensing elements outside [0,1] (min=-0.0384, max=1.0246) -> clamped
2026-09-28 21:10:42 | src.evaluation.evaluator       | WARNING | SNR=11.0 dB: 7/1536 sensing elements outside [0,1] (min=0.0403, max=1.0749) -> clamped
2026-09-28 21:10:44 | src.evaluation.evaluator       | WARNING | SNR=13.0 dB: 12/2304 sensing elements outside [0,1] (min=-0.0209, max=1.0733) -> clamped
2026-09-28 21:10:45 | src.evaluation.evaluator       | WARNING | SNR=15.0 dB: 17/3328 sensing elements outside [0,1] (min=-0.0337, max=1.1246) -> clamped
2026-09-28 21:10:47 | src.evaluation.evaluator       | WARNING | SNR=17.0 dB: 12/2304 sensing elements outside [0,1] (min=-0.0137, max=1.0448) -> clamped
2026-09-28 21:10:49 | src.evaluation.evaluator       | WARNING | SNR=19.0 dB: 7/1536 sensing elements outside [0,1] (min=-0.0177, max=1.0540) -> clamped
2026-09-28 21:10:51 | src.evaluation.evaluator       | WARNING | SNR=21.0 dB: 18/3412 sensing elements outside [0,1] (min=-0.0218, max=1.1391) -> clamped
2026-09-28 21:10:51 | src.evaluation.evaluator       | INFO   | Evaluation completed for 14 SNR points
2026-09-28 21:10:51 | src.experiments.run_jamming    | INFO   | jamming cw r=2 JSR=-8.0 dB | BER=0.01036
2026-09-28 21:10:51 | src.evaluation.evaluator       | INFO   | Starting evaluation over 14 SNR points
2026-09-28 21:10:58 | src.evaluation.evaluator       | WARNING | SNR=1.0 dB: 3/768 sensing elements outside [0,1] (min=-0.0732, max=1.0381) -> clamped
2026-09-28 21:11:01 | src.evaluation.evaluator       | WARNING | SNR=5.0 dB: 3/768 sensing elements outside [0,1] (min=0.0477, max=1.0426) -> clamped
2026-09-28 21:11:03 | src.evaluation.evaluator       | WARNING | SNR=7.0 dB: 3/768 sensing elements outside [0,1] (min=-0.0211, max=1.0612) -> clamped
2026-09-28 21:11:05 | src.evaluation.evaluator       | WARNING | SNR=9.0 dB: 3/512 sensing elements outside [0,1] (min=-0.0484, max=1.0156) -> clamped
2026-09-28 21:11:08 | src.evaluation.evaluator       | WARNING | SNR=11.0 dB: 4/1024 sensing elements outside [0,1] (min=0.0571, max=1.0711) -> clamped
2026-09-28 21:11:10 | src.evaluation.evaluator       | WARNING | SNR=13.0 dB: 7/1280 sensing elements outside [0,1] (min=-0.0182, max=1.0684) -> clamped
2026-09-28 21:11:11 | src.evaluation.evaluator       | WARNING | SNR=15.0 dB: 11/2560 sensing elements outside [0,1] (min=-0.0225, max=1.1151) -> clamped
2026-09-28 21:11:13 | src.evaluation.evaluator       | WARNING | SNR=17.0 dB: 6/1536 sensing elements outside [0,1] (min=0.0007, max=1.0408) -> clamped
2026-09-28 21:11:15 | src.evaluation.evaluator       | WARNING | SNR=19.0 dB: 5/1024 sensing elements outside [0,1] (min=-0.0102, max=1.0559) -> clamped
2026-09-28 21:11:17 | src.evaluation.evaluator       | WARNING | SNR=21.0 dB: 12/2132 sensing elements outside [0,1] (min=-0.0152, max=1.1408) -> clamped
2026-09-28 21:11:17 | src.evaluation.evaluator       | INFO   | Evaluation completed for 14 SNR points
2026-09-28 21:11:17 | src.experiments.run_jamming    | INFO   | jamming cw r=2 JSR=-6.0 dB | BER=0.01108
2026-09-28 21:11:17 | src.evaluation.evaluator       | INFO   | Starting evaluation over 14 SNR points
2026-09-28 21:11:23 | src.evaluation.evaluator       | WARNING | SNR=1.0 dB: 3/768 sensing elements outside [0,1] (min=-0.0625, max=1.0358) -> clamped
2026-09-28 21:11:27 | src.evaluation.evaluator       | WARNING | SNR=5.0 dB: 1/256 sensing elements outside [0,1] (min=0.0791, max=1.0260) -> clamped
2026-09-28 21:11:29 | src.evaluation.evaluator       | WARNING | SNR=7.0 dB: 2/512 sensing elements outside [0,1] (min=-0.0213, max=1.0557) -> clamped
2026-09-28 21:11:31 | src.evaluation.evaluator       | WARNING | SNR=9.0 dB: 2/512 sensing elements outside [0,1] (min=-0.0553, max=1.0008) -> clamped
2026-09-28 21:11:33 | src.evaluation.evaluator       | WARNING | SNR=11.0 dB: 3/768 sensing elements outside [0,1] (min=0.0825, max=1.0654) -> clamped
2026-09-28 21:11:35 | src.evaluation.evaluator       | WARNING | SNR=13.0 dB: 7/1280 sensing elements outside [0,1] (min=-0.0120, max=1.0611) -> clamped
2026-09-28 21:11:37 | src.evaluation.evaluator       | WARNING | SNR=15.0 dB: 8/2048 sensing elements outside [0,1] (min=0.0026, max=1.0878) -> clamped
2026-09-28 21:11:39 | src.evaluation.evaluator       | WARNING | SNR=17.0 dB: 5/1280 sensing elements outside [0,1] (min=0.0248, max=1.0328) -> clamped
2026-09-28 21:11:41 | src.evaluation.evaluator       | WARNING | SNR=19.0 dB: 3/768 sensing elements outside [0,1] (min=0.0012, max=1.0549) -> clamped
2026-09-28 21:11:43 | src.evaluation.evaluator       | WARNING | SNR=21.0 dB: 9/1876 sensing elements outside [0,1] (min=-0.0038, max=1.1396) -> clamped
2026-09-28 21:11:43 | src.evaluation.evaluator       | INFO   | Evaluation completed for 14 SNR points
2026-09-28 21:11:43 | src.experiments.run_jamming    | INFO   | jamming cw r=2 JSR=-4.0 dB | BER=0.01437
2026-09-28 21:11:43 | src.evaluation.evaluator       | INFO   | Starting evaluation over 14 SNR points
2026-09-28 21:11:49 | src.evaluation.evaluator       | WARNING | SNR=1.0 dB: 2/512 sensing elements outside [0,1] (min=-0.0338, max=1.0309) -> clamped
2026-09-28 21:11:54 | src.evaluation.evaluator       | WARNING | SNR=7.0 dB: 2/512 sensing elements outside [0,1] (min=-0.0197, max=1.0441) -> clamped
2026-09-28 21:11:56 | src.evaluation.evaluator       | WARNING | SNR=9.0 dB: 1/256 sensing elements outside [0,1] (min=-0.0408, max=0.9558) -> clamped
2026-09-28 21:11:58 | src.evaluation.evaluator       | WARNING | SNR=11.0 dB: 2/512 sensing elements outside [0,1] (min=0.1177, max=1.0569) -> clamped
2026-09-28 21:12:00 | src.evaluation.evaluator       | WARNING | SNR=13.0 dB: 3/512 sensing elements outside [0,1] (min=0.1053, max=1.0485) -> clamped
2026-09-28 21:12:02 | src.evaluation.evaluator       | WARNING | SNR=15.0 dB: 4/1024 sensing elements outside [0,1] (min=0.0664, max=1.0318) -> clamped
2026-09-28 21:12:04 | src.evaluation.evaluator       | WARNING | SNR=17.0 dB: 3/768 sensing elements outside [0,1] (min=0.1196, max=1.0165) -> clamped
2026-09-28 21:12:06 | src.evaluation.evaluator       | WARNING | SNR=19.0 dB: 2/512 sensing elements outside [0,1] (min=0.0200, max=1.0530) -> clamped
2026-09-28 21:12:08 | src.evaluation.evaluator       | WARNING | SNR=21.0 dB: 4/1024 sensing elements outside [0,1] (min=0.0584, max=1.1324) -> clamped
2026-09-28 21:12:08 | src.evaluation.evaluator       | INFO   | Evaluation completed for 14 SNR points
2026-09-28 21:12:08 | src.experiments.run_jamming    | INFO   | jamming cw r=2 JSR=-2.0 dB | BER=0.02334
2026-09-28 21:12:08 | src.evaluation.evaluator       | INFO   | Starting evaluation over 14 SNR points
2026-09-28 21:12:11 | src.evaluation.evaluator       | WARNING | SNR=1.0 dB: 1/256 sensing elements outside [0,1] (min=0.2101, max=1.0159) -> clamped
2026-09-28 21:12:17 | src.evaluation.evaluator       | WARNING | SNR=7.0 dB: 2/512 sensing elements outside [0,1] (min=-0.0100, max=1.0202) -> clamped
2026-09-28 21:12:19 | src.evaluation.evaluator       | WARNING | SNR=9.0 dB: 1/256 sensing elements outside [0,1] (min=-0.0163, max=0.9053) -> clamped
2026-09-28 21:12:21 | src.evaluation.evaluator       | WARNING | SNR=11.0 dB: 2/512 sensing elements outside [0,1] (min=0.1272, max=1.0515) -> clamped
2026-09-28 21:12:23 | src.evaluation.evaluator       | WARNING | SNR=13.0 dB: 1/256 sensing elements outside [0,1] (min=0.1209, max=1.0268) -> clamped
2026-09-28 21:12:25 | src.evaluation.evaluator       | WARNING | SNR=15.0 dB: 2/512 sensing elements outside [0,1] (min=0.1234, max=1.0127) -> clamped
2026-09-28 21:12:26 | src.evaluation.evaluator       | WARNING | SNR=17.0 dB: 1/256 sensing elements outside [0,1] (min=0.2390, max=1.0019) -> clamped
2026-09-28 21:12:29 | src.evaluation.evaluator       | WARNING | SNR=19.0 dB: 2/512 sensing elements outside [0,1] (min=0.0594, max=1.0496) -> clamped
2026-09-28 21:12:31 | src.evaluation.evaluator       | WARNING | SNR=21.0 dB: 1/256 sensing elements outside [0,1] (min=0.1369, max=1.1065) -> clamped
2026-09-28 21:12:31 | src.evaluation.evaluator       | INFO   | Evaluation completed for 14 SNR points
2026-09-28 21:12:31 | src.experiments.run_jamming    | INFO   | jamming cw r=2 JSR=0.0 dB | BER=0.04974
2026-09-28 21:12:31 | src.evaluation.evaluator       | INFO   | Starting evaluation over 14 SNR points
2026-09-28 21:12:40 | src.evaluation.evaluator       | INFO   | Evaluation completed for 14 SNR points
2026-09-28 21:12:40 | src.experiments.run_jamming    | INFO   | jamming cw r=2 JSR=2.0 dB | BER=0.11841
2026-09-28 21:12:40 | src.evaluation.evaluator       | INFO   | Starting evaluation over 14 SNR points
2026-09-28 21:12:45 | src.evaluation.evaluator       | WARNING | SNR=21.0 dB: 1/256 sensing elements outside [0,1] (min=-0.0069, max=0.8252) -> clamped
2026-09-28 21:12:45 | src.evaluation.evaluator       | INFO   | Evaluation completed for 14 SNR points
2026-09-28 21:12:45 | src.experiments.run_jamming    | INFO   | jamming cw r=2 JSR=4.0 dB | BER=0.26687
2026-09-28 21:12:45 | src.evaluation.evaluator       | INFO   | Starting evaluation over 14 SNR points
2026-09-28 21:12:47 | src.evaluation.evaluator       | INFO   | Evaluation completed for 14 SNR points
2026-09-28 21:12:47 | src.experiments.run_jamming    | INFO   | jamming cw r=2 JSR=6.0 dB | BER=0.42392
2026-09-28 21:12:47 | src.evaluation.evaluator       | INFO   | Starting evaluation over 14 SNR points
2026-09-28 21:12:48 | src.evaluation.evaluator       | WARNING | SNR=3.0 dB: 1/256 sensing elements outside [0,1] (min=0.0403, max=1.0271) -> clamped
2026-09-28 21:12:50 | src.evaluation.evaluator       | INFO   | Evaluation completed for 14 SNR points
2026-09-28 21:12:50 | src.experiments.run_jamming    | INFO   | jamming cw r=2 JSR=8.0 dB | BER=0.48298
2026-09-28 21:12:50 | src.evaluation.evaluator       | INFO   | Starting evaluation over 14 SNR points
2026-09-28 21:12:50 | src.evaluation.evaluator       | WARNING | SNR=-5.0 dB: 1/256 sensing elements outside [0,1] (min=-0.0687, max=0.9640) -> clamped
2026-09-28 21:12:50 | src.evaluation.evaluator       | WARNING | SNR=-3.0 dB: 1/256 sensing elements outside [0,1] (min=-0.0400, max=0.9343) -> clamped
2026-09-28 21:12:50 | src.evaluation.evaluator       | WARNING | SNR=1.0 dB: 2/256 sensing elements outside [0,1] (min=0.1462, max=1.0411) -> clamped
2026-09-28 21:12:50 | src.evaluation.evaluator       | WARNING | SNR=3.0 dB: 2/256 sensing elements outside [0,1] (min=-0.0887, max=1.1330) -> clamped
2026-09-28 21:12:51 | src.evaluation.evaluator       | WARNING | SNR=7.0 dB: 1/256 sensing elements outside [0,1] (min=0.0524, max=1.0234) -> clamped
2026-09-28 21:12:51 | src.evaluation.evaluator       | WARNING | SNR=11.0 dB: 1/256 sensing elements outside [0,1] (min=0.1060, max=1.0264) -> clamped
2026-09-28 21:12:51 | src.evaluation.evaluator       | WARNING | SNR=15.0 dB: 1/256 sensing elements outside [0,1] (min=0.0416, max=1.0417) -> clamped
2026-09-28 21:12:52 | src.evaluation.evaluator       | WARNING | SNR=17.0 dB: 1/256 sensing elements outside [0,1] (min=-0.0073, max=0.9715) -> clamped
2026-09-28 21:12:52 | src.evaluation.evaluator       | WARNING | SNR=19.0 dB: 1/256 sensing elements outside [0,1] (min=-0.0183, max=0.8622) -> clamped
2026-09-28 21:12:52 | src.evaluation.evaluator       | INFO   | Evaluation completed for 14 SNR points
2026-09-28 21:12:52 | src.experiments.run_jamming    | INFO   | jamming cw r=2 JSR=10.0 dB | BER=0.50028
2026-09-28 21:12:52 | src.evaluation.evaluator       | INFO   | Starting evaluation over 14 SNR points
2026-09-28 21:12:55 | src.evaluation.evaluator       | WARNING | SNR=-1.0 dB: 1/256 sensing elements outside [0,1] (min=-0.0228, max=0.9124) -> clamped
2026-09-28 21:12:58 | src.evaluation.evaluator       | WARNING | SNR=1.0 dB: 3/768 sensing elements outside [0,1] (min=-0.0641, max=1.0200) -> clamped
2026-09-28 21:13:00 | src.evaluation.evaluator       | WARNING | SNR=3.0 dB: 1/256 sensing elements outside [0,1] (min=0.1134, max=1.0323) -> clamped
2026-09-28 21:13:01 | src.evaluation.evaluator       | WARNING | SNR=5.0 dB: 4/768 sensing elements outside [0,1] (min=0.0666, max=1.0254) -> clamped
2026-09-28 21:13:03 | src.evaluation.evaluator       | WARNING | SNR=7.0 dB: 2/512 sensing elements outside [0,1] (min=-0.0411, max=1.0369) -> clamped
2026-09-28 21:13:05 | src.evaluation.evaluator       | WARNING | SNR=9.0 dB: 8/1618 sensing elements outside [0,1] (min=-0.0025, max=1.1018) -> clamped
2026-09-28 21:13:07 | src.evaluation.evaluator       | WARNING | SNR=11.0 dB: 7/1792 sensing elements outside [0,1] (min=0.0023, max=1.0855) -> clamped
2026-09-28 21:13:09 | src.evaluation.evaluator       | WARNING | SNR=13.0 dB: 20/3584 sensing elements outside [0,1] (min=-0.0055, max=1.0513) -> clamped
2026-09-28 21:13:11 | src.evaluation.evaluator       | WARNING | SNR=15.0 dB: 12/2560 sensing elements outside [0,1] (min=-0.0005, max=1.0922) -> clamped
2026-09-28 21:13:13 | src.evaluation.evaluator       | WARNING | SNR=17.0 dB: 21/3328 sensing elements outside [0,1] (min=-0.0357, max=1.0594) -> clamped
2026-09-28 21:13:15 | src.evaluation.evaluator       | WARNING | SNR=19.0 dB: 17/3328 sensing elements outside [0,1] (min=-0.0286, max=1.0633) -> clamped
2026-09-28 21:13:17 | src.evaluation.evaluator       | WARNING | SNR=21.0 dB: 15/3156 sensing elements outside [0,1] (min=-0.0326, max=1.1312) -> clamped
2026-09-28 21:13:17 | src.evaluation.evaluator       | INFO   | Evaluation completed for 14 SNR points
2026-09-28 21:13:17 | src.experiments.run_jamming    | INFO   | jamming cw r=3 JSR=-10.0 dB | BER=0.03198
2026-09-28 21:13:17 | src.evaluation.evaluator       | INFO   | Starting evaluation over 14 SNR points
2026-09-28 21:13:19 | src.evaluation.evaluator       | WARNING | SNR=1.0 dB: 1/256 sensing elements outside [0,1] (min=-0.0021, max=0.8582) -> clamped
2026-09-28 21:13:20 | src.evaluation.evaluator       | WARNING | SNR=3.0 dB: 1/256 sensing elements outside [0,1] (min=0.1244, max=1.0337) -> clamped
2026-09-28 21:13:21 | src.evaluation.evaluator       | WARNING | SNR=5.0 dB: 1/256 sensing elements outside [0,1] (min=0.1294, max=1.0296) -> clamped
2026-09-28 21:13:22 | src.evaluation.evaluator       | WARNING | SNR=7.0 dB: 1/256 sensing elements outside [0,1] (min=0.0375, max=1.0381) -> clamped
2026-09-28 21:13:24 | src.evaluation.evaluator       | WARNING | SNR=9.0 dB: 4/1024 sensing elements outside [0,1] (min=-0.0040, max=1.0530) -> clamped
2026-09-28 21:13:25 | src.evaluation.evaluator       | WARNING | SNR=11.0 dB: 5/1280 sensing elements outside [0,1] (min=0.0126, max=1.0278) -> clamped
2026-09-28 21:13:27 | src.evaluation.evaluator       | WARNING | SNR=13.0 dB: 14/2048 sensing elements outside [0,1] (min=-0.0025, max=1.0633) -> clamped
2026-09-28 21:13:28 | src.evaluation.evaluator       | WARNING | SNR=15.0 dB: 4/768 sensing elements outside [0,1] (min=0.0228, max=1.0707) -> clamped
2026-09-28 21:13:29 | src.evaluation.evaluator       | WARNING | SNR=17.0 dB: 12/2560 sensing elements outside [0,1] (min=-0.0411, max=1.0348) -> clamped
2026-09-28 21:13:30 | src.evaluation.evaluator       | WARNING | SNR=19.0 dB: 8/1792 sensing elements outside [0,1] (min=-0.0292, max=1.0451) -> clamped
2026-09-28 21:13:31 | src.evaluation.evaluator       | WARNING | SNR=21.0 dB: 7/1536 sensing elements outside [0,1] (min=0.0007, max=1.1305) -> clamped
2026-09-28 21:13:31 | src.evaluation.evaluator       | INFO   | Evaluation completed for 14 SNR points
2026-09-28 21:13:31 | src.experiments.run_jamming    | INFO   | jamming cw r=3 JSR=-8.0 dB | BER=0.07260
2026-09-28 21:13:32 | src.evaluation.evaluator       | INFO   | Starting evaluation over 14 SNR points
2026-09-28 21:13:33 | src.evaluation.evaluator       | WARNING | SNR=3.0 dB: 1/256 sensing elements outside [0,1] (min=0.1399, max=1.0041) -> clamped
2026-09-28 21:13:34 | src.evaluation.evaluator       | WARNING | SNR=7.0 dB: 1/256 sensing elements outside [0,1] (min=0.0458, max=1.0356) -> clamped
2026-09-28 21:13:35 | src.evaluation.evaluator       | WARNING | SNR=9.0 dB: 1/256 sensing elements outside [0,1] (min=0.1615, max=1.0479) -> clamped
2026-09-28 21:13:35 | src.evaluation.evaluator       | WARNING | SNR=11.0 dB: 2/256 sensing elements outside [0,1] (min=0.0156, max=1.0321) -> clamped
2026-09-28 21:13:36 | src.evaluation.evaluator       | WARNING | SNR=13.0 dB: 4/768 sensing elements outside [0,1] (min=-0.0164, max=1.0794) -> clamped
2026-09-28 21:13:36 | src.evaluation.evaluator       | WARNING | SNR=15.0 dB: 2/512 sensing elements outside [0,1] (min=0.0977, max=1.0180) -> clamped
2026-09-28 21:13:37 | src.evaluation.evaluator       | WARNING | SNR=17.0 dB: 1/256 sensing elements outside [0,1] (min=0.0849, max=1.0459) -> clamped
2026-09-28 21:13:38 | src.evaluation.evaluator       | WARNING | SNR=19.0 dB: 3/512 sensing elements outside [0,1] (min=0.0941, max=1.0275) -> clamped
2026-09-28 21:13:38 | src.evaluation.evaluator       | WARNING | SNR=21.0 dB: 1/256 sensing elements outside [0,1] (min=0.0639, max=1.0480) -> clamped
2026-09-28 21:13:38 | src.evaluation.evaluator       | INFO   | Evaluation completed for 14 SNR points
2026-09-28 21:13:38 | src.experiments.run_jamming    | INFO   | jamming cw r=3 JSR=-6.0 dB | BER=0.16335
2026-09-28 21:13:38 | src.evaluation.evaluator       | INFO   | Starting evaluation over 14 SNR points
2026-09-28 21:13:40 | src.evaluation.evaluator       | WARNING | SNR=7.0 dB: 1/256 sensing elements outside [0,1] (min=0.0539, max=1.0270) -> clamped
2026-09-28 21:13:41 | src.evaluation.evaluator       | WARNING | SNR=9.0 dB: 1/256 sensing elements outside [0,1] (min=-0.0055, max=0.9342) -> clamped
2026-09-28 21:13:41 | src.evaluation.evaluator       | WARNING | SNR=11.0 dB: 2/256 sensing elements outside [0,1] (min=0.0289, max=1.0472) -> clamped
2026-09-28 21:13:41 | src.evaluation.evaluator       | WARNING | SNR=13.0 dB: 1/256 sensing elements outside [0,1] (min=0.0109, max=1.0088) -> clamped
2026-09-28 21:13:41 | src.evaluation.evaluator       | WARNING | SNR=17.0 dB: 1/256 sensing elements outside [0,1] (min=0.0793, max=1.0120) -> clamped
2026-09-28 21:13:42 | src.evaluation.evaluator       | WARNING | SNR=19.0 dB: 1/256 sensing elements outside [0,1] (min=0.0976, max=1.0209) -> clamped
2026-09-28 21:13:42 | src.evaluation.evaluator       | INFO   | Evaluation completed for 14 SNR points
2026-09-28 21:13:42 | src.experiments.run_jamming    | INFO   | jamming cw r=3 JSR=-4.0 dB | BER=0.31380
2026-09-28 21:13:42 | src.evaluation.evaluator       | INFO   | Starting evaluation over 14 SNR points
2026-09-28 21:13:43 | src.evaluation.evaluator       | WARNING | SNR=9.0 dB: 1/256 sensing elements outside [0,1] (min=-0.0139, max=0.9138) -> clamped
2026-09-28 21:13:44 | src.evaluation.evaluator       | WARNING | SNR=11.0 dB: 1/256 sensing elements outside [0,1] (min=0.0667, max=1.0844) -> clamped
2026-09-28 21:13:44 | src.evaluation.evaluator       | WARNING | SNR=17.0 dB: 1/256 sensing elements outside [0,1] (min=0.0948, max=1.0216) -> clamped
2026-09-28 21:13:44 | src.evaluation.evaluator       | WARNING | SNR=19.0 dB: 1/256 sensing elements outside [0,1] (min=0.1099, max=1.0050) -> clamped
2026-09-28 21:13:44 | src.evaluation.evaluator       | INFO   | Evaluation completed for 14 SNR points
2026-09-28 21:13:44 | src.experiments.run_jamming    | INFO   | jamming cw r=3 JSR=-2.0 dB | BER=0.44364
2026-09-28 21:13:45 | src.evaluation.evaluator       | INFO   | Starting evaluation over 14 SNR points
2026-09-28 21:13:46 | src.evaluation.evaluator       | WARNING | SNR=9.0 dB: 1/256 sensing elements outside [0,1] (min=-0.0210, max=0.8776) -> clamped
2026-09-28 21:13:46 | src.evaluation.evaluator       | WARNING | SNR=11.0 dB: 1/256 sensing elements outside [0,1] (min=0.1045, max=1.0759) -> clamped
2026-09-28 21:13:47 | src.evaluation.evaluator       | INFO   | Evaluation completed for 14 SNR points
2026-09-28 21:13:47 | src.experiments.run_jamming    | INFO   | jamming cw r=3 JSR=0.0 dB | BER=0.48549
2026-09-28 21:13:47 | src.evaluation.evaluator       | INFO   | Starting evaluation over 14 SNR points
2026-09-28 21:13:48 | src.evaluation.evaluator       | WARNING | SNR=9.0 dB: 1/256 sensing elements outside [0,1] (min=-0.0204, max=0.8065) -> clamped
2026-09-28 21:13:48 | src.evaluation.evaluator       | WARNING | SNR=11.0 dB: 1/256 sensing elements outside [0,1] (min=0.1008, max=1.0294) -> clamped
2026-09-28 21:13:49 | src.evaluation.evaluator       | INFO   | Evaluation completed for 14 SNR points
2026-09-28 21:13:49 | src.experiments.run_jamming    | INFO   | jamming cw r=3 JSR=2.0 dB | BER=0.48912
2026-09-28 21:13:49 | src.evaluation.evaluator       | INFO   | Starting evaluation over 14 SNR points
2026-09-28 21:13:50 | src.evaluation.evaluator       | WARNING | SNR=-3.0 dB: 1/256 sensing elements outside [0,1] (min=-0.0827, max=0.7201) -> clamped
2026-09-28 21:13:50 | src.evaluation.evaluator       | WARNING | SNR=-1.0 dB: 1/256 sensing elements outside [0,1] (min=-0.0351, max=0.7241) -> clamped
2026-09-28 21:13:50 | src.evaluation.evaluator       | WARNING | SNR=1.0 dB: 1/256 sensing elements outside [0,1] (min=-0.0095, max=0.7569) -> clamped
2026-09-28 21:13:50 | src.evaluation.evaluator       | WARNING | SNR=3.0 dB: 1/256 sensing elements outside [0,1] (min=-0.0019, max=0.7671) -> clamped
2026-09-28 21:13:50 | src.evaluation.evaluator       | WARNING | SNR=5.0 dB: 1/256 sensing elements outside [0,1] (min=-0.0039, max=0.7672) -> clamped
2026-09-28 21:13:51 | src.evaluation.evaluator       | WARNING | SNR=9.0 dB: 1/256 sensing elements outside [0,1] (min=-0.0241, max=0.7696) -> clamped
2026-09-28 21:13:51 | src.evaluation.evaluator       | WARNING | SNR=11.0 dB: 1/256 sensing elements outside [0,1] (min=-0.0024, max=0.8524) -> clamped
2026-09-28 21:13:51 | src.evaluation.evaluator       | WARNING | SNR=13.0 dB: 1/256 sensing elements outside [0,1] (min=-0.0688, max=0.8101) -> clamped
2026-09-28 21:13:52 | src.evaluation.evaluator       | INFO   | Evaluation completed for 14 SNR points
2026-09-28 21:13:52 | src.experiments.run_jamming    | INFO   | jamming cw r=3 JSR=4.0 dB | BER=0.48968
2026-09-28 21:13:52 | src.evaluation.evaluator       | INFO   | Starting evaluation over 14 SNR points
2026-09-28 21:13:52 | src.evaluation.evaluator       | WARNING | SNR=-5.0 dB: 2/256 sensing elements outside [0,1] (min=-0.0522, max=0.6895) -> clamped
2026-09-28 21:13:53 | src.evaluation.evaluator       | WARNING | SNR=-3.0 dB: 6/512 sensing elements outside [0,1] (min=-0.2172, max=0.7779) -> clamped
2026-09-28 21:13:53 | src.evaluation.evaluator       | WARNING | SNR=-1.0 dB: 3/512 sensing elements outside [0,1] (min=-0.1662, max=0.7186) -> clamped
2026-09-28 21:13:53 | src.evaluation.evaluator       | WARNING | SNR=1.0 dB: 4/512 sensing elements outside [0,1] (min=-0.1346, max=0.7889) -> clamped
2026-09-28 21:13:53 | src.evaluation.evaluator       | WARNING | SNR=3.0 dB: 4/512 sensing elements outside [0,1] (min=-0.0234, max=0.7758) -> clamped
2026-09-28 21:13:54 | src.evaluation.evaluator       | WARNING | SNR=5.0 dB: 8/512 sensing elements outside [0,1] (min=-0.1322, max=0.7544) -> clamped
2026-09-28 21:13:54 | src.evaluation.evaluator       | WARNING | SNR=7.0 dB: 3/256 sensing elements outside [0,1] (min=-0.0209, max=0.8058) -> clamped
2026-09-28 21:13:54 | src.evaluation.evaluator       | WARNING | SNR=9.0 dB: 2/256 sensing elements outside [0,1] (min=-0.0453, max=0.7312) -> clamped
2026-09-28 21:13:54 | src.evaluation.evaluator       | WARNING | SNR=11.0 dB: 5/256 sensing elements outside [0,1] (min=-0.1213, max=0.7902) -> clamped
2026-09-28 21:13:54 | src.evaluation.evaluator       | WARNING | SNR=13.0 dB: 3/256 sensing elements outside [0,1] (min=-0.2598, max=0.7533) -> clamped
2026-09-28 21:13:54 | src.evaluation.evaluator       | WARNING | SNR=15.0 dB: 1/256 sensing elements outside [0,1] (min=-0.0788, max=0.7607) -> clamped
2026-09-28 21:13:54 | src.evaluation.evaluator       | WARNING | SNR=17.0 dB: 3/512 sensing elements outside [0,1] (min=-0.1484, max=0.8244) -> clamped
2026-09-28 21:13:55 | src.evaluation.evaluator       | WARNING | SNR=19.0 dB: 3/256 sensing elements outside [0,1] (min=-0.1155, max=0.8161) -> clamped
2026-09-28 21:13:55 | src.evaluation.evaluator       | WARNING | SNR=21.0 dB: 6/512 sensing elements outside [0,1] (min=-0.1247, max=0.8458) -> clamped
2026-09-28 21:13:55 | src.evaluation.evaluator       | INFO   | Evaluation completed for 14 SNR points
2026-09-28 21:13:55 | src.experiments.run_jamming    | INFO   | jamming cw r=3 JSR=6.0 dB | BER=0.48968
2026-09-28 21:13:55 | src.evaluation.evaluator       | INFO   | Starting evaluation over 14 SNR points
2026-09-28 21:13:55 | src.evaluation.evaluator       | WARNING | SNR=-5.0 dB: 9/512 sensing elements outside [0,1] (min=-0.2075, max=0.7432) -> clamped
2026-09-28 21:13:55 | src.evaluation.evaluator       | WARNING | SNR=-3.0 dB: 17/512 sensing elements outside [0,1] (min=-0.3670, max=0.7311) -> clamped
2026-09-28 21:13:55 | src.evaluation.evaluator       | WARNING | SNR=-1.0 dB: 10/512 sensing elements outside [0,1] (min=-0.3459, max=0.6871) -> clamped
2026-09-28 21:13:55 | src.evaluation.evaluator       | WARNING | SNR=1.0 dB: 11/512 sensing elements outside [0,1] (min=-0.3552, max=0.7336) -> clamped
2026-09-28 21:13:56 | src.evaluation.evaluator       | WARNING | SNR=3.0 dB: 14/512 sensing elements outside [0,1] (min=-0.2122, max=0.7644) -> clamped
2026-09-28 21:13:56 | src.evaluation.evaluator       | WARNING | SNR=5.0 dB: 14/512 sensing elements outside [0,1] (min=-0.3068, max=0.7384) -> clamped
2026-09-28 21:13:56 | src.evaluation.evaluator       | WARNING | SNR=7.0 dB: 13/512 sensing elements outside [0,1] (min=-0.2214, max=0.8418) -> clamped
2026-09-28 21:13:56 | src.evaluation.evaluator       | WARNING | SNR=9.0 dB: 11/512 sensing elements outside [0,1] (min=-0.1579, max=0.7558) -> clamped
2026-09-28 21:13:56 | src.evaluation.evaluator       | WARNING | SNR=11.0 dB: 14/512 sensing elements outside [0,1] (min=-0.3325, max=0.7770) -> clamped
2026-09-28 21:13:56 | src.evaluation.evaluator       | WARNING | SNR=13.0 dB: 18/512 sensing elements outside [0,1] (min=-0.4819, max=0.7584) -> clamped
2026-09-28 21:13:57 | src.evaluation.evaluator       | WARNING | SNR=15.0 dB: 10/512 sensing elements outside [0,1] (min=-0.2338, max=0.7119) -> clamped
2026-09-28 21:13:57 | src.evaluation.evaluator       | WARNING | SNR=17.0 dB: 7/512 sensing elements outside [0,1] (min=-0.3341, max=0.7480) -> clamped
2026-09-28 21:13:57 | src.evaluation.evaluator       | WARNING | SNR=19.0 dB: 13/512 sensing elements outside [0,1] (min=-0.3341, max=0.7780) -> clamped
2026-09-28 21:13:57 | src.evaluation.evaluator       | WARNING | SNR=21.0 dB: 14/512 sensing elements outside [0,1] (min=-0.3615, max=0.7818) -> clamped
2026-09-28 21:13:57 | src.evaluation.evaluator       | INFO   | Evaluation completed for 14 SNR points
2026-09-28 21:13:57 | src.experiments.run_jamming    | INFO   | jamming cw r=3 JSR=8.0 dB | BER=0.48968
2026-09-28 21:13:57 | src.evaluation.evaluator       | INFO   | Starting evaluation over 14 SNR points
2026-09-28 21:13:57 | src.evaluation.evaluator       | WARNING | SNR=-5.0 dB: 31/512 sensing elements outside [0,1] (min=-0.3962, max=0.7230) -> clamped
2026-09-28 21:13:57 | src.evaluation.evaluator       | WARNING | SNR=-3.0 dB: 43/512 sensing elements outside [0,1] (min=-0.5399, max=0.7347) -> clamped
2026-09-28 21:13:58 | src.evaluation.evaluator       | WARNING | SNR=-1.0 dB: 33/512 sensing elements outside [0,1] (min=-0.5660, max=0.7503) -> clamped
2026-09-28 21:13:58 | src.evaluation.evaluator       | WARNING | SNR=1.0 dB: 31/512 sensing elements outside [0,1] (min=-0.6420, max=0.6694) -> clamped
2026-09-28 21:13:58 | src.evaluation.evaluator       | WARNING | SNR=3.0 dB: 29/512 sensing elements outside [0,1] (min=-0.4703, max=0.7733) -> clamped
2026-09-28 21:13:58 | src.evaluation.evaluator       | WARNING | SNR=5.0 dB: 36/512 sensing elements outside [0,1] (min=-0.5740, max=0.7735) -> clamped
2026-09-28 21:13:58 | src.evaluation.evaluator       | WARNING | SNR=7.0 dB: 34/512 sensing elements outside [0,1] (min=-0.4627, max=0.7872) -> clamped
2026-09-28 21:13:58 | src.evaluation.evaluator       | WARNING | SNR=9.0 dB: 33/512 sensing elements outside [0,1] (min=-0.3953, max=0.7717) -> clamped
2026-09-28 21:13:59 | src.evaluation.evaluator       | WARNING | SNR=11.0 dB: 39/512 sensing elements outside [0,1] (min=-0.5933, max=0.6813) -> clamped
2026-09-28 21:13:59 | src.evaluation.evaluator       | WARNING | SNR=13.0 dB: 34/512 sensing elements outside [0,1] (min=-0.7483, max=0.6908) -> clamped
2026-09-28 21:13:59 | src.evaluation.evaluator       | WARNING | SNR=15.0 dB: 37/512 sensing elements outside [0,1] (min=-0.4227, max=0.7237) -> clamped
2026-09-28 21:13:59 | src.evaluation.evaluator       | WARNING | SNR=17.0 dB: 31/512 sensing elements outside [0,1] (min=-0.5692, max=0.7395) -> clamped
2026-09-28 21:13:59 | src.evaluation.evaluator       | WARNING | SNR=19.0 dB: 34/512 sensing elements outside [0,1] (min=-0.6048, max=0.7346) -> clamped
2026-09-28 21:13:59 | src.evaluation.evaluator       | WARNING | SNR=21.0 dB: 33/512 sensing elements outside [0,1] (min=-0.6608, max=0.7990) -> clamped
2026-09-28 21:13:59 | src.evaluation.evaluator       | INFO   | Evaluation completed for 14 SNR points
2026-09-28 21:13:59 | src.experiments.run_jamming    | INFO   | jamming cw r=3 JSR=10.0 dB | BER=0.48968
2026-09-28 21:13:59 | src.evaluation.evaluator       | INFO   | Starting evaluation over 14 SNR points
2026-09-28 21:14:06 | src.evaluation.evaluator       | WARNING | SNR=1.0 dB: 3/768 sensing elements outside [0,1] (min=-0.0290, max=1.0338) -> clamped
2026-09-28 21:14:10 | src.evaluation.evaluator       | WARNING | SNR=5.0 dB: 4/1024 sensing elements outside [0,1] (min=0.0718, max=1.0427) -> clamped
2026-09-28 21:14:12 | src.evaluation.evaluator       | WARNING | SNR=7.0 dB: 6/1024 sensing elements outside [0,1] (min=-0.0164, max=1.0397) -> clamped
2026-09-28 21:14:13 | src.evaluation.evaluator       | WARNING | SNR=9.0 dB: 9/1874 sensing elements outside [0,1] (min=-0.0196, max=1.0418) -> clamped
2026-09-28 21:14:15 | src.evaluation.evaluator       | WARNING | SNR=11.0 dB: 12/2304 sensing elements outside [0,1] (min=-0.0293, max=1.0761) -> clamped
2026-09-28 21:14:17 | src.evaluation.evaluator       | WARNING | SNR=13.0 dB: 16/2560 sensing elements outside [0,1] (min=-0.0348, max=1.0532) -> clamped
2026-09-28 21:14:19 | src.evaluation.evaluator       | WARNING | SNR=15.0 dB: 17/3328 sensing elements outside [0,1] (min=-0.0174, max=1.1058) -> clamped
2026-09-28 21:14:22 | src.evaluation.evaluator       | WARNING | SNR=17.0 dB: 18/2560 sensing elements outside [0,1] (min=-0.0152, max=1.0570) -> clamped
2026-09-28 21:14:24 | src.evaluation.evaluator       | WARNING | SNR=19.0 dB: 19/3584 sensing elements outside [0,1] (min=-0.0578, max=1.0517) -> clamped
2026-09-28 21:14:25 | src.evaluation.evaluator       | WARNING | SNR=21.0 dB: 24/4352 sensing elements outside [0,1] (min=-0.0329, max=1.1213) -> clamped
2026-09-28 21:14:25 | src.evaluation.evaluator       | INFO   | Evaluation completed for 14 SNR points
2026-09-28 21:14:25 | src.experiments.run_jamming    | INFO   | jamming cw r=4 JSR=-10.0 dB | BER=0.01970
2026-09-28 21:14:25 | src.evaluation.evaluator       | INFO   | Starting evaluation over 14 SNR points
2026-09-28 21:14:28 | src.evaluation.evaluator       | WARNING | SNR=-1.0 dB: 1/256 sensing elements outside [0,1] (min=-0.0084, max=0.8574) -> clamped
2026-09-28 21:14:29 | src.evaluation.evaluator       | WARNING | SNR=1.0 dB: 2/512 sensing elements outside [0,1] (min=-0.0165, max=1.0486) -> clamped
2026-09-28 21:14:34 | src.evaluation.evaluator       | WARNING | SNR=5.0 dB: 4/1024 sensing elements outside [0,1] (min=0.0843, max=1.0399) -> clamped
2026-09-28 21:14:36 | src.evaluation.evaluator       | WARNING | SNR=7.0 dB: 8/1280 sensing elements outside [0,1] (min=-0.0169, max=1.0221) -> clamped
2026-09-28 21:14:38 | src.evaluation.evaluator       | WARNING | SNR=9.0 dB: 8/1874 sensing elements outside [0,1] (min=-0.0219, max=1.0411) -> clamped
2026-09-28 21:14:39 | src.evaluation.evaluator       | WARNING | SNR=11.0 dB: 8/1536 sensing elements outside [0,1] (min=-0.0567, max=1.0696) -> clamped
2026-09-28 21:14:41 | src.evaluation.evaluator       | WARNING | SNR=13.0 dB: 11/2304 sensing elements outside [0,1] (min=-0.0364, max=1.0467) -> clamped
2026-09-28 21:14:43 | src.evaluation.evaluator       | WARNING | SNR=15.0 dB: 13/2816 sensing elements outside [0,1] (min=-0.0141, max=1.0895) -> clamped
2026-09-28 21:14:45 | src.evaluation.evaluator       | WARNING | SNR=17.0 dB: 16/2560 sensing elements outside [0,1] (min=-0.0109, max=1.0552) -> clamped
2026-09-28 21:14:47 | src.evaluation.evaluator       | WARNING | SNR=19.0 dB: 15/2816 sensing elements outside [0,1] (min=-0.0598, max=1.0527) -> clamped
2026-09-28 21:14:49 | src.evaluation.evaluator       | WARNING | SNR=21.0 dB: 20/3584 sensing elements outside [0,1] (min=-0.0364, max=1.1175) -> clamped
2026-09-28 21:14:49 | src.evaluation.evaluator       | INFO   | Evaluation completed for 14 SNR points
2026-09-28 21:14:49 | src.experiments.run_jamming    | INFO   | jamming cw r=4 JSR=-8.0 dB | BER=0.04030
2026-09-28 21:14:49 | src.evaluation.evaluator       | INFO   | Starting evaluation over 14 SNR points
2026-09-28 21:14:53 | src.evaluation.evaluator       | WARNING | SNR=5.0 dB: 2/512 sensing elements outside [0,1] (min=0.1472, max=1.0111) -> clamped
2026-09-28 21:14:55 | src.evaluation.evaluator       | WARNING | SNR=9.0 dB: 3/768 sensing elements outside [0,1] (min=-0.0334, max=1.0396) -> clamped
2026-09-28 21:14:56 | src.evaluation.evaluator       | WARNING | SNR=11.0 dB: 5/1024 sensing elements outside [0,1] (min=0.0746, max=1.0333) -> clamped
2026-09-28 21:14:56 | src.evaluation.evaluator       | WARNING | SNR=13.0 dB: 5/1024 sensing elements outside [0,1] (min=-0.0425, max=1.0505) -> clamped
2026-09-28 21:14:57 | src.evaluation.evaluator       | WARNING | SNR=15.0 dB: 5/1024 sensing elements outside [0,1] (min=-0.0199, max=1.0518) -> clamped
2026-09-28 21:14:58 | src.evaluation.evaluator       | WARNING | SNR=17.0 dB: 7/1024 sensing elements outside [0,1] (min=-0.0170, max=1.0397) -> clamped
2026-09-28 21:14:59 | src.evaluation.evaluator       | WARNING | SNR=19.0 dB: 7/1536 sensing elements outside [0,1] (min=-0.0114, max=1.0465) -> clamped
2026-09-28 21:15:00 | src.evaluation.evaluator       | WARNING | SNR=21.0 dB: 7/1536 sensing elements outside [0,1] (min=-0.0080, max=1.0310) -> clamped
2026-09-28 21:15:00 | src.evaluation.evaluator       | INFO   | Evaluation completed for 14 SNR points
2026-09-28 21:15:00 | src.experiments.run_jamming    | INFO   | jamming cw r=4 JSR=-6.0 dB | BER=0.08928
2026-09-28 21:15:00 | src.evaluation.evaluator       | INFO   | Starting evaluation over 14 SNR points
2026-09-28 21:15:01 | src.evaluation.evaluator       | WARNING | SNR=-5.0 dB: 1/256 sensing elements outside [0,1] (min=-0.0184, max=0.7991) -> clamped
2026-09-28 21:15:04 | src.evaluation.evaluator       | WARNING | SNR=9.0 dB: 2/512 sensing elements outside [0,1] (min=-0.0453, max=1.0587) -> clamped
2026-09-28 21:15:04 | src.evaluation.evaluator       | WARNING | SNR=11.0 dB: 2/512 sensing elements outside [0,1] (min=-0.0033, max=1.0324) -> clamped
2026-09-28 21:15:04 | src.evaluation.evaluator       | WARNING | SNR=13.0 dB: 3/768 sensing elements outside [0,1] (min=-0.0239, max=1.0143) -> clamped
2026-09-28 21:15:05 | src.evaluation.evaluator       | WARNING | SNR=15.0 dB: 1/256 sensing elements outside [0,1] (min=-0.0027, max=0.9459) -> clamped
2026-09-28 21:15:05 | src.evaluation.evaluator       | WARNING | SNR=17.0 dB: 3/768 sensing elements outside [0,1] (min=-0.0249, max=1.0030) -> clamped
2026-09-28 21:15:06 | src.evaluation.evaluator       | WARNING | SNR=19.0 dB: 3/768 sensing elements outside [0,1] (min=0.0591, max=1.0417) -> clamped
2026-09-28 21:15:06 | src.evaluation.evaluator       | WARNING | SNR=21.0 dB: 4/768 sensing elements outside [0,1] (min=0.0231, max=1.0330) -> clamped
2026-09-28 21:15:06 | src.evaluation.evaluator       | INFO   | Evaluation completed for 14 SNR points
2026-09-28 21:15:06 | src.experiments.run_jamming    | INFO   | jamming cw r=4 JSR=-4.0 dB | BER=0.19682
2026-09-28 21:15:06 | src.evaluation.evaluator       | INFO   | Starting evaluation over 14 SNR points
2026-09-28 21:15:06 | src.evaluation.evaluator       | WARNING | SNR=-5.0 dB: 1/256 sensing elements outside [0,1] (min=-0.0364, max=0.8099) -> clamped
2026-09-28 21:15:08 | src.evaluation.evaluator       | WARNING | SNR=11.0 dB: 1/256 sensing elements outside [0,1] (min=-0.0105, max=0.9622) -> clamped
2026-09-28 21:15:08 | src.evaluation.evaluator       | WARNING | SNR=13.0 dB: 4/768 sensing elements outside [0,1] (min=-0.0360, max=1.0252) -> clamped
2026-09-28 21:15:09 | src.evaluation.evaluator       | WARNING | SNR=17.0 dB: 2/512 sensing elements outside [0,1] (min=-0.0222, max=1.0111) -> clamped
2026-09-28 21:15:09 | src.evaluation.evaluator       | WARNING | SNR=21.0 dB: 2/256 sensing elements outside [0,1] (min=0.0847, max=1.0346) -> clamped
2026-09-28 21:15:09 | src.evaluation.evaluator       | INFO   | Evaluation completed for 14 SNR points
2026-09-28 21:15:09 | src.experiments.run_jamming    | INFO   | jamming cw r=4 JSR=-2.0 dB | BER=0.34998
2026-09-28 21:15:09 | src.evaluation.evaluator       | INFO   | Starting evaluation over 14 SNR points
2026-09-28 21:15:10 | src.evaluation.evaluator       | WARNING | SNR=3.0 dB: 1/256 sensing elements outside [0,1] (min=0.1427, max=1.0031) -> clamped
2026-09-28 21:15:10 | src.evaluation.evaluator       | WARNING | SNR=5.0 dB: 1/256 sensing elements outside [0,1] (min=0.1141, max=1.0227) -> clamped
2026-09-28 21:15:11 | src.evaluation.evaluator       | WARNING | SNR=11.0 dB: 1/256 sensing elements outside [0,1] (min=-0.0179, max=0.9400) -> clamped
2026-09-28 21:15:11 | src.evaluation.evaluator       | WARNING | SNR=13.0 dB: 4/512 sensing elements outside [0,1] (min=-0.0498, max=1.0355) -> clamped
2026-09-28 21:15:11 | src.evaluation.evaluator       | WARNING | SNR=17.0 dB: 2/512 sensing elements outside [0,1] (min=-0.0371, max=1.0133) -> clamped
2026-09-28 21:15:11 | src.evaluation.evaluator       | WARNING | SNR=19.0 dB: 1/256 sensing elements outside [0,1] (min=0.0465, max=1.0010) -> clamped
2026-09-28 21:15:12 | src.evaluation.evaluator       | WARNING | SNR=21.0 dB: 2/256 sensing elements outside [0,1] (min=0.0651, max=1.0260) -> clamped
2026-09-28 21:15:12 | src.evaluation.evaluator       | INFO   | Evaluation completed for 14 SNR points
2026-09-28 21:15:12 | src.experiments.run_jamming    | INFO   | jamming cw r=4 JSR=0.0 dB | BER=0.46438
2026-09-28 21:15:12 | src.evaluation.evaluator       | INFO   | Starting evaluation over 14 SNR points
2026-09-28 21:15:12 | src.evaluation.evaluator       | WARNING | SNR=-5.0 dB: 1/256 sensing elements outside [0,1] (min=-0.0381, max=0.9153) -> clamped
2026-09-28 21:15:12 | src.evaluation.evaluator       | WARNING | SNR=-3.0 dB: 2/512 sensing elements outside [0,1] (min=-0.0693, max=0.8596) -> clamped
2026-09-28 21:15:12 | src.evaluation.evaluator       | WARNING | SNR=3.0 dB: 2/512 sensing elements outside [0,1] (min=-0.0304, max=1.0006) -> clamped
2026-09-28 21:15:13 | src.evaluation.evaluator       | WARNING | SNR=5.0 dB: 2/512 sensing elements outside [0,1] (min=-0.0177, max=1.0356) -> clamped
2026-09-28 21:15:13 | src.evaluation.evaluator       | WARNING | SNR=11.0 dB: 1/256 sensing elements outside [0,1] (min=-0.0233, max=0.9323) -> clamped
2026-09-28 21:15:14 | src.evaluation.evaluator       | WARNING | SNR=13.0 dB: 4/512 sensing elements outside [0,1] (min=-0.0751, max=1.0245) -> clamped
2026-09-28 21:15:14 | src.evaluation.evaluator       | WARNING | SNR=17.0 dB: 3/512 sensing elements outside [0,1] (min=-0.0477, max=1.0012) -> clamped
2026-09-28 21:15:14 | src.evaluation.evaluator       | WARNING | SNR=21.0 dB: 3/512 sensing elements outside [0,1] (min=-0.0263, max=1.0060) -> clamped
2026-09-28 21:15:14 | src.evaluation.evaluator       | INFO   | Evaluation completed for 14 SNR points
2026-09-28 21:15:14 | src.experiments.run_jamming    | INFO   | jamming cw r=4 JSR=2.0 dB | BER=0.48772
2026-09-28 21:15:15 | src.evaluation.evaluator       | INFO   | Starting evaluation over 14 SNR points
2026-09-28 21:15:15 | src.evaluation.evaluator       | WARNING | SNR=-5.0 dB: 3/512 sensing elements outside [0,1] (min=-0.1238, max=0.9171) -> clamped
2026-09-28 21:15:15 | src.evaluation.evaluator       | WARNING | SNR=-3.0 dB: 2/512 sensing elements outside [0,1] (min=-0.1523, max=0.7967) -> clamped
2026-09-28 21:15:15 | src.evaluation.evaluator       | WARNING | SNR=1.0 dB: 1/256 sensing elements outside [0,1] (min=-0.0823, max=0.9203) -> clamped
2026-09-28 21:15:16 | src.evaluation.evaluator       | WARNING | SNR=3.0 dB: 2/512 sensing elements outside [0,1] (min=-0.0872, max=0.9693) -> clamped
2026-09-28 21:15:16 | src.evaluation.evaluator       | WARNING | SNR=5.0 dB: 4/512 sensing elements outside [0,1] (min=-0.1517, max=0.9674) -> clamped
2026-09-28 21:15:16 | src.evaluation.evaluator       | WARNING | SNR=11.0 dB: 2/512 sensing elements outside [0,1] (min=-0.0326, max=0.9381) -> clamped
2026-09-28 21:15:17 | src.evaluation.evaluator       | WARNING | SNR=13.0 dB: 5/512 sensing elements outside [0,1] (min=-0.2172, max=0.9739) -> clamped
2026-09-28 21:15:17 | src.evaluation.evaluator       | WARNING | SNR=17.0 dB: 3/256 sensing elements outside [0,1] (min=-0.1513, max=0.9271) -> clamped
2026-09-28 21:15:17 | src.evaluation.evaluator       | WARNING | SNR=19.0 dB: 1/256 sensing elements outside [0,1] (min=-0.0191, max=0.9363) -> clamped
2026-09-28 21:15:17 | src.evaluation.evaluator       | WARNING | SNR=21.0 dB: 2/512 sensing elements outside [0,1] (min=-0.1251, max=0.9609) -> clamped
2026-09-28 21:15:17 | src.evaluation.evaluator       | INFO   | Evaluation completed for 14 SNR points
2026-09-28 21:15:17 | src.experiments.run_jamming    | INFO   | jamming cw r=4 JSR=4.0 dB | BER=0.48968
2026-09-28 21:15:17 | src.evaluation.evaluator       | INFO   | Starting evaluation over 14 SNR points
2026-09-28 21:15:18 | src.evaluation.evaluator       | WARNING | SNR=-5.0 dB: 10/512 sensing elements outside [0,1] (min=-0.2532, max=0.8706) -> clamped
2026-09-28 21:15:18 | src.evaluation.evaluator       | WARNING | SNR=-3.0 dB: 7/512 sensing elements outside [0,1] (min=-0.2951, max=0.8294) -> clamped
2026-09-28 21:15:18 | src.evaluation.evaluator       | WARNING | SNR=-1.0 dB: 5/512 sensing elements outside [0,1] (min=-0.0667, max=0.8703) -> clamped
2026-09-28 21:15:18 | src.evaluation.evaluator       | WARNING | SNR=1.0 dB: 4/512 sensing elements outside [0,1] (min=-0.1893, max=0.8325) -> clamped
2026-09-28 21:15:18 | src.evaluation.evaluator       | WARNING | SNR=3.0 dB: 3/512 sensing elements outside [0,1] (min=-0.1814, max=0.8979) -> clamped
2026-09-28 21:15:18 | src.evaluation.evaluator       | WARNING | SNR=5.0 dB: 9/512 sensing elements outside [0,1] (min=-0.3467, max=0.8807) -> clamped
2026-09-28 21:15:18 | src.evaluation.evaluator       | WARNING | SNR=7.0 dB: 4/512 sensing elements outside [0,1] (min=-0.0326, max=0.8046) -> clamped
2026-09-28 21:15:19 | src.evaluation.evaluator       | WARNING | SNR=9.0 dB: 5/512 sensing elements outside [0,1] (min=-0.0219, max=0.8244) -> clamped
2026-09-28 21:15:19 | src.evaluation.evaluator       | WARNING | SNR=11.0 dB: 6/512 sensing elements outside [0,1] (min=-0.1734, max=0.9258) -> clamped
2026-09-28 21:15:19 | src.evaluation.evaluator       | WARNING | SNR=13.0 dB: 9/512 sensing elements outside [0,1] (min=-0.3935, max=0.8982) -> clamped
2026-09-28 21:15:19 | src.evaluation.evaluator       | WARNING | SNR=15.0 dB: 4/512 sensing elements outside [0,1] (min=-0.0751, max=0.8733) -> clamped
2026-09-28 21:15:19 | src.evaluation.evaluator       | WARNING | SNR=17.0 dB: 6/512 sensing elements outside [0,1] (min=-0.2870, max=0.8757) -> clamped
2026-09-28 21:15:19 | src.evaluation.evaluator       | WARNING | SNR=19.0 dB: 3/512 sensing elements outside [0,1] (min=-0.0687, max=0.8805) -> clamped
2026-09-28 21:15:20 | src.evaluation.evaluator       | WARNING | SNR=21.0 dB: 9/512 sensing elements outside [0,1] (min=-0.2521, max=0.8971) -> clamped
2026-09-28 21:15:20 | src.evaluation.evaluator       | INFO   | Evaluation completed for 14 SNR points
2026-09-28 21:15:20 | src.experiments.run_jamming    | INFO   | jamming cw r=4 JSR=6.0 dB | BER=0.48968
2026-09-28 21:15:20 | src.evaluation.evaluator       | INFO   | Starting evaluation over 14 SNR points
2026-09-28 21:15:20 | src.evaluation.evaluator       | WARNING | SNR=-5.0 dB: 26/512 sensing elements outside [0,1] (min=-0.4234, max=0.8294) -> clamped
2026-09-28 21:15:20 | src.evaluation.evaluator       | WARNING | SNR=-3.0 dB: 18/512 sensing elements outside [0,1] (min=-0.4697, max=0.8388) -> clamped
2026-09-28 21:15:20 | src.evaluation.evaluator       | WARNING | SNR=-1.0 dB: 18/512 sensing elements outside [0,1] (min=-0.3129, max=0.8630) -> clamped
2026-09-28 21:15:20 | src.evaluation.evaluator       | WARNING | SNR=1.0 dB: 20/512 sensing elements outside [0,1] (min=-0.3132, max=0.8286) -> clamped
2026-09-28 21:15:21 | src.evaluation.evaluator       | WARNING | SNR=3.0 dB: 19/512 sensing elements outside [0,1] (min=-0.2923, max=0.8181) -> clamped
2026-09-28 21:15:21 | src.evaluation.evaluator       | WARNING | SNR=5.0 dB: 29/512 sensing elements outside [0,1] (min=-0.5887, max=0.8017) -> clamped
2026-09-28 21:15:21 | src.evaluation.evaluator       | WARNING | SNR=7.0 dB: 21/512 sensing elements outside [0,1] (min=-0.2036, max=0.7645) -> clamped
2026-09-28 21:15:21 | src.evaluation.evaluator       | WARNING | SNR=9.0 dB: 22/512 sensing elements outside [0,1] (min=-0.1706, max=0.8131) -> clamped
2026-09-28 21:15:21 | src.evaluation.evaluator       | WARNING | SNR=11.0 dB: 14/512 sensing elements outside [0,1] (min=-0.3493, max=0.9124) -> clamped
2026-09-28 21:15:21 | src.evaluation.evaluator       | WARNING | SNR=13.0 dB: 29/512 sensing elements outside [0,1] (min=-0.6013, max=0.8407) -> clamped
2026-09-28 21:15:21 | src.evaluation.evaluator       | WARNING | SNR=15.0 dB: 15/512 sensing elements outside [0,1] (min=-0.2153, max=0.8550) -> clamped
2026-09-28 21:15:22 | src.evaluation.evaluator       | WARNING | SNR=17.0 dB: 20/512 sensing elements outside [0,1] (min=-0.4578, max=0.8119) -> clamped
2026-09-28 21:15:22 | src.evaluation.evaluator       | WARNING | SNR=19.0 dB: 15/512 sensing elements outside [0,1] (min=-0.2723, max=0.8344) -> clamped
2026-09-28 21:15:22 | src.evaluation.evaluator       | WARNING | SNR=21.0 dB: 30/512 sensing elements outside [0,1] (min=-0.4170, max=0.8354) -> clamped
2026-09-28 21:15:22 | src.evaluation.evaluator       | INFO   | Evaluation completed for 14 SNR points
2026-09-28 21:15:22 | src.experiments.run_jamming    | INFO   | jamming cw r=4 JSR=8.0 dB | BER=0.48968
2026-09-28 21:15:22 | src.evaluation.evaluator       | INFO   | Starting evaluation over 14 SNR points
2026-09-28 21:15:22 | src.evaluation.evaluator       | WARNING | SNR=-5.0 dB: 54/512 sensing elements outside [0,1] (min=-0.6658, max=0.8174) -> clamped
2026-09-28 21:15:22 | src.evaluation.evaluator       | WARNING | SNR=-3.0 dB: 47/512 sensing elements outside [0,1] (min=-0.7034, max=0.8574) -> clamped
2026-09-28 21:15:22 | src.evaluation.evaluator       | WARNING | SNR=-1.0 dB: 54/512 sensing elements outside [0,1] (min=-0.5659, max=0.8640) -> clamped
2026-09-28 21:15:23 | src.evaluation.evaluator       | WARNING | SNR=1.0 dB: 50/512 sensing elements outside [0,1] (min=-0.4818, max=0.8832) -> clamped
2026-09-28 21:15:23 | src.evaluation.evaluator       | WARNING | SNR=3.0 dB: 53/512 sensing elements outside [0,1] (min=-0.4305, max=0.8125) -> clamped
2026-09-28 21:15:23 | src.evaluation.evaluator       | WARNING | SNR=5.0 dB: 72/512 sensing elements outside [0,1] (min=-0.8924, max=0.8198) -> clamped
2026-09-28 21:15:23 | src.evaluation.evaluator       | WARNING | SNR=7.0 dB: 49/512 sensing elements outside [0,1] (min=-0.4373, max=0.7803) -> clamped
2026-09-28 21:15:23 | src.evaluation.evaluator       | WARNING | SNR=9.0 dB: 62/512 sensing elements outside [0,1] (min=-0.3936, max=0.7619) -> clamped
2026-09-28 21:15:23 | src.evaluation.evaluator       | WARNING | SNR=11.0 dB: 55/512 sensing elements outside [0,1] (min=-0.5886, max=0.8787) -> clamped
2026-09-28 21:15:24 | src.evaluation.evaluator       | WARNING | SNR=13.0 dB: 65/512 sensing elements outside [0,1] (min=-0.8469, max=0.8904) -> clamped
2026-09-28 21:15:24 | src.evaluation.evaluator       | WARNING | SNR=15.0 dB: 39/512 sensing elements outside [0,1] (min=-0.3945, max=0.8320) -> clamped
2026-09-28 21:15:24 | src.evaluation.evaluator       | WARNING | SNR=17.0 dB: 59/512 sensing elements outside [0,1] (min=-0.6696, max=0.7853) -> clamped
2026-09-28 21:15:24 | src.evaluation.evaluator       | WARNING | SNR=19.0 dB: 59/512 sensing elements outside [0,1] (min=-0.5310, max=0.7752) -> clamped
2026-09-28 21:15:24 | src.evaluation.evaluator       | WARNING | SNR=21.0 dB: 69/512 sensing elements outside [0,1] (min=-0.6234, max=0.8475) -> clamped
2026-09-28 21:15:24 | src.evaluation.evaluator       | INFO   | Evaluation completed for 14 SNR points
2026-09-28 21:15:24 | src.experiments.run_jamming    | INFO   | jamming cw r=4 JSR=10.0 dB | BER=0.48968
2026-09-28 21:15:24 | src.experiments.run_jamming    | INFO   | Results for cw saved to /content/drive/MyDrive/DHUC_RUN/lstm/full/jamming/lstm/jamming/jamming_results_cw.csv
2026-09-28 21:15:24 | src.experiments.run_jamming    | INFO   | Per-realization results for cw saved to /content/drive/MyDrive/DHUC_RUN/lstm/full/jamming/lstm/jamming/jamming_realizations_cw.csv
2026-09-28 21:15:24 | src.experiments.run_jamming    | INFO   | Processing jamming: barrage (5 realization(s))
2026-09-28 21:15:25 | src.evaluation.evaluator       | INFO   | Starting evaluation over 14 SNR points
2026-09-28 21:15:30 | src.evaluation.evaluator       | WARNING | SNR=-1.0 dB: 1/256 sensing elements outside [0,1] (min=-0.0167, max=0.9233) -> clamped
2026-09-28 21:15:32 | src.evaluation.evaluator       | WARNING | SNR=1.0 dB: 3/768 sensing elements outside [0,1] (min=-0.0470, max=1.1011) -> clamped
2026-09-28 21:15:34 | src.evaluation.evaluator       | WARNING | SNR=3.0 dB: 2/512 sensing elements outside [0,1] (min=0.0721, max=1.0195) -> clamped
2026-09-28 21:15:35 | src.evaluation.evaluator       | WARNING | SNR=5.0 dB: 3/768 sensing elements outside [0,1] (min=0.0714, max=1.0183) -> clamped
2026-09-28 21:15:37 | src.evaluation.evaluator       | WARNING | SNR=7.0 dB: 4/1024 sensing elements outside [0,1] (min=-0.0019, max=1.0556) -> clamped
2026-09-28 21:15:39 | src.evaluation.evaluator       | WARNING | SNR=9.0 dB: 3/594 sensing elements outside [0,1] (min=0.0551, max=1.0238) -> clamped
2026-09-28 21:15:41 | src.evaluation.evaluator       | WARNING | SNR=11.0 dB: 8/2048 sensing elements outside [0,1] (min=-0.0017, max=1.1118) -> clamped
2026-09-28 21:15:43 | src.evaluation.evaluator       | WARNING | SNR=13.0 dB: 14/2048 sensing elements outside [0,1] (min=-0.0091, max=1.0555) -> clamped
2026-09-28 21:15:45 | src.evaluation.evaluator       | WARNING | SNR=15.0 dB: 8/2048 sensing elements outside [0,1] (min=0.0382, max=1.0632) -> clamped
2026-09-28 21:15:47 | src.evaluation.evaluator       | WARNING | SNR=17.0 dB: 15/2560 sensing elements outside [0,1] (min=-0.0043, max=1.0300) -> clamped
2026-09-28 21:15:49 | src.evaluation.evaluator       | WARNING | SNR=19.0 dB: 9/2048 sensing elements outside [0,1] (min=-0.0141, max=1.0238) -> clamped
2026-09-28 21:15:51 | src.evaluation.evaluator       | WARNING | SNR=21.0 dB: 12/2560 sensing elements outside [0,1] (min=-0.0068, max=1.1539) -> clamped
2026-09-28 21:15:51 | src.evaluation.evaluator       | INFO   | Evaluation completed for 14 SNR points
2026-09-28 21:15:51 | src.experiments.run_jamming    | INFO   | jamming barrage r=0 JSR=-10.0 dB | BER=0.01178
2026-09-28 21:15:51 | src.evaluation.evaluator       | INFO   | Starting evaluation over 14 SNR points
2026-09-28 21:15:55 | src.evaluation.evaluator       | WARNING | SNR=-1.0 dB: 1/256 sensing elements outside [0,1] (min=-0.0230, max=0.9191) -> clamped
2026-09-28 21:15:57 | src.evaluation.evaluator       | WARNING | SNR=1.0 dB: 3/768 sensing elements outside [0,1] (min=-0.0414, max=1.1139) -> clamped
2026-09-28 21:15:59 | src.evaluation.evaluator       | WARNING | SNR=3.0 dB: 2/512 sensing elements outside [0,1] (min=0.0603, max=1.0155) -> clamped
2026-09-28 21:16:01 | src.evaluation.evaluator       | WARNING | SNR=5.0 dB: 1/256 sensing elements outside [0,1] (min=0.1081, max=1.0081) -> clamped
2026-09-28 21:16:03 | src.evaluation.evaluator       | WARNING | SNR=7.0 dB: 3/768 sensing elements outside [0,1] (min=0.1196, max=1.0541) -> clamped
2026-09-28 21:16:05 | src.evaluation.evaluator       | WARNING | SNR=9.0 dB: 2/338 sensing elements outside [0,1] (min=0.0773, max=1.0055) -> clamped
2026-09-28 21:16:07 | src.evaluation.evaluator       | WARNING | SNR=11.0 dB: 3/768 sensing elements outside [0,1] (min=0.0055, max=1.1099) -> clamped
2026-09-28 21:16:09 | src.evaluation.evaluator       | WARNING | SNR=13.0 dB: 6/1280 sensing elements outside [0,1] (min=-0.0008, max=1.0465) -> clamped
2026-09-28 21:16:11 | src.evaluation.evaluator       | WARNING | SNR=15.0 dB: 3/768 sensing elements outside [0,1] (min=0.0875, max=1.0458) -> clamped
2026-09-28 21:16:13 | src.evaluation.evaluator       | WARNING | SNR=17.0 dB: 6/1280 sensing elements outside [0,1] (min=0.0434, max=1.0217) -> clamped
2026-09-28 21:16:15 | src.evaluation.evaluator       | WARNING | SNR=19.0 dB: 3/512 sensing elements outside [0,1] (min=-0.0029, max=1.0094) -> clamped
2026-09-28 21:16:17 | src.evaluation.evaluator       | WARNING | SNR=21.0 dB: 5/1024 sensing elements outside [0,1] (min=-0.0029, max=1.1547) -> clamped
2026-09-28 21:16:17 | src.evaluation.evaluator       | INFO   | Evaluation completed for 14 SNR points
2026-09-28 21:16:17 | src.experiments.run_jamming    | INFO   | jamming barrage r=0 JSR=-8.0 dB | BER=0.01317
2026-09-28 21:16:17 | src.evaluation.evaluator       | INFO   | Starting evaluation over 14 SNR points
2026-09-28 21:16:20 | src.evaluation.evaluator       | WARNING | SNR=-1.0 dB: 1/256 sensing elements outside [0,1] (min=-0.0296, max=0.9145) -> clamped
2026-09-28 21:16:22 | src.evaluation.evaluator       | WARNING | SNR=1.0 dB: 2/512 sensing elements outside [0,1] (min=-0.0328, max=1.1229) -> clamped
2026-09-28 21:16:25 | src.evaluation.evaluator       | WARNING | SNR=3.0 dB: 2/512 sensing elements outside [0,1] (min=0.0520, max=1.0083) -> clamped
2026-09-28 21:16:29 | src.evaluation.evaluator       | WARNING | SNR=7.0 dB: 3/768 sensing elements outside [0,1] (min=0.1111, max=1.0428) -> clamped
2026-09-28 21:16:32 | src.evaluation.evaluator       | WARNING | SNR=11.0 dB: 3/512 sensing elements outside [0,1] (min=-0.0033, max=1.1049) -> clamped
2026-09-28 21:16:34 | src.evaluation.evaluator       | WARNING | SNR=13.0 dB: 2/512 sensing elements outside [0,1] (min=0.0614, max=1.0169) -> clamped
2026-09-28 21:16:36 | src.evaluation.evaluator       | WARNING | SNR=15.0 dB: 3/768 sensing elements outside [0,1] (min=0.1001, max=1.0321) -> clamped
2026-09-28 21:16:39 | src.evaluation.evaluator       | WARNING | SNR=17.0 dB: 1/256 sensing elements outside [0,1] (min=0.0810, max=1.0027) -> clamped
2026-09-28 21:16:41 | src.evaluation.evaluator       | WARNING | SNR=19.0 dB: 1/256 sensing elements outside [0,1] (min=0.0199, max=1.0003) -> clamped
2026-09-28 21:16:43 | src.evaluation.evaluator       | WARNING | SNR=21.0 dB: 2/512 sensing elements outside [0,1] (min=0.0650, max=1.1495) -> clamped
2026-09-28 21:16:43 | src.evaluation.evaluator       | INFO   | Evaluation completed for 14 SNR points
2026-09-28 21:16:43 | src.experiments.run_jamming    | INFO   | jamming barrage r=0 JSR=-6.0 dB | BER=0.01642
2026-09-28 21:16:43 | src.evaluation.evaluator       | INFO   | Starting evaluation over 14 SNR points
2026-09-28 21:16:46 | src.evaluation.evaluator       | WARNING | SNR=-1.0 dB: 1/256 sensing elements outside [0,1] (min=-0.0265, max=0.9002) -> clamped
2026-09-28 21:16:48 | src.evaluation.evaluator       | WARNING | SNR=1.0 dB: 2/512 sensing elements outside [0,1] (min=-0.0183, max=1.1247) -> clamped
2026-09-28 21:16:54 | src.evaluation.evaluator       | WARNING | SNR=7.0 dB: 2/512 sensing elements outside [0,1] (min=0.1156, max=1.0172) -> clamped
2026-09-28 21:16:58 | src.evaluation.evaluator       | WARNING | SNR=11.0 dB: 2/256 sensing elements outside [0,1] (min=-0.0029, max=1.0952) -> clamped
2026-09-28 21:17:01 | src.evaluation.evaluator       | WARNING | SNR=15.0 dB: 1/256 sensing elements outside [0,1] (min=0.1481, max=1.0081) -> clamped
2026-09-28 21:17:08 | src.evaluation.evaluator       | WARNING | SNR=21.0 dB: 2/512 sensing elements outside [0,1] (min=0.0881, max=1.1353) -> clamped
2026-09-28 21:17:08 | src.evaluation.evaluator       | INFO   | Evaluation completed for 14 SNR points
2026-09-28 21:17:08 | src.experiments.run_jamming    | INFO   | jamming barrage r=0 JSR=-4.0 dB | BER=0.02309
2026-09-28 21:17:08 | src.evaluation.evaluator       | INFO   | Starting evaluation over 14 SNR points
2026-09-28 21:17:11 | src.evaluation.evaluator       | WARNING | SNR=-1.0 dB: 1/256 sensing elements outside [0,1] (min=-0.0154, max=0.8778) -> clamped
2026-09-28 21:17:12 | src.evaluation.evaluator       | WARNING | SNR=1.0 dB: 1/256 sensing elements outside [0,1] (min=0.2222, max=1.1135) -> clamped
2026-09-28 21:17:22 | src.evaluation.evaluator       | WARNING | SNR=11.0 dB: 1/256 sensing elements outside [0,1] (min=0.0009, max=1.0730) -> clamped
2026-09-28 21:17:31 | src.evaluation.evaluator       | WARNING | SNR=21.0 dB: 2/512 sensing elements outside [0,1] (min=0.1288, max=1.1097) -> clamped
2026-09-28 21:17:31 | src.evaluation.evaluator       | INFO   | Evaluation completed for 14 SNR points
2026-09-28 21:17:31 | src.experiments.run_jamming    | INFO   | jamming barrage r=0 JSR=-2.0 dB | BER=0.03554
2026-09-28 21:17:31 | src.evaluation.evaluator       | INFO   | Starting evaluation over 14 SNR points
2026-09-28 21:17:51 | src.evaluation.evaluator       | WARNING | SNR=21.0 dB: 1/256 sensing elements outside [0,1] (min=0.2592, max=1.0629) -> clamped
2026-09-28 21:17:51 | src.evaluation.evaluator       | INFO   | Evaluation completed for 14 SNR points
2026-09-28 21:17:51 | src.experiments.run_jamming    | INFO   | jamming barrage r=0 JSR=0.0 dB | BER=0.06398
2026-09-28 21:17:51 | src.evaluation.evaluator       | INFO   | Starting evaluation over 14 SNR points
2026-09-28 21:18:00 | src.evaluation.evaluator       | INFO   | Evaluation completed for 14 SNR points
2026-09-28 21:18:00 | src.experiments.run_jamming    | INFO   | jamming barrage r=0 JSR=2.0 dB | BER=0.11208
2026-09-28 21:18:00 | src.evaluation.evaluator       | INFO   | Starting evaluation over 14 SNR points
2026-09-28 21:18:03 | src.evaluation.evaluator       | WARNING | SNR=7.0 dB: 2/512 sensing elements outside [0,1] (min=-0.0227, max=1.0233) -> clamped
2026-09-28 21:18:04 | src.evaluation.evaluator       | WARNING | SNR=11.0 dB: 1/256 sensing elements outside [0,1] (min=-0.0320, max=0.7796) -> clamped
2026-09-28 21:18:06 | src.evaluation.evaluator       | INFO   | Evaluation completed for 14 SNR points
2026-09-28 21:18:06 | src.experiments.run_jamming    | INFO   | jamming barrage r=0 JSR=4.0 dB | BER=0.18422
2026-09-28 21:18:06 | src.evaluation.evaluator       | INFO   | Starting evaluation over 14 SNR points
2026-09-28 21:18:08 | src.evaluation.evaluator       | WARNING | SNR=7.0 dB: 1/256 sensing elements outside [0,1] (min=-0.0948, max=0.8315) -> clamped
2026-09-28 21:18:09 | src.evaluation.evaluator       | WARNING | SNR=11.0 dB: 2/256 sensing elements outside [0,1] (min=-0.2102, max=0.8139) -> clamped
2026-09-28 21:18:09 | src.evaluation.evaluator       | WARNING | SNR=13.0 dB: 1/256 sensing elements outside [0,1] (min=-0.0577, max=0.7822) -> clamped
2026-09-28 21:18:09 | src.evaluation.evaluator       | WARNING | SNR=17.0 dB: 2/256 sensing elements outside [0,1] (min=-0.1651, max=0.8113) -> clamped
2026-09-28 21:18:10 | src.evaluation.evaluator       | INFO   | Evaluation completed for 14 SNR points
2026-09-28 21:18:10 | src.experiments.run_jamming    | INFO   | jamming barrage r=0 JSR=6.0 dB | BER=0.26744
2026-09-28 21:18:10 | src.evaluation.evaluator       | INFO   | Starting evaluation over 14 SNR points
2026-09-28 21:18:10 | src.evaluation.evaluator       | WARNING | SNR=-5.0 dB: 5/768 sensing elements outside [0,1] (min=-0.1453, max=1.0085) -> clamped
2026-09-28 21:18:11 | src.evaluation.evaluator       | WARNING | SNR=-3.0 dB: 5/512 sensing elements outside [0,1] (min=-0.1490, max=0.8950) -> clamped
2026-09-28 21:18:11 | src.evaluation.evaluator       | WARNING | SNR=-1.0 dB: 6/768 sensing elements outside [0,1] (min=-0.1114, max=1.0323) -> clamped
2026-09-28 21:18:11 | src.evaluation.evaluator       | WARNING | SNR=1.0 dB: 2/512 sensing elements outside [0,1] (min=-0.1547, max=0.8857) -> clamped
2026-09-28 21:18:11 | src.evaluation.evaluator       | WARNING | SNR=3.0 dB: 1/256 sensing elements outside [0,1] (min=-0.0149, max=0.9246) -> clamped
2026-09-28 21:18:12 | src.evaluation.evaluator       | WARNING | SNR=5.0 dB: 2/256 sensing elements outside [0,1] (min=-0.0664, max=0.9609) -> clamped
2026-09-28 21:18:12 | src.evaluation.evaluator       | WARNING | SNR=7.0 dB: 3/256 sensing elements outside [0,1] (min=-0.3094, max=0.8602) -> clamped
2026-09-28 21:18:12 | src.evaluation.evaluator       | WARNING | SNR=9.0 dB: 2/512 sensing elements outside [0,1] (min=-0.0991, max=0.8321) -> clamped
2026-09-28 21:18:12 | src.evaluation.evaluator       | WARNING | SNR=11.0 dB: 2/512 sensing elements outside [0,1] (min=-0.1475, max=0.9240) -> clamped
2026-09-28 21:18:13 | src.evaluation.evaluator       | WARNING | SNR=13.0 dB: 4/512 sensing elements outside [0,1] (min=-0.2322, max=0.8731) -> clamped
2026-09-28 21:18:13 | src.evaluation.evaluator       | WARNING | SNR=15.0 dB: 4/768 sensing elements outside [0,1] (min=-0.1513, max=0.8985) -> clamped
2026-09-28 21:18:13 | src.evaluation.evaluator       | WARNING | SNR=17.0 dB: 4/768 sensing elements outside [0,1] (min=-0.0726, max=0.9911) -> clamped
2026-09-28 21:18:14 | src.evaluation.evaluator       | WARNING | SNR=19.0 dB: 7/768 sensing elements outside [0,1] (min=-0.1853, max=0.9386) -> clamped
2026-09-28 21:18:14 | src.evaluation.evaluator       | WARNING | SNR=21.0 dB: 3/256 sensing elements outside [0,1] (min=-0.0378, max=1.0339) -> clamped
2026-09-28 21:18:14 | src.evaluation.evaluator       | INFO   | Evaluation completed for 14 SNR points
2026-09-28 21:18:14 | src.experiments.run_jamming    | INFO   | jamming barrage r=0 JSR=8.0 dB | BER=0.34468
2026-09-28 21:18:14 | src.evaluation.evaluator       | INFO   | Starting evaluation over 14 SNR points
2026-09-28 21:18:14 | src.evaluation.evaluator       | WARNING | SNR=-5.0 dB: 26/768 sensing elements outside [0,1] (min=-0.3470, max=1.0641) -> clamped
2026-09-28 21:18:15 | src.evaluation.evaluator       | WARNING | SNR=-3.0 dB: 18/512 sensing elements outside [0,1] (min=-0.4723, max=1.0160) -> clamped
2026-09-28 21:18:15 | src.evaluation.evaluator       | WARNING | SNR=-1.0 dB: 15/512 sensing elements outside [0,1] (min=-0.2959, max=0.8833) -> clamped
2026-09-28 21:18:15 | src.evaluation.evaluator       | WARNING | SNR=1.0 dB: 21/512 sensing elements outside [0,1] (min=-0.3492, max=0.9690) -> clamped
2026-09-28 21:18:15 | src.evaluation.evaluator       | WARNING | SNR=3.0 dB: 9/512 sensing elements outside [0,1] (min=-0.1689, max=1.0308) -> clamped
2026-09-28 21:18:15 | src.evaluation.evaluator       | WARNING | SNR=5.0 dB: 12/512 sensing elements outside [0,1] (min=-0.2280, max=0.9869) -> clamped
2026-09-28 21:18:16 | src.evaluation.evaluator       | WARNING | SNR=7.0 dB: 13/768 sensing elements outside [0,1] (min=-0.5757, max=0.8867) -> clamped
2026-09-28 21:18:16 | src.evaluation.evaluator       | WARNING | SNR=9.0 dB: 13/768 sensing elements outside [0,1] (min=-0.3589, max=0.9867) -> clamped
2026-09-28 21:18:16 | src.evaluation.evaluator       | WARNING | SNR=11.0 dB: 11/512 sensing elements outside [0,1] (min=-0.2651, max=1.0165) -> clamped
2026-09-28 21:18:16 | src.evaluation.evaluator       | WARNING | SNR=13.0 dB: 15/512 sensing elements outside [0,1] (min=-0.4869, max=0.9122) -> clamped
2026-09-28 21:18:17 | src.evaluation.evaluator       | WARNING | SNR=15.0 dB: 7/512 sensing elements outside [0,1] (min=-0.3779, max=0.9331) -> clamped
2026-09-28 21:18:17 | src.evaluation.evaluator       | WARNING | SNR=17.0 dB: 10/512 sensing elements outside [0,1] (min=-0.2187, max=1.0762) -> clamped
2026-09-28 21:18:17 | src.evaluation.evaluator       | WARNING | SNR=19.0 dB: 16/512 sensing elements outside [0,1] (min=-0.4238, max=1.0210) -> clamped
2026-09-28 21:18:17 | src.evaluation.evaluator       | WARNING | SNR=21.0 dB: 8/512 sensing elements outside [0,1] (min=-0.2883, max=1.1113) -> clamped
2026-09-28 21:18:17 | src.evaluation.evaluator       | INFO   | Evaluation completed for 14 SNR points
2026-09-28 21:18:17 | src.experiments.run_jamming    | INFO   | jamming barrage r=0 JSR=10.0 dB | BER=0.40792
2026-09-28 21:18:17 | src.evaluation.evaluator       | INFO   | Starting evaluation over 14 SNR points
2026-09-28 21:18:23 | src.evaluation.evaluator       | WARNING | SNR=1.0 dB: 2/512 sensing elements outside [0,1] (min=-0.1122, max=1.0040) -> clamped
2026-09-28 21:18:25 | src.evaluation.evaluator       | WARNING | SNR=3.0 dB: 1/256 sensing elements outside [0,1] (min=0.2086, max=1.0330) -> clamped
2026-09-28 21:18:27 | src.evaluation.evaluator       | WARNING | SNR=5.0 dB: 4/1024 sensing elements outside [0,1] (min=0.0584, max=1.0166) -> clamped
2026-09-28 21:18:29 | src.evaluation.evaluator       | WARNING | SNR=7.0 dB: 4/1024 sensing elements outside [0,1] (min=-0.0099, max=1.0215) -> clamped
2026-09-28 21:18:31 | src.evaluation.evaluator       | WARNING | SNR=9.0 dB: 3/768 sensing elements outside [0,1] (min=0.0581, max=1.0270) -> clamped
2026-09-28 21:18:33 | src.evaluation.evaluator       | WARNING | SNR=11.0 dB: 8/2048 sensing elements outside [0,1] (min=0.0128, max=1.0588) -> clamped
2026-09-28 21:18:35 | src.evaluation.evaluator       | WARNING | SNR=13.0 dB: 19/3072 sensing elements outside [0,1] (min=-0.0464, max=1.0956) -> clamped
2026-09-28 21:18:37 | src.evaluation.evaluator       | WARNING | SNR=15.0 dB: 8/2048 sensing elements outside [0,1] (min=-0.0183, max=1.0731) -> clamped
2026-09-28 21:18:38 | src.evaluation.evaluator       | WARNING | SNR=17.0 dB: 10/2048 sensing elements outside [0,1] (min=-0.0139, max=1.0275) -> clamped
2026-09-28 21:18:40 | src.evaluation.evaluator       | WARNING | SNR=19.0 dB: 8/2048 sensing elements outside [0,1] (min=-0.0099, max=1.0666) -> clamped
2026-09-28 21:18:43 | src.evaluation.evaluator       | WARNING | SNR=21.0 dB: 8/2048 sensing elements outside [0,1] (min=-0.0047, max=1.0753) -> clamped
2026-09-28 21:18:43 | src.evaluation.evaluator       | INFO   | Evaluation completed for 14 SNR points
2026-09-28 21:18:43 | src.experiments.run_jamming    | INFO   | jamming barrage r=1 JSR=-10.0 dB | BER=0.01234
2026-09-28 21:18:43 | src.evaluation.evaluator       | INFO   | Starting evaluation over 14 SNR points
2026-09-28 21:18:49 | src.evaluation.evaluator       | WARNING | SNR=1.0 dB: 1/256 sensing elements outside [0,1] (min=-0.1219, max=0.8643) -> clamped
2026-09-28 21:18:51 | src.evaluation.evaluator       | WARNING | SNR=3.0 dB: 2/512 sensing elements outside [0,1] (min=0.1467, max=1.0460) -> clamped
2026-09-28 21:18:52 | src.evaluation.evaluator       | WARNING | SNR=5.0 dB: 1/256 sensing elements outside [0,1] (min=0.0847, max=1.0120) -> clamped
2026-09-28 21:18:54 | src.evaluation.evaluator       | WARNING | SNR=7.0 dB: 1/256 sensing elements outside [0,1] (min=0.1016, max=1.0197) -> clamped
2026-09-28 21:18:57 | src.evaluation.evaluator       | WARNING | SNR=9.0 dB: 1/256 sensing elements outside [0,1] (min=0.1879, max=1.0251) -> clamped
2026-09-28 21:18:59 | src.evaluation.evaluator       | WARNING | SNR=11.0 dB: 3/768 sensing elements outside [0,1] (min=0.0393, max=1.0456) -> clamped
2026-09-28 21:19:01 | src.evaluation.evaluator       | WARNING | SNR=13.0 dB: 10/2560 sensing elements outside [0,1] (min=-0.0384, max=1.0973) -> clamped
2026-09-28 21:19:02 | src.evaluation.evaluator       | WARNING | SNR=15.0 dB: 5/1280 sensing elements outside [0,1] (min=-0.0031, max=1.0656) -> clamped
2026-09-28 21:19:04 | src.evaluation.evaluator       | WARNING | SNR=17.0 dB: 2/512 sensing elements outside [0,1] (min=-0.0139, max=1.0068) -> clamped
2026-09-28 21:19:06 | src.evaluation.evaluator       | WARNING | SNR=19.0 dB: 5/1280 sensing elements outside [0,1] (min=0.0155, max=1.0665) -> clamped
2026-09-28 21:19:08 | src.evaluation.evaluator       | WARNING | SNR=21.0 dB: 4/1024 sensing elements outside [0,1] (min=0.0905, max=1.0619) -> clamped
2026-09-28 21:19:08 | src.evaluation.evaluator       | INFO   | Evaluation completed for 14 SNR points
2026-09-28 21:19:08 | src.experiments.run_jamming    | INFO   | jamming barrage r=1 JSR=-8.0 dB | BER=0.01388
2026-09-28 21:19:08 | src.evaluation.evaluator       | INFO   | Starting evaluation over 14 SNR points
2026-09-28 21:19:12 | src.evaluation.evaluator       | WARNING | SNR=-1.0 dB: 1/256 sensing elements outside [0,1] (min=-0.0038, max=0.8893) -> clamped
2026-09-28 21:19:14 | src.evaluation.evaluator       | WARNING | SNR=1.0 dB: 1/256 sensing elements outside [0,1] (min=-0.1325, max=0.8574) -> clamped
2026-09-28 21:19:16 | src.evaluation.evaluator       | WARNING | SNR=3.0 dB: 2/512 sensing elements outside [0,1] (min=0.1741, max=1.0546) -> clamped
2026-09-28 21:19:18 | src.evaluation.evaluator       | WARNING | SNR=5.0 dB: 1/256 sensing elements outside [0,1] (min=0.1329, max=1.0130) -> clamped
2026-09-28 21:19:20 | src.evaluation.evaluator       | WARNING | SNR=7.0 dB: 1/256 sensing elements outside [0,1] (min=0.1206, max=1.0150) -> clamped
2026-09-28 21:19:21 | src.evaluation.evaluator       | WARNING | SNR=9.0 dB: 1/256 sensing elements outside [0,1] (min=0.2236, max=1.0145) -> clamped
2026-09-28 21:19:24 | src.evaluation.evaluator       | WARNING | SNR=11.0 dB: 2/512 sensing elements outside [0,1] (min=0.0424, max=1.0247) -> clamped
2026-09-28 21:19:26 | src.evaluation.evaluator       | WARNING | SNR=13.0 dB: 6/1536 sensing elements outside [0,1] (min=-0.0221, max=1.0926) -> clamped
2026-09-28 21:19:28 | src.evaluation.evaluator       | WARNING | SNR=15.0 dB: 2/512 sensing elements outside [0,1] (min=0.0636, max=1.0499) -> clamped
2026-09-28 21:19:30 | src.evaluation.evaluator       | WARNING | SNR=17.0 dB: 1/256 sensing elements outside [0,1] (min=-0.0092, max=0.8924) -> clamped
2026-09-28 21:19:31 | src.evaluation.evaluator       | WARNING | SNR=19.0 dB: 3/768 sensing elements outside [0,1] (min=0.0643, max=1.0601) -> clamped
2026-09-28 21:19:33 | src.evaluation.evaluator       | WARNING | SNR=21.0 dB: 2/512 sensing elements outside [0,1] (min=0.1190, max=1.0423) -> clamped
2026-09-28 21:19:33 | src.evaluation.evaluator       | INFO   | Evaluation completed for 14 SNR points
2026-09-28 21:19:33 | src.experiments.run_jamming    | INFO   | jamming barrage r=1 JSR=-6.0 dB | BER=0.01626
2026-09-28 21:19:33 | src.evaluation.evaluator       | INFO   | Starting evaluation over 14 SNR points
2026-09-28 21:19:37 | src.evaluation.evaluator       | WARNING | SNR=-1.0 dB: 1/256 sensing elements outside [0,1] (min=-0.0098, max=0.8806) -> clamped
2026-09-28 21:19:39 | src.evaluation.evaluator       | WARNING | SNR=1.0 dB: 1/256 sensing elements outside [0,1] (min=-0.1419, max=0.8526) -> clamped
2026-09-28 21:19:41 | src.evaluation.evaluator       | WARNING | SNR=3.0 dB: 2/512 sensing elements outside [0,1] (min=0.2222, max=1.0529) -> clamped
2026-09-28 21:19:43 | src.evaluation.evaluator       | WARNING | SNR=5.0 dB: 1/256 sensing elements outside [0,1] (min=0.2049, max=1.0049) -> clamped
2026-09-28 21:19:45 | src.evaluation.evaluator       | WARNING | SNR=7.0 dB: 1/256 sensing elements outside [0,1] (min=0.1575, max=1.0012) -> clamped
2026-09-28 21:19:50 | src.evaluation.evaluator       | WARNING | SNR=13.0 dB: 4/1024 sensing elements outside [0,1] (min=-0.0237, max=1.0716) -> clamped
2026-09-28 21:19:53 | src.evaluation.evaluator       | WARNING | SNR=15.0 dB: 1/256 sensing elements outside [0,1] (min=0.0873, max=1.0217) -> clamped
2026-09-28 21:19:56 | src.evaluation.evaluator       | WARNING | SNR=19.0 dB: 3/768 sensing elements outside [0,1] (min=0.0723, max=1.0472) -> clamped
2026-09-28 21:19:58 | src.evaluation.evaluator       | WARNING | SNR=21.0 dB: 1/256 sensing elements outside [0,1] (min=0.1471, max=1.0115) -> clamped
2026-09-28 21:19:58 | src.evaluation.evaluator       | INFO   | Evaluation completed for 14 SNR points
2026-09-28 21:19:58 | src.experiments.run_jamming    | INFO   | jamming barrage r=1 JSR=-4.0 dB | BER=0.02146
2026-09-28 21:19:58 | src.evaluation.evaluator       | INFO   | Starting evaluation over 14 SNR points
2026-09-28 21:20:00 | src.evaluation.evaluator       | WARNING | SNR=-1.0 dB: 1/256 sensing elements outside [0,1] (min=-0.0138, max=0.8640) -> clamped
2026-09-28 21:20:02 | src.evaluation.evaluator       | WARNING | SNR=1.0 dB: 1/256 sensing elements outside [0,1] (min=-0.1568, max=0.8833) -> clamped
2026-09-28 21:20:04 | src.evaluation.evaluator       | WARNING | SNR=3.0 dB: 2/512 sensing elements outside [0,1] (min=0.2237, max=1.0430) -> clamped
2026-09-28 21:20:08 | src.evaluation.evaluator       | WARNING | SNR=7.0 dB: 1/256 sensing elements outside [0,1] (min=-0.0016, max=0.9378) -> clamped
2026-09-28 21:20:14 | src.evaluation.evaluator       | WARNING | SNR=13.0 dB: 2/512 sensing elements outside [0,1] (min=-0.0196, max=1.0259) -> clamped
2026-09-28 21:20:20 | src.evaluation.evaluator       | WARNING | SNR=19.0 dB: 1/256 sensing elements outside [0,1] (min=0.0819, max=1.0230) -> clamped
2026-09-28 21:20:22 | src.evaluation.evaluator       | INFO   | Evaluation completed for 14 SNR points
2026-09-28 21:20:22 | src.experiments.run_jamming    | INFO   | jamming barrage r=1 JSR=-2.0 dB | BER=0.03301
2026-09-28 21:20:22 | src.evaluation.evaluator       | INFO   | Starting evaluation over 14 SNR points
2026-09-28 21:20:22 | src.evaluation.evaluator       | WARNING | SNR=-5.0 dB: 1/256 sensing elements outside [0,1] (min=0.2213, max=1.0131) -> clamped
2026-09-28 21:20:26 | src.evaluation.evaluator       | WARNING | SNR=3.0 dB: 1/256 sensing elements outside [0,1] (min=0.2685, max=1.0116) -> clamped
2026-09-28 21:20:35 | src.evaluation.evaluator       | WARNING | SNR=13.0 dB: 1/256 sensing elements outside [0,1] (min=-0.0012, max=0.8803) -> clamped
2026-09-28 21:20:41 | src.evaluation.evaluator       | WARNING | SNR=21.0 dB: 1/256 sensing elements outside [0,1] (min=0.1189, max=1.0338) -> clamped
2026-09-28 21:20:41 | src.evaluation.evaluator       | INFO   | Evaluation completed for 14 SNR points
2026-09-28 21:20:41 | src.experiments.run_jamming    | INFO   | jamming barrage r=1 JSR=0.0 dB | BER=0.05999
2026-09-28 21:20:41 | src.evaluation.evaluator       | INFO   | Starting evaluation over 14 SNR points
2026-09-28 21:20:42 | src.evaluation.evaluator       | WARNING | SNR=-5.0 dB: 1/256 sensing elements outside [0,1] (min=0.1671, max=1.0381) -> clamped
2026-09-28 21:20:52 | src.evaluation.evaluator       | INFO   | Evaluation completed for 14 SNR points
2026-09-28 21:20:52 | src.experiments.run_jamming    | INFO   | jamming barrage r=1 JSR=2.0 dB | BER=0.10722
2026-09-28 21:20:52 | src.evaluation.evaluator       | INFO   | Starting evaluation over 14 SNR points
2026-09-28 21:20:52 | src.evaluation.evaluator       | WARNING | SNR=-5.0 dB: 3/768 sensing elements outside [0,1] (min=-0.1286, max=1.0514) -> clamped
2026-09-28 21:20:57 | src.evaluation.evaluator       | INFO   | Evaluation completed for 14 SNR points
2026-09-28 21:20:57 | src.experiments.run_jamming    | INFO   | jamming barrage r=1 JSR=4.0 dB | BER=0.18383
2026-09-28 21:20:57 | src.evaluation.evaluator       | INFO   | Starting evaluation over 14 SNR points
2026-09-28 21:20:57 | src.evaluation.evaluator       | WARNING | SNR=-5.0 dB: 3/512 sensing elements outside [0,1] (min=-0.2993, max=1.0498) -> clamped
2026-09-28 21:20:58 | src.evaluation.evaluator       | WARNING | SNR=-3.0 dB: 2/512 sensing elements outside [0,1] (min=-0.0983, max=0.8844) -> clamped
2026-09-28 21:20:58 | src.evaluation.evaluator       | WARNING | SNR=-1.0 dB: 2/512 sensing elements outside [0,1] (min=-0.0856, max=0.7600) -> clamped
2026-09-28 21:20:59 | src.evaluation.evaluator       | WARNING | SNR=1.0 dB: 2/256 sensing elements outside [0,1] (min=-0.0435, max=0.7819) -> clamped
2026-09-28 21:20:59 | src.evaluation.evaluator       | WARNING | SNR=3.0 dB: 1/256 sensing elements outside [0,1] (min=-0.0021, max=0.7635) -> clamped
2026-09-28 21:21:00 | src.evaluation.evaluator       | WARNING | SNR=5.0 dB: 1/256 sensing elements outside [0,1] (min=-0.0494, max=0.7597) -> clamped
2026-09-28 21:21:00 | src.evaluation.evaluator       | WARNING | SNR=7.0 dB: 1/256 sensing elements outside [0,1] (min=-0.0904, max=0.7919) -> clamped
2026-09-28 21:21:01 | src.evaluation.evaluator       | WARNING | SNR=13.0 dB: 1/256 sensing elements outside [0,1] (min=-0.0225, max=0.7829) -> clamped
2026-09-28 21:21:02 | src.evaluation.evaluator       | INFO   | Evaluation completed for 14 SNR points
2026-09-28 21:21:02 | src.experiments.run_jamming    | INFO   | jamming barrage r=1 JSR=6.0 dB | BER=0.26651
2026-09-28 21:21:02 | src.evaluation.evaluator       | INFO   | Starting evaluation over 14 SNR points
2026-09-28 21:21:03 | src.evaluation.evaluator       | WARNING | SNR=-5.0 dB: 10/768 sensing elements outside [0,1] (min=-0.5087, max=1.0477) -> clamped
2026-09-28 21:21:03 | src.evaluation.evaluator       | WARNING | SNR=-3.0 dB: 4/512 sensing elements outside [0,1] (min=-0.2923, max=0.9695) -> clamped
2026-09-28 21:21:03 | src.evaluation.evaluator       | WARNING | SNR=-1.0 dB: 8/768 sensing elements outside [0,1] (min=-0.1624, max=1.0711) -> clamped
2026-09-28 21:21:03 | src.evaluation.evaluator       | WARNING | SNR=1.0 dB: 5/512 sensing elements outside [0,1] (min=-0.1802, max=0.9551) -> clamped
2026-09-28 21:21:03 | src.evaluation.evaluator       | WARNING | SNR=3.0 dB: 3/768 sensing elements outside [0,1] (min=-0.1546, max=0.9543) -> clamped
2026-09-28 21:21:04 | src.evaluation.evaluator       | WARNING | SNR=5.0 dB: 3/512 sensing elements outside [0,1] (min=-0.2293, max=0.8661) -> clamped
2026-09-28 21:21:04 | src.evaluation.evaluator       | WARNING | SNR=7.0 dB: 2/256 sensing elements outside [0,1] (min=-0.2827, max=0.8096) -> clamped
2026-09-28 21:21:04 | src.evaluation.evaluator       | WARNING | SNR=9.0 dB: 2/512 sensing elements outside [0,1] (min=-0.1223, max=0.9678) -> clamped
2026-09-28 21:21:04 | src.evaluation.evaluator       | WARNING | SNR=11.0 dB: 2/256 sensing elements outside [0,1] (min=-0.1360, max=0.7964) -> clamped
2026-09-28 21:21:05 | src.evaluation.evaluator       | WARNING | SNR=13.0 dB: 7/512 sensing elements outside [0,1] (min=-0.2367, max=0.8361) -> clamped
2026-09-28 21:21:05 | src.evaluation.evaluator       | WARNING | SNR=15.0 dB: 3/512 sensing elements outside [0,1] (min=-0.0564, max=0.9400) -> clamped
2026-09-28 21:21:05 | src.evaluation.evaluator       | WARNING | SNR=17.0 dB: 7/512 sensing elements outside [0,1] (min=-0.1633, max=0.9072) -> clamped
2026-09-28 21:21:05 | src.evaluation.evaluator       | WARNING | SNR=19.0 dB: 3/512 sensing elements outside [0,1] (min=-0.1002, max=0.9013) -> clamped
2026-09-28 21:21:06 | src.evaluation.evaluator       | WARNING | SNR=21.0 dB: 3/768 sensing elements outside [0,1] (min=-0.0161, max=0.9030) -> clamped
2026-09-28 21:21:06 | src.evaluation.evaluator       | INFO   | Evaluation completed for 14 SNR points
2026-09-28 21:21:06 | src.experiments.run_jamming    | INFO   | jamming barrage r=1 JSR=8.0 dB | BER=0.33696
2026-09-28 21:21:06 | src.evaluation.evaluator       | INFO   | Starting evaluation over 14 SNR points
2026-09-28 21:21:06 | src.evaluation.evaluator       | WARNING | SNR=-5.0 dB: 19/512 sensing elements outside [0,1] (min=-0.7723, max=1.0474) -> clamped
2026-09-28 21:21:06 | src.evaluation.evaluator       | WARNING | SNR=-3.0 dB: 11/512 sensing elements outside [0,1] (min=-0.5556, max=1.0307) -> clamped
2026-09-28 21:21:06 | src.evaluation.evaluator       | WARNING | SNR=-1.0 dB: 15/768 sensing elements outside [0,1] (min=-0.3642, max=1.1506) -> clamped
2026-09-28 21:21:06 | src.evaluation.evaluator       | WARNING | SNR=1.0 dB: 16/768 sensing elements outside [0,1] (min=-0.4023, max=0.9610) -> clamped
2026-09-28 21:21:07 | src.evaluation.evaluator       | WARNING | SNR=3.0 dB: 7/512 sensing elements outside [0,1] (min=-0.3647, max=0.9983) -> clamped
2026-09-28 21:21:07 | src.evaluation.evaluator       | WARNING | SNR=5.0 dB: 16/768 sensing elements outside [0,1] (min=-0.4841, max=1.0214) -> clamped
2026-09-28 21:21:07 | src.evaluation.evaluator       | WARNING | SNR=7.0 dB: 11/512 sensing elements outside [0,1] (min=-0.1371, max=0.9901) -> clamped
2026-09-28 21:21:07 | src.evaluation.evaluator       | WARNING | SNR=9.0 dB: 10/512 sensing elements outside [0,1] (min=-0.3615, max=0.9919) -> clamped
2026-09-28 21:21:07 | src.evaluation.evaluator       | WARNING | SNR=11.0 dB: 8/512 sensing elements outside [0,1] (min=-0.3945, max=0.9671) -> clamped
2026-09-28 21:21:07 | src.evaluation.evaluator       | WARNING | SNR=13.0 dB: 15/768 sensing elements outside [0,1] (min=-0.4997, max=0.9065) -> clamped
2026-09-28 21:21:08 | src.evaluation.evaluator       | WARNING | SNR=15.0 dB: 8/512 sensing elements outside [0,1] (min=-0.2080, max=0.9917) -> clamped
2026-09-28 21:21:08 | src.evaluation.evaluator       | WARNING | SNR=17.0 dB: 18/768 sensing elements outside [0,1] (min=-0.4377, max=0.9527) -> clamped
2026-09-28 21:21:08 | src.evaluation.evaluator       | WARNING | SNR=19.0 dB: 14/768 sensing elements outside [0,1] (min=-0.2952, max=0.9567) -> clamped
2026-09-28 21:21:08 | src.evaluation.evaluator       | WARNING | SNR=21.0 dB: 11/512 sensing elements outside [0,1] (min=-0.1974, max=0.9200) -> clamped
2026-09-28 21:21:08 | src.evaluation.evaluator       | INFO   | Evaluation completed for 14 SNR points
2026-09-28 21:21:08 | src.experiments.run_jamming    | INFO   | jamming barrage r=1 JSR=10.0 dB | BER=0.39695
2026-09-28 21:21:09 | src.evaluation.evaluator       | INFO   | Starting evaluation over 14 SNR points
2026-09-28 21:21:13 | src.evaluation.evaluator       | WARNING | SNR=-1.0 dB: 1/256 sensing elements outside [0,1] (min=-0.0687, max=0.8490) -> clamped
2026-09-28 21:21:15 | src.evaluation.evaluator       | WARNING | SNR=1.0 dB: 3/768 sensing elements outside [0,1] (min=-0.0129, max=1.0468) -> clamped
2026-09-28 21:21:17 | src.evaluation.evaluator       | WARNING | SNR=3.0 dB: 1/256 sensing elements outside [0,1] (min=-0.0091, max=0.8399) -> clamped
2026-09-28 21:21:19 | src.evaluation.evaluator       | WARNING | SNR=5.0 dB: 4/1024 sensing elements outside [0,1] (min=0.0735, max=1.0377) -> clamped
2026-09-28 21:21:21 | src.evaluation.evaluator       | WARNING | SNR=7.0 dB: 3/768 sensing elements outside [0,1] (min=0.0305, max=1.0334) -> clamped
2026-09-28 21:21:22 | src.evaluation.evaluator       | WARNING | SNR=9.0 dB: 7/1618 sensing elements outside [0,1] (min=-0.0011, max=1.0533) -> clamped
2026-09-28 21:21:24 | src.evaluation.evaluator       | WARNING | SNR=11.0 dB: 6/1280 sensing elements outside [0,1] (min=-0.0261, max=1.0614) -> clamped
2026-09-28 21:21:27 | src.evaluation.evaluator       | WARNING | SNR=13.0 dB: 14/3072 sensing elements outside [0,1] (min=-0.0147, max=1.0778) -> clamped
2026-09-28 21:21:29 | src.evaluation.evaluator       | WARNING | SNR=15.0 dB: 11/2560 sensing elements outside [0,1] (min=-0.0071, max=1.0834) -> clamped
2026-09-28 21:21:31 | src.evaluation.evaluator       | WARNING | SNR=17.0 dB: 6/1280 sensing elements outside [0,1] (min=-0.0065, max=1.0741) -> clamped
2026-09-28 21:21:33 | src.evaluation.evaluator       | WARNING | SNR=19.0 dB: 8/1536 sensing elements outside [0,1] (min=-0.0104, max=1.0562) -> clamped
2026-09-28 21:21:34 | src.evaluation.evaluator       | WARNING | SNR=21.0 dB: 14/2132 sensing elements outside [0,1] (min=-0.0028, max=1.1100) -> clamped
2026-09-28 21:21:34 | src.evaluation.evaluator       | INFO   | Evaluation completed for 14 SNR points
2026-09-28 21:21:34 | src.experiments.run_jamming    | INFO   | jamming barrage r=2 JSR=-10.0 dB | BER=0.01238
2026-09-28 21:21:34 | src.evaluation.evaluator       | INFO   | Starting evaluation over 14 SNR points
2026-09-28 21:21:38 | src.evaluation.evaluator       | WARNING | SNR=-1.0 dB: 1/256 sensing elements outside [0,1] (min=-0.0937, max=0.8370) -> clamped
2026-09-28 21:21:40 | src.evaluation.evaluator       | WARNING | SNR=1.0 dB: 2/512 sensing elements outside [0,1] (min=0.0568, max=1.0431) -> clamped
2026-09-28 21:21:43 | src.evaluation.evaluator       | WARNING | SNR=3.0 dB: 1/256 sensing elements outside [0,1] (min=-0.0072, max=0.8223) -> clamped
2026-09-28 21:21:45 | src.evaluation.evaluator       | WARNING | SNR=5.0 dB: 3/768 sensing elements outside [0,1] (min=0.1140, max=1.0427) -> clamped
2026-09-28 21:21:46 | src.evaluation.evaluator       | WARNING | SNR=7.0 dB: 2/512 sensing elements outside [0,1] (min=0.1131, max=1.0325) -> clamped
2026-09-28 21:21:48 | src.evaluation.evaluator       | WARNING | SNR=9.0 dB: 5/1106 sensing elements outside [0,1] (min=0.0743, max=1.0456) -> clamped
2026-09-28 21:21:50 | src.evaluation.evaluator       | WARNING | SNR=11.0 dB: 4/768 sensing elements outside [0,1] (min=-0.0400, max=1.0449) -> clamped
2026-09-28 21:21:51 | src.evaluation.evaluator       | WARNING | SNR=13.0 dB: 8/1792 sensing elements outside [0,1] (min=-0.0043, max=1.0641) -> clamped
2026-09-28 21:21:53 | src.evaluation.evaluator       | WARNING | SNR=15.0 dB: 4/1024 sensing elements outside [0,1] (min=0.0042, max=1.0610) -> clamped
2026-09-28 21:21:56 | src.evaluation.evaluator       | WARNING | SNR=17.0 dB: 3/768 sensing elements outside [0,1] (min=0.0143, max=1.0774) -> clamped
2026-09-28 21:21:58 | src.evaluation.evaluator       | WARNING | SNR=19.0 dB: 3/768 sensing elements outside [0,1] (min=0.0319, max=1.0528) -> clamped
2026-09-28 21:21:59 | src.evaluation.evaluator       | WARNING | SNR=21.0 dB: 8/1280 sensing elements outside [0,1] (min=0.0372, max=1.1066) -> clamped
2026-09-28 21:21:59 | src.evaluation.evaluator       | INFO   | Evaluation completed for 14 SNR points
2026-09-28 21:21:59 | src.experiments.run_jamming    | INFO   | jamming barrage r=2 JSR=-8.0 dB | BER=0.01346
2026-09-28 21:21:59 | src.evaluation.evaluator       | INFO   | Starting evaluation over 14 SNR points
2026-09-28 21:22:03 | src.evaluation.evaluator       | WARNING | SNR=-1.0 dB: 1/256 sensing elements outside [0,1] (min=-0.1243, max=0.8151) -> clamped
2026-09-28 21:22:05 | src.evaluation.evaluator       | WARNING | SNR=1.0 dB: 2/512 sensing elements outside [0,1] (min=0.0674, max=1.0340) -> clamped
2026-09-28 21:22:09 | src.evaluation.evaluator       | WARNING | SNR=5.0 dB: 2/512 sensing elements outside [0,1] (min=0.1251, max=1.0442) -> clamped
2026-09-28 21:22:11 | src.evaluation.evaluator       | WARNING | SNR=7.0 dB: 1/256 sensing elements outside [0,1] (min=0.1385, max=1.0227) -> clamped
2026-09-28 21:22:13 | src.evaluation.evaluator       | WARNING | SNR=9.0 dB: 4/850 sensing elements outside [0,1] (min=0.0730, max=1.0327) -> clamped
2026-09-28 21:22:14 | src.evaluation.evaluator       | WARNING | SNR=11.0 dB: 4/768 sensing elements outside [0,1] (min=-0.0564, max=1.0263) -> clamped
2026-09-28 21:22:16 | src.evaluation.evaluator       | WARNING | SNR=13.0 dB: 5/1280 sensing elements outside [0,1] (min=-0.0007, max=1.0581) -> clamped
2026-09-28 21:22:18 | src.evaluation.evaluator       | WARNING | SNR=15.0 dB: 3/768 sensing elements outside [0,1] (min=0.0305, max=1.0215) -> clamped
2026-09-28 21:22:20 | src.evaluation.evaluator       | WARNING | SNR=17.0 dB: 2/512 sensing elements outside [0,1] (min=0.0449, max=1.0777) -> clamped
2026-09-28 21:22:22 | src.evaluation.evaluator       | WARNING | SNR=19.0 dB: 3/768 sensing elements outside [0,1] (min=0.0485, max=1.0329) -> clamped
2026-09-28 21:22:24 | src.evaluation.evaluator       | WARNING | SNR=21.0 dB: 5/1024 sensing elements outside [0,1] (min=0.0855, max=1.0989) -> clamped
2026-09-28 21:22:24 | src.evaluation.evaluator       | INFO   | Evaluation completed for 14 SNR points
2026-09-28 21:22:24 | src.experiments.run_jamming    | INFO   | jamming barrage r=2 JSR=-6.0 dB | BER=0.01693
2026-09-28 21:22:24 | src.evaluation.evaluator       | INFO   | Starting evaluation over 14 SNR points
2026-09-28 21:22:27 | src.evaluation.evaluator       | WARNING | SNR=-1.0 dB: 1/256 sensing elements outside [0,1] (min=-0.1588, max=0.7774) -> clamped
2026-09-28 21:22:29 | src.evaluation.evaluator       | WARNING | SNR=1.0 dB: 1/256 sensing elements outside [0,1] (min=0.0946, max=1.0149) -> clamped
2026-09-28 21:22:32 | src.evaluation.evaluator       | WARNING | SNR=5.0 dB: 2/512 sensing elements outside [0,1] (min=0.1521, max=1.0276) -> clamped
2026-09-28 21:22:37 | src.evaluation.evaluator       | WARNING | SNR=9.0 dB: 2/512 sensing elements outside [0,1] (min=0.0760, max=1.0227) -> clamped
2026-09-28 21:22:39 | src.evaluation.evaluator       | WARNING | SNR=11.0 dB: 2/512 sensing elements outside [0,1] (min=-0.0760, max=1.0028) -> clamped
2026-09-28 21:22:41 | src.evaluation.evaluator       | WARNING | SNR=13.0 dB: 1/256 sensing elements outside [0,1] (min=0.0920, max=1.0874) -> clamped
2026-09-28 21:22:44 | src.evaluation.evaluator       | WARNING | SNR=17.0 dB: 1/256 sensing elements outside [0,1] (min=0.1026, max=1.0742) -> clamped
2026-09-28 21:22:46 | src.evaluation.evaluator       | WARNING | SNR=19.0 dB: 1/256 sensing elements outside [0,1] (min=0.1033, max=1.0137) -> clamped
2026-09-28 21:22:48 | src.evaluation.evaluator       | WARNING | SNR=21.0 dB: 2/512 sensing elements outside [0,1] (min=0.1238, max=1.0816) -> clamped
2026-09-28 21:22:48 | src.evaluation.evaluator       | INFO   | Evaluation completed for 14 SNR points
2026-09-28 21:22:48 | src.experiments.run_jamming    | INFO   | jamming barrage r=2 JSR=-4.0 dB | BER=0.02307
2026-09-28 21:22:48 | src.evaluation.evaluator       | INFO   | Starting evaluation over 14 SNR points
2026-09-28 21:22:51 | src.evaluation.evaluator       | WARNING | SNR=-1.0 dB: 1/256 sensing elements outside [0,1] (min=-0.1926, max=0.7234) -> clamped
2026-09-28 21:23:00 | src.evaluation.evaluator       | WARNING | SNR=9.0 dB: 2/512 sensing elements outside [0,1] (min=-0.0083, max=1.0031) -> clamped
2026-09-28 21:23:01 | src.evaluation.evaluator       | WARNING | SNR=11.0 dB: 1/256 sensing elements outside [0,1] (min=-0.0929, max=0.8970) -> clamped
2026-09-28 21:23:04 | src.evaluation.evaluator       | WARNING | SNR=13.0 dB: 1/256 sensing elements outside [0,1] (min=0.1556, max=1.1143) -> clamped
2026-09-28 21:23:08 | src.evaluation.evaluator       | WARNING | SNR=17.0 dB: 1/256 sensing elements outside [0,1] (min=0.1294, max=1.0649) -> clamped
2026-09-28 21:23:09 | src.evaluation.evaluator       | WARNING | SNR=19.0 dB: 1/256 sensing elements outside [0,1] (min=0.1173, max=1.0038) -> clamped
2026-09-28 21:23:11 | src.evaluation.evaluator       | WARNING | SNR=21.0 dB: 2/512 sensing elements outside [0,1] (min=0.1260, max=1.0465) -> clamped
2026-09-28 21:23:11 | src.evaluation.evaluator       | INFO   | Evaluation completed for 14 SNR points
2026-09-28 21:23:11 | src.experiments.run_jamming    | INFO   | jamming barrage r=2 JSR=-2.0 dB | BER=0.03592
2026-09-28 21:23:11 | src.evaluation.evaluator       | INFO   | Starting evaluation over 14 SNR points
2026-09-28 21:23:20 | src.evaluation.evaluator       | WARNING | SNR=9.0 dB: 1/256 sensing elements outside [0,1] (min=-0.0121, max=0.9682) -> clamped
2026-09-28 21:23:23 | src.evaluation.evaluator       | WARNING | SNR=13.0 dB: 1/256 sensing elements outside [0,1] (min=0.1575, max=1.1453) -> clamped
2026-09-28 21:23:26 | src.evaluation.evaluator       | WARNING | SNR=17.0 dB: 1/256 sensing elements outside [0,1] (min=0.1142, max=1.0549) -> clamped
2026-09-28 21:23:30 | src.evaluation.evaluator       | INFO   | Evaluation completed for 14 SNR points
2026-09-28 21:23:30 | src.experiments.run_jamming    | INFO   | jamming barrage r=2 JSR=0.0 dB | BER=0.06260
2026-09-28 21:23:30 | src.evaluation.evaluator       | INFO   | Starting evaluation over 14 SNR points
2026-09-28 21:23:39 | src.evaluation.evaluator       | INFO   | Evaluation completed for 14 SNR points
2026-09-28 21:23:39 | src.experiments.run_jamming    | INFO   | jamming barrage r=2 JSR=2.0 dB | BER=0.11199
2026-09-28 21:23:39 | src.evaluation.evaluator       | INFO   | Starting evaluation over 14 SNR points
2026-09-28 21:23:40 | src.evaluation.evaluator       | WARNING | SNR=-5.0 dB: 1/256 sensing elements outside [0,1] (min=-0.1038, max=0.8329) -> clamped
2026-09-28 21:23:40 | src.evaluation.evaluator       | WARNING | SNR=-1.0 dB: 3/512 sensing elements outside [0,1] (min=-0.0277, max=0.8122) -> clamped
2026-09-28 21:23:46 | src.evaluation.evaluator       | INFO   | Evaluation completed for 14 SNR points
2026-09-28 21:23:46 | src.experiments.run_jamming    | INFO   | jamming barrage r=2 JSR=4.0 dB | BER=0.18824
2026-09-28 21:23:46 | src.evaluation.evaluator       | INFO   | Starting evaluation over 14 SNR points
2026-09-28 21:23:46 | src.evaluation.evaluator       | WARNING | SNR=-5.0 dB: 1/256 sensing elements outside [0,1] (min=-0.2542, max=0.8782) -> clamped
2026-09-28 21:23:47 | src.evaluation.evaluator       | WARNING | SNR=-1.0 dB: 1/256 sensing elements outside [0,1] (min=-0.1087, max=0.8143) -> clamped
2026-09-28 21:23:47 | src.evaluation.evaluator       | WARNING | SNR=1.0 dB: 2/512 sensing elements outside [0,1] (min=-0.1128, max=0.8942) -> clamped
2026-09-28 21:23:47 | src.evaluation.evaluator       | WARNING | SNR=3.0 dB: 1/256 sensing elements outside [0,1] (min=-0.0351, max=0.9243) -> clamped
2026-09-28 21:23:48 | src.evaluation.evaluator       | WARNING | SNR=7.0 dB: 1/256 sensing elements outside [0,1] (min=-0.2495, max=0.7756) -> clamped
2026-09-28 21:23:48 | src.evaluation.evaluator       | WARNING | SNR=9.0 dB: 1/256 sensing elements outside [0,1] (min=-0.0828, max=0.7390) -> clamped
2026-09-28 21:23:48 | src.evaluation.evaluator       | WARNING | SNR=11.0 dB: 1/256 sensing elements outside [0,1] (min=-0.0381, max=0.8010) -> clamped
2026-09-28 21:23:49 | src.evaluation.evaluator       | WARNING | SNR=21.0 dB: 2/512 sensing elements outside [0,1] (min=-0.0310, max=0.8602) -> clamped
2026-09-28 21:23:49 | src.evaluation.evaluator       | INFO   | Evaluation completed for 14 SNR points
2026-09-28 21:23:49 | src.experiments.run_jamming    | INFO   | jamming barrage r=2 JSR=6.0 dB | BER=0.27716
2026-09-28 21:23:50 | src.evaluation.evaluator       | INFO   | Starting evaluation over 14 SNR points
2026-09-28 21:23:50 | src.evaluation.evaluator       | WARNING | SNR=-5.0 dB: 9/768 sensing elements outside [0,1] (min=-0.3779, max=0.9160) -> clamped
2026-09-28 21:23:50 | src.evaluation.evaluator       | WARNING | SNR=-3.0 dB: 4/768 sensing elements outside [0,1] (min=-0.1508, max=0.8607) -> clamped
2026-09-28 21:23:50 | src.evaluation.evaluator       | WARNING | SNR=-1.0 dB: 6/768 sensing elements outside [0,1] (min=-0.1832, max=0.9142) -> clamped
2026-09-28 21:23:50 | src.evaluation.evaluator       | WARNING | SNR=1.0 dB: 14/768 sensing elements outside [0,1] (min=-0.2847, max=1.0253) -> clamped
2026-09-28 21:23:51 | src.evaluation.evaluator       | WARNING | SNR=3.0 dB: 5/768 sensing elements outside [0,1] (min=-0.1880, max=1.0155) -> clamped
2026-09-28 21:23:51 | src.evaluation.evaluator       | WARNING | SNR=5.0 dB: 4/512 sensing elements outside [0,1] (min=-0.0566, max=0.9083) -> clamped
2026-09-28 21:23:51 | src.evaluation.evaluator       | WARNING | SNR=7.0 dB: 4/768 sensing elements outside [0,1] (min=-0.5571, max=0.9470) -> clamped
2026-09-28 21:23:51 | src.evaluation.evaluator       | WARNING | SNR=9.0 dB: 6/768 sensing elements outside [0,1] (min=-0.3622, max=0.9195) -> clamped
2026-09-28 21:23:52 | src.evaluation.evaluator       | WARNING | SNR=11.0 dB: 10/768 sensing elements outside [0,1] (min=-0.2386, max=0.9427) -> clamped
2026-09-28 21:23:52 | src.evaluation.evaluator       | WARNING | SNR=13.0 dB: 6/768 sensing elements outside [0,1] (min=-0.1638, max=1.0229) -> clamped
2026-09-28 21:23:52 | src.evaluation.evaluator       | WARNING | SNR=15.0 dB: 6/768 sensing elements outside [0,1] (min=-0.1572, max=1.0146) -> clamped
2026-09-28 21:23:52 | src.evaluation.evaluator       | WARNING | SNR=17.0 dB: 2/256 sensing elements outside [0,1] (min=-0.0179, max=0.8596) -> clamped
2026-09-28 21:23:53 | src.evaluation.evaluator       | WARNING | SNR=19.0 dB: 4/512 sensing elements outside [0,1] (min=-0.1691, max=0.9390) -> clamped
2026-09-28 21:23:53 | src.evaluation.evaluator       | WARNING | SNR=21.0 dB: 6/768 sensing elements outside [0,1] (min=-0.2902, max=0.9029) -> clamped
2026-09-28 21:23:53 | src.evaluation.evaluator       | INFO   | Evaluation completed for 14 SNR points
2026-09-28 21:23:53 | src.experiments.run_jamming    | INFO   | jamming barrage r=2 JSR=8.0 dB | BER=0.34840
2026-09-28 21:23:53 | src.evaluation.evaluator       | INFO   | Starting evaluation over 14 SNR points
2026-09-28 21:23:53 | src.evaluation.evaluator       | WARNING | SNR=-5.0 dB: 25/768 sensing elements outside [0,1] (min=-0.5947, max=0.9648) -> clamped
2026-09-28 21:23:53 | src.evaluation.evaluator       | WARNING | SNR=-3.0 dB: 10/512 sensing elements outside [0,1] (min=-0.1552, max=0.8810) -> clamped
2026-09-28 21:23:53 | src.evaluation.evaluator       | WARNING | SNR=-1.0 dB: 22/768 sensing elements outside [0,1] (min=-0.3790, max=1.0088) -> clamped
2026-09-28 21:23:54 | src.evaluation.evaluator       | WARNING | SNR=1.0 dB: 15/512 sensing elements outside [0,1] (min=-0.4903, max=1.0931) -> clamped
2026-09-28 21:23:54 | src.evaluation.evaluator       | WARNING | SNR=3.0 dB: 11/512 sensing elements outside [0,1] (min=-0.2688, max=1.0432) -> clamped
2026-09-28 21:23:54 | src.evaluation.evaluator       | WARNING | SNR=5.0 dB: 7/512 sensing elements outside [0,1] (min=-0.2512, max=0.9780) -> clamped
2026-09-28 21:23:54 | src.evaluation.evaluator       | WARNING | SNR=7.0 dB: 16/512 sensing elements outside [0,1] (min=-0.2881, max=1.0229) -> clamped
2026-09-28 21:23:54 | src.evaluation.evaluator       | WARNING | SNR=9.0 dB: 17/768 sensing elements outside [0,1] (min=-0.7091, max=0.9949) -> clamped
2026-09-28 21:23:54 | src.evaluation.evaluator       | WARNING | SNR=11.0 dB: 13/512 sensing elements outside [0,1] (min=-0.5416, max=0.9173) -> clamped
2026-09-28 21:23:55 | src.evaluation.evaluator       | WARNING | SNR=13.0 dB: 9/512 sensing elements outside [0,1] (min=-0.2522, max=1.0741) -> clamped
2026-09-28 21:23:55 | src.evaluation.evaluator       | WARNING | SNR=15.0 dB: 13/512 sensing elements outside [0,1] (min=-0.4013, max=1.0982) -> clamped
2026-09-28 21:23:55 | src.evaluation.evaluator       | WARNING | SNR=17.0 dB: 11/512 sensing elements outside [0,1] (min=-0.2565, max=0.9278) -> clamped
2026-09-28 21:23:55 | src.evaluation.evaluator       | WARNING | SNR=19.0 dB: 20/512 sensing elements outside [0,1] (min=-0.3711, max=1.0056) -> clamped
2026-09-28 21:23:55 | src.evaluation.evaluator       | WARNING | SNR=21.0 dB: 8/512 sensing elements outside [0,1] (min=-0.3051, max=0.9849) -> clamped
2026-09-28 21:23:55 | src.evaluation.evaluator       | INFO   | Evaluation completed for 14 SNR points
2026-09-28 21:23:55 | src.experiments.run_jamming    | INFO   | jamming barrage r=2 JSR=10.0 dB | BER=0.40737
2026-09-28 21:23:56 | src.evaluation.evaluator       | INFO   | Starting evaluation over 14 SNR points
2026-09-28 21:24:02 | src.evaluation.evaluator       | WARNING | SNR=1.0 dB: 4/1024 sensing elements outside [0,1] (min=-0.0216, max=1.0283) -> clamped
2026-09-28 21:24:06 | src.evaluation.evaluator       | WARNING | SNR=5.0 dB: 5/768 sensing elements outside [0,1] (min=0.0144, max=1.0202) -> clamped
2026-09-28 21:24:08 | src.evaluation.evaluator       | WARNING | SNR=7.0 dB: 4/1024 sensing elements outside [0,1] (min=-0.0436, max=1.0231) -> clamped
2026-09-28 21:24:09 | src.evaluation.evaluator       | WARNING | SNR=9.0 dB: 1/82 sensing elements outside [0,1] (min=0.0995, max=1.0566) -> clamped
2026-09-28 21:24:12 | src.evaluation.evaluator       | WARNING | SNR=11.0 dB: 5/1280 sensing elements outside [0,1] (min=0.0188, max=1.0996) -> clamped
2026-09-28 21:24:14 | src.evaluation.evaluator       | WARNING | SNR=13.0 dB: 10/2048 sensing elements outside [0,1] (min=-0.0178, max=1.1103) -> clamped
2026-09-28 21:24:16 | src.evaluation.evaluator       | WARNING | SNR=15.0 dB: 7/1792 sensing elements outside [0,1] (min=0.0290, max=1.0964) -> clamped
2026-09-28 21:24:18 | src.evaluation.evaluator       | WARNING | SNR=17.0 dB: 8/1792 sensing elements outside [0,1] (min=-0.0056, max=1.0319) -> clamped
2026-09-28 21:24:19 | src.evaluation.evaluator       | WARNING | SNR=19.0 dB: 5/1024 sensing elements outside [0,1] (min=-0.0231, max=1.0516) -> clamped
2026-09-28 21:24:21 | src.evaluation.evaluator       | WARNING | SNR=21.0 dB: 11/2560 sensing elements outside [0,1] (min=-0.0114, max=1.1376) -> clamped
2026-09-28 21:24:21 | src.evaluation.evaluator       | INFO   | Evaluation completed for 14 SNR points
2026-09-28 21:24:21 | src.experiments.run_jamming    | INFO   | jamming barrage r=3 JSR=-10.0 dB | BER=0.01210
2026-09-28 21:24:21 | src.evaluation.evaluator       | INFO   | Starting evaluation over 14 SNR points
2026-09-28 21:24:28 | src.evaluation.evaluator       | WARNING | SNR=1.0 dB: 3/768 sensing elements outside [0,1] (min=-0.0192, max=1.0276) -> clamped
2026-09-28 21:24:31 | src.evaluation.evaluator       | WARNING | SNR=5.0 dB: 1/256 sensing elements outside [0,1] (min=0.0622, max=1.0150) -> clamped
2026-09-28 21:24:33 | src.evaluation.evaluator       | WARNING | SNR=7.0 dB: 2/512 sensing elements outside [0,1] (min=-0.0406, max=1.0205) -> clamped
2026-09-28 21:24:35 | src.evaluation.evaluator       | WARNING | SNR=9.0 dB: 1/82 sensing elements outside [0,1] (min=0.1014, max=1.0510) -> clamped
2026-09-28 21:24:37 | src.evaluation.evaluator       | WARNING | SNR=11.0 dB: 1/256 sensing elements outside [0,1] (min=0.0403, max=1.0938) -> clamped
2026-09-28 21:24:39 | src.evaluation.evaluator       | WARNING | SNR=13.0 dB: 3/768 sensing elements outside [0,1] (min=-0.0064, max=1.1192) -> clamped
2026-09-28 21:24:42 | src.evaluation.evaluator       | WARNING | SNR=15.0 dB: 3/768 sensing elements outside [0,1] (min=0.0499, max=1.0803) -> clamped
2026-09-28 21:24:43 | src.evaluation.evaluator       | WARNING | SNR=17.0 dB: 4/768 sensing elements outside [0,1] (min=0.0366, max=1.0307) -> clamped
2026-09-28 21:24:45 | src.evaluation.evaluator       | WARNING | SNR=19.0 dB: 2/512 sensing elements outside [0,1] (min=-0.0160, max=1.0361) -> clamped
2026-09-28 21:24:47 | src.evaluation.evaluator       | WARNING | SNR=21.0 dB: 7/1792 sensing elements outside [0,1] (min=-0.0027, max=1.1362) -> clamped
2026-09-28 21:24:47 | src.evaluation.evaluator       | INFO   | Evaluation completed for 14 SNR points
2026-09-28 21:24:47 | src.experiments.run_jamming    | INFO   | jamming barrage r=3 JSR=-8.0 dB | BER=0.01323
2026-09-28 21:24:47 | src.evaluation.evaluator       | INFO   | Starting evaluation over 14 SNR points
2026-09-28 21:24:51 | src.evaluation.evaluator       | WARNING | SNR=-1.0 dB: 1/256 sensing elements outside [0,1] (min=-0.0030, max=0.8715) -> clamped
2026-09-28 21:24:53 | src.evaluation.evaluator       | WARNING | SNR=1.0 dB: 2/512 sensing elements outside [0,1] (min=-0.0138, max=1.0242) -> clamped
2026-09-28 21:24:57 | src.evaluation.evaluator       | WARNING | SNR=5.0 dB: 1/256 sensing elements outside [0,1] (min=0.0748, max=1.0053) -> clamped
2026-09-28 21:24:59 | src.evaluation.evaluator       | WARNING | SNR=7.0 dB: 2/512 sensing elements outside [0,1] (min=-0.0318, max=1.0071) -> clamped
2026-09-28 21:25:01 | src.evaluation.evaluator       | WARNING | SNR=9.0 dB: 1/82 sensing elements outside [0,1] (min=0.1049, max=1.0362) -> clamped
2026-09-28 21:25:03 | src.evaluation.evaluator       | WARNING | SNR=11.0 dB: 1/256 sensing elements outside [0,1] (min=0.0677, max=1.0800) -> clamped
2026-09-28 21:25:04 | src.evaluation.evaluator       | WARNING | SNR=13.0 dB: 2/512 sensing elements outside [0,1] (min=0.0776, max=1.1299) -> clamped
2026-09-28 21:25:06 | src.evaluation.evaluator       | WARNING | SNR=15.0 dB: 1/256 sensing elements outside [0,1] (min=0.0674, max=1.0569) -> clamped
2026-09-28 21:25:09 | src.evaluation.evaluator       | WARNING | SNR=17.0 dB: 1/256 sensing elements outside [0,1] (min=0.1176, max=1.0285) -> clamped
2026-09-28 21:25:11 | src.evaluation.evaluator       | WARNING | SNR=19.0 dB: 2/512 sensing elements outside [0,1] (min=-0.0058, max=1.0050) -> clamped
2026-09-28 21:25:13 | src.evaluation.evaluator       | WARNING | SNR=21.0 dB: 2/512 sensing elements outside [0,1] (min=0.1305, max=1.1336) -> clamped
2026-09-28 21:25:13 | src.evaluation.evaluator       | INFO   | Evaluation completed for 14 SNR points
2026-09-28 21:25:13 | src.experiments.run_jamming    | INFO   | jamming barrage r=3 JSR=-6.0 dB | BER=0.01638
2026-09-28 21:25:13 | src.evaluation.evaluator       | INFO   | Starting evaluation over 14 SNR points
2026-09-28 21:25:14 | src.evaluation.evaluator       | WARNING | SNR=-3.0 dB: 1/256 sensing elements outside [0,1] (min=-0.0031, max=0.7789) -> clamped
2026-09-28 21:25:16 | src.evaluation.evaluator       | WARNING | SNR=-1.0 dB: 1/256 sensing elements outside [0,1] (min=-0.0137, max=0.8543) -> clamped
2026-09-28 21:25:18 | src.evaluation.evaluator       | WARNING | SNR=1.0 dB: 2/512 sensing elements outside [0,1] (min=-0.0021, max=1.0162) -> clamped
2026-09-28 21:25:24 | src.evaluation.evaluator       | WARNING | SNR=7.0 dB: 1/256 sensing elements outside [0,1] (min=-0.0055, max=0.9015) -> clamped
2026-09-28 21:25:28 | src.evaluation.evaluator       | WARNING | SNR=11.0 dB: 1/256 sensing elements outside [0,1] (min=0.0790, max=1.0445) -> clamped
2026-09-28 21:25:30 | src.evaluation.evaluator       | WARNING | SNR=13.0 dB: 1/256 sensing elements outside [0,1] (min=0.1052, max=1.1338) -> clamped
2026-09-28 21:25:31 | src.evaluation.evaluator       | WARNING | SNR=15.0 dB: 1/256 sensing elements outside [0,1] (min=0.0722, max=1.0247) -> clamped
2026-09-28 21:25:33 | src.evaluation.evaluator       | WARNING | SNR=17.0 dB: 1/256 sensing elements outside [0,1] (min=0.1494, max=1.0208) -> clamped
2026-09-28 21:25:38 | src.evaluation.evaluator       | WARNING | SNR=21.0 dB: 1/256 sensing elements outside [0,1] (min=0.1657, max=1.1296) -> clamped
2026-09-28 21:25:38 | src.evaluation.evaluator       | INFO   | Evaluation completed for 14 SNR points
2026-09-28 21:25:38 | src.experiments.run_jamming    | INFO   | jamming barrage r=3 JSR=-4.0 dB | BER=0.02238
2026-09-28 21:25:38 | src.evaluation.evaluator       | INFO   | Starting evaluation over 14 SNR points
2026-09-28 21:25:39 | src.evaluation.evaluator       | WARNING | SNR=-3.0 dB: 1/256 sensing elements outside [0,1] (min=-0.0335, max=0.8096) -> clamped
2026-09-28 21:25:40 | src.evaluation.evaluator       | WARNING | SNR=-1.0 dB: 1/256 sensing elements outside [0,1] (min=-0.0092, max=0.8231) -> clamped
2026-09-28 21:25:52 | src.evaluation.evaluator       | WARNING | SNR=11.0 dB: 1/256 sensing elements outside [0,1] (min=0.0735, max=1.0196) -> clamped
2026-09-28 21:25:54 | src.evaluation.evaluator       | WARNING | SNR=13.0 dB: 1/256 sensing elements outside [0,1] (min=0.1485, max=1.1320) -> clamped
2026-09-28 21:25:57 | src.evaluation.evaluator       | WARNING | SNR=17.0 dB: 1/256 sensing elements outside [0,1] (min=0.1697, max=1.0092) -> clamped
2026-09-28 21:26:01 | src.evaluation.evaluator       | WARNING | SNR=21.0 dB: 1/256 sensing elements outside [0,1] (min=0.2165, max=1.1197) -> clamped
2026-09-28 21:26:01 | src.evaluation.evaluator       | INFO   | Evaluation completed for 14 SNR points
2026-09-28 21:26:01 | src.experiments.run_jamming    | INFO   | jamming barrage r=3 JSR=-2.0 dB | BER=0.03522
2026-09-28 21:26:01 | src.evaluation.evaluator       | INFO   | Starting evaluation over 14 SNR points
2026-09-28 21:26:02 | src.evaluation.evaluator       | WARNING | SNR=-3.0 dB: 1/256 sensing elements outside [0,1] (min=-0.0816, max=0.8388) -> clamped
2026-09-28 21:26:08 | src.evaluation.evaluator       | WARNING | SNR=7.0 dB: 2/512 sensing elements outside [0,1] (min=-0.0187, max=0.8733) -> clamped
2026-09-28 21:26:13 | src.evaluation.evaluator       | WARNING | SNR=13.0 dB: 1/256 sensing elements outside [0,1] (min=0.1966, max=1.1017) -> clamped
2026-09-28 21:26:21 | src.evaluation.evaluator       | WARNING | SNR=21.0 dB: 1/256 sensing elements outside [0,1] (min=0.2422, max=1.1065) -> clamped
2026-09-28 21:26:21 | src.evaluation.evaluator       | INFO   | Evaluation completed for 14 SNR points
2026-09-28 21:26:21 | src.experiments.run_jamming    | INFO   | jamming barrage r=3 JSR=0.0 dB | BER=0.06284
2026-09-28 21:26:21 | src.evaluation.evaluator       | INFO   | Starting evaluation over 14 SNR points
2026-09-28 21:26:22 | src.evaluation.evaluator       | WARNING | SNR=-3.0 dB: 2/512 sensing elements outside [0,1] (min=-0.1269, max=1.0464) -> clamped
2026-09-28 21:26:31 | src.evaluation.evaluator       | INFO   | Evaluation completed for 14 SNR points
2026-09-28 21:26:31 | src.experiments.run_jamming    | INFO   | jamming barrage r=3 JSR=2.0 dB | BER=0.11156
2026-09-28 21:26:31 | src.evaluation.evaluator       | INFO   | Starting evaluation over 14 SNR points
2026-09-28 21:26:32 | src.evaluation.evaluator       | WARNING | SNR=-3.0 dB: 1/256 sensing elements outside [0,1] (min=-0.1766, max=0.8593) -> clamped
2026-09-28 21:26:32 | src.evaluation.evaluator       | WARNING | SNR=1.0 dB: 1/256 sensing elements outside [0,1] (min=-0.0898, max=0.7808) -> clamped
2026-09-28 21:26:37 | src.evaluation.evaluator       | INFO   | Evaluation completed for 14 SNR points
2026-09-28 21:26:37 | src.experiments.run_jamming    | INFO   | jamming barrage r=3 JSR=4.0 dB | BER=0.18448
2026-09-28 21:26:37 | src.evaluation.evaluator       | INFO   | Starting evaluation over 14 SNR points
2026-09-28 21:26:37 | src.evaluation.evaluator       | WARNING | SNR=-5.0 dB: 1/256 sensing elements outside [0,1] (min=0.0712, max=1.0294) -> clamped
2026-09-28 21:26:37 | src.evaluation.evaluator       | WARNING | SNR=-3.0 dB: 2/512 sensing elements outside [0,1] (min=-0.1256, max=0.8877) -> clamped
2026-09-28 21:26:38 | src.evaluation.evaluator       | WARNING | SNR=1.0 dB: 1/256 sensing elements outside [0,1] (min=-0.0025, max=0.8252) -> clamped
2026-09-28 21:26:38 | src.evaluation.evaluator       | WARNING | SNR=3.0 dB: 1/256 sensing elements outside [0,1] (min=-0.0551, max=0.8363) -> clamped
2026-09-28 21:26:39 | src.evaluation.evaluator       | WARNING | SNR=7.0 dB: 2/256 sensing elements outside [0,1] (min=-0.0176, max=1.0402) -> clamped
2026-09-28 21:26:40 | src.evaluation.evaluator       | WARNING | SNR=13.0 dB: 1/256 sensing elements outside [0,1] (min=0.1287, max=1.0030) -> clamped
2026-09-28 21:26:40 | src.evaluation.evaluator       | WARNING | SNR=17.0 dB: 2/512 sensing elements outside [0,1] (min=-0.1148, max=0.8175) -> clamped
2026-09-28 21:26:41 | src.evaluation.evaluator       | WARNING | SNR=21.0 dB: 1/256 sensing elements outside [0,1] (min=-0.0842, max=0.8416) -> clamped
2026-09-28 21:26:41 | src.evaluation.evaluator       | INFO   | Evaluation completed for 14 SNR points
2026-09-28 21:26:41 | src.experiments.run_jamming    | INFO   | jamming barrage r=3 JSR=6.0 dB | BER=0.26297
2026-09-28 21:26:41 | src.evaluation.evaluator       | INFO   | Starting evaluation over 14 SNR points
2026-09-28 21:26:41 | src.evaluation.evaluator       | WARNING | SNR=-5.0 dB: 4/512 sensing elements outside [0,1] (min=-0.0822, max=1.0825) -> clamped
2026-09-28 21:26:41 | src.evaluation.evaluator       | WARNING | SNR=-3.0 dB: 3/512 sensing elements outside [0,1] (min=-0.3531, max=0.9878) -> clamped
2026-09-28 21:26:42 | src.evaluation.evaluator       | WARNING | SNR=-1.0 dB: 3/512 sensing elements outside [0,1] (min=-0.1709, max=0.8928) -> clamped
2026-09-28 21:26:42 | src.evaluation.evaluator       | WARNING | SNR=1.0 dB: 2/512 sensing elements outside [0,1] (min=-0.0833, max=0.8576) -> clamped
2026-09-28 21:26:42 | src.evaluation.evaluator       | WARNING | SNR=3.0 dB: 5/768 sensing elements outside [0,1] (min=-0.2582, max=0.9004) -> clamped
2026-09-28 21:26:43 | src.evaluation.evaluator       | WARNING | SNR=5.0 dB: 6/512 sensing elements outside [0,1] (min=-0.1097, max=1.0064) -> clamped
2026-09-28 21:26:43 | src.evaluation.evaluator       | WARNING | SNR=9.0 dB: 1/256 sensing elements outside [0,1] (min=-0.0032, max=0.8433) -> clamped
2026-09-28 21:26:44 | src.evaluation.evaluator       | WARNING | SNR=11.0 dB: 7/768 sensing elements outside [0,1] (min=-0.1298, max=0.9720) -> clamped
2026-09-28 21:26:44 | src.evaluation.evaluator       | WARNING | SNR=13.0 dB: 3/512 sensing elements outside [0,1] (min=-0.0357, max=1.0770) -> clamped
2026-09-28 21:26:44 | src.evaluation.evaluator       | WARNING | SNR=15.0 dB: 6/768 sensing elements outside [0,1] (min=-0.1586, max=0.9546) -> clamped
2026-09-28 21:26:45 | src.evaluation.evaluator       | WARNING | SNR=17.0 dB: 3/768 sensing elements outside [0,1] (min=-0.2580, max=0.8846) -> clamped
2026-09-28 21:26:45 | src.evaluation.evaluator       | WARNING | SNR=19.0 dB: 4/512 sensing elements outside [0,1] (min=-0.1780, max=0.8682) -> clamped
2026-09-28 21:26:45 | src.evaluation.evaluator       | WARNING | SNR=21.0 dB: 4/768 sensing elements outside [0,1] (min=-0.3044, max=0.9870) -> clamped
2026-09-28 21:26:45 | src.evaluation.evaluator       | INFO   | Evaluation completed for 14 SNR points
2026-09-28 21:26:45 | src.experiments.run_jamming    | INFO   | jamming barrage r=3 JSR=8.0 dB | BER=0.33324
2026-09-28 21:26:45 | src.evaluation.evaluator       | INFO   | Starting evaluation over 14 SNR points
2026-09-28 21:26:46 | src.evaluation.evaluator       | WARNING | SNR=-5.0 dB: 13/512 sensing elements outside [0,1] (min=-0.2075, max=1.1072) -> clamped
2026-09-28 21:26:46 | src.evaluation.evaluator       | WARNING | SNR=-3.0 dB: 14/768 sensing elements outside [0,1] (min=-0.6521, max=1.0988) -> clamped
2026-09-28 21:26:46 | src.evaluation.evaluator       | WARNING | SNR=-1.0 dB: 16/512 sensing elements outside [0,1] (min=-0.4860, max=0.9277) -> clamped
2026-09-28 21:26:46 | src.evaluation.evaluator       | WARNING | SNR=1.0 dB: 15/768 sensing elements outside [0,1] (min=-0.2014, max=0.9971) -> clamped
2026-09-28 21:26:46 | src.evaluation.evaluator       | WARNING | SNR=3.0 dB: 13/512 sensing elements outside [0,1] (min=-0.5338, max=0.9845) -> clamped
2026-09-28 21:26:47 | src.evaluation.evaluator       | WARNING | SNR=5.0 dB: 17/768 sensing elements outside [0,1] (min=-0.3255, max=1.1039) -> clamped
2026-09-28 21:26:47 | src.evaluation.evaluator       | WARNING | SNR=7.0 dB: 7/512 sensing elements outside [0,1] (min=-0.1517, max=1.0618) -> clamped
2026-09-28 21:26:47 | src.evaluation.evaluator       | WARNING | SNR=9.0 dB: 12/512 sensing elements outside [0,1] (min=-0.1843, max=0.9078) -> clamped
2026-09-28 21:26:47 | src.evaluation.evaluator       | WARNING | SNR=11.0 dB: 15/768 sensing elements outside [0,1] (min=-0.3146, max=1.0885) -> clamped
2026-09-28 21:26:47 | src.evaluation.evaluator       | WARNING | SNR=13.0 dB: 16/768 sensing elements outside [0,1] (min=-0.2474, max=1.1610) -> clamped
2026-09-28 21:26:47 | src.evaluation.evaluator       | WARNING | SNR=15.0 dB: 12/512 sensing elements outside [0,1] (min=-0.2945, max=0.9292) -> clamped
2026-09-28 21:26:48 | src.evaluation.evaluator       | WARNING | SNR=17.0 dB: 11/768 sensing elements outside [0,1] (min=-0.4965, max=0.9561) -> clamped
2026-09-28 21:26:48 | src.evaluation.evaluator       | WARNING | SNR=19.0 dB: 13/768 sensing elements outside [0,1] (min=-0.4346, max=0.9224) -> clamped
2026-09-28 21:26:48 | src.evaluation.evaluator       | WARNING | SNR=21.0 dB: 7/512 sensing elements outside [0,1] (min=-0.5854, max=0.9512) -> clamped
2026-09-28 21:26:48 | src.evaluation.evaluator       | INFO   | Evaluation completed for 14 SNR points
2026-09-28 21:26:48 | src.experiments.run_jamming    | INFO   | jamming barrage r=3 JSR=10.0 dB | BER=0.39555
2026-09-28 21:26:48 | src.evaluation.evaluator       | INFO   | Starting evaluation over 14 SNR points
2026-09-28 21:26:52 | src.evaluation.evaluator       | WARNING | SNR=-1.0 dB: 1/256 sensing elements outside [0,1] (min=-0.0283, max=0.8252) -> clamped
2026-09-28 21:26:54 | src.evaluation.evaluator       | WARNING | SNR=1.0 dB: 2/512 sensing elements outside [0,1] (min=-0.0274, max=1.0450) -> clamped
2026-09-28 21:26:59 | src.evaluation.evaluator       | WARNING | SNR=5.0 dB: 2/512 sensing elements outside [0,1] (min=-0.0206, max=1.0461) -> clamped
2026-09-28 21:27:01 | src.evaluation.evaluator       | WARNING | SNR=7.0 dB: 5/1280 sensing elements outside [0,1] (min=-0.0366, max=1.0984) -> clamped
2026-09-28 21:27:03 | src.evaluation.evaluator       | WARNING | SNR=9.0 dB: 3/594 sensing elements outside [0,1] (min=0.1126, max=1.0230) -> clamped
2026-09-28 21:27:04 | src.evaluation.evaluator       | WARNING | SNR=11.0 dB: 5/1280 sensing elements outside [0,1] (min=-0.0086, max=1.0466) -> clamped
2026-09-28 21:27:06 | src.evaluation.evaluator       | WARNING | SNR=13.0 dB: 8/1792 sensing elements outside [0,1] (min=-0.0045, max=1.0788) -> clamped
2026-09-28 21:27:08 | src.evaluation.evaluator       | WARNING | SNR=15.0 dB: 6/1536 sensing elements outside [0,1] (min=0.0193, max=1.1118) -> clamped
2026-09-28 21:27:10 | src.evaluation.evaluator       | WARNING | SNR=17.0 dB: 7/1536 sensing elements outside [0,1] (min=0.0144, max=1.0362) -> clamped
2026-09-28 21:27:12 | src.evaluation.evaluator       | WARNING | SNR=19.0 dB: 7/1536 sensing elements outside [0,1] (min=-0.0154, max=1.0497) -> clamped
2026-09-28 21:27:14 | src.evaluation.evaluator       | WARNING | SNR=21.0 dB: 10/2304 sensing elements outside [0,1] (min=-0.0090, max=1.1762) -> clamped
2026-09-28 21:27:14 | src.evaluation.evaluator       | INFO   | Evaluation completed for 14 SNR points
2026-09-28 21:27:14 | src.experiments.run_jamming    | INFO   | jamming barrage r=4 JSR=-10.0 dB | BER=0.01114
2026-09-28 21:27:15 | src.evaluation.evaluator       | INFO   | Starting evaluation over 14 SNR points
2026-09-28 21:27:18 | src.evaluation.evaluator       | WARNING | SNR=-1.0 dB: 1/256 sensing elements outside [0,1] (min=-0.0369, max=0.7956) -> clamped
2026-09-28 21:27:20 | src.evaluation.evaluator       | WARNING | SNR=1.0 dB: 2/512 sensing elements outside [0,1] (min=-0.0156, max=1.0404) -> clamped
2026-09-28 21:27:24 | src.evaluation.evaluator       | WARNING | SNR=5.0 dB: 2/512 sensing elements outside [0,1] (min=-0.0134, max=1.0305) -> clamped
2026-09-28 21:27:26 | src.evaluation.evaluator       | WARNING | SNR=7.0 dB: 2/512 sensing elements outside [0,1] (min=-0.0360, max=1.0998) -> clamped
2026-09-28 21:27:28 | src.evaluation.evaluator       | WARNING | SNR=9.0 dB: 1/256 sensing elements outside [0,1] (min=0.1194, max=1.0081) -> clamped
2026-09-28 21:27:30 | src.evaluation.evaluator       | WARNING | SNR=11.0 dB: 3/768 sensing elements outside [0,1] (min=-0.0064, max=1.0313) -> clamped
2026-09-28 21:27:32 | src.evaluation.evaluator       | WARNING | SNR=13.0 dB: 7/1536 sensing elements outside [0,1] (min=-0.0066, max=1.0694) -> clamped
2026-09-28 21:27:34 | src.evaluation.evaluator       | WARNING | SNR=15.0 dB: 5/1280 sensing elements outside [0,1] (min=0.0355, max=1.1071) -> clamped
2026-09-28 21:27:36 | src.evaluation.evaluator       | WARNING | SNR=17.0 dB: 3/768 sensing elements outside [0,1] (min=0.0349, max=1.0362) -> clamped
2026-09-28 21:27:37 | src.evaluation.evaluator       | WARNING | SNR=19.0 dB: 3/768 sensing elements outside [0,1] (min=-0.0052, max=1.0462) -> clamped
2026-09-28 21:27:40 | src.evaluation.evaluator       | WARNING | SNR=21.0 dB: 7/1792 sensing elements outside [0,1] (min=0.0150, max=1.1850) -> clamped
2026-09-28 21:27:40 | src.evaluation.evaluator       | INFO   | Evaluation completed for 14 SNR points
2026-09-28 21:27:40 | src.experiments.run_jamming    | INFO   | jamming barrage r=4 JSR=-8.0 dB | BER=0.01252
2026-09-28 21:27:40 | src.evaluation.evaluator       | INFO   | Starting evaluation over 14 SNR points
2026-09-28 21:27:41 | src.evaluation.evaluator       | WARNING | SNR=-5.0 dB: 1/256 sensing elements outside [0,1] (min=0.1969, max=1.0117) -> clamped
2026-09-28 21:27:44 | src.evaluation.evaluator       | WARNING | SNR=-1.0 dB: 1/256 sensing elements outside [0,1] (min=-0.0433, max=0.7730) -> clamped
2026-09-28 21:27:46 | src.evaluation.evaluator       | WARNING | SNR=1.0 dB: 2/512 sensing elements outside [0,1] (min=-0.0027, max=1.0262) -> clamped
2026-09-28 21:27:51 | src.evaluation.evaluator       | WARNING | SNR=7.0 dB: 2/512 sensing elements outside [0,1] (min=-0.0278, max=1.0959) -> clamped
2026-09-28 21:27:56 | src.evaluation.evaluator       | WARNING | SNR=11.0 dB: 2/512 sensing elements outside [0,1] (min=0.0630, max=1.0124) -> clamped
2026-09-28 21:27:57 | src.evaluation.evaluator       | WARNING | SNR=13.0 dB: 2/512 sensing elements outside [0,1] (min=-0.0168, max=1.0488) -> clamped
2026-09-28 21:27:59 | src.evaluation.evaluator       | WARNING | SNR=15.0 dB: 4/1024 sensing elements outside [0,1] (min=0.0569, max=1.1013) -> clamped
2026-09-28 21:28:01 | src.evaluation.evaluator       | WARNING | SNR=17.0 dB: 3/768 sensing elements outside [0,1] (min=0.0699, max=1.0303) -> clamped
2026-09-28 21:28:03 | src.evaluation.evaluator       | WARNING | SNR=19.0 dB: 1/256 sensing elements outside [0,1] (min=0.0825, max=1.0356) -> clamped
2026-09-28 21:28:05 | src.evaluation.evaluator       | WARNING | SNR=21.0 dB: 3/768 sensing elements outside [0,1] (min=0.0835, max=1.1944) -> clamped
2026-09-28 21:28:05 | src.evaluation.evaluator       | INFO   | Evaluation completed for 14 SNR points
2026-09-28 21:28:05 | src.experiments.run_jamming    | INFO   | jamming barrage r=4 JSR=-6.0 dB | BER=0.01591
2026-09-28 21:28:05 | src.evaluation.evaluator       | INFO   | Starting evaluation over 14 SNR points
2026-09-28 21:28:05 | src.evaluation.evaluator       | WARNING | SNR=-5.0 dB: 1/256 sensing elements outside [0,1] (min=0.1879, max=1.0308) -> clamped
2026-09-28 21:28:09 | src.evaluation.evaluator       | WARNING | SNR=-1.0 dB: 1/256 sensing elements outside [0,1] (min=-0.0443, max=0.7737) -> clamped
2026-09-28 21:28:11 | src.evaluation.evaluator       | WARNING | SNR=1.0 dB: 1/256 sensing elements outside [0,1] (min=0.0764, max=1.0001) -> clamped
2026-09-28 21:28:16 | src.evaluation.evaluator       | WARNING | SNR=7.0 dB: 2/512 sensing elements outside [0,1] (min=-0.0077, max=1.0867) -> clamped
2026-09-28 21:28:22 | src.evaluation.evaluator       | WARNING | SNR=13.0 dB: 2/512 sensing elements outside [0,1] (min=-0.0223, max=1.0117) -> clamped
2026-09-28 21:28:24 | src.evaluation.evaluator       | WARNING | SNR=15.0 dB: 4/1024 sensing elements outside [0,1] (min=0.0687, max=1.0891) -> clamped
2026-09-28 21:28:28 | src.evaluation.evaluator       | WARNING | SNR=19.0 dB: 1/256 sensing elements outside [0,1] (min=0.1177, max=1.0096) -> clamped
2026-09-28 21:28:29 | src.evaluation.evaluator       | WARNING | SNR=21.0 dB: 1/256 sensing elements outside [0,1] (min=0.1242, max=1.2054) -> clamped
2026-09-28 21:28:29 | src.evaluation.evaluator       | INFO   | Evaluation completed for 14 SNR points
2026-09-28 21:28:29 | src.experiments.run_jamming    | INFO   | jamming barrage r=4 JSR=-4.0 dB | BER=0.02173
2026-09-28 21:28:30 | src.evaluation.evaluator       | INFO   | Starting evaluation over 14 SNR points
2026-09-28 21:28:30 | src.evaluation.evaluator       | WARNING | SNR=-5.0 dB: 1/256 sensing elements outside [0,1] (min=0.1672, max=1.0504) -> clamped
2026-09-28 21:28:32 | src.evaluation.evaluator       | WARNING | SNR=-1.0 dB: 1/256 sensing elements outside [0,1] (min=-0.0237, max=0.8075) -> clamped
2026-09-28 21:28:41 | src.evaluation.evaluator       | WARNING | SNR=7.0 dB: 1/256 sensing elements outside [0,1] (min=0.2327, max=1.0746) -> clamped
2026-09-28 21:28:46 | src.evaluation.evaluator       | WARNING | SNR=13.0 dB: 1/256 sensing elements outside [0,1] (min=-0.0220, max=0.8032) -> clamped
2026-09-28 21:28:49 | src.evaluation.evaluator       | WARNING | SNR=15.0 dB: 2/512 sensing elements outside [0,1] (min=0.1139, max=1.0684) -> clamped
2026-09-28 21:28:54 | src.evaluation.evaluator       | WARNING | SNR=21.0 dB: 1/256 sensing elements outside [0,1] (min=0.1391, max=1.2145) -> clamped
2026-09-28 21:28:54 | src.evaluation.evaluator       | INFO   | Evaluation completed for 14 SNR points
2026-09-28 21:28:54 | src.experiments.run_jamming    | INFO   | jamming barrage r=4 JSR=-2.0 dB | BER=0.03363
2026-09-28 21:28:54 | src.evaluation.evaluator       | INFO   | Starting evaluation over 14 SNR points
2026-09-28 21:28:55 | src.evaluation.evaluator       | WARNING | SNR=-5.0 dB: 1/256 sensing elements outside [0,1] (min=-0.0050, max=0.7586) -> clamped
2026-09-28 21:28:58 | src.evaluation.evaluator       | WARNING | SNR=3.0 dB: 1/256 sensing elements outside [0,1] (min=0.1840, max=1.0258) -> clamped
2026-09-28 21:29:01 | src.evaluation.evaluator       | WARNING | SNR=7.0 dB: 1/256 sensing elements outside [0,1] (min=0.2542, max=1.0625) -> clamped
2026-09-28 21:29:06 | src.evaluation.evaluator       | WARNING | SNR=13.0 dB: 1/256 sensing elements outside [0,1] (min=-0.0239, max=0.7592) -> clamped
2026-09-28 21:29:08 | src.evaluation.evaluator       | WARNING | SNR=15.0 dB: 1/256 sensing elements outside [0,1] (min=0.1663, max=1.0492) -> clamped
2026-09-28 21:29:13 | src.evaluation.evaluator       | WARNING | SNR=21.0 dB: 1/256 sensing elements outside [0,1] (min=0.1156, max=1.2153) -> clamped
2026-09-28 21:29:13 | src.evaluation.evaluator       | INFO   | Evaluation completed for 14 SNR points
2026-09-28 21:29:13 | src.experiments.run_jamming    | INFO   | jamming barrage r=4 JSR=0.0 dB | BER=0.06117
2026-09-28 21:29:13 | src.evaluation.evaluator       | INFO   | Starting evaluation over 14 SNR points
2026-09-28 21:29:14 | src.evaluation.evaluator       | WARNING | SNR=-5.0 dB: 2/512 sensing elements outside [0,1] (min=-0.0330, max=0.7978) -> clamped
2026-09-28 21:29:16 | src.evaluation.evaluator       | WARNING | SNR=1.0 dB: 1/256 sensing elements outside [0,1] (min=-0.0403, max=0.8869) -> clamped
2026-09-28 21:29:24 | src.evaluation.evaluator       | INFO   | Evaluation completed for 14 SNR points
2026-09-28 21:29:24 | src.experiments.run_jamming    | INFO   | jamming barrage r=4 JSR=2.0 dB | BER=0.10773
2026-09-28 21:29:24 | src.evaluation.evaluator       | INFO   | Starting evaluation over 14 SNR points
2026-09-28 21:29:24 | src.evaluation.evaluator       | WARNING | SNR=-5.0 dB: 4/512 sensing elements outside [0,1] (min=-0.1635, max=0.8145) -> clamped
2026-09-28 21:29:25 | src.evaluation.evaluator       | WARNING | SNR=1.0 dB: 3/512 sensing elements outside [0,1] (min=-0.1841, max=1.0256) -> clamped
2026-09-28 21:29:28 | src.evaluation.evaluator       | WARNING | SNR=17.0 dB: 1/256 sensing elements outside [0,1] (min=-0.0908, max=0.7839) -> clamped
2026-09-28 21:29:29 | src.evaluation.evaluator       | INFO   | Evaluation completed for 14 SNR points
2026-09-28 21:29:29 | src.experiments.run_jamming    | INFO   | jamming barrage r=4 JSR=4.0 dB | BER=0.18211
2026-09-28 21:29:30 | src.evaluation.evaluator       | INFO   | Starting evaluation over 14 SNR points
2026-09-28 21:29:30 | src.evaluation.evaluator       | WARNING | SNR=-5.0 dB: 6/768 sensing elements outside [0,1] (min=-0.3190, max=0.8511) -> clamped
2026-09-28 21:29:31 | src.evaluation.evaluator       | WARNING | SNR=-1.0 dB: 1/256 sensing elements outside [0,1] (min=0.0879, max=1.0233) -> clamped
2026-09-28 21:29:31 | src.evaluation.evaluator       | WARNING | SNR=1.0 dB: 3/512 sensing elements outside [0,1] (min=-0.0174, max=1.1694) -> clamped
2026-09-28 21:29:31 | src.evaluation.evaluator       | WARNING | SNR=3.0 dB: 1/256 sensing elements outside [0,1] (min=-0.0296, max=0.8561) -> clamped
2026-09-28 21:29:32 | src.evaluation.evaluator       | WARNING | SNR=5.0 dB: 1/256 sensing elements outside [0,1] (min=-0.1225, max=0.7636) -> clamped
2026-09-28 21:29:32 | src.evaluation.evaluator       | WARNING | SNR=11.0 dB: 2/512 sensing elements outside [0,1] (min=-0.1284, max=0.9260) -> clamped
2026-09-28 21:29:33 | src.evaluation.evaluator       | WARNING | SNR=13.0 dB: 1/256 sensing elements outside [0,1] (min=-0.0010, max=0.7884) -> clamped
2026-09-28 21:29:33 | src.evaluation.evaluator       | WARNING | SNR=17.0 dB: 2/512 sensing elements outside [0,1] (min=-0.0550, max=0.9277) -> clamped
2026-09-28 21:29:34 | src.evaluation.evaluator       | INFO   | Evaluation completed for 14 SNR points
2026-09-28 21:29:34 | src.experiments.run_jamming    | INFO   | jamming barrage r=4 JSR=6.0 dB | BER=0.26404
2026-09-28 21:29:34 | src.evaluation.evaluator       | INFO   | Starting evaluation over 14 SNR points
2026-09-28 21:29:34 | src.evaluation.evaluator       | WARNING | SNR=-5.0 dB: 6/512 sensing elements outside [0,1] (min=-0.2056, max=0.8543) -> clamped
2026-09-28 21:29:34 | src.evaluation.evaluator       | WARNING | SNR=-3.0 dB: 2/512 sensing elements outside [0,1] (min=-0.0328, max=0.8874) -> clamped
2026-09-28 21:29:34 | src.evaluation.evaluator       | WARNING | SNR=-1.0 dB: 6/512 sensing elements outside [0,1] (min=-0.0177, max=1.1175) -> clamped
2026-09-28 21:29:35 | src.evaluation.evaluator       | WARNING | SNR=1.0 dB: 7/768 sensing elements outside [0,1] (min=-0.1632, max=1.3325) -> clamped
2026-09-28 21:29:35 | src.evaluation.evaluator       | WARNING | SNR=3.0 dB: 3/512 sensing elements outside [0,1] (min=-0.2191, max=0.9033) -> clamped
2026-09-28 21:29:35 | src.evaluation.evaluator       | WARNING | SNR=5.0 dB: 5/512 sensing elements outside [0,1] (min=-0.3502, max=1.0336) -> clamped
2026-09-28 21:29:35 | src.evaluation.evaluator       | WARNING | SNR=7.0 dB: 1/256 sensing elements outside [0,1] (min=-0.0484, max=0.8636) -> clamped
2026-09-28 21:29:36 | src.evaluation.evaluator       | WARNING | SNR=9.0 dB: 4/768 sensing elements outside [0,1] (min=-0.1773, max=0.9002) -> clamped
2026-09-28 21:29:36 | src.evaluation.evaluator       | WARNING | SNR=11.0 dB: 3/512 sensing elements outside [0,1] (min=-0.3179, max=1.0283) -> clamped
2026-09-28 21:29:36 | src.evaluation.evaluator       | WARNING | SNR=13.0 dB: 5/768 sensing elements outside [0,1] (min=-0.2098, max=0.9381) -> clamped
2026-09-28 21:29:36 | src.evaluation.evaluator       | WARNING | SNR=15.0 dB: 1/256 sensing elements outside [0,1] (min=-0.0526, max=0.9354) -> clamped
2026-09-28 21:29:37 | src.evaluation.evaluator       | WARNING | SNR=17.0 dB: 3/512 sensing elements outside [0,1] (min=-0.2534, max=0.9638) -> clamped
2026-09-28 21:29:37 | src.evaluation.evaluator       | WARNING | SNR=19.0 dB: 4/512 sensing elements outside [0,1] (min=-0.1234, max=0.9947) -> clamped
2026-09-28 21:29:37 | src.evaluation.evaluator       | WARNING | SNR=21.0 dB: 5/768 sensing elements outside [0,1] (min=-0.1257, max=0.9768) -> clamped
2026-09-28 21:29:37 | src.evaluation.evaluator       | INFO   | Evaluation completed for 14 SNR points
2026-09-28 21:29:37 | src.experiments.run_jamming    | INFO   | jamming barrage r=4 JSR=8.0 dB | BER=0.34068
2026-09-28 21:29:37 | src.evaluation.evaluator       | INFO   | Starting evaluation over 14 SNR points
2026-09-28 21:29:37 | src.evaluation.evaluator       | WARNING | SNR=-5.0 dB: 17/512 sensing elements outside [0,1] (min=-0.3869, max=0.9112) -> clamped
2026-09-28 21:29:37 | src.evaluation.evaluator       | WARNING | SNR=-3.0 dB: 17/768 sensing elements outside [0,1] (min=-0.2529, max=0.9612) -> clamped
2026-09-28 21:29:38 | src.evaluation.evaluator       | WARNING | SNR=-1.0 dB: 17/512 sensing elements outside [0,1] (min=-0.1816, max=1.2349) -> clamped
2026-09-28 21:29:38 | src.evaluation.evaluator       | WARNING | SNR=1.0 dB: 26/768 sensing elements outside [0,1] (min=-0.3880, max=1.5565) -> clamped
2026-09-28 21:29:38 | src.evaluation.evaluator       | WARNING | SNR=3.0 dB: 9/512 sensing elements outside [0,1] (min=-0.2826, max=0.9055) -> clamped
2026-09-28 21:29:38 | src.evaluation.evaluator       | WARNING | SNR=5.0 dB: 10/512 sensing elements outside [0,1] (min=-0.3050, max=1.1464) -> clamped
2026-09-28 21:29:38 | src.evaluation.evaluator       | WARNING | SNR=7.0 dB: 11/512 sensing elements outside [0,1] (min=-0.1819, max=0.9409) -> clamped
2026-09-28 21:29:39 | src.evaluation.evaluator       | WARNING | SNR=9.0 dB: 14/768 sensing elements outside [0,1] (min=-0.4356, max=1.0096) -> clamped
2026-09-28 21:29:39 | src.evaluation.evaluator       | WARNING | SNR=11.0 dB: 15/768 sensing elements outside [0,1] (min=-0.5540, max=1.0992) -> clamped
2026-09-28 21:29:39 | src.evaluation.evaluator       | WARNING | SNR=13.0 dB: 16/768 sensing elements outside [0,1] (min=-0.4879, max=0.9708) -> clamped
2026-09-28 21:29:39 | src.evaluation.evaluator       | WARNING | SNR=15.0 dB: 11/512 sensing elements outside [0,1] (min=-0.1433, max=1.0818) -> clamped
2026-09-28 21:29:39 | src.evaluation.evaluator       | WARNING | SNR=17.0 dB: 10/512 sensing elements outside [0,1] (min=-0.5178, max=1.0117) -> clamped
2026-09-28 21:29:39 | src.evaluation.evaluator       | WARNING | SNR=19.0 dB: 18/512 sensing elements outside [0,1] (min=-0.3453, max=1.0661) -> clamped
2026-09-28 21:29:40 | src.evaluation.evaluator       | WARNING | SNR=21.0 dB: 19/512 sensing elements outside [0,1] (min=-0.3267, max=1.0642) -> clamped
2026-09-28 21:29:40 | src.evaluation.evaluator       | INFO   | Evaluation completed for 14 SNR points
2026-09-28 21:29:40 | src.experiments.run_jamming    | INFO   | jamming barrage r=4 JSR=10.0 dB | BER=0.40569
2026-09-28 21:29:40 | src.experiments.run_jamming    | INFO   | Results for barrage saved to /content/drive/MyDrive/DHUC_RUN/lstm/full/jamming/lstm/jamming/jamming_results_barrage.csv
2026-09-28 21:29:40 | src.experiments.run_jamming    | INFO   | Per-realization results for barrage saved to /content/drive/MyDrive/DHUC_RUN/lstm/full/jamming/lstm/jamming/jamming_realizations_barrage.csv
2026-09-28 21:29:40 | src.experiments.run_jamming    | INFO   | Processing jamming: partial_band (5 realization(s))
2026-09-28 21:29:40 | src.evaluation.evaluator       | INFO   | Starting evaluation over 14 SNR points
2026-09-28 21:29:47 | src.evaluation.evaluator       | WARNING | SNR=1.0 dB: 2/512 sensing elements outside [0,1] (min=-0.0394, max=1.0638) -> clamped
2026-09-28 21:29:50 | src.evaluation.evaluator       | WARNING | SNR=5.0 dB: 4/768 sensing elements outside [0,1] (min=0.0751, max=1.0459) -> clamped
2026-09-28 21:29:52 | src.evaluation.evaluator       | WARNING | SNR=7.0 dB: 4/768 sensing elements outside [0,1] (min=-0.0016, max=1.0212) -> clamped
2026-09-28 21:29:54 | src.evaluation.evaluator       | WARNING | SNR=9.0 dB: 1/82 sensing elements outside [0,1] (min=0.1432, max=1.0501) -> clamped
2026-09-28 21:29:56 | src.evaluation.evaluator       | WARNING | SNR=11.0 dB: 8/1792 sensing elements outside [0,1] (min=-0.0073, max=1.0616) -> clamped
2026-09-28 21:29:58 | src.evaluation.evaluator       | WARNING | SNR=13.0 dB: 14/2560 sensing elements outside [0,1] (min=-0.0234, max=1.0937) -> clamped
2026-09-28 21:30:00 | src.evaluation.evaluator       | WARNING | SNR=15.0 dB: 12/2560 sensing elements outside [0,1] (min=-0.0046, max=1.0951) -> clamped
2026-09-28 21:30:02 | src.evaluation.evaluator       | WARNING | SNR=17.0 dB: 15/2048 sensing elements outside [0,1] (min=-0.0058, max=1.0805) -> clamped
2026-09-28 21:30:04 | src.evaluation.evaluator       | WARNING | SNR=19.0 dB: 16/3584 sensing elements outside [0,1] (min=-0.0142, max=1.0430) -> clamped
2026-09-28 21:30:05 | src.evaluation.evaluator       | WARNING | SNR=21.0 dB: 14/2644 sensing elements outside [0,1] (min=-0.0262, max=1.1232) -> clamped
2026-09-28 21:30:05 | src.evaluation.evaluator       | INFO   | Evaluation completed for 14 SNR points
2026-09-28 21:30:05 | src.experiments.run_jamming    | INFO   | jamming partial_band r=0 JSR=-10.0 dB | BER=0.01356
2026-09-28 21:30:06 | src.evaluation.evaluator       | INFO   | Starting evaluation over 14 SNR points
2026-09-28 21:30:11 | src.evaluation.evaluator       | WARNING | SNR=1.0 dB: 3/768 sensing elements outside [0,1] (min=-0.0290, max=1.0655) -> clamped
2026-09-28 21:30:15 | src.evaluation.evaluator       | WARNING | SNR=5.0 dB: 3/512 sensing elements outside [0,1] (min=0.1177, max=1.0429) -> clamped
2026-09-28 21:30:17 | src.evaluation.evaluator       | WARNING | SNR=7.0 dB: 1/256 sensing elements outside [0,1] (min=0.0591, max=1.0069) -> clamped
2026-09-28 21:30:19 | src.evaluation.evaluator       | WARNING | SNR=9.0 dB: 1/82 sensing elements outside [0,1] (min=0.1489, max=1.0360) -> clamped
2026-09-28 21:30:21 | src.evaluation.evaluator       | WARNING | SNR=11.0 dB: 7/1792 sensing elements outside [0,1] (min=-0.0054, max=1.0469) -> clamped
2026-09-28 21:30:22 | src.evaluation.evaluator       | WARNING | SNR=13.0 dB: 9/1792 sensing elements outside [0,1] (min=-0.0193, max=1.0923) -> clamped
2026-09-28 21:30:25 | src.evaluation.evaluator       | WARNING | SNR=15.0 dB: 8/2048 sensing elements outside [0,1] (min=0.0170, max=1.0812) -> clamped
2026-09-28 21:30:27 | src.evaluation.evaluator       | WARNING | SNR=17.0 dB: 10/1536 sensing elements outside [0,1] (min=-0.0017, max=1.0906) -> clamped
2026-09-28 21:30:29 | src.evaluation.evaluator       | WARNING | SNR=19.0 dB: 7/1792 sensing elements outside [0,1] (min=0.0118, max=1.0408) -> clamped
2026-09-28 21:30:31 | src.evaluation.evaluator       | WARNING | SNR=21.0 dB: 10/2132 sensing elements outside [0,1] (min=-0.0274, max=1.1197) -> clamped
2026-09-28 21:30:31 | src.evaluation.evaluator       | INFO   | Evaluation completed for 14 SNR points
2026-09-28 21:30:31 | src.experiments.run_jamming    | INFO   | jamming partial_band r=0 JSR=-8.0 dB | BER=0.01953
2026-09-28 21:30:31 | src.evaluation.evaluator       | INFO   | Starting evaluation over 14 SNR points
2026-09-28 21:30:35 | src.evaluation.evaluator       | WARNING | SNR=1.0 dB: 3/768 sensing elements outside [0,1] (min=-0.0107, max=1.0634) -> clamped
2026-09-28 21:30:40 | src.evaluation.evaluator       | WARNING | SNR=5.0 dB: 1/256 sensing elements outside [0,1] (min=0.1277, max=1.0336) -> clamped
2026-09-28 21:30:43 | src.evaluation.evaluator       | WARNING | SNR=9.0 dB: 2/338 sensing elements outside [0,1] (min=0.1496, max=1.0207) -> clamped
2026-09-28 21:30:45 | src.evaluation.evaluator       | WARNING | SNR=11.0 dB: 4/1024 sensing elements outside [0,1] (min=-0.0031, max=1.0337) -> clamped
2026-09-28 21:30:47 | src.evaluation.evaluator       | WARNING | SNR=13.0 dB: 6/1280 sensing elements outside [0,1] (min=-0.0139, max=1.0722) -> clamped
2026-09-28 21:30:49 | src.evaluation.evaluator       | WARNING | SNR=15.0 dB: 2/512 sensing elements outside [0,1] (min=0.0300, max=1.0452) -> clamped
2026-09-28 21:30:51 | src.evaluation.evaluator       | WARNING | SNR=17.0 dB: 4/1024 sensing elements outside [0,1] (min=0.0679, max=1.0997) -> clamped
2026-09-28 21:30:53 | src.evaluation.evaluator       | WARNING | SNR=19.0 dB: 6/1536 sensing elements outside [0,1] (min=0.0327, max=1.0389) -> clamped
2026-09-28 21:30:55 | src.evaluation.evaluator       | WARNING | SNR=21.0 dB: 7/1364 sensing elements outside [0,1] (min=-0.0287, max=1.1151) -> clamped
2026-09-28 21:30:55 | src.evaluation.evaluator       | INFO   | Evaluation completed for 14 SNR points
2026-09-28 21:30:55 | src.experiments.run_jamming    | INFO   | jamming partial_band r=0 JSR=-6.0 dB | BER=0.03343
2026-09-28 21:30:55 | src.evaluation.evaluator       | INFO   | Starting evaluation over 14 SNR points
2026-09-28 21:31:00 | src.evaluation.evaluator       | WARNING | SNR=5.0 dB: 1/256 sensing elements outside [0,1] (min=0.1452, max=1.0147) -> clamped
2026-09-28 21:31:03 | src.evaluation.evaluator       | WARNING | SNR=11.0 dB: 1/256 sensing elements outside [0,1] (min=0.1536, max=1.0109) -> clamped
2026-09-28 21:31:05 | src.evaluation.evaluator       | WARNING | SNR=13.0 dB: 2/512 sensing elements outside [0,1] (min=-0.0017, max=1.0204) -> clamped
2026-09-28 21:31:09 | src.evaluation.evaluator       | WARNING | SNR=17.0 dB: 1/256 sensing elements outside [0,1] (min=0.0870, max=1.1006) -> clamped
2026-09-28 21:31:10 | src.evaluation.evaluator       | WARNING | SNR=19.0 dB: 2/512 sensing elements outside [0,1] (min=0.0722, max=1.0341) -> clamped
2026-09-28 21:31:12 | src.evaluation.evaluator       | WARNING | SNR=21.0 dB: 5/1280 sensing elements outside [0,1] (min=-0.0112, max=1.1105) -> clamped
2026-09-28 21:31:12 | src.evaluation.evaluator       | INFO   | Evaluation completed for 14 SNR points
2026-09-28 21:31:12 | src.experiments.run_jamming    | INFO   | jamming partial_band r=0 JSR=-4.0 dB | BER=0.06893
2026-09-28 21:31:12 | src.evaluation.evaluator       | INFO   | Starting evaluation over 14 SNR points
2026-09-28 21:31:17 | src.evaluation.evaluator       | WARNING | SNR=17.0 dB: 1/256 sensing elements outside [0,1] (min=0.1099, max=1.0936) -> clamped
2026-09-28 21:31:19 | src.evaluation.evaluator       | WARNING | SNR=21.0 dB: 1/256 sensing elements outside [0,1] (min=-0.0089, max=0.8418) -> clamped
2026-09-28 21:31:19 | src.evaluation.evaluator       | INFO   | Evaluation completed for 14 SNR points
2026-09-28 21:31:19 | src.experiments.run_jamming    | INFO   | jamming partial_band r=0 JSR=-2.0 dB | BER=0.14328
2026-09-28 21:31:19 | src.evaluation.evaluator       | INFO   | Starting evaluation over 14 SNR points
2026-09-28 21:31:24 | src.evaluation.evaluator       | INFO   | Evaluation completed for 14 SNR points
2026-09-28 21:31:24 | src.experiments.run_jamming    | INFO   | jamming partial_band r=0 JSR=0.0 dB | BER=0.26060
2026-09-28 21:31:24 | src.evaluation.evaluator       | INFO   | Starting evaluation over 14 SNR points
2026-09-28 21:31:24 | src.evaluation.evaluator       | WARNING | SNR=-5.0 dB: 1/256 sensing elements outside [0,1] (min=-0.0326, max=0.7628) -> clamped
2026-09-28 21:31:24 | src.evaluation.evaluator       | WARNING | SNR=-3.0 dB: 1/256 sensing elements outside [0,1] (min=-0.0128, max=0.7398) -> clamped
2026-09-28 21:31:24 | src.evaluation.evaluator       | WARNING | SNR=-1.0 dB: 1/256 sensing elements outside [0,1] (min=-0.0194, max=0.7588) -> clamped
2026-09-28 21:31:25 | src.evaluation.evaluator       | WARNING | SNR=11.0 dB: 1/256 sensing elements outside [0,1] (min=-0.1928, max=0.8950) -> clamped
2026-09-28 21:31:26 | src.evaluation.evaluator       | WARNING | SNR=13.0 dB: 1/256 sensing elements outside [0,1] (min=-0.0144, max=0.8506) -> clamped
2026-09-28 21:31:26 | src.evaluation.evaluator       | WARNING | SNR=19.0 dB: 2/256 sensing elements outside [0,1] (min=-0.0498, max=0.9085) -> clamped
2026-09-28 21:31:26 | src.evaluation.evaluator       | INFO   | Evaluation completed for 14 SNR points
2026-09-28 21:31:26 | src.experiments.run_jamming    | INFO   | jamming partial_band r=0 JSR=2.0 dB | BER=0.39648
2026-09-28 21:31:27 | src.evaluation.evaluator       | INFO   | Starting evaluation over 14 SNR points
2026-09-28 21:31:27 | src.evaluation.evaluator       | WARNING | SNR=-5.0 dB: 2/256 sensing elements outside [0,1] (min=-0.1477, max=0.8069) -> clamped
2026-09-28 21:31:27 | src.evaluation.evaluator       | WARNING | SNR=-3.0 dB: 3/512 sensing elements outside [0,1] (min=-0.1533, max=0.8948) -> clamped
2026-09-28 21:31:27 | src.evaluation.evaluator       | WARNING | SNR=-1.0 dB: 5/512 sensing elements outside [0,1] (min=-0.1478, max=0.8213) -> clamped
2026-09-28 21:31:27 | src.evaluation.evaluator       | WARNING | SNR=1.0 dB: 4/256 sensing elements outside [0,1] (min=-0.1300, max=0.8288) -> clamped
2026-09-28 21:31:27 | src.evaluation.evaluator       | WARNING | SNR=5.0 dB: 4/512 sensing elements outside [0,1] (min=-0.1939, max=0.8380) -> clamped
2026-09-28 21:31:28 | src.evaluation.evaluator       | WARNING | SNR=7.0 dB: 1/256 sensing elements outside [0,1] (min=-0.0200, max=0.8539) -> clamped
2026-09-28 21:31:28 | src.evaluation.evaluator       | WARNING | SNR=9.0 dB: 1/256 sensing elements outside [0,1] (min=-0.0107, max=0.7592) -> clamped
2026-09-28 21:31:28 | src.evaluation.evaluator       | WARNING | SNR=11.0 dB: 2/512 sensing elements outside [0,1] (min=-0.4656, max=0.8838) -> clamped
2026-09-28 21:31:28 | src.evaluation.evaluator       | WARNING | SNR=13.0 dB: 3/512 sensing elements outside [0,1] (min=-0.1991, max=0.8238) -> clamped
2026-09-28 21:31:28 | src.evaluation.evaluator       | WARNING | SNR=15.0 dB: 3/512 sensing elements outside [0,1] (min=-0.0797, max=0.9875) -> clamped
2026-09-28 21:31:28 | src.evaluation.evaluator       | WARNING | SNR=17.0 dB: 4/512 sensing elements outside [0,1] (min=-0.1560, max=0.9489) -> clamped
2026-09-28 21:31:29 | src.evaluation.evaluator       | WARNING | SNR=19.0 dB: 3/256 sensing elements outside [0,1] (min=-0.2738, max=0.9143) -> clamped
2026-09-28 21:31:29 | src.evaluation.evaluator       | INFO   | Evaluation completed for 14 SNR points
2026-09-28 21:31:29 | src.experiments.run_jamming    | INFO   | jamming partial_band r=0 JSR=4.0 dB | BER=0.48326
2026-09-28 21:31:29 | src.evaluation.evaluator       | INFO   | Starting evaluation over 14 SNR points
2026-09-28 21:31:29 | src.evaluation.evaluator       | WARNING | SNR=-5.0 dB: 9/512 sensing elements outside [0,1] (min=-0.2709, max=0.8702) -> clamped
2026-09-28 21:31:29 | src.evaluation.evaluator       | WARNING | SNR=-3.0 dB: 11/512 sensing elements outside [0,1] (min=-0.3734, max=0.9532) -> clamped
2026-09-28 21:31:29 | src.evaluation.evaluator       | WARNING | SNR=-1.0 dB: 16/512 sensing elements outside [0,1] (min=-0.3560, max=0.8715) -> clamped
2026-09-28 21:31:29 | src.evaluation.evaluator       | WARNING | SNR=1.0 dB: 12/512 sensing elements outside [0,1] (min=-0.3292, max=0.8310) -> clamped
2026-09-28 21:31:30 | src.evaluation.evaluator       | WARNING | SNR=3.0 dB: 6/512 sensing elements outside [0,1] (min=-0.1572, max=0.8832) -> clamped
2026-09-28 21:31:30 | src.evaluation.evaluator       | WARNING | SNR=5.0 dB: 8/512 sensing elements outside [0,1] (min=-0.4365, max=0.8251) -> clamped
2026-09-28 21:31:30 | src.evaluation.evaluator       | WARNING | SNR=7.0 dB: 17/512 sensing elements outside [0,1] (min=-0.1926, max=0.8543) -> clamped
2026-09-28 21:31:30 | src.evaluation.evaluator       | WARNING | SNR=9.0 dB: 3/512 sensing elements outside [0,1] (min=-0.1659, max=0.8308) -> clamped
2026-09-28 21:31:30 | src.evaluation.evaluator       | WARNING | SNR=11.0 dB: 6/512 sensing elements outside [0,1] (min=-0.8195, max=0.8839) -> clamped
2026-09-28 21:31:30 | src.evaluation.evaluator       | WARNING | SNR=13.0 dB: 10/512 sensing elements outside [0,1] (min=-0.4239, max=0.8219) -> clamped
2026-09-28 21:31:30 | src.evaluation.evaluator       | WARNING | SNR=15.0 dB: 7/512 sensing elements outside [0,1] (min=-0.3040, max=0.9755) -> clamped
2026-09-28 21:31:31 | src.evaluation.evaluator       | WARNING | SNR=17.0 dB: 13/512 sensing elements outside [0,1] (min=-0.3768, max=0.9992) -> clamped
2026-09-28 21:31:31 | src.evaluation.evaluator       | WARNING | SNR=19.0 dB: 10/512 sensing elements outside [0,1] (min=-0.5665, max=0.9347) -> clamped
2026-09-28 21:31:31 | src.evaluation.evaluator       | WARNING | SNR=21.0 dB: 5/512 sensing elements outside [0,1] (min=-0.1215, max=0.8761) -> clamped
2026-09-28 21:31:31 | src.evaluation.evaluator       | INFO   | Evaluation completed for 14 SNR points
2026-09-28 21:31:31 | src.experiments.run_jamming    | INFO   | jamming partial_band r=0 JSR=6.0 dB | BER=0.50642
2026-09-28 21:31:31 | src.evaluation.evaluator       | INFO   | Starting evaluation over 14 SNR points
2026-09-28 21:31:31 | src.evaluation.evaluator       | WARNING | SNR=-5.0 dB: 16/512 sensing elements outside [0,1] (min=-0.4131, max=0.9452) -> clamped
2026-09-28 21:31:31 | src.evaluation.evaluator       | WARNING | SNR=-3.0 dB: 29/512 sensing elements outside [0,1] (min=-0.6858, max=1.0016) -> clamped
2026-09-28 21:31:32 | src.evaluation.evaluator       | WARNING | SNR=-1.0 dB: 29/512 sensing elements outside [0,1] (min=-0.6187, max=0.9271) -> clamped
2026-09-28 21:31:32 | src.evaluation.evaluator       | WARNING | SNR=1.0 dB: 30/512 sensing elements outside [0,1] (min=-0.5467, max=0.8355) -> clamped
2026-09-28 21:31:32 | src.evaluation.evaluator       | WARNING | SNR=3.0 dB: 20/512 sensing elements outside [0,1] (min=-0.4060, max=0.9189) -> clamped
2026-09-28 21:31:32 | src.evaluation.evaluator       | WARNING | SNR=5.0 dB: 27/512 sensing elements outside [0,1] (min=-0.6961, max=0.8896) -> clamped
2026-09-28 21:31:33 | src.evaluation.evaluator       | WARNING | SNR=7.0 dB: 31/512 sensing elements outside [0,1] (min=-0.4179, max=0.8786) -> clamped
2026-09-28 21:31:33 | src.evaluation.evaluator       | WARNING | SNR=9.0 dB: 20/512 sensing elements outside [0,1] (min=-0.3543, max=0.9005) -> clamped
2026-09-28 21:31:33 | src.evaluation.evaluator       | WARNING | SNR=11.0 dB: 23/512 sensing elements outside [0,1] (min=-1.2606, max=0.9224) -> clamped
2026-09-28 21:31:33 | src.evaluation.evaluator       | WARNING | SNR=13.0 dB: 26/512 sensing elements outside [0,1] (min=-0.6959, max=0.8831) -> clamped
2026-09-28 21:31:33 | src.evaluation.evaluator       | WARNING | SNR=15.0 dB: 33/512 sensing elements outside [0,1] (min=-0.5673, max=0.9568) -> clamped
2026-09-28 21:31:34 | src.evaluation.evaluator       | WARNING | SNR=17.0 dB: 33/512 sensing elements outside [0,1] (min=-0.6458, max=1.0604) -> clamped
2026-09-28 21:31:34 | src.evaluation.evaluator       | WARNING | SNR=19.0 dB: 29/512 sensing elements outside [0,1] (min=-0.9236, max=0.9585) -> clamped
2026-09-28 21:31:34 | src.evaluation.evaluator       | WARNING | SNR=21.0 dB: 23/512 sensing elements outside [0,1] (min=-0.3805, max=0.8752) -> clamped
2026-09-28 21:31:34 | src.evaluation.evaluator       | INFO   | Evaluation completed for 14 SNR points
2026-09-28 21:31:34 | src.experiments.run_jamming    | INFO   | jamming partial_band r=0 JSR=8.0 dB | BER=0.51032
2026-09-28 21:31:34 | src.evaluation.evaluator       | INFO   | Starting evaluation over 14 SNR points
2026-09-28 21:31:34 | src.evaluation.evaluator       | WARNING | SNR=-5.0 dB: 48/512 sensing elements outside [0,1] (min=-0.6005, max=1.0121) -> clamped
2026-09-28 21:31:35 | src.evaluation.evaluator       | WARNING | SNR=-3.0 dB: 53/512 sensing elements outside [0,1] (min=-1.0497, max=1.0628) -> clamped
2026-09-28 21:31:35 | src.evaluation.evaluator       | WARNING | SNR=-1.0 dB: 61/512 sensing elements outside [0,1] (min=-1.0421, max=1.0066) -> clamped
2026-09-28 21:31:35 | src.evaluation.evaluator       | WARNING | SNR=1.0 dB: 54/512 sensing elements outside [0,1] (min=-0.7746, max=0.8650) -> clamped
2026-09-28 21:31:35 | src.evaluation.evaluator       | WARNING | SNR=3.0 dB: 50/512 sensing elements outside [0,1] (min=-0.7560, max=0.9527) -> clamped
2026-09-28 21:31:35 | src.evaluation.evaluator       | WARNING | SNR=5.0 dB: 68/512 sensing elements outside [0,1] (min=-0.9689, max=1.0051) -> clamped
2026-09-28 21:31:36 | src.evaluation.evaluator       | WARNING | SNR=7.0 dB: 62/512 sensing elements outside [0,1] (min=-0.7101, max=0.9435) -> clamped
2026-09-28 21:31:36 | src.evaluation.evaluator       | WARNING | SNR=9.0 dB: 51/512 sensing elements outside [0,1] (min=-0.5720, max=0.9895) -> clamped
2026-09-28 21:31:36 | src.evaluation.evaluator       | WARNING | SNR=11.0 dB: 65/512 sensing elements outside [0,1] (min=-1.7785, max=0.9577) -> clamped
2026-09-28 21:31:36 | src.evaluation.evaluator       | WARNING | SNR=13.0 dB: 55/512 sensing elements outside [0,1] (min=-1.0085, max=0.9393) -> clamped
2026-09-28 21:31:36 | src.evaluation.evaluator       | WARNING | SNR=15.0 dB: 61/512 sensing elements outside [0,1] (min=-0.8526, max=0.9387) -> clamped
2026-09-28 21:31:36 | src.evaluation.evaluator       | WARNING | SNR=17.0 dB: 73/512 sensing elements outside [0,1] (min=-1.0009, max=1.1144) -> clamped
2026-09-28 21:31:36 | src.evaluation.evaluator       | WARNING | SNR=19.0 dB: 57/512 sensing elements outside [0,1] (min=-1.3348, max=0.9931) -> clamped
2026-09-28 21:31:37 | src.evaluation.evaluator       | WARNING | SNR=21.0 dB: 64/512 sensing elements outside [0,1] (min=-0.6528, max=0.8884) -> clamped
2026-09-28 21:31:37 | src.evaluation.evaluator       | INFO   | Evaluation completed for 14 SNR points
2026-09-28 21:31:37 | src.experiments.run_jamming    | INFO   | jamming partial_band r=0 JSR=10.0 dB | BER=0.51032
2026-09-28 21:31:37 | src.evaluation.evaluator       | INFO   | Starting evaluation over 14 SNR points
2026-09-28 21:31:41 | src.evaluation.evaluator       | WARNING | SNR=-1.0 dB: 1/256 sensing elements outside [0,1] (min=-0.0033, max=0.9243) -> clamped
2026-09-28 21:31:43 | src.evaluation.evaluator       | WARNING | SNR=1.0 dB: 3/768 sensing elements outside [0,1] (min=-0.0832, max=1.0447) -> clamped
2026-09-28 21:31:44 | src.evaluation.evaluator       | WARNING | SNR=3.0 dB: 1/256 sensing elements outside [0,1] (min=0.1466, max=1.0018) -> clamped
2026-09-28 21:31:47 | src.evaluation.evaluator       | WARNING | SNR=5.0 dB: 1/256 sensing elements outside [0,1] (min=0.0843, max=1.0215) -> clamped
2026-09-28 21:31:49 | src.evaluation.evaluator       | WARNING | SNR=7.0 dB: 4/1024 sensing elements outside [0,1] (min=-0.0387, max=1.0352) -> clamped
2026-09-28 21:31:51 | src.evaluation.evaluator       | WARNING | SNR=9.0 dB: 4/850 sensing elements outside [0,1] (min=-0.0085, max=1.0466) -> clamped
2026-09-28 21:31:53 | src.evaluation.evaluator       | WARNING | SNR=11.0 dB: 7/1536 sensing elements outside [0,1] (min=-0.0113, max=1.0497) -> clamped
2026-09-28 21:31:55 | src.evaluation.evaluator       | WARNING | SNR=13.0 dB: 17/2816 sensing elements outside [0,1] (min=-0.0172, max=1.0695) -> clamped
2026-09-28 21:31:56 | src.evaluation.evaluator       | WARNING | SNR=15.0 dB: 11/2304 sensing elements outside [0,1] (min=0.0085, max=1.1114) -> clamped
2026-09-28 21:31:58 | src.evaluation.evaluator       | WARNING | SNR=17.0 dB: 12/2560 sensing elements outside [0,1] (min=0.0102, max=1.0289) -> clamped
2026-09-28 21:32:00 | src.evaluation.evaluator       | WARNING | SNR=19.0 dB: 10/2560 sensing elements outside [0,1] (min=-0.0413, max=1.0540) -> clamped
2026-09-28 21:32:03 | src.evaluation.evaluator       | WARNING | SNR=21.0 dB: 14/2816 sensing elements outside [0,1] (min=-0.0058, max=1.1267) -> clamped
2026-09-28 21:32:03 | src.evaluation.evaluator       | INFO   | Evaluation completed for 14 SNR points
2026-09-28 21:32:03 | src.experiments.run_jamming    | INFO   | jamming partial_band r=1 JSR=-10.0 dB | BER=0.01544
2026-09-28 21:32:03 | src.evaluation.evaluator       | INFO   | Starting evaluation over 14 SNR points
2026-09-28 21:32:06 | src.evaluation.evaluator       | WARNING | SNR=-1.0 dB: 1/256 sensing elements outside [0,1] (min=-0.0067, max=0.9261) -> clamped
2026-09-28 21:32:08 | src.evaluation.evaluator       | WARNING | SNR=1.0 dB: 3/768 sensing elements outside [0,1] (min=-0.0869, max=1.0563) -> clamped
2026-09-28 21:32:10 | src.evaluation.evaluator       | WARNING | SNR=3.0 dB: 1/256 sensing elements outside [0,1] (min=0.1473, max=1.0170) -> clamped
2026-09-28 21:32:12 | src.evaluation.evaluator       | WARNING | SNR=5.0 dB: 1/256 sensing elements outside [0,1] (min=0.1194, max=1.0127) -> clamped
2026-09-28 21:32:14 | src.evaluation.evaluator       | WARNING | SNR=7.0 dB: 4/1024 sensing elements outside [0,1] (min=-0.0462, max=1.0357) -> clamped
2026-09-28 21:32:17 | src.evaluation.evaluator       | WARNING | SNR=9.0 dB: 4/850 sensing elements outside [0,1] (min=-0.0167, max=1.0429) -> clamped
2026-09-28 21:32:19 | src.evaluation.evaluator       | WARNING | SNR=11.0 dB: 3/512 sensing elements outside [0,1] (min=-0.0295, max=1.0258) -> clamped
2026-09-28 21:32:20 | src.evaluation.evaluator       | WARNING | SNR=13.0 dB: 12/2048 sensing elements outside [0,1] (min=-0.0136, max=1.0654) -> clamped
2026-09-28 21:32:22 | src.evaluation.evaluator       | WARNING | SNR=15.0 dB: 7/1280 sensing elements outside [0,1] (min=0.0051, max=1.1004) -> clamped
2026-09-28 21:32:24 | src.evaluation.evaluator       | WARNING | SNR=17.0 dB: 6/1536 sensing elements outside [0,1] (min=0.0382, max=1.0207) -> clamped
2026-09-28 21:32:26 | src.evaluation.evaluator       | WARNING | SNR=19.0 dB: 9/2304 sensing elements outside [0,1] (min=-0.0333, max=1.0445) -> clamped
2026-09-28 21:32:28 | src.evaluation.evaluator       | WARNING | SNR=21.0 dB: 7/1792 sensing elements outside [0,1] (min=-0.0006, max=1.1242) -> clamped
2026-09-28 21:32:28 | src.evaluation.evaluator       | INFO   | Evaluation completed for 14 SNR points
2026-09-28 21:32:28 | src.experiments.run_jamming    | INFO   | jamming partial_band r=1 JSR=-8.0 dB | BER=0.02524
2026-09-28 21:32:28 | src.evaluation.evaluator       | INFO   | Starting evaluation over 14 SNR points
2026-09-28 21:32:32 | src.evaluation.evaluator       | WARNING | SNR=1.0 dB: 1/256 sensing elements outside [0,1] (min=-0.0873, max=0.8993) -> clamped
2026-09-28 21:32:34 | src.evaluation.evaluator       | WARNING | SNR=3.0 dB: 1/256 sensing elements outside [0,1] (min=0.1511, max=1.0266) -> clamped
2026-09-28 21:32:35 | src.evaluation.evaluator       | WARNING | SNR=5.0 dB: 1/256 sensing elements outside [0,1] (min=0.1431, max=1.0010) -> clamped
2026-09-28 21:32:36 | src.evaluation.evaluator       | WARNING | SNR=7.0 dB: 3/768 sensing elements outside [0,1] (min=-0.0520, max=1.0436) -> clamped
2026-09-28 21:32:38 | src.evaluation.evaluator       | WARNING | SNR=9.0 dB: 1/256 sensing elements outside [0,1] (min=0.0646, max=1.0273) -> clamped
2026-09-28 21:32:40 | src.evaluation.evaluator       | WARNING | SNR=11.0 dB: 1/256 sensing elements outside [0,1] (min=-0.0442, max=0.9889) -> clamped
2026-09-28 21:32:41 | src.evaluation.evaluator       | WARNING | SNR=13.0 dB: 7/1536 sensing elements outside [0,1] (min=-0.0071, max=1.0585) -> clamped
2026-09-28 21:32:44 | src.evaluation.evaluator       | WARNING | SNR=15.0 dB: 4/1024 sensing elements outside [0,1] (min=0.0029, max=1.0820) -> clamped
2026-09-28 21:32:46 | src.evaluation.evaluator       | WARNING | SNR=17.0 dB: 2/512 sensing elements outside [0,1] (min=0.0703, max=1.0057) -> clamped
2026-09-28 21:32:47 | src.evaluation.evaluator       | WARNING | SNR=19.0 dB: 4/1024 sensing elements outside [0,1] (min=-0.0168, max=1.0350) -> clamped
2026-09-28 21:32:49 | src.evaluation.evaluator       | WARNING | SNR=21.0 dB: 3/768 sensing elements outside [0,1] (min=0.0618, max=1.1167) -> clamped
2026-09-28 21:32:49 | src.evaluation.evaluator       | INFO   | Evaluation completed for 14 SNR points
2026-09-28 21:32:49 | src.experiments.run_jamming    | INFO   | jamming partial_band r=1 JSR=-6.0 dB | BER=0.05390
2026-09-28 21:32:49 | src.evaluation.evaluator       | INFO   | Starting evaluation over 14 SNR points
2026-09-28 21:32:51 | src.evaluation.evaluator       | WARNING | SNR=3.0 dB: 1/256 sensing elements outside [0,1] (min=0.1545, max=1.0166) -> clamped
2026-09-28 21:32:53 | src.evaluation.evaluator       | WARNING | SNR=9.0 dB: 1/256 sensing elements outside [0,1] (min=-0.0303, max=0.9050) -> clamped
2026-09-28 21:32:55 | src.evaluation.evaluator       | WARNING | SNR=13.0 dB: 1/256 sensing elements outside [0,1] (min=0.0869, max=1.0638) -> clamped
2026-09-28 21:32:58 | src.evaluation.evaluator       | INFO   | Evaluation completed for 14 SNR points
2026-09-28 21:32:58 | src.experiments.run_jamming    | INFO   | jamming partial_band r=1 JSR=-4.0 dB | BER=0.11524
2026-09-28 21:32:58 | src.evaluation.evaluator       | INFO   | Starting evaluation over 14 SNR points
2026-09-28 21:33:01 | src.evaluation.evaluator       | WARNING | SNR=9.0 dB: 1/256 sensing elements outside [0,1] (min=-0.0922, max=0.8999) -> clamped
2026-09-28 21:33:01 | src.evaluation.evaluator       | WARNING | SNR=13.0 dB: 1/256 sensing elements outside [0,1] (min=0.1100, max=1.0677) -> clamped
2026-09-28 21:33:02 | src.evaluation.evaluator       | INFO   | Evaluation completed for 14 SNR points
2026-09-28 21:33:02 | src.experiments.run_jamming    | INFO   | jamming partial_band r=1 JSR=-2.0 dB | BER=0.22635
2026-09-28 21:33:03 | src.evaluation.evaluator       | INFO   | Starting evaluation over 14 SNR points
2026-09-28 21:33:04 | src.evaluation.evaluator       | WARNING | SNR=3.0 dB: 1/256 sensing elements outside [0,1] (min=-0.0116, max=0.8958) -> clamped
2026-09-28 21:33:04 | src.evaluation.evaluator       | WARNING | SNR=9.0 dB: 1/256 sensing elements outside [0,1] (min=-0.1897, max=0.8778) -> clamped
2026-09-28 21:33:06 | src.evaluation.evaluator       | INFO   | Evaluation completed for 14 SNR points
2026-09-28 21:33:06 | src.experiments.run_jamming    | INFO   | jamming partial_band r=1 JSR=0.0 dB | BER=0.36235
2026-09-28 21:33:06 | src.evaluation.evaluator       | INFO   | Starting evaluation over 14 SNR points
2026-09-28 21:33:06 | src.evaluation.evaluator       | WARNING | SNR=-3.0 dB: 1/256 sensing elements outside [0,1] (min=-0.0613, max=0.8593) -> clamped
2026-09-28 21:33:06 | src.evaluation.evaluator       | WARNING | SNR=3.0 dB: 1/256 sensing elements outside [0,1] (min=-0.0631, max=0.8518) -> clamped
2026-09-28 21:33:07 | src.evaluation.evaluator       | WARNING | SNR=13.0 dB: 1/256 sensing elements outside [0,1] (min=-0.0292, max=0.7736) -> clamped
2026-09-28 21:33:08 | src.evaluation.evaluator       | INFO   | Evaluation completed for 14 SNR points
2026-09-28 21:33:08 | src.experiments.run_jamming    | INFO   | jamming partial_band r=1 JSR=2.0 dB | BER=0.44950
2026-09-28 21:33:08 | src.evaluation.evaluator       | INFO   | Starting evaluation over 14 SNR points
2026-09-28 21:33:08 | src.evaluation.evaluator       | WARNING | SNR=-5.0 dB: 1/256 sensing elements outside [0,1] (min=-0.0611, max=0.8024) -> clamped
2026-09-28 21:33:08 | src.evaluation.evaluator       | WARNING | SNR=-3.0 dB: 1/256 sensing elements outside [0,1] (min=-0.2080, max=0.8910) -> clamped
2026-09-28 21:33:09 | src.evaluation.evaluator       | WARNING | SNR=-1.0 dB: 1/256 sensing elements outside [0,1] (min=-0.1066, max=0.7480) -> clamped
2026-09-28 21:33:09 | src.evaluation.evaluator       | WARNING | SNR=3.0 dB: 1/256 sensing elements outside [0,1] (min=-0.1281, max=0.8459) -> clamped
2026-09-28 21:33:10 | src.evaluation.evaluator       | WARNING | SNR=13.0 dB: 3/512 sensing elements outside [0,1] (min=-0.1135, max=0.8019) -> clamped
2026-09-28 21:33:10 | src.evaluation.evaluator       | WARNING | SNR=15.0 dB: 1/256 sensing elements outside [0,1] (min=-0.0649, max=0.9089) -> clamped
2026-09-28 21:33:11 | src.evaluation.evaluator       | WARNING | SNR=19.0 dB: 1/256 sensing elements outside [0,1] (min=-0.0211, max=0.8529) -> clamped
2026-09-28 21:33:11 | src.evaluation.evaluator       | INFO   | Evaluation completed for 14 SNR points
2026-09-28 21:33:11 | src.experiments.run_jamming    | INFO   | jamming partial_band r=1 JSR=4.0 dB | BER=0.48103
2026-09-28 21:33:11 | src.evaluation.evaluator       | INFO   | Starting evaluation over 14 SNR points
2026-09-28 21:33:11 | src.evaluation.evaluator       | WARNING | SNR=-5.0 dB: 8/512 sensing elements outside [0,1] (min=-0.1649, max=0.8805) -> clamped
2026-09-28 21:33:12 | src.evaluation.evaluator       | WARNING | SNR=-3.0 dB: 6/512 sensing elements outside [0,1] (min=-0.3800, max=0.8747) -> clamped
2026-09-28 21:33:12 | src.evaluation.evaluator       | WARNING | SNR=-1.0 dB: 2/512 sensing elements outside [0,1] (min=-0.2856, max=0.7876) -> clamped
2026-09-28 21:33:12 | src.evaluation.evaluator       | WARNING | SNR=1.0 dB: 1/256 sensing elements outside [0,1] (min=-0.1141, max=0.7323) -> clamped
2026-09-28 21:33:12 | src.evaluation.evaluator       | WARNING | SNR=3.0 dB: 3/512 sensing elements outside [0,1] (min=-0.2032, max=0.8166) -> clamped
2026-09-28 21:33:12 | src.evaluation.evaluator       | WARNING | SNR=5.0 dB: 2/512 sensing elements outside [0,1] (min=-0.0316, max=0.8101) -> clamped
2026-09-28 21:33:12 | src.evaluation.evaluator       | WARNING | SNR=7.0 dB: 1/256 sensing elements outside [0,1] (min=-0.1334, max=0.7897) -> clamped
2026-09-28 21:33:13 | src.evaluation.evaluator       | WARNING | SNR=9.0 dB: 2/256 sensing elements outside [0,1] (min=-0.0344, max=0.7734) -> clamped
2026-09-28 21:33:13 | src.evaluation.evaluator       | WARNING | SNR=11.0 dB: 1/256 sensing elements outside [0,1] (min=-0.0068, max=0.7374) -> clamped
2026-09-28 21:33:13 | src.evaluation.evaluator       | WARNING | SNR=13.0 dB: 3/512 sensing elements outside [0,1] (min=-0.2193, max=0.7532) -> clamped
2026-09-28 21:33:13 | src.evaluation.evaluator       | WARNING | SNR=15.0 dB: 1/256 sensing elements outside [0,1] (min=-0.2436, max=0.8687) -> clamped
2026-09-28 21:33:13 | src.evaluation.evaluator       | WARNING | SNR=19.0 dB: 2/512 sensing elements outside [0,1] (min=-0.0934, max=0.7919) -> clamped
2026-09-28 21:33:13 | src.evaluation.evaluator       | WARNING | SNR=21.0 dB: 1/256 sensing elements outside [0,1] (min=-0.1129, max=0.8006) -> clamped
2026-09-28 21:33:13 | src.evaluation.evaluator       | INFO   | Evaluation completed for 14 SNR points
2026-09-28 21:33:13 | src.experiments.run_jamming    | INFO   | jamming partial_band r=1 JSR=6.0 dB | BER=0.48856
2026-09-28 21:33:14 | src.evaluation.evaluator       | INFO   | Starting evaluation over 14 SNR points
2026-09-28 21:33:14 | src.evaluation.evaluator       | WARNING | SNR=-5.0 dB: 13/512 sensing elements outside [0,1] (min=-0.3170, max=0.8673) -> clamped
2026-09-28 21:33:14 | src.evaluation.evaluator       | WARNING | SNR=-3.0 dB: 17/512 sensing elements outside [0,1] (min=-0.5907, max=0.7971) -> clamped
2026-09-28 21:33:14 | src.evaluation.evaluator       | WARNING | SNR=-1.0 dB: 5/512 sensing elements outside [0,1] (min=-0.5152, max=0.7869) -> clamped
2026-09-28 21:33:14 | src.evaluation.evaluator       | WARNING | SNR=1.0 dB: 3/512 sensing elements outside [0,1] (min=-0.3282, max=0.8486) -> clamped
2026-09-28 21:33:14 | src.evaluation.evaluator       | WARNING | SNR=3.0 dB: 7/512 sensing elements outside [0,1] (min=-0.2978, max=0.7717) -> clamped
2026-09-28 21:33:15 | src.evaluation.evaluator       | WARNING | SNR=5.0 dB: 6/512 sensing elements outside [0,1] (min=-0.1759, max=0.7768) -> clamped
2026-09-28 21:33:15 | src.evaluation.evaluator       | WARNING | SNR=7.0 dB: 6/512 sensing elements outside [0,1] (min=-0.3335, max=0.7939) -> clamped
2026-09-28 21:33:15 | src.evaluation.evaluator       | WARNING | SNR=9.0 dB: 9/512 sensing elements outside [0,1] (min=-0.1899, max=0.8238) -> clamped
2026-09-28 21:33:15 | src.evaluation.evaluator       | WARNING | SNR=11.0 dB: 5/512 sensing elements outside [0,1] (min=-0.1552, max=0.8554) -> clamped
2026-09-28 21:33:15 | src.evaluation.evaluator       | WARNING | SNR=13.0 dB: 8/512 sensing elements outside [0,1] (min=-0.4180, max=0.7814) -> clamped
2026-09-28 21:33:15 | src.evaluation.evaluator       | WARNING | SNR=15.0 dB: 10/512 sensing elements outside [0,1] (min=-0.4390, max=0.8277) -> clamped
2026-09-28 21:33:15 | src.evaluation.evaluator       | WARNING | SNR=17.0 dB: 6/512 sensing elements outside [0,1] (min=-0.1122, max=0.8990) -> clamped
2026-09-28 21:33:16 | src.evaluation.evaluator       | WARNING | SNR=19.0 dB: 14/512 sensing elements outside [0,1] (min=-0.2073, max=0.8072) -> clamped
2026-09-28 21:33:16 | src.evaluation.evaluator       | WARNING | SNR=21.0 dB: 7/512 sensing elements outside [0,1] (min=-0.2742, max=0.9134) -> clamped
2026-09-28 21:33:16 | src.evaluation.evaluator       | INFO   | Evaluation completed for 14 SNR points
2026-09-28 21:33:16 | src.experiments.run_jamming    | INFO   | jamming partial_band r=1 JSR=8.0 dB | BER=0.48940
2026-09-28 21:33:16 | src.evaluation.evaluator       | INFO   | Starting evaluation over 14 SNR points
2026-09-28 21:33:16 | src.evaluation.evaluator       | WARNING | SNR=-5.0 dB: 28/512 sensing elements outside [0,1] (min=-0.4824, max=0.8851) -> clamped
2026-09-28 21:33:16 | src.evaluation.evaluator       | WARNING | SNR=-3.0 dB: 37/512 sensing elements outside [0,1] (min=-0.8364, max=0.7690) -> clamped
2026-09-28 21:33:16 | src.evaluation.evaluator       | WARNING | SNR=-1.0 dB: 12/512 sensing elements outside [0,1] (min=-0.7946, max=0.8203) -> clamped
2026-09-28 21:33:17 | src.evaluation.evaluator       | WARNING | SNR=1.0 dB: 14/512 sensing elements outside [0,1] (min=-0.6099, max=0.9346) -> clamped
2026-09-28 21:33:17 | src.evaluation.evaluator       | WARNING | SNR=3.0 dB: 24/512 sensing elements outside [0,1] (min=-0.5360, max=0.8005) -> clamped
2026-09-28 21:33:17 | src.evaluation.evaluator       | WARNING | SNR=5.0 dB: 22/512 sensing elements outside [0,1] (min=-0.3730, max=0.8052) -> clamped
2026-09-28 21:33:17 | src.evaluation.evaluator       | WARNING | SNR=7.0 dB: 17/512 sensing elements outside [0,1] (min=-0.5908, max=0.8163) -> clamped
2026-09-28 21:33:17 | src.evaluation.evaluator       | WARNING | SNR=9.0 dB: 20/512 sensing elements outside [0,1] (min=-0.3874, max=0.8517) -> clamped
2026-09-28 21:33:17 | src.evaluation.evaluator       | WARNING | SNR=11.0 dB: 17/512 sensing elements outside [0,1] (min=-0.3496, max=0.8944) -> clamped
2026-09-28 21:33:17 | src.evaluation.evaluator       | WARNING | SNR=13.0 dB: 26/512 sensing elements outside [0,1] (min=-0.6700, max=0.8865) -> clamped
2026-09-28 21:33:18 | src.evaluation.evaluator       | WARNING | SNR=15.0 dB: 25/512 sensing elements outside [0,1] (min=-0.6489, max=0.8667) -> clamped
2026-09-28 21:33:18 | src.evaluation.evaluator       | WARNING | SNR=17.0 dB: 20/512 sensing elements outside [0,1] (min=-0.2839, max=0.9362) -> clamped
2026-09-28 21:33:18 | src.evaluation.evaluator       | WARNING | SNR=19.0 dB: 30/512 sensing elements outside [0,1] (min=-0.4422, max=0.8585) -> clamped
2026-09-28 21:33:18 | src.evaluation.evaluator       | WARNING | SNR=21.0 dB: 18/512 sensing elements outside [0,1] (min=-0.4794, max=0.9509) -> clamped
2026-09-28 21:33:18 | src.evaluation.evaluator       | INFO   | Evaluation completed for 14 SNR points
2026-09-28 21:33:18 | src.experiments.run_jamming    | INFO   | jamming partial_band r=1 JSR=10.0 dB | BER=0.48968
2026-09-28 21:33:19 | src.evaluation.evaluator       | INFO   | Starting evaluation over 14 SNR points
2026-09-28 21:33:22 | src.evaluation.evaluator       | WARNING | SNR=-1.0 dB: 1/256 sensing elements outside [0,1] (min=-0.0103, max=0.9378) -> clamped
2026-09-28 21:33:25 | src.evaluation.evaluator       | WARNING | SNR=1.0 dB: 2/512 sensing elements outside [0,1] (min=-0.0793, max=1.0220) -> clamped
2026-09-28 21:33:28 | src.evaluation.evaluator       | WARNING | SNR=5.0 dB: 3/768 sensing elements outside [0,1] (min=0.1042, max=1.0490) -> clamped
2026-09-28 21:33:30 | src.evaluation.evaluator       | WARNING | SNR=7.0 dB: 4/1024 sensing elements outside [0,1] (min=-0.0260, max=1.0367) -> clamped
2026-09-28 21:33:32 | src.evaluation.evaluator       | WARNING | SNR=9.0 dB: 7/1618 sensing elements outside [0,1] (min=0.0514, max=1.0323) -> clamped
2026-09-28 21:33:34 | src.evaluation.evaluator       | WARNING | SNR=11.0 dB: 8/2048 sensing elements outside [0,1] (min=-0.0013, max=1.0651) -> clamped
2026-09-28 21:33:36 | src.evaluation.evaluator       | WARNING | SNR=13.0 dB: 11/2816 sensing elements outside [0,1] (min=-0.0044, max=1.0591) -> clamped
2026-09-28 21:33:38 | src.evaluation.evaluator       | WARNING | SNR=15.0 dB: 10/2048 sensing elements outside [0,1] (min=-0.0180, max=1.0635) -> clamped
2026-09-28 21:33:40 | src.evaluation.evaluator       | WARNING | SNR=17.0 dB: 10/1536 sensing elements outside [0,1] (min=-0.0039, max=1.0511) -> clamped
2026-09-28 21:33:42 | src.evaluation.evaluator       | WARNING | SNR=19.0 dB: 12/2560 sensing elements outside [0,1] (min=-0.0321, max=1.0685) -> clamped
2026-09-28 21:33:44 | src.evaluation.evaluator       | WARNING | SNR=21.0 dB: 10/2304 sensing elements outside [0,1] (min=0.0102, max=1.1221) -> clamped
2026-09-28 21:33:44 | src.evaluation.evaluator       | INFO   | Evaluation completed for 14 SNR points
2026-09-28 21:33:44 | src.experiments.run_jamming    | INFO   | jamming partial_band r=2 JSR=-10.0 dB | BER=0.02354
2026-09-28 21:33:44 | src.evaluation.evaluator       | INFO   | Starting evaluation over 14 SNR points
2026-09-28 21:33:48 | src.evaluation.evaluator       | WARNING | SNR=1.0 dB: 2/512 sensing elements outside [0,1] (min=-0.0851, max=1.0312) -> clamped
2026-09-28 21:33:52 | src.evaluation.evaluator       | WARNING | SNR=5.0 dB: 3/768 sensing elements outside [0,1] (min=0.0630, max=1.0467) -> clamped
2026-09-28 21:33:54 | src.evaluation.evaluator       | WARNING | SNR=7.0 dB: 3/768 sensing elements outside [0,1] (min=-0.0302, max=1.0275) -> clamped
2026-09-28 21:33:56 | src.evaluation.evaluator       | WARNING | SNR=9.0 dB: 6/1362 sensing elements outside [0,1] (min=-0.0041, max=1.0322) -> clamped
2026-09-28 21:33:57 | src.evaluation.evaluator       | WARNING | SNR=11.0 dB: 7/1618 sensing elements outside [0,1] (min=-0.0001, max=1.0488) -> clamped
2026-09-28 21:33:59 | src.evaluation.evaluator       | WARNING | SNR=13.0 dB: 6/1536 sensing elements outside [0,1] (min=0.0178, max=1.0510) -> clamped
2026-09-28 21:34:01 | src.evaluation.evaluator       | WARNING | SNR=15.0 dB: 8/1792 sensing elements outside [0,1] (min=-0.0227, max=1.0487) -> clamped
2026-09-28 21:34:03 | src.evaluation.evaluator       | WARNING | SNR=17.0 dB: 8/1280 sensing elements outside [0,1] (min=-0.0078, max=1.0458) -> clamped
2026-09-28 21:34:05 | src.evaluation.evaluator       | WARNING | SNR=19.0 dB: 11/2304 sensing elements outside [0,1] (min=-0.0224, max=1.0722) -> clamped
2026-09-28 21:34:07 | src.evaluation.evaluator       | WARNING | SNR=21.0 dB: 8/1792 sensing elements outside [0,1] (min=0.0165, max=1.1147) -> clamped
2026-09-28 21:34:07 | src.evaluation.evaluator       | INFO   | Evaluation completed for 14 SNR points
2026-09-28 21:34:07 | src.experiments.run_jamming    | INFO   | jamming partial_band r=2 JSR=-8.0 dB | BER=0.04646
2026-09-28 21:34:07 | src.evaluation.evaluator       | INFO   | Starting evaluation over 14 SNR points
2026-09-28 21:34:11 | src.evaluation.evaluator       | WARNING | SNR=5.0 dB: 1/256 sensing elements outside [0,1] (min=0.1556, max=1.0389) -> clamped
2026-09-28 21:34:12 | src.evaluation.evaluator       | WARNING | SNR=9.0 dB: 1/256 sensing elements outside [0,1] (min=0.1322, max=1.0029) -> clamped
2026-09-28 21:34:13 | src.evaluation.evaluator       | WARNING | SNR=13.0 dB: 2/512 sensing elements outside [0,1] (min=0.0813, max=1.0254) -> clamped
2026-09-28 21:34:14 | src.evaluation.evaluator       | WARNING | SNR=15.0 dB: 2/512 sensing elements outside [0,1] (min=0.0435, max=1.0230) -> clamped
2026-09-28 21:34:15 | src.evaluation.evaluator       | WARNING | SNR=17.0 dB: 3/768 sensing elements outside [0,1] (min=-0.0079, max=1.0017) -> clamped
2026-09-28 21:34:15 | src.evaluation.evaluator       | WARNING | SNR=19.0 dB: 1/256 sensing elements outside [0,1] (min=0.1094, max=1.0053) -> clamped
2026-09-28 21:34:16 | src.evaluation.evaluator       | WARNING | SNR=21.0 dB: 1/256 sensing elements outside [0,1] (min=0.0254, max=1.0114) -> clamped
2026-09-28 21:34:16 | src.evaluation.evaluator       | INFO   | Evaluation completed for 14 SNR points
2026-09-28 21:34:16 | src.experiments.run_jamming    | INFO   | jamming partial_band r=2 JSR=-6.0 dB | BER=0.10383
2026-09-28 21:34:16 | src.evaluation.evaluator       | INFO   | Starting evaluation over 14 SNR points
2026-09-28 21:34:18 | src.evaluation.evaluator       | WARNING | SNR=3.0 dB: 1/256 sensing elements outside [0,1] (min=-0.0017, max=0.8490) -> clamped
2026-09-28 21:34:21 | src.evaluation.evaluator       | WARNING | SNR=17.0 dB: 1/256 sensing elements outside [0,1] (min=-0.0018, max=0.9862) -> clamped
2026-09-28 21:34:22 | src.evaluation.evaluator       | INFO   | Evaluation completed for 14 SNR points
2026-09-28 21:34:22 | src.experiments.run_jamming    | INFO   | jamming partial_band r=2 JSR=-4.0 dB | BER=0.21543
2026-09-28 21:34:22 | src.evaluation.evaluator       | INFO   | Starting evaluation over 14 SNR points
2026-09-28 21:34:25 | src.evaluation.evaluator       | INFO   | Evaluation completed for 14 SNR points
2026-09-28 21:34:25 | src.experiments.run_jamming    | INFO   | jamming partial_band r=2 JSR=-2.0 dB | BER=0.36244
2026-09-28 21:34:25 | src.evaluation.evaluator       | INFO   | Starting evaluation over 14 SNR points
2026-09-28 21:34:27 | src.evaluation.evaluator       | INFO   | Evaluation completed for 14 SNR points
2026-09-28 21:34:27 | src.experiments.run_jamming    | INFO   | jamming partial_band r=2 JSR=0.0 dB | BER=0.44894
2026-09-28 21:34:27 | src.evaluation.evaluator       | INFO   | Starting evaluation over 14 SNR points
2026-09-28 21:34:28 | src.evaluation.evaluator       | WARNING | SNR=5.0 dB: 1/256 sensing elements outside [0,1] (min=-0.0297, max=0.9177) -> clamped
2026-09-28 21:34:29 | src.evaluation.evaluator       | WARNING | SNR=13.0 dB: 1/256 sensing elements outside [0,1] (min=-0.1151, max=0.9028) -> clamped
2026-09-28 21:34:29 | src.evaluation.evaluator       | INFO   | Evaluation completed for 14 SNR points
2026-09-28 21:34:29 | src.experiments.run_jamming    | INFO   | jamming partial_band r=2 JSR=2.0 dB | BER=0.48521
2026-09-28 21:34:30 | src.evaluation.evaluator       | INFO   | Starting evaluation over 14 SNR points
2026-09-28 21:34:30 | src.evaluation.evaluator       | WARNING | SNR=-3.0 dB: 1/256 sensing elements outside [0,1] (min=-0.0203, max=0.8378) -> clamped
2026-09-28 21:34:30 | src.evaluation.evaluator       | WARNING | SNR=5.0 dB: 1/256 sensing elements outside [0,1] (min=-0.1417, max=0.8532) -> clamped
2026-09-28 21:34:31 | src.evaluation.evaluator       | WARNING | SNR=9.0 dB: 1/256 sensing elements outside [0,1] (min=-0.1083, max=0.7858) -> clamped
2026-09-28 21:34:31 | src.evaluation.evaluator       | WARNING | SNR=11.0 dB: 1/256 sensing elements outside [0,1] (min=-0.0300, max=0.7748) -> clamped
2026-09-28 21:34:31 | src.evaluation.evaluator       | WARNING | SNR=13.0 dB: 1/256 sensing elements outside [0,1] (min=-0.2478, max=0.8814) -> clamped
2026-09-28 21:34:32 | src.evaluation.evaluator       | WARNING | SNR=15.0 dB: 1/256 sensing elements outside [0,1] (min=-0.0650, max=0.7034) -> clamped
2026-09-28 21:34:32 | src.evaluation.evaluator       | WARNING | SNR=17.0 dB: 1/256 sensing elements outside [0,1] (min=-0.0380, max=0.8487) -> clamped
2026-09-28 21:34:32 | src.evaluation.evaluator       | INFO   | Evaluation completed for 14 SNR points
2026-09-28 21:34:32 | src.experiments.run_jamming    | INFO   | jamming partial_band r=2 JSR=4.0 dB | BER=0.48940
2026-09-28 21:34:32 | src.evaluation.evaluator       | INFO   | Starting evaluation over 14 SNR points
2026-09-28 21:34:33 | src.evaluation.evaluator       | WARNING | SNR=-5.0 dB: 2/512 sensing elements outside [0,1] (min=-0.0625, max=0.7708) -> clamped
2026-09-28 21:34:33 | src.evaluation.evaluator       | WARNING | SNR=-3.0 dB: 2/512 sensing elements outside [0,1] (min=-0.1835, max=0.9468) -> clamped
2026-09-28 21:34:33 | src.evaluation.evaluator       | WARNING | SNR=-1.0 dB: 2/512 sensing elements outside [0,1] (min=-0.0464, max=0.9224) -> clamped
2026-09-28 21:34:33 | src.evaluation.evaluator       | WARNING | SNR=1.0 dB: 7/512 sensing elements outside [0,1] (min=-0.1135, max=0.7648) -> clamped
2026-09-28 21:34:33 | src.evaluation.evaluator       | WARNING | SNR=3.0 dB: 1/256 sensing elements outside [0,1] (min=-0.0683, max=0.8931) -> clamped
2026-09-28 21:34:34 | src.evaluation.evaluator       | WARNING | SNR=5.0 dB: 1/256 sensing elements outside [0,1] (min=-0.2822, max=0.8690) -> clamped
2026-09-28 21:34:34 | src.evaluation.evaluator       | WARNING | SNR=7.0 dB: 2/512 sensing elements outside [0,1] (min=-0.1372, max=0.8112) -> clamped
2026-09-28 21:34:34 | src.evaluation.evaluator       | WARNING | SNR=9.0 dB: 4/512 sensing elements outside [0,1] (min=-0.2517, max=0.8560) -> clamped
2026-09-28 21:34:34 | src.evaluation.evaluator       | WARNING | SNR=11.0 dB: 7/512 sensing elements outside [0,1] (min=-0.1426, max=0.8073) -> clamped
2026-09-28 21:34:34 | src.evaluation.evaluator       | WARNING | SNR=13.0 dB: 5/512 sensing elements outside [0,1] (min=-0.4078, max=0.8645) -> clamped
2026-09-28 21:34:35 | src.evaluation.evaluator       | WARNING | SNR=15.0 dB: 5/512 sensing elements outside [0,1] (min=-0.2042, max=0.8466) -> clamped
2026-09-28 21:34:35 | src.evaluation.evaluator       | WARNING | SNR=17.0 dB: 2/512 sensing elements outside [0,1] (min=-0.1492, max=0.8089) -> clamped
2026-09-28 21:34:35 | src.evaluation.evaluator       | WARNING | SNR=19.0 dB: 1/256 sensing elements outside [0,1] (min=-0.0360, max=0.8129) -> clamped
2026-09-28 21:34:35 | src.evaluation.evaluator       | WARNING | SNR=21.0 dB: 2/256 sensing elements outside [0,1] (min=-0.1152, max=0.8042) -> clamped
2026-09-28 21:34:35 | src.evaluation.evaluator       | INFO   | Evaluation completed for 14 SNR points
2026-09-28 21:34:35 | src.experiments.run_jamming    | INFO   | jamming partial_band r=2 JSR=6.0 dB | BER=0.48968
2026-09-28 21:34:35 | src.evaluation.evaluator       | INFO   | Starting evaluation over 14 SNR points
2026-09-28 21:34:35 | src.evaluation.evaluator       | WARNING | SNR=-5.0 dB: 12/512 sensing elements outside [0,1] (min=-0.2075, max=0.7898) -> clamped
2026-09-28 21:34:36 | src.evaluation.evaluator       | WARNING | SNR=-3.0 dB: 9/512 sensing elements outside [0,1] (min=-0.4003, max=1.0617) -> clamped
2026-09-28 21:34:36 | src.evaluation.evaluator       | WARNING | SNR=-1.0 dB: 9/512 sensing elements outside [0,1] (min=-0.1862, max=0.9612) -> clamped
2026-09-28 21:34:36 | src.evaluation.evaluator       | WARNING | SNR=1.0 dB: 12/512 sensing elements outside [0,1] (min=-0.2912, max=0.7727) -> clamped
2026-09-28 21:34:36 | src.evaluation.evaluator       | WARNING | SNR=3.0 dB: 13/512 sensing elements outside [0,1] (min=-0.2052, max=0.9807) -> clamped
2026-09-28 21:34:36 | src.evaluation.evaluator       | WARNING | SNR=5.0 dB: 10/512 sensing elements outside [0,1] (min=-0.4648, max=0.9434) -> clamped
2026-09-28 21:34:36 | src.evaluation.evaluator       | WARNING | SNR=7.0 dB: 10/512 sensing elements outside [0,1] (min=-0.3585, max=0.8665) -> clamped
2026-09-28 21:34:37 | src.evaluation.evaluator       | WARNING | SNR=9.0 dB: 10/512 sensing elements outside [0,1] (min=-0.4346, max=0.8308) -> clamped
2026-09-28 21:34:37 | src.evaluation.evaluator       | WARNING | SNR=11.0 dB: 14/512 sensing elements outside [0,1] (min=-0.3257, max=0.8161) -> clamped
2026-09-28 21:34:37 | src.evaluation.evaluator       | WARNING | SNR=13.0 dB: 17/512 sensing elements outside [0,1] (min=-0.6056, max=0.8455) -> clamped
2026-09-28 21:34:37 | src.evaluation.evaluator       | WARNING | SNR=15.0 dB: 21/512 sensing elements outside [0,1] (min=-0.3738, max=0.9455) -> clamped
2026-09-28 21:34:37 | src.evaluation.evaluator       | WARNING | SNR=17.0 dB: 9/512 sensing elements outside [0,1] (min=-0.3115, max=0.8465) -> clamped
2026-09-28 21:34:37 | src.evaluation.evaluator       | WARNING | SNR=19.0 dB: 11/512 sensing elements outside [0,1] (min=-0.1487, max=0.8683) -> clamped
2026-09-28 21:34:38 | src.evaluation.evaluator       | WARNING | SNR=21.0 dB: 7/512 sensing elements outside [0,1] (min=-0.2552, max=0.7975) -> clamped
2026-09-28 21:34:38 | src.evaluation.evaluator       | INFO   | Evaluation completed for 14 SNR points
2026-09-28 21:34:38 | src.experiments.run_jamming    | INFO   | jamming partial_band r=2 JSR=8.0 dB | BER=0.48968
2026-09-28 21:34:38 | src.evaluation.evaluator       | INFO   | Starting evaluation over 14 SNR points
2026-09-28 21:34:38 | src.evaluation.evaluator       | WARNING | SNR=-5.0 dB: 30/512 sensing elements outside [0,1] (min=-0.3950, max=0.8007) -> clamped
2026-09-28 21:34:38 | src.evaluation.evaluator       | WARNING | SNR=-3.0 dB: 26/512 sensing elements outside [0,1] (min=-0.6242, max=1.1972) -> clamped
2026-09-28 21:34:38 | src.evaluation.evaluator       | WARNING | SNR=-1.0 dB: 24/512 sensing elements outside [0,1] (min=-0.3734, max=1.0105) -> clamped
2026-09-28 21:34:38 | src.evaluation.evaluator       | WARNING | SNR=1.0 dB: 29/512 sensing elements outside [0,1] (min=-0.5210, max=0.8595) -> clamped
2026-09-28 21:34:38 | src.evaluation.evaluator       | WARNING | SNR=3.0 dB: 26/512 sensing elements outside [0,1] (min=-0.4769, max=1.0781) -> clamped
2026-09-28 21:34:39 | src.evaluation.evaluator       | WARNING | SNR=5.0 dB: 33/512 sensing elements outside [0,1] (min=-0.7010, max=1.0338) -> clamped
2026-09-28 21:34:39 | src.evaluation.evaluator       | WARNING | SNR=7.0 dB: 29/512 sensing elements outside [0,1] (min=-0.6361, max=1.0103) -> clamped
2026-09-28 21:34:39 | src.evaluation.evaluator       | WARNING | SNR=9.0 dB: 30/512 sensing elements outside [0,1] (min=-0.7481, max=0.8673) -> clamped
2026-09-28 21:34:39 | src.evaluation.evaluator       | WARNING | SNR=11.0 dB: 37/512 sensing elements outside [0,1] (min=-0.5489, max=0.8529) -> clamped
2026-09-28 21:34:39 | src.evaluation.evaluator       | WARNING | SNR=13.0 dB: 32/512 sensing elements outside [0,1] (min=-0.8544, max=0.9120) -> clamped
2026-09-28 21:34:39 | src.evaluation.evaluator       | WARNING | SNR=15.0 dB: 49/512 sensing elements outside [0,1] (min=-0.6719, max=1.0799) -> clamped
2026-09-28 21:34:40 | src.evaluation.evaluator       | WARNING | SNR=17.0 dB: 27/512 sensing elements outside [0,1] (min=-0.5243, max=0.9555) -> clamped
2026-09-28 21:34:40 | src.evaluation.evaluator       | WARNING | SNR=19.0 dB: 32/512 sensing elements outside [0,1] (min=-0.3715, max=0.9303) -> clamped
2026-09-28 21:34:40 | src.evaluation.evaluator       | WARNING | SNR=21.0 dB: 19/512 sensing elements outside [0,1] (min=-0.4334, max=0.8831) -> clamped
2026-09-28 21:34:40 | src.evaluation.evaluator       | INFO   | Evaluation completed for 14 SNR points
2026-09-28 21:34:40 | src.experiments.run_jamming    | INFO   | jamming partial_band r=2 JSR=10.0 dB | BER=0.48968
2026-09-28 21:34:40 | src.evaluation.evaluator       | INFO   | Starting evaluation over 14 SNR points
2026-09-28 21:34:45 | src.evaluation.evaluator       | WARNING | SNR=-1.0 dB: 1/256 sensing elements outside [0,1] (min=0.2534, max=1.0009) -> clamped
2026-09-28 21:34:47 | src.evaluation.evaluator       | WARNING | SNR=1.0 dB: 3/768 sensing elements outside [0,1] (min=-0.0348, max=1.0051) -> clamped
2026-09-28 21:34:51 | src.evaluation.evaluator       | WARNING | SNR=5.0 dB: 3/768 sensing elements outside [0,1] (min=0.0134, max=1.0382) -> clamped
2026-09-28 21:34:53 | src.evaluation.evaluator       | WARNING | SNR=7.0 dB: 3/768 sensing elements outside [0,1] (min=0.0068, max=1.0072) -> clamped
2026-09-28 21:34:55 | src.evaluation.evaluator       | WARNING | SNR=9.0 dB: 4/1024 sensing elements outside [0,1] (min=-0.0176, max=1.0120) -> clamped
2026-09-28 21:34:57 | src.evaluation.evaluator       | WARNING | SNR=11.0 dB: 9/2048 sensing elements outside [0,1] (min=-0.0196, max=1.0528) -> clamped
2026-09-28 21:34:59 | src.evaluation.evaluator       | WARNING | SNR=13.0 dB: 15/3072 sensing elements outside [0,1] (min=-0.0190, max=1.0669) -> clamped
2026-09-28 21:35:01 | src.evaluation.evaluator       | WARNING | SNR=15.0 dB: 7/1536 sensing elements outside [0,1] (min=0.0144, max=1.1129) -> clamped
2026-09-28 21:35:03 | src.evaluation.evaluator       | WARNING | SNR=17.0 dB: 11/1280 sensing elements outside [0,1] (min=0.0186, max=1.0712) -> clamped
2026-09-28 21:35:05 | src.evaluation.evaluator       | WARNING | SNR=19.0 dB: 14/3072 sensing elements outside [0,1] (min=-0.0268, max=1.0601) -> clamped
2026-09-28 21:35:07 | src.evaluation.evaluator       | WARNING | SNR=21.0 dB: 11/2560 sensing elements outside [0,1] (min=0.0149, max=1.1232) -> clamped
2026-09-28 21:35:07 | src.evaluation.evaluator       | INFO   | Evaluation completed for 14 SNR points
2026-09-28 21:35:07 | src.experiments.run_jamming    | INFO   | jamming partial_band r=3 JSR=-10.0 dB | BER=0.01517
2026-09-28 21:35:07 | src.evaluation.evaluator       | INFO   | Starting evaluation over 14 SNR points
2026-09-28 21:35:10 | src.evaluation.evaluator       | WARNING | SNR=-1.0 dB: 1/256 sensing elements outside [0,1] (min=0.2666, max=1.0019) -> clamped
2026-09-28 21:35:12 | src.evaluation.evaluator       | WARNING | SNR=1.0 dB: 3/768 sensing elements outside [0,1] (min=-0.0330, max=1.0046) -> clamped
2026-09-28 21:35:17 | src.evaluation.evaluator       | WARNING | SNR=5.0 dB: 2/512 sensing elements outside [0,1] (min=0.0913, max=1.0348) -> clamped
2026-09-28 21:35:20 | src.evaluation.evaluator       | WARNING | SNR=9.0 dB: 1/256 sensing elements outside [0,1] (min=0.0818, max=1.0008) -> clamped
2026-09-28 21:35:22 | src.evaluation.evaluator       | WARNING | SNR=11.0 dB: 6/1536 sensing elements outside [0,1] (min=-0.0230, max=1.0401) -> clamped
2026-09-28 21:35:24 | src.evaluation.evaluator       | WARNING | SNR=13.0 dB: 9/2048 sensing elements outside [0,1] (min=-0.0142, max=1.0544) -> clamped
2026-09-28 21:35:26 | src.evaluation.evaluator       | WARNING | SNR=15.0 dB: 4/1024 sensing elements outside [0,1] (min=0.0216, max=1.1088) -> clamped
2026-09-28 21:35:28 | src.evaluation.evaluator       | WARNING | SNR=17.0 dB: 6/1280 sensing elements outside [0,1] (min=0.0211, max=1.0571) -> clamped
2026-09-28 21:35:31 | src.evaluation.evaluator       | WARNING | SNR=19.0 dB: 8/2048 sensing elements outside [0,1] (min=-0.0212, max=1.0421) -> clamped
2026-09-28 21:35:32 | src.evaluation.evaluator       | WARNING | SNR=21.0 dB: 7/1792 sensing elements outside [0,1] (min=0.0195, max=1.1174) -> clamped
2026-09-28 21:35:32 | src.evaluation.evaluator       | INFO   | Evaluation completed for 14 SNR points
2026-09-28 21:35:32 | src.experiments.run_jamming    | INFO   | jamming partial_band r=3 JSR=-8.0 dB | BER=0.02575
2026-09-28 21:35:33 | src.evaluation.evaluator       | INFO   | Starting evaluation over 14 SNR points
2026-09-28 21:35:35 | src.evaluation.evaluator       | WARNING | SNR=-1.0 dB: 1/256 sensing elements outside [0,1] (min=0.2674, max=1.0012) -> clamped
2026-09-28 21:35:36 | src.evaluation.evaluator       | WARNING | SNR=1.0 dB: 1/256 sensing elements outside [0,1] (min=-0.0223, max=0.8705) -> clamped
2026-09-28 21:35:39 | src.evaluation.evaluator       | WARNING | SNR=5.0 dB: 1/256 sensing elements outside [0,1] (min=0.1404, max=1.0218) -> clamped
2026-09-28 21:35:45 | src.evaluation.evaluator       | WARNING | SNR=11.0 dB: 5/1024 sensing elements outside [0,1] (min=-0.0252, max=1.0125) -> clamped
2026-09-28 21:35:46 | src.evaluation.evaluator       | WARNING | SNR=13.0 dB: 8/1792 sensing elements outside [0,1] (min=-0.0018, max=1.0343) -> clamped
2026-09-28 21:35:48 | src.evaluation.evaluator       | WARNING | SNR=15.0 dB: 4/1024 sensing elements outside [0,1] (min=0.0346, max=1.0965) -> clamped
2026-09-28 21:35:50 | src.evaluation.evaluator       | WARNING | SNR=17.0 dB: 5/1024 sensing elements outside [0,1] (min=0.0259, max=1.0303) -> clamped
2026-09-28 21:35:52 | src.evaluation.evaluator       | WARNING | SNR=19.0 dB: 7/1792 sensing elements outside [0,1] (min=-0.0101, max=1.0293) -> clamped
2026-09-28 21:35:53 | src.evaluation.evaluator       | WARNING | SNR=21.0 dB: 2/512 sensing elements outside [0,1] (min=0.0313, max=1.1104) -> clamped
2026-09-28 21:35:53 | src.evaluation.evaluator       | INFO   | Evaluation completed for 14 SNR points
2026-09-28 21:35:53 | src.experiments.run_jamming    | INFO   | jamming partial_band r=3 JSR=-6.0 dB | BER=0.05203
2026-09-28 21:35:53 | src.evaluation.evaluator       | INFO   | Starting evaluation over 14 SNR points
2026-09-28 21:35:54 | src.evaluation.evaluator       | WARNING | SNR=-5.0 dB: 1/256 sensing elements outside [0,1] (min=-0.0005, max=0.7804) -> clamped
2026-09-28 21:35:58 | src.evaluation.evaluator       | WARNING | SNR=5.0 dB: 1/256 sensing elements outside [0,1] (min=0.1489, max=1.0058) -> clamped
2026-09-28 21:36:00 | src.evaluation.evaluator       | WARNING | SNR=11.0 dB: 1/256 sensing elements outside [0,1] (min=0.1751, max=1.0242) -> clamped
2026-09-28 21:36:03 | src.evaluation.evaluator       | INFO   | Evaluation completed for 14 SNR points
2026-09-28 21:36:03 | src.experiments.run_jamming    | INFO   | jamming partial_band r=3 JSR=-4.0 dB | BER=0.11035
2026-09-28 21:36:04 | src.evaluation.evaluator       | INFO   | Starting evaluation over 14 SNR points
2026-09-28 21:36:04 | src.evaluation.evaluator       | WARNING | SNR=-5.0 dB: 1/256 sensing elements outside [0,1] (min=-0.0044, max=0.7714) -> clamped
2026-09-28 21:36:08 | src.evaluation.evaluator       | INFO   | Evaluation completed for 14 SNR points
2026-09-28 21:36:08 | src.experiments.run_jamming    | INFO   | jamming partial_band r=3 JSR=-2.0 dB | BER=0.22726
2026-09-28 21:36:08 | src.evaluation.evaluator       | INFO   | Starting evaluation over 14 SNR points
2026-09-28 21:36:12 | src.evaluation.evaluator       | INFO   | Evaluation completed for 14 SNR points
2026-09-28 21:36:12 | src.experiments.run_jamming    | INFO   | jamming partial_band r=3 JSR=0.0 dB | BER=0.37593
2026-09-28 21:36:12 | src.evaluation.evaluator       | INFO   | Starting evaluation over 14 SNR points
2026-09-28 21:36:14 | src.evaluation.evaluator       | INFO   | Evaluation completed for 14 SNR points
2026-09-28 21:36:14 | src.experiments.run_jamming    | INFO   | jamming partial_band r=3 JSR=2.0 dB | BER=0.46010
2026-09-28 21:36:14 | src.evaluation.evaluator       | INFO   | Starting evaluation over 14 SNR points
2026-09-28 21:36:14 | src.evaluation.evaluator       | WARNING | SNR=-5.0 dB: 1/256 sensing elements outside [0,1] (min=-0.0156, max=0.8028) -> clamped
2026-09-28 21:36:15 | src.evaluation.evaluator       | WARNING | SNR=-1.0 dB: 1/256 sensing elements outside [0,1] (min=-0.0002, max=0.8060) -> clamped
2026-09-28 21:36:16 | src.evaluation.evaluator       | WARNING | SNR=21.0 dB: 1/256 sensing elements outside [0,1] (min=-0.0055, max=0.7569) -> clamped
2026-09-28 21:36:16 | src.evaluation.evaluator       | INFO   | Evaluation completed for 14 SNR points
2026-09-28 21:36:16 | src.experiments.run_jamming    | INFO   | jamming partial_band r=3 JSR=4.0 dB | BER=0.48605
2026-09-28 21:36:17 | src.evaluation.evaluator       | INFO   | Starting evaluation over 14 SNR points
2026-09-28 21:36:17 | src.evaluation.evaluator       | WARNING | SNR=-5.0 dB: 2/256 sensing elements outside [0,1] (min=-0.1576, max=0.8222) -> clamped
2026-09-28 21:36:17 | src.evaluation.evaluator       | WARNING | SNR=-3.0 dB: 1/256 sensing elements outside [0,1] (min=-0.0255, max=0.7843) -> clamped
2026-09-28 21:36:17 | src.evaluation.evaluator       | WARNING | SNR=-1.0 dB: 2/256 sensing elements outside [0,1] (min=-0.0976, max=0.8369) -> clamped
2026-09-28 21:36:18 | src.evaluation.evaluator       | WARNING | SNR=7.0 dB: 2/512 sensing elements outside [0,1] (min=-0.0765, max=0.7986) -> clamped
2026-09-28 21:36:18 | src.evaluation.evaluator       | WARNING | SNR=11.0 dB: 1/256 sensing elements outside [0,1] (min=-0.0546, max=0.8693) -> clamped
2026-09-28 21:36:18 | src.evaluation.evaluator       | WARNING | SNR=13.0 dB: 1/256 sensing elements outside [0,1] (min=-0.0259, max=0.7528) -> clamped
2026-09-28 21:36:18 | src.evaluation.evaluator       | WARNING | SNR=15.0 dB: 1/256 sensing elements outside [0,1] (min=-0.1324, max=0.7593) -> clamped
2026-09-28 21:36:18 | src.evaluation.evaluator       | WARNING | SNR=17.0 dB: 1/256 sensing elements outside [0,1] (min=-0.0156, max=0.7412) -> clamped
2026-09-28 21:36:19 | src.evaluation.evaluator       | WARNING | SNR=19.0 dB: 2/512 sensing elements outside [0,1] (min=-0.0991, max=0.9727) -> clamped
2026-09-28 21:36:19 | src.evaluation.evaluator       | WARNING | SNR=21.0 dB: 1/256 sensing elements outside [0,1] (min=-0.0924, max=0.7926) -> clamped
2026-09-28 21:36:19 | src.evaluation.evaluator       | INFO   | Evaluation completed for 14 SNR points
2026-09-28 21:36:19 | src.experiments.run_jamming    | INFO   | jamming partial_band r=3 JSR=6.0 dB | BER=0.48884
2026-09-28 21:36:19 | src.evaluation.evaluator       | INFO   | Starting evaluation over 14 SNR points
2026-09-28 21:36:19 | src.evaluation.evaluator       | WARNING | SNR=-5.0 dB: 6/512 sensing elements outside [0,1] (min=-0.3454, max=0.8830) -> clamped
2026-09-28 21:36:19 | src.evaluation.evaluator       | WARNING | SNR=-3.0 dB: 4/512 sensing elements outside [0,1] (min=-0.1678, max=0.8751) -> clamped
2026-09-28 21:36:19 | src.evaluation.evaluator       | WARNING | SNR=-1.0 dB: 9/512 sensing elements outside [0,1] (min=-0.2977, max=0.9146) -> clamped
2026-09-28 21:36:19 | src.evaluation.evaluator       | WARNING | SNR=1.0 dB: 7/512 sensing elements outside [0,1] (min=-0.1394, max=0.8266) -> clamped
2026-09-28 21:36:20 | src.evaluation.evaluator       | WARNING | SNR=3.0 dB: 3/512 sensing elements outside [0,1] (min=-0.1207, max=0.8973) -> clamped
2026-09-28 21:36:20 | src.evaluation.evaluator       | WARNING | SNR=5.0 dB: 5/512 sensing elements outside [0,1] (min=-0.1433, max=0.8232) -> clamped
2026-09-28 21:36:20 | src.evaluation.evaluator       | WARNING | SNR=7.0 dB: 10/512 sensing elements outside [0,1] (min=-0.2684, max=0.8552) -> clamped
2026-09-28 21:36:20 | src.evaluation.evaluator       | WARNING | SNR=9.0 dB: 11/512 sensing elements outside [0,1] (min=-0.1537, max=0.8923) -> clamped
2026-09-28 21:36:20 | src.evaluation.evaluator       | WARNING | SNR=11.0 dB: 7/512 sensing elements outside [0,1] (min=-0.1818, max=0.8445) -> clamped
2026-09-28 21:36:20 | src.evaluation.evaluator       | WARNING | SNR=13.0 dB: 11/512 sensing elements outside [0,1] (min=-0.1677, max=0.7941) -> clamped
2026-09-28 21:36:21 | src.evaluation.evaluator       | WARNING | SNR=15.0 dB: 9/512 sensing elements outside [0,1] (min=-0.3486, max=0.7964) -> clamped
2026-09-28 21:36:21 | src.evaluation.evaluator       | WARNING | SNR=17.0 dB: 11/512 sensing elements outside [0,1] (min=-0.1557, max=1.0438) -> clamped
2026-09-28 21:36:21 | src.evaluation.evaluator       | WARNING | SNR=19.0 dB: 10/512 sensing elements outside [0,1] (min=-0.2308, max=0.9420) -> clamped
2026-09-28 21:36:21 | src.evaluation.evaluator       | WARNING | SNR=21.0 dB: 4/512 sensing elements outside [0,1] (min=-0.2309, max=0.9172) -> clamped
2026-09-28 21:36:21 | src.evaluation.evaluator       | INFO   | Evaluation completed for 14 SNR points
2026-09-28 21:36:21 | src.experiments.run_jamming    | INFO   | jamming partial_band r=3 JSR=8.0 dB | BER=0.48968
2026-09-28 21:36:21 | src.evaluation.evaluator       | INFO   | Starting evaluation over 14 SNR points
2026-09-28 21:36:21 | src.evaluation.evaluator       | WARNING | SNR=-5.0 dB: 22/512 sensing elements outside [0,1] (min=-0.5714, max=0.9572) -> clamped
2026-09-28 21:36:21 | src.evaluation.evaluator       | WARNING | SNR=-3.0 dB: 32/512 sensing elements outside [0,1] (min=-0.3437, max=0.8986) -> clamped
2026-09-28 21:36:22 | src.evaluation.evaluator       | WARNING | SNR=-1.0 dB: 26/512 sensing elements outside [0,1] (min=-0.5245, max=1.0210) -> clamped
2026-09-28 21:36:22 | src.evaluation.evaluator       | WARNING | SNR=1.0 dB: 19/512 sensing elements outside [0,1] (min=-0.4094, max=0.8362) -> clamped
2026-09-28 21:36:22 | src.evaluation.evaluator       | WARNING | SNR=3.0 dB: 20/512 sensing elements outside [0,1] (min=-0.3247, max=0.9754) -> clamped
2026-09-28 21:36:22 | src.evaluation.evaluator       | WARNING | SNR=5.0 dB: 20/512 sensing elements outside [0,1] (min=-0.3233, max=0.8783) -> clamped
2026-09-28 21:36:23 | src.evaluation.evaluator       | WARNING | SNR=7.0 dB: 22/512 sensing elements outside [0,1] (min=-0.5089, max=0.9413) -> clamped
2026-09-28 21:36:23 | src.evaluation.evaluator       | WARNING | SNR=9.0 dB: 26/512 sensing elements outside [0,1] (min=-0.3548, max=0.9727) -> clamped
2026-09-28 21:36:23 | src.evaluation.evaluator       | WARNING | SNR=11.0 dB: 16/512 sensing elements outside [0,1] (min=-0.3448, max=0.8352) -> clamped
2026-09-28 21:36:23 | src.evaluation.evaluator       | WARNING | SNR=13.0 dB: 30/512 sensing elements outside [0,1] (min=-0.3794, max=0.7985) -> clamped
2026-09-28 21:36:23 | src.evaluation.evaluator       | WARNING | SNR=15.0 dB: 20/512 sensing elements outside [0,1] (min=-0.6063, max=0.8338) -> clamped
2026-09-28 21:36:24 | src.evaluation.evaluator       | WARNING | SNR=17.0 dB: 25/512 sensing elements outside [0,1] (min=-0.4092, max=1.1648) -> clamped
2026-09-28 21:36:24 | src.evaluation.evaluator       | WARNING | SNR=19.0 dB: 22/512 sensing elements outside [0,1] (min=-0.4034, max=0.9044) -> clamped
2026-09-28 21:36:24 | src.evaluation.evaluator       | WARNING | SNR=21.0 dB: 19/512 sensing elements outside [0,1] (min=-0.4408, max=0.9792) -> clamped
2026-09-28 21:36:24 | src.evaluation.evaluator       | INFO   | Evaluation completed for 14 SNR points
2026-09-28 21:36:24 | src.experiments.run_jamming    | INFO   | jamming partial_band r=3 JSR=10.0 dB | BER=0.48968
2026-09-28 21:36:25 | src.evaluation.evaluator       | INFO   | Starting evaluation over 14 SNR points
2026-09-28 21:36:30 | src.evaluation.evaluator       | WARNING | SNR=1.0 dB: 3/768 sensing elements outside [0,1] (min=-0.0117, max=1.0371) -> clamped
2026-09-28 21:36:34 | src.evaluation.evaluator       | WARNING | SNR=5.0 dB: 2/512 sensing elements outside [0,1] (min=0.0864, max=1.0428) -> clamped
2026-09-28 21:36:36 | src.evaluation.evaluator       | WARNING | SNR=7.0 dB: 2/512 sensing elements outside [0,1] (min=0.0148, max=1.0440) -> clamped
2026-09-28 21:36:38 | src.evaluation.evaluator       | WARNING | SNR=9.0 dB: 2/338 sensing elements outside [0,1] (min=0.1041, max=1.0133) -> clamped
2026-09-28 21:36:40 | src.evaluation.evaluator       | WARNING | SNR=11.0 dB: 6/1280 sensing elements outside [0,1] (min=0.0421, max=1.0758) -> clamped
2026-09-28 21:36:42 | src.evaluation.evaluator       | WARNING | SNR=13.0 dB: 12/2048 sensing elements outside [0,1] (min=-0.0104, max=1.0494) -> clamped
2026-09-28 21:36:44 | src.evaluation.evaluator       | WARNING | SNR=15.0 dB: 13/3328 sensing elements outside [0,1] (min=0.0036, max=1.0886) -> clamped
2026-09-28 21:36:46 | src.evaluation.evaluator       | WARNING | SNR=17.0 dB: 8/1536 sensing elements outside [0,1] (min=0.0116, max=1.0465) -> clamped
2026-09-28 21:36:48 | src.evaluation.evaluator       | WARNING | SNR=19.0 dB: 12/2560 sensing elements outside [0,1] (min=-0.0302, max=1.0494) -> clamped
2026-09-28 21:36:49 | src.evaluation.evaluator       | WARNING | SNR=21.0 dB: 13/3072 sensing elements outside [0,1] (min=0.0054, max=1.0979) -> clamped
2026-09-28 21:36:49 | src.evaluation.evaluator       | INFO   | Evaluation completed for 14 SNR points
2026-09-28 21:36:49 | src.experiments.run_jamming    | INFO   | jamming partial_band r=4 JSR=-10.0 dB | BER=0.01392
2026-09-28 21:36:50 | src.evaluation.evaluator       | INFO   | Starting evaluation over 14 SNR points
2026-09-28 21:36:56 | src.evaluation.evaluator       | WARNING | SNR=1.0 dB: 3/768 sensing elements outside [0,1] (min=-0.0073, max=1.0302) -> clamped
2026-09-28 21:36:59 | src.evaluation.evaluator       | WARNING | SNR=5.0 dB: 2/512 sensing elements outside [0,1] (min=0.1083, max=1.0458) -> clamped
2026-09-28 21:37:01 | src.evaluation.evaluator       | WARNING | SNR=7.0 dB: 2/512 sensing elements outside [0,1] (min=0.0292, max=1.0378) -> clamped
2026-09-28 21:37:05 | src.evaluation.evaluator       | WARNING | SNR=11.0 dB: 5/1024 sensing elements outside [0,1] (min=0.0468, max=1.0700) -> clamped
2026-09-28 21:37:08 | src.evaluation.evaluator       | WARNING | SNR=13.0 dB: 5/1024 sensing elements outside [0,1] (min=-0.0122, max=1.0425) -> clamped
2026-09-28 21:37:09 | src.evaluation.evaluator       | WARNING | SNR=15.0 dB: 7/1792 sensing elements outside [0,1] (min=0.0118, max=1.0736) -> clamped
2026-09-28 21:37:11 | src.evaluation.evaluator       | WARNING | SNR=17.0 dB: 2/256 sensing elements outside [0,1] (min=0.0311, max=1.0462) -> clamped
2026-09-28 21:37:13 | src.evaluation.evaluator       | WARNING | SNR=19.0 dB: 7/1536 sensing elements outside [0,1] (min=-0.0180, max=1.0377) -> clamped
2026-09-28 21:37:15 | src.evaluation.evaluator       | WARNING | SNR=21.0 dB: 7/1792 sensing elements outside [0,1] (min=0.0303, max=1.0868) -> clamped
2026-09-28 21:37:15 | src.evaluation.evaluator       | INFO   | Evaluation completed for 14 SNR points
2026-09-28 21:37:15 | src.experiments.run_jamming    | INFO   | jamming partial_band r=4 JSR=-8.0 dB | BER=0.01951
2026-09-28 21:37:15 | src.evaluation.evaluator       | INFO   | Starting evaluation over 14 SNR points
2026-09-28 21:37:21 | src.evaluation.evaluator       | WARNING | SNR=1.0 dB: 2/512 sensing elements outside [0,1] (min=-0.0057, max=1.0139) -> clamped
2026-09-28 21:37:24 | src.evaluation.evaluator       | WARNING | SNR=5.0 dB: 2/512 sensing elements outside [0,1] (min=0.1353, max=1.0458) -> clamped
2026-09-28 21:37:26 | src.evaluation.evaluator       | WARNING | SNR=7.0 dB: 1/256 sensing elements outside [0,1] (min=0.1407, max=1.0231) -> clamped
2026-09-28 21:37:30 | src.evaluation.evaluator       | WARNING | SNR=11.0 dB: 2/256 sensing elements outside [0,1] (min=0.0563, max=1.0608) -> clamped
2026-09-28 21:37:32 | src.evaluation.evaluator       | WARNING | SNR=13.0 dB: 3/768 sensing elements outside [0,1] (min=-0.0179, max=1.0310) -> clamped
2026-09-28 21:37:35 | src.evaluation.evaluator       | WARNING | SNR=15.0 dB: 6/1536 sensing elements outside [0,1] (min=0.0378, max=1.0549) -> clamped
2026-09-28 21:37:36 | src.evaluation.evaluator       | WARNING | SNR=17.0 dB: 2/256 sensing elements outside [0,1] (min=0.0524, max=1.0448) -> clamped
2026-09-28 21:37:38 | src.evaluation.evaluator       | WARNING | SNR=19.0 dB: 4/1024 sensing elements outside [0,1] (min=-0.0002, max=1.0189) -> clamped
2026-09-28 21:37:40 | src.evaluation.evaluator       | WARNING | SNR=21.0 dB: 4/1024 sensing elements outside [0,1] (min=0.0512, max=1.0692) -> clamped
2026-09-28 21:37:40 | src.evaluation.evaluator       | INFO   | Evaluation completed for 14 SNR points
2026-09-28 21:37:40 | src.experiments.run_jamming    | INFO   | jamming partial_band r=4 JSR=-6.0 dB | BER=0.03330
2026-09-28 21:37:40 | src.evaluation.evaluator       | INFO   | Starting evaluation over 14 SNR points
2026-09-28 21:37:45 | src.evaluation.evaluator       | WARNING | SNR=5.0 dB: 2/512 sensing elements outside [0,1] (min=0.1573, max=1.0349) -> clamped
2026-09-28 21:37:52 | src.evaluation.evaluator       | WARNING | SNR=13.0 dB: 3/768 sensing elements outside [0,1] (min=-0.0115, max=1.0138) -> clamped
2026-09-28 21:37:56 | src.evaluation.evaluator       | WARNING | SNR=19.0 dB: 1/256 sensing elements outside [0,1] (min=0.0374, max=1.0092) -> clamped
2026-09-28 21:37:57 | src.evaluation.evaluator       | WARNING | SNR=21.0 dB: 3/768 sensing elements outside [0,1] (min=0.1133, max=1.0679) -> clamped
2026-09-28 21:37:57 | src.evaluation.evaluator       | INFO   | Evaluation completed for 14 SNR points
2026-09-28 21:37:57 | src.experiments.run_jamming    | INFO   | jamming partial_band r=4 JSR=-4.0 dB | BER=0.06368
2026-09-28 21:37:57 | src.evaluation.evaluator       | INFO   | Starting evaluation over 14 SNR points
2026-09-28 21:38:06 | src.evaluation.evaluator       | WARNING | SNR=19.0 dB: 1/256 sensing elements outside [0,1] (min=0.0714, max=1.0076) -> clamped
2026-09-28 21:38:07 | src.evaluation.evaluator       | WARNING | SNR=21.0 dB: 1/256 sensing elements outside [0,1] (min=0.1360, max=1.0331) -> clamped
2026-09-28 21:38:07 | src.evaluation.evaluator       | INFO   | Evaluation completed for 14 SNR points
2026-09-28 21:38:07 | src.experiments.run_jamming    | INFO   | jamming partial_band r=4 JSR=-2.0 dB | BER=0.11864
2026-09-28 21:38:07 | src.evaluation.evaluator       | INFO   | Starting evaluation over 14 SNR points
2026-09-28 21:38:11 | src.evaluation.evaluator       | INFO   | Evaluation completed for 14 SNR points
2026-09-28 21:38:11 | src.experiments.run_jamming    | INFO   | jamming partial_band r=4 JSR=0.0 dB | BER=0.21323
2026-09-28 21:38:11 | src.evaluation.evaluator       | INFO   | Starting evaluation over 14 SNR points
2026-09-28 21:38:16 | src.evaluation.evaluator       | INFO   | Evaluation completed for 14 SNR points
2026-09-28 21:38:16 | src.experiments.run_jamming    | INFO   | jamming partial_band r=4 JSR=2.0 dB | BER=0.32608
2026-09-28 21:38:16 | src.evaluation.evaluator       | INFO   | Starting evaluation over 14 SNR points
2026-09-28 21:38:16 | src.evaluation.evaluator       | WARNING | SNR=-3.0 dB: 1/256 sensing elements outside [0,1] (min=-0.0032, max=0.7637) -> clamped
2026-09-28 21:38:17 | src.evaluation.evaluator       | WARNING | SNR=9.0 dB: 1/256 sensing elements outside [0,1] (min=-0.0848, max=0.8420) -> clamped
2026-09-28 21:38:18 | src.evaluation.evaluator       | INFO   | Evaluation completed for 14 SNR points
2026-09-28 21:38:18 | src.experiments.run_jamming    | INFO   | jamming partial_band r=4 JSR=4.0 dB | BER=0.42504
2026-09-28 21:38:18 | src.evaluation.evaluator       | INFO   | Starting evaluation over 14 SNR points
2026-09-28 21:38:19 | src.evaluation.evaluator       | WARNING | SNR=-3.0 dB: 8/512 sensing elements outside [0,1] (min=-0.1688, max=0.8023) -> clamped
2026-09-28 21:38:19 | src.evaluation.evaluator       | WARNING | SNR=-1.0 dB: 5/512 sensing elements outside [0,1] (min=-0.1111, max=0.7401) -> clamped
2026-09-28 21:38:19 | src.evaluation.evaluator       | WARNING | SNR=1.0 dB: 7/512 sensing elements outside [0,1] (min=-0.1122, max=0.8166) -> clamped
2026-09-28 21:38:19 | src.evaluation.evaluator       | WARNING | SNR=3.0 dB: 1/256 sensing elements outside [0,1] (min=-0.0475, max=0.7870) -> clamped
2026-09-28 21:38:19 | src.evaluation.evaluator       | WARNING | SNR=5.0 dB: 4/512 sensing elements outside [0,1] (min=-0.0441, max=0.7832) -> clamped
2026-09-28 21:38:19 | src.evaluation.evaluator       | WARNING | SNR=7.0 dB: 4/512 sensing elements outside [0,1] (min=-0.1027, max=0.7676) -> clamped
2026-09-28 21:38:20 | src.evaluation.evaluator       | WARNING | SNR=9.0 dB: 4/512 sensing elements outside [0,1] (min=-0.2851, max=0.8039) -> clamped
2026-09-28 21:38:20 | src.evaluation.evaluator       | WARNING | SNR=11.0 dB: 2/512 sensing elements outside [0,1] (min=-0.1194, max=0.8663) -> clamped
2026-09-28 21:38:20 | src.evaluation.evaluator       | WARNING | SNR=13.0 dB: 1/256 sensing elements outside [0,1] (min=-0.0207, max=0.7158) -> clamped
2026-09-28 21:38:20 | src.evaluation.evaluator       | WARNING | SNR=15.0 dB: 4/512 sensing elements outside [0,1] (min=-0.1359, max=0.7804) -> clamped
2026-09-28 21:38:20 | src.evaluation.evaluator       | WARNING | SNR=17.0 dB: 4/512 sensing elements outside [0,1] (min=-0.0537, max=0.7528) -> clamped
2026-09-28 21:38:20 | src.evaluation.evaluator       | WARNING | SNR=19.0 dB: 3/256 sensing elements outside [0,1] (min=-0.1618, max=0.7911) -> clamped
2026-09-28 21:38:20 | src.evaluation.evaluator       | INFO   | Evaluation completed for 14 SNR points
2026-09-28 21:38:20 | src.experiments.run_jamming    | INFO   | jamming partial_band r=4 JSR=6.0 dB | BER=0.47824
2026-09-28 21:38:21 | src.evaluation.evaluator       | INFO   | Starting evaluation over 14 SNR points
2026-09-28 21:38:21 | src.evaluation.evaluator       | WARNING | SNR=-5.0 dB: 10/512 sensing elements outside [0,1] (min=-0.1171, max=0.9194) -> clamped
2026-09-28 21:38:21 | src.evaluation.evaluator       | WARNING | SNR=-3.0 dB: 11/512 sensing elements outside [0,1] (min=-0.3655, max=0.8400) -> clamped
2026-09-28 21:38:21 | src.evaluation.evaluator       | WARNING | SNR=-1.0 dB: 19/512 sensing elements outside [0,1] (min=-0.2925, max=0.7627) -> clamped
2026-09-28 21:38:21 | src.evaluation.evaluator       | WARNING | SNR=1.0 dB: 21/512 sensing elements outside [0,1] (min=-0.3011, max=0.8010) -> clamped
2026-09-28 21:38:21 | src.evaluation.evaluator       | WARNING | SNR=3.0 dB: 6/512 sensing elements outside [0,1] (min=-0.1864, max=0.8084) -> clamped
2026-09-28 21:38:21 | src.evaluation.evaluator       | WARNING | SNR=5.0 dB: 14/512 sensing elements outside [0,1] (min=-0.2440, max=0.8322) -> clamped
2026-09-28 21:38:22 | src.evaluation.evaluator       | WARNING | SNR=7.0 dB: 19/512 sensing elements outside [0,1] (min=-0.2491, max=0.7934) -> clamped
2026-09-28 21:38:22 | src.evaluation.evaluator       | WARNING | SNR=9.0 dB: 13/512 sensing elements outside [0,1] (min=-0.5311, max=0.8032) -> clamped
2026-09-28 21:38:22 | src.evaluation.evaluator       | WARNING | SNR=11.0 dB: 11/512 sensing elements outside [0,1] (min=-0.2640, max=0.8350) -> clamped
2026-09-28 21:38:22 | src.evaluation.evaluator       | WARNING | SNR=13.0 dB: 11/512 sensing elements outside [0,1] (min=-0.1529, max=0.7707) -> clamped
2026-09-28 21:38:22 | src.evaluation.evaluator       | WARNING | SNR=15.0 dB: 13/512 sensing elements outside [0,1] (min=-0.3047, max=0.7781) -> clamped
2026-09-28 21:38:22 | src.evaluation.evaluator       | WARNING | SNR=17.0 dB: 11/512 sensing elements outside [0,1] (min=-0.2226, max=0.6951) -> clamped
2026-09-28 21:38:23 | src.evaluation.evaluator       | WARNING | SNR=19.0 dB: 9/512 sensing elements outside [0,1] (min=-0.3443, max=0.8585) -> clamped
2026-09-28 21:38:23 | src.evaluation.evaluator       | WARNING | SNR=21.0 dB: 6/512 sensing elements outside [0,1] (min=-0.1810, max=0.8020) -> clamped
2026-09-28 21:38:23 | src.evaluation.evaluator       | INFO   | Evaluation completed for 14 SNR points
2026-09-28 21:38:23 | src.experiments.run_jamming    | INFO   | jamming partial_band r=4 JSR=8.0 dB | BER=0.49470
2026-09-28 21:38:23 | src.evaluation.evaluator       | INFO   | Starting evaluation over 14 SNR points
2026-09-28 21:38:23 | src.evaluation.evaluator       | WARNING | SNR=-5.0 dB: 33/512 sensing elements outside [0,1] (min=-0.3307, max=0.9504) -> clamped
2026-09-28 21:38:23 | src.evaluation.evaluator       | WARNING | SNR=-3.0 dB: 27/512 sensing elements outside [0,1] (min=-0.5891, max=0.8879) -> clamped
2026-09-28 21:38:23 | src.evaluation.evaluator       | WARNING | SNR=-1.0 dB: 33/512 sensing elements outside [0,1] (min=-0.4693, max=0.8521) -> clamped
2026-09-28 21:38:23 | src.evaluation.evaluator       | WARNING | SNR=1.0 dB: 34/512 sensing elements outside [0,1] (min=-0.5204, max=0.8247) -> clamped
2026-09-28 21:38:24 | src.evaluation.evaluator       | WARNING | SNR=3.0 dB: 30/512 sensing elements outside [0,1] (min=-0.3835, max=0.8323) -> clamped
2026-09-28 21:38:24 | src.evaluation.evaluator       | WARNING | SNR=5.0 dB: 38/512 sensing elements outside [0,1] (min=-0.4519, max=0.9366) -> clamped
2026-09-28 21:38:24 | src.evaluation.evaluator       | WARNING | SNR=7.0 dB: 38/512 sensing elements outside [0,1] (min=-0.4287, max=0.8661) -> clamped
2026-09-28 21:38:24 | src.evaluation.evaluator       | WARNING | SNR=9.0 dB: 29/512 sensing elements outside [0,1] (min=-0.8071, max=0.8847) -> clamped
2026-09-28 21:38:24 | src.evaluation.evaluator       | WARNING | SNR=11.0 dB: 32/512 sensing elements outside [0,1] (min=-0.4622, max=0.8818) -> clamped
2026-09-28 21:38:24 | src.evaluation.evaluator       | WARNING | SNR=13.0 dB: 24/512 sensing elements outside [0,1] (min=-0.3248, max=0.8672) -> clamped
2026-09-28 21:38:25 | src.evaluation.evaluator       | WARNING | SNR=15.0 dB: 36/512 sensing elements outside [0,1] (min=-0.4978, max=0.8325) -> clamped
2026-09-28 21:38:25 | src.evaluation.evaluator       | WARNING | SNR=17.0 dB: 38/512 sensing elements outside [0,1] (min=-0.4320, max=0.7569) -> clamped
2026-09-28 21:38:25 | src.evaluation.evaluator       | WARNING | SNR=19.0 dB: 26/512 sensing elements outside [0,1] (min=-0.5616, max=0.9463) -> clamped
2026-09-28 21:38:25 | src.evaluation.evaluator       | WARNING | SNR=21.0 dB: 23/512 sensing elements outside [0,1] (min=-0.4123, max=0.8574) -> clamped
2026-09-28 21:38:25 | src.evaluation.evaluator       | INFO   | Evaluation completed for 14 SNR points
2026-09-28 21:38:25 | src.experiments.run_jamming    | INFO   | jamming partial_band r=4 JSR=10.0 dB | BER=0.49944
2026-09-28 21:38:25 | src.experiments.run_jamming    | INFO   | Results for partial_band saved to /content/drive/MyDrive/DHUC_RUN/lstm/full/jamming/lstm/jamming/jamming_results_partial_band.csv
2026-09-28 21:38:25 | src.experiments.run_jamming    | INFO   | Per-realization results for partial_band saved to /content/drive/MyDrive/DHUC_RUN/lstm/full/jamming/lstm/jamming/jamming_realizations_partial_band.csv
2026-09-28 21:38:26 | src.experiments.run_jamming    | INFO   | Overlay plot saved to /content/drive/MyDrive/DHUC_RUN/lstm/full/jamming/lstm/jamming/plots/ber_vs_jsr_overlay.pdf
2026-09-28 21:38:27 | src.experiments.run_jamming    | INFO   | Jammed vs clean plot saved to /content/drive/MyDrive/DHUC_RUN/lstm/full/jamming/lstm/jamming/plots/ber_vs_jsr_lstm_vs_clean.pdf
2026-09-28 21:38:28 | src.experiments.run_jamming    | INFO   | Separate plot for cw saved to /content/drive/MyDrive/DHUC_RUN/lstm/full/jamming/lstm/jamming/plots/ber_vs_jsr_cw.pdf
2026-09-28 21:38:28 | src.experiments.run_jamming    | INFO   | Separate plot for barrage saved to /content/drive/MyDrive/DHUC_RUN/lstm/full/jamming/lstm/jamming/plots/ber_vs_jsr_barrage.pdf
2026-09-28 21:38:29 | src.experiments.run_jamming    | INFO   | Separate plot for partial_band saved to /content/drive/MyDrive/DHUC_RUN/lstm/full/jamming/lstm/jamming/plots/ber_vs_jsr_partial_band.pdf
2026-09-28 21:38:29 | src.experiments.pipeline       | INFO   | Jamming evaluation completed. Results saved to /content/drive/MyDrive/DHUC_RUN/lstm/full/jamming/lstm/jamming
2026-09-28 21:38:30 | __main__                       | INFO   | Jamming vs clean ber_vs_snr comparison saved to /content/drive/MyDrive/DHUC_RUN/lstm/full/jamming/lstm/jamming/ber_vs_jsr_lstm_vs_clean.pdf
2026-09-28 21:38:31 | __main__                       | INFO   | RSS [jamming lstm] = 3.31 GB
2026-09-28 21:38:32 | __main__                       | INFO   | Multi-model plot saved to /content/drive/MyDrive/DHUC_RUN/lstm/full/jamming/plots/ber_vs_jsr_all_models.pdf
2026-09-28 21:38:32 | __main__                       | INFO   | jamming experiment completed.
2026-09-28 21:38:32 | __main__                       | INFO   | Experiment jamming completed successfully.
2026-09-28 21:38:32 | __main__                       | INFO   | ================================================================================
2026-09-28 21:38:32 | __main__                       | INFO   | SUMMARY
2026-09-28 21:38:32 | __main__                       | INFO   | ================================================================================
2026-09-28 21:38:32 | __main__                       | INFO   | jamming: OK
2026-09-28 21:38:32 | __main__                       | INFO   | All requested experiments finished. Output in: /content/drive/MyDrive/DHUC_RUN/lstm
2026-09-28 21:38:38 | root                           | INFO   | Logging configured: file=/content/drive/MyDrive/DHUC_RUN/lstm/full/logs/runner.log level=INFO
2026-09-28 21:38:38 | __main__                       | INFO   | Mode: full
2026-09-28 21:38:38 | __main__                       | INFO   | Run root: /content/drive/MyDrive/DHUC_RUN/lstm/full
2026-09-28 21:38:38 | __main__                       | INFO   | Models: lstm
2026-09-28 21:38:38 | __main__                       | INFO   | No dataset regeneration: False
2026-09-28 21:38:38 | __main__                       | INFO   | ================================================================================
2026-09-28 21:38:38 | __main__                       | INFO   | EXPERIMENT jamming_interpretability
2026-09-28 21:38:38 | __main__                       | INFO   | ================================================================================
2026-09-28 21:38:38 | __main__                       | INFO   | experiment_name = jamming_interpretability_full
2026-09-28 21:38:38 | __main__                       | INFO   | seed = 42
2026-09-28 21:38:38 | __main__                       | INFO   | lambda_mse = 2
2026-09-28 21:38:38 | __main__                       | INFO   | sequence_length = 100
2026-09-28 21:38:38 | __main__                       | INFO   | map_type = logistic / map_param = 3.9
2026-09-28 21:38:38 | __main__                       | INFO   | backbone_type = lstm
2026-09-28 21:38:38 | __main__                       | INFO   | epochs = 30
2026-09-28 21:38:38 | src.utils.config_loader        | INFO   | config snapshot saved: /content/drive/MyDrive/DHUC_RUN/lstm/full/jamming_interpretability/logs/config_used.yaml
2026-09-28 21:38:38 | __main__                       | INFO   | Experiment jamming_interpretability (models=['lstm'])
2026-09-28 21:38:38 | __main__                       | INFO   |   snr_eval=[-1.0, 3.0, 7.0, 11.0, 15.0, 21.0] jsr=[-10.0, -6.0, -2.0, 2.0, 6.0, 10.0] jammer=['cw', 'barrage', 'partial_band'] ret_subset=3000 realizations=5/{} max_symbols=None
2026-09-28 21:38:38 | src.experiments.pipeline       | INFO   | Dataset already present in data/raw/d1f4aa61
2026-09-28 21:38:39 | src.data.data_loader           | INFO   | split 'test': 240000 total samples, x shape=(240000, 100), tau in [1.00, 33.00], f_d in [1.064e-09, 8.000e-05]
2026-09-28 21:39:15 | __main__                       | INFO   | jamming_interpretability: test set of 240000 samples (SNR [-1.0, 3.0, 7.0, 11.0, 15.0, 21.0])
2026-09-28 21:39:15 | __main__                       | INFO   | ============================================================
2026-09-28 21:39:15 | __main__                       | INFO   | jamming_interpretability architecture: lstm
2026-09-28 21:39:15 | __main__                       | INFO   | jamming_interpretability lstm: jamming model loaded from /content/drive/MyDrive/DHUC_RUN/lstm/full/jamming/lstm/best_model.keras
2026-09-28 21:39:17 | src.experiments.jamming_interpretability | INFO   | [jamming_interpretability lstm] probe ready: 6 captured layers
2026-09-28 21:39:52 | src.experiments.jamming_interpretability | INFO   | [jamming_interpretability lstm] clean | BER=0.0018 corr_tau=0.781 margin=2.91 (35 s)
2026-09-28 21:40:28 | src.experiments.jamming_interpretability | INFO   | [jamming_interpretability lstm] cw          JSR= -10.0 dB r=0 | BER=0.0115 corr_tau=0.727 margin=2.84 (36 s)
2026-09-28 21:41:05 | src.experiments.jamming_interpretability | INFO   | [jamming_interpretability lstm] cw          JSR=  -6.0 dB r=0 | BER=0.0657 corr_tau=0.666 margin=2.51 (37 s)
2026-09-28 21:41:40 | src.experiments.jamming_interpretability | INFO   | [jamming_interpretability lstm] cw          JSR=  -2.0 dB r=0 | BER=0.2912 corr_tau=0.559 margin=1.28 (35 s)
2026-09-28 21:42:18 | src.experiments.jamming_interpretability | INFO   | [jamming_interpretability lstm] cw          JSR=   2.0 dB r=0 | BER=0.4903 corr_tau=0.417 margin=0.13 (37 s)
2026-09-28 21:42:54 | src.experiments.jamming_interpretability | INFO   | [jamming_interpretability lstm] cw          JSR=   6.0 dB r=0 | BER=0.5000 corr_tau=0.274 margin=0.02 (36 s)
2026-09-28 21:43:29 | src.experiments.jamming_interpretability | INFO   | [jamming_interpretability lstm] cw          JSR=  10.0 dB r=0 | BER=0.5000 corr_tau=0.143 margin=0.01 (36 s)
2026-09-28 21:44:07 | src.experiments.jamming_interpretability | INFO   | [jamming_interpretability lstm] cw          JSR= -10.0 dB r=1 | BER=0.0078 corr_tau=0.734 margin=2.87 (37 s)
2026-09-28 21:44:42 | src.experiments.jamming_interpretability | INFO   | [jamming_interpretability lstm] cw          JSR=  -6.0 dB r=1 | BER=0.0433 corr_tau=0.686 margin=2.64 (36 s)
2026-09-28 21:45:19 | src.experiments.jamming_interpretability | INFO   | [jamming_interpretability lstm] cw          JSR=  -2.0 dB r=1 | BER=0.2303 corr_tau=0.600 margin=1.59 (36 s)
2026-09-28 21:45:55 | src.experiments.jamming_interpretability | INFO   | [jamming_interpretability lstm] cw          JSR=   2.0 dB r=1 | BER=0.4814 corr_tau=0.466 margin=0.18 (36 s)
2026-09-28 21:46:31 | src.experiments.jamming_interpretability | INFO   | [jamming_interpretability lstm] cw          JSR=   6.0 dB r=1 | BER=0.5000 corr_tau=0.290 margin=0.02 (36 s)
2026-09-28 21:47:07 | src.experiments.jamming_interpretability | INFO   | [jamming_interpretability lstm] cw          JSR=  10.0 dB r=1 | BER=0.5000 corr_tau=0.128 margin=0.01 (37 s)
2026-09-28 21:47:44 | src.experiments.jamming_interpretability | INFO   | [jamming_interpretability lstm] cw          JSR= -10.0 dB r=2 | BER=0.0019 corr_tau=0.721 margin=2.91 (36 s)
2026-09-28 21:48:20 | src.experiments.jamming_interpretability | INFO   | [jamming_interpretability lstm] cw          JSR=  -6.0 dB r=2 | BER=0.0027 corr_tau=0.659 margin=2.89 (36 s)
2026-09-28 21:48:56 | src.experiments.jamming_interpretability | INFO   | [jamming_interpretability lstm] cw          JSR=  -2.0 dB r=2 | BER=0.0091 corr_tau=0.554 margin=2.82 (36 s)
2026-09-28 21:49:31 | src.experiments.jamming_interpretability | INFO   | [jamming_interpretability lstm] cw          JSR=   2.0 dB r=2 | BER=0.0700 corr_tau=0.406 margin=2.38 (35 s)
2026-09-28 21:50:07 | src.experiments.jamming_interpretability | INFO   | [jamming_interpretability lstm] cw          JSR=   6.0 dB r=2 | BER=0.3612 corr_tau=0.235 margin=0.95 (36 s)
2026-09-28 21:50:43 | src.experiments.jamming_interpretability | INFO   | [jamming_interpretability lstm] cw          JSR=  10.0 dB r=2 | BER=0.4897 corr_tau=0.090 margin=0.32 (35 s)
2026-09-28 21:51:19 | src.experiments.jamming_interpretability | INFO   | [jamming_interpretability lstm] cw          JSR= -10.0 dB r=3 | BER=0.0157 corr_tau=0.683 margin=2.80 (36 s)
2026-09-28 21:51:54 | src.experiments.jamming_interpretability | INFO   | [jamming_interpretability lstm] cw          JSR=  -6.0 dB r=3 | BER=0.1193 corr_tau=0.601 margin=2.14 (36 s)
2026-09-28 21:52:30 | src.experiments.jamming_interpretability | INFO   | [jamming_interpretability lstm] cw          JSR=  -2.0 dB r=3 | BER=0.4223 corr_tau=0.485 margin=0.51 (35 s)
2026-09-28 21:53:06 | src.experiments.jamming_interpretability | INFO   | [jamming_interpretability lstm] cw          JSR=   2.0 dB r=3 | BER=0.4997 corr_tau=0.340 margin=0.00 (36 s)
2026-09-28 21:53:42 | src.experiments.jamming_interpretability | INFO   | [jamming_interpretability lstm] cw          JSR=   6.0 dB r=3 | BER=0.5000 corr_tau=0.177 margin=-0.00 (35 s)
2026-09-28 21:54:18 | src.experiments.jamming_interpretability | INFO   | [jamming_interpretability lstm] cw          JSR=  10.0 dB r=3 | BER=0.5000 corr_tau=0.069 margin=-0.00 (36 s)
2026-09-28 21:54:54 | src.experiments.jamming_interpretability | INFO   | [jamming_interpretability lstm] cw          JSR= -10.0 dB r=4 | BER=0.0080 corr_tau=0.709 margin=2.85 (36 s)
2026-09-28 21:55:30 | src.experiments.jamming_interpretability | INFO   | [jamming_interpretability lstm] cw          JSR=  -6.0 dB r=4 | BER=0.0589 corr_tau=0.638 margin=2.49 (35 s)
2026-09-28 21:56:05 | src.experiments.jamming_interpretability | INFO   | [jamming_interpretability lstm] cw          JSR=  -2.0 dB r=4 | BER=0.3020 corr_tau=0.520 margin=1.14 (36 s)
2026-09-28 21:56:41 | src.experiments.jamming_interpretability | INFO   | [jamming_interpretability lstm] cw          JSR=   2.0 dB r=4 | BER=0.4945 corr_tau=0.364 margin=0.07 (35 s)
2026-09-28 21:57:17 | src.experiments.jamming_interpretability | INFO   | [jamming_interpretability lstm] cw          JSR=   6.0 dB r=4 | BER=0.5000 corr_tau=0.198 margin=-0.00 (36 s)
2026-09-28 21:57:52 | src.experiments.jamming_interpretability | INFO   | [jamming_interpretability lstm] cw          JSR=  10.0 dB r=4 | BER=0.5000 corr_tau=0.084 margin=-0.00 (35 s)
2026-09-28 21:58:29 | src.experiments.jamming_interpretability | INFO   | [jamming_interpretability lstm] barrage     JSR= -10.0 dB r=0 | BER=0.0027 corr_tau=0.685 margin=2.90 (35 s)
2026-09-28 21:59:06 | src.experiments.jamming_interpretability | INFO   | [jamming_interpretability lstm] barrage     JSR=  -6.0 dB r=0 | BER=0.0051 corr_tau=0.581 margin=2.87 (36 s)
2026-09-28 21:59:41 | src.experiments.jamming_interpretability | INFO   | [jamming_interpretability lstm] barrage     JSR=  -2.0 dB r=0 | BER=0.0173 corr_tau=0.419 margin=2.74 (35 s)
2026-09-28 22:00:18 | src.experiments.jamming_interpretability | INFO   | [jamming_interpretability lstm] barrage     JSR=   2.0 dB r=0 | BER=0.0758 corr_tau=0.240 margin=2.27 (36 s)
2026-09-28 22:00:53 | src.experiments.jamming_interpretability | INFO   | [jamming_interpretability lstm] barrage     JSR=   6.0 dB r=0 | BER=0.2250 corr_tau=0.108 margin=1.36 (36 s)
2026-09-28 22:01:29 | src.experiments.jamming_interpretability | INFO   | [jamming_interpretability lstm] barrage     JSR=  10.0 dB r=0 | BER=0.3767 corr_tau=0.043 margin=0.59 (36 s)
2026-09-28 22:02:07 | src.experiments.jamming_interpretability | INFO   | [jamming_interpretability lstm] barrage     JSR= -10.0 dB r=1 | BER=0.0028 corr_tau=0.684 margin=2.90 (36 s)
2026-09-28 22:02:42 | src.experiments.jamming_interpretability | INFO   | [jamming_interpretability lstm] barrage     JSR=  -6.0 dB r=1 | BER=0.0053 corr_tau=0.582 margin=2.87 (35 s)
2026-09-28 22:03:18 | src.experiments.jamming_interpretability | INFO   | [jamming_interpretability lstm] barrage     JSR=  -2.0 dB r=1 | BER=0.0177 corr_tau=0.421 margin=2.74 (36 s)
2026-09-28 22:03:54 | src.experiments.jamming_interpretability | INFO   | [jamming_interpretability lstm] barrage     JSR=   2.0 dB r=1 | BER=0.0758 corr_tau=0.243 margin=2.27 (36 s)
2026-09-28 22:04:30 | src.experiments.jamming_interpretability | INFO   | [jamming_interpretability lstm] barrage     JSR=   6.0 dB r=1 | BER=0.2242 corr_tau=0.112 margin=1.36 (36 s)
2026-09-28 22:05:06 | src.experiments.jamming_interpretability | INFO   | [jamming_interpretability lstm] barrage     JSR=  10.0 dB r=1 | BER=0.3768 corr_tau=0.049 margin=0.59 (36 s)
2026-09-28 22:05:43 | src.experiments.jamming_interpretability | INFO   | [jamming_interpretability lstm] barrage     JSR= -10.0 dB r=2 | BER=0.0026 corr_tau=0.684 margin=2.90 (35 s)
2026-09-28 22:06:19 | src.experiments.jamming_interpretability | INFO   | [jamming_interpretability lstm] barrage     JSR=  -6.0 dB r=2 | BER=0.0052 corr_tau=0.582 margin=2.87 (36 s)
2026-09-28 22:06:55 | src.experiments.jamming_interpretability | INFO   | [jamming_interpretability lstm] barrage     JSR=  -2.0 dB r=2 | BER=0.0178 corr_tau=0.419 margin=2.74 (36 s)
2026-09-28 22:07:30 | src.experiments.jamming_interpretability | INFO   | [jamming_interpretability lstm] barrage     JSR=   2.0 dB r=2 | BER=0.0762 corr_tau=0.240 margin=2.26 (36 s)
2026-09-28 22:08:07 | src.experiments.jamming_interpretability | INFO   | [jamming_interpretability lstm] barrage     JSR=   6.0 dB r=2 | BER=0.2264 corr_tau=0.110 margin=1.36 (37 s)
2026-09-28 22:08:42 | src.experiments.jamming_interpretability | INFO   | [jamming_interpretability lstm] barrage     JSR=  10.0 dB r=2 | BER=0.3778 corr_tau=0.046 margin=0.59 (35 s)
2026-09-28 22:09:20 | src.experiments.jamming_interpretability | INFO   | [jamming_interpretability lstm] barrage     JSR= -10.0 dB r=3 | BER=0.0029 corr_tau=0.684 margin=2.90 (36 s)
2026-09-28 22:09:56 | src.experiments.jamming_interpretability | INFO   | [jamming_interpretability lstm] barrage     JSR=  -6.0 dB r=3 | BER=0.0055 corr_tau=0.581 margin=2.87 (36 s)
2026-09-28 22:10:31 | src.experiments.jamming_interpretability | INFO   | [jamming_interpretability lstm] barrage     JSR=  -2.0 dB r=3 | BER=0.0177 corr_tau=0.419 margin=2.74 (35 s)
2026-09-28 22:11:07 | src.experiments.jamming_interpretability | INFO   | [jamming_interpretability lstm] barrage     JSR=   2.0 dB r=3 | BER=0.0769 corr_tau=0.240 margin=2.26 (35 s)
2026-09-28 22:11:41 | src.experiments.jamming_interpretability | INFO   | [jamming_interpretability lstm] barrage     JSR=   6.0 dB r=3 | BER=0.2262 corr_tau=0.110 margin=1.36 (34 s)
2026-09-28 22:12:16 | src.experiments.jamming_interpretability | INFO   | [jamming_interpretability lstm] barrage     JSR=  10.0 dB r=3 | BER=0.3768 corr_tau=0.046 margin=0.59 (35 s)
2026-09-28 22:12:52 | src.experiments.jamming_interpretability | INFO   | [jamming_interpretability lstm] barrage     JSR= -10.0 dB r=4 | BER=0.0026 corr_tau=0.686 margin=2.90 (35 s)
2026-09-28 22:13:27 | src.experiments.jamming_interpretability | INFO   | [jamming_interpretability lstm] barrage     JSR=  -6.0 dB r=4 | BER=0.0052 corr_tau=0.584 margin=2.87 (35 s)
2026-09-28 22:14:02 | src.experiments.jamming_interpretability | INFO   | [jamming_interpretability lstm] barrage     JSR=  -2.0 dB r=4 | BER=0.0173 corr_tau=0.422 margin=2.74 (35 s)
2026-09-28 22:14:37 | src.experiments.jamming_interpretability | INFO   | [jamming_interpretability lstm] barrage     JSR=   2.0 dB r=4 | BER=0.0764 corr_tau=0.243 margin=2.27 (35 s)
2026-09-28 22:15:12 | src.experiments.jamming_interpretability | INFO   | [jamming_interpretability lstm] barrage     JSR=   6.0 dB r=4 | BER=0.2242 corr_tau=0.112 margin=1.36 (35 s)
2026-09-28 22:15:47 | src.experiments.jamming_interpretability | INFO   | [jamming_interpretability lstm] barrage     JSR=  10.0 dB r=4 | BER=0.3759 corr_tau=0.047 margin=0.59 (35 s)
2026-09-28 22:16:24 | src.experiments.jamming_interpretability | INFO   | [jamming_interpretability lstm] partial_band JSR= -10.0 dB r=0 | BER=0.0038 corr_tau=0.708 margin=2.89 (35 s)
2026-09-28 22:16:58 | src.experiments.jamming_interpretability | INFO   | [jamming_interpretability lstm] partial_band JSR=  -6.0 dB r=0 | BER=0.0158 corr_tau=0.622 margin=2.81 (34 s)
2026-09-28 22:17:33 | src.experiments.jamming_interpretability | INFO   | [jamming_interpretability lstm] partial_band JSR=  -2.0 dB r=0 | BER=0.0928 corr_tau=0.478 margin=2.33 (35 s)
2026-09-28 22:18:07 | src.experiments.jamming_interpretability | INFO   | [jamming_interpretability lstm] partial_band JSR=   2.0 dB r=0 | BER=0.3412 corr_tau=0.296 margin=0.97 (34 s)
2026-09-28 22:18:42 | src.experiments.jamming_interpretability | INFO   | [jamming_interpretability lstm] partial_band JSR=   6.0 dB r=0 | BER=0.4911 corr_tau=0.138 margin=0.10 (35 s)
2026-09-28 22:19:17 | src.experiments.jamming_interpretability | INFO   | [jamming_interpretability lstm] partial_band JSR=  10.0 dB r=0 | BER=0.4999 corr_tau=0.045 margin=0.02 (34 s)
2026-09-28 22:19:53 | src.experiments.jamming_interpretability | INFO   | [jamming_interpretability lstm] partial_band JSR= -10.0 dB r=1 | BER=0.0054 corr_tau=0.672 margin=2.87 (34 s)
2026-09-28 22:20:29 | src.experiments.jamming_interpretability | INFO   | [jamming_interpretability lstm] partial_band JSR=  -6.0 dB r=1 | BER=0.0318 corr_tau=0.563 margin=2.68 (35 s)
2026-09-28 22:21:03 | src.experiments.jamming_interpretability | INFO   | [jamming_interpretability lstm] partial_band JSR=  -2.0 dB r=1 | BER=0.1861 corr_tau=0.408 margin=1.78 (34 s)
2026-09-28 22:21:38 | src.experiments.jamming_interpretability | INFO   | [jamming_interpretability lstm] partial_band JSR=   2.0 dB r=1 | BER=0.4391 corr_tau=0.247 margin=0.41 (35 s)
2026-09-28 22:22:12 | src.experiments.jamming_interpretability | INFO   | [jamming_interpretability lstm] partial_band JSR=   6.0 dB r=1 | BER=0.4985 corr_tau=0.122 margin=0.02 (34 s)
2026-09-28 22:22:48 | src.experiments.jamming_interpretability | INFO   | [jamming_interpretability lstm] partial_band JSR=  10.0 dB r=1 | BER=0.5000 corr_tau=0.048 margin=-0.00 (35 s)
2026-09-28 22:23:24 | src.experiments.jamming_interpretability | INFO   | [jamming_interpretability lstm] partial_band JSR= -10.0 dB r=2 | BER=0.0100 corr_tau=0.671 margin=2.84 (34 s)
2026-09-28 22:23:59 | src.experiments.jamming_interpretability | INFO   | [jamming_interpretability lstm] partial_band JSR=  -6.0 dB r=2 | BER=0.0717 corr_tau=0.564 margin=2.41 (35 s)
2026-09-28 22:24:33 | src.experiments.jamming_interpretability | INFO   | [jamming_interpretability lstm] partial_band JSR=  -2.0 dB r=2 | BER=0.3154 corr_tau=0.411 margin=1.07 (34 s)
2026-09-28 22:25:08 | src.experiments.jamming_interpretability | INFO   | [jamming_interpretability lstm] partial_band JSR=   2.0 dB r=2 | BER=0.4910 corr_tau=0.255 margin=0.09 (34 s)
2026-09-28 22:25:42 | src.experiments.jamming_interpretability | INFO   | [jamming_interpretability lstm] partial_band JSR=   6.0 dB r=2 | BER=0.5000 corr_tau=0.126 margin=-0.00 (35 s)
2026-09-28 22:26:17 | src.experiments.jamming_interpretability | INFO   | [jamming_interpretability lstm] partial_band JSR=  10.0 dB r=2 | BER=0.5000 corr_tau=0.049 margin=-0.00 (34 s)
2026-09-28 22:26:54 | src.experiments.jamming_interpretability | INFO   | [jamming_interpretability lstm] partial_band JSR= -10.0 dB r=3 | BER=0.0052 corr_tau=0.672 margin=2.88 (36 s)
2026-09-28 22:27:29 | src.experiments.jamming_interpretability | INFO   | [jamming_interpretability lstm] partial_band JSR=  -6.0 dB r=3 | BER=0.0290 corr_tau=0.562 margin=2.69 (35 s)
2026-09-28 22:28:04 | src.experiments.jamming_interpretability | INFO   | [jamming_interpretability lstm] partial_band JSR=  -2.0 dB r=3 | BER=0.1811 corr_tau=0.407 margin=1.79 (36 s)
2026-09-28 22:28:39 | src.experiments.jamming_interpretability | INFO   | [jamming_interpretability lstm] partial_band JSR=   2.0 dB r=3 | BER=0.4449 corr_tau=0.250 margin=0.39 (35 s)
2026-09-28 22:29:14 | src.experiments.jamming_interpretability | INFO   | [jamming_interpretability lstm] partial_band JSR=   6.0 dB r=3 | BER=0.4995 corr_tau=0.129 margin=0.01 (35 s)
2026-09-28 22:29:50 | src.experiments.jamming_interpretability | INFO   | [jamming_interpretability lstm] partial_band JSR=  10.0 dB r=3 | BER=0.5000 corr_tau=0.054 margin=-0.01 (35 s)
2026-09-28 22:30:26 | src.experiments.jamming_interpretability | INFO   | [jamming_interpretability lstm] partial_band JSR= -10.0 dB r=4 | BER=0.0044 corr_tau=0.708 margin=2.89 (34 s)
2026-09-28 22:31:01 | src.experiments.jamming_interpretability | INFO   | [jamming_interpretability lstm] partial_band JSR=  -6.0 dB r=4 | BER=0.0170 corr_tau=0.622 margin=2.79 (35 s)
2026-09-28 22:31:36 | src.experiments.jamming_interpretability | INFO   | [jamming_interpretability lstm] partial_band JSR=  -2.0 dB r=4 | BER=0.0794 corr_tau=0.483 margin=2.38 (34 s)
2026-09-28 22:32:11 | src.experiments.jamming_interpretability | INFO   | [jamming_interpretability lstm] partial_band JSR=   2.0 dB r=4 | BER=0.2729 corr_tau=0.310 margin=1.33 (35 s)
2026-09-28 22:32:45 | src.experiments.jamming_interpretability | INFO   | [jamming_interpretability lstm] partial_band JSR=   6.0 dB r=4 | BER=0.4556 corr_tau=0.157 margin=0.35 (35 s)
2026-09-28 22:33:21 | src.experiments.jamming_interpretability | INFO   | [jamming_interpretability lstm] partial_band JSR=  10.0 dB r=4 | BER=0.4903 corr_tau=0.055 margin=0.11 (35 s)
2026-09-28 22:33:21 | src.experiments.jamming_interpretability | INFO   | [jamming_interpretability lstm] completed -> /content/drive/MyDrive/DHUC_RUN/lstm/full/jamming_interpretability/lstm (conditions=19)
2026-09-28 22:33:21 | __main__                       | INFO   | jamming_interpretability experiment completed. Output in /content/drive/MyDrive/DHUC_RUN/lstm/full/jamming_interpretability
2026-09-28 22:33:21 | __main__                       | INFO   | Experiment jamming_interpretability completed successfully.
2026-09-28 22:33:21 | __main__                       | INFO   | ================================================================================
2026-09-28 22:33:21 | __main__                       | INFO   | SUMMARY
2026-09-28 22:33:21 | __main__                       | INFO   | ================================================================================
2026-09-28 22:33:21 | __main__                       | INFO   | jamming_interpretability: OK
2026-09-28 22:33:21 | __main__                       | INFO   | All requested experiments finished. Output in: /content/drive/MyDrive/DHUC_RUN/lstm
2026-09-28 22:33:27 | root                           | INFO   | Logging configured: file=/content/drive/MyDrive/DHUC_RUN/lstm/full/logs/runner.log level=INFO
2026-09-28 22:33:27 | __main__                       | INFO   | Mode: full
2026-09-28 22:33:27 | __main__                       | INFO   | Run root: /content/drive/MyDrive/DHUC_RUN/lstm/full
2026-09-28 22:33:27 | __main__                       | INFO   | Models: lstm
2026-09-28 22:33:27 | __main__                       | INFO   | No dataset regeneration: False
2026-09-28 22:33:27 | __main__                       | INFO   | ================================================================================
2026-09-28 22:33:27 | __main__                       | INFO   | EXPERIMENT frequency_agility
2026-09-28 22:33:27 | __main__                       | INFO   | ================================================================================
2026-09-28 22:33:27 | __main__                       | INFO   | experiment_name = frequency_agility_full
2026-09-28 22:33:27 | __main__                       | INFO   | seed = 42
2026-09-28 22:33:27 | __main__                       | INFO   | lambda_mse = 2
2026-09-28 22:33:27 | __main__                       | INFO   | sequence_length = 100
2026-09-28 22:33:27 | __main__                       | INFO   | map_type = logistic / map_param = 3.9
2026-09-28 22:33:27 | __main__                       | INFO   | backbone_type = lstm
2026-09-28 22:33:27 | __main__                       | INFO   | epochs = 5
2026-09-28 22:33:27 | src.utils.config_loader        | INFO   | config snapshot saved: /content/drive/MyDrive/DHUC_RUN/lstm/full/frequency_agility/logs/config_used.yaml
2026-09-28 22:33:27 | __main__                       | INFO   | ============================================================
2026-09-28 22:33:27 | __main__                       | INFO   | frequency_agility experiment (models=['lstm'])
2026-09-28 22:33:27 | __main__                       | INFO   | ============================================================
2026-09-28 22:33:27 | __main__                       | INFO   | frequency_agility lstm: model loaded from /content/drive/MyDrive/DHUC_RUN/lstm/full/ber_vs_snr/k3_doppler_full/lstm/best_model.keras
2026-09-28 22:33:29 | src.experiments.frequency_agility | INFO   | [frequency_agility lstm] channels=8 dwell=1 slot=10.0 us hop_rate=100000 Hz bursts=20000 realizations=5 snr=21.0 dB K=3
2026-09-28 22:33:29 | src.experiments.frequency_agility | INFO   | [frequency_agility lstm] controlled comparison: fh_off and fh_on share the same per-slot channel process and the same transmission; only the hop sequence and the jammer coverage differ
2026-09-28 22:33:36 | src.experiments.frequency_agility | INFO   | [frequency_agility lstm] fh_off barrage       cw            JSR= -10.0 dB r=0 jammed=1.000 BER=0.1105 (2 s)
2026-09-28 22:33:38 | src.experiments.frequency_agility | INFO   | [frequency_agility lstm] fh_off barrage       cw            JSR=  -6.0 dB r=0 jammed=1.000 BER=0.2057 (2 s)
2026-09-28 22:33:40 | src.experiments.frequency_agility | INFO   | [frequency_agility lstm] fh_off barrage       cw            JSR=  -2.0 dB r=0 jammed=1.000 BER=0.4107 (2 s)
2026-09-28 22:33:42 | src.experiments.frequency_agility | INFO   | [frequency_agility lstm] fh_off barrage       cw            JSR=   2.0 dB r=0 jammed=1.000 BER=0.5016 (2 s)
2026-09-28 22:33:44 | src.experiments.frequency_agility | INFO   | [frequency_agility lstm] fh_off barrage       cw            JSR=   6.0 dB r=0 jammed=1.000 BER=0.5031 (2 s)
2026-09-28 22:33:46 | src.experiments.frequency_agility | INFO   | [frequency_agility lstm] fh_off barrage       cw            JSR=  10.0 dB r=0 jammed=1.000 BER=0.5031 (2 s)
2026-09-28 22:33:48 | src.experiments.frequency_agility | INFO   | [frequency_agility lstm] fh_off barrage       partial_band  JSR= -10.0 dB r=0 jammed=1.000 BER=0.0840 (2 s)
2026-09-28 22:33:49 | src.experiments.frequency_agility | INFO   | [frequency_agility lstm] fh_off barrage       partial_band  JSR=  -6.0 dB r=0 jammed=1.000 BER=0.1109 (2 s)
2026-09-28 22:33:51 | src.experiments.frequency_agility | INFO   | [frequency_agility lstm] fh_off barrage       partial_band  JSR=  -2.0 dB r=0 jammed=1.000 BER=0.2019 (2 s)
2026-09-28 22:33:53 | src.experiments.frequency_agility | INFO   | [frequency_agility lstm] fh_off barrage       partial_band  JSR=   2.0 dB r=0 jammed=1.000 BER=0.3914 (2 s)
2026-09-28 22:33:55 | src.experiments.frequency_agility | INFO   | [frequency_agility lstm] fh_off barrage       partial_band  JSR=   6.0 dB r=0 jammed=1.000 BER=0.4946 (2 s)
2026-09-28 22:33:57 | src.experiments.frequency_agility | INFO   | [frequency_agility lstm] fh_off barrage       partial_band  JSR=  10.0 dB r=0 jammed=1.000 BER=0.5030 (2 s)
2026-09-28 22:34:02 | src.experiments.frequency_agility | INFO   | [frequency_agility lstm] fh_off barrage       cw            JSR= -10.0 dB r=1 jammed=1.000 BER=0.0929 (2 s)
2026-09-28 22:34:04 | src.experiments.frequency_agility | INFO   | [frequency_agility lstm] fh_off barrage       cw            JSR=  -6.0 dB r=1 jammed=1.000 BER=0.1431 (2 s)
2026-09-28 22:34:06 | src.experiments.frequency_agility | INFO   | [frequency_agility lstm] fh_off barrage       cw            JSR=  -2.0 dB r=1 jammed=1.000 BER=0.2959 (2 s)
2026-09-28 22:34:08 | src.experiments.frequency_agility | INFO   | [frequency_agility lstm] fh_off barrage       cw            JSR=   2.0 dB r=1 jammed=1.000 BER=0.4788 (2 s)
2026-09-28 22:34:10 | src.experiments.frequency_agility | INFO   | [frequency_agility lstm] fh_off barrage       cw            JSR=   6.0 dB r=1 jammed=1.000 BER=0.4993 (2 s)
2026-09-28 22:34:12 | src.experiments.frequency_agility | INFO   | [frequency_agility lstm] fh_off barrage       cw            JSR=  10.0 dB r=1 jammed=1.000 BER=0.4996 (2 s)
2026-09-28 22:34:14 | src.experiments.frequency_agility | INFO   | [frequency_agility lstm] fh_off barrage       partial_band  JSR= -10.0 dB r=1 jammed=1.000 BER=0.0631 (2 s)
2026-09-28 22:34:16 | src.experiments.frequency_agility | INFO   | [frequency_agility lstm] fh_off barrage       partial_band  JSR=  -6.0 dB r=1 jammed=1.000 BER=0.0604 (2 s)
2026-09-28 22:34:17 | src.experiments.frequency_agility | INFO   | [frequency_agility lstm] fh_off barrage       partial_band  JSR=  -2.0 dB r=1 jammed=1.000 BER=0.1305 (2 s)
2026-09-28 22:34:19 | src.experiments.frequency_agility | INFO   | [frequency_agility lstm] fh_off barrage       partial_band  JSR=   2.0 dB r=1 jammed=1.000 BER=0.3719 (2 s)
2026-09-28 22:34:21 | src.experiments.frequency_agility | INFO   | [frequency_agility lstm] fh_off barrage       partial_band  JSR=   6.0 dB r=1 jammed=1.000 BER=0.4928 (2 s)
2026-09-28 22:34:23 | src.experiments.frequency_agility | INFO   | [frequency_agility lstm] fh_off barrage       partial_band  JSR=  10.0 dB r=1 jammed=1.000 BER=0.5003 (2 s)
2026-09-28 22:34:29 | src.experiments.frequency_agility | INFO   | [frequency_agility lstm] fh_off barrage       cw            JSR= -10.0 dB r=2 jammed=1.000 BER=0.0742 (2 s)
2026-09-28 22:34:30 | src.experiments.frequency_agility | INFO   | [frequency_agility lstm] fh_off barrage       cw            JSR=  -6.0 dB r=2 jammed=1.000 BER=0.0785 (2 s)
2026-09-28 22:34:32 | src.experiments.frequency_agility | INFO   | [frequency_agility lstm] fh_off barrage       cw            JSR=  -2.0 dB r=2 jammed=1.000 BER=0.0942 (2 s)
2026-09-28 22:34:34 | src.experiments.frequency_agility | INFO   | [frequency_agility lstm] fh_off barrage       cw            JSR=   2.0 dB r=2 jammed=1.000 BER=0.1585 (2 s)
2026-09-28 22:34:36 | src.experiments.frequency_agility | INFO   | [frequency_agility lstm] fh_off barrage       cw            JSR=   6.0 dB r=2 jammed=1.000 BER=0.3530 (2 s)
2026-09-28 22:34:38 | src.experiments.frequency_agility | INFO   | [frequency_agility lstm] fh_off barrage       cw            JSR=  10.0 dB r=2 jammed=1.000 BER=0.4750 (2 s)
2026-09-28 22:34:40 | src.experiments.frequency_agility | INFO   | [frequency_agility lstm] fh_off barrage       partial_band  JSR= -10.0 dB r=2 jammed=1.000 BER=0.0633 (2 s)
2026-09-28 22:34:42 | src.experiments.frequency_agility | INFO   | [frequency_agility lstm] fh_off barrage       partial_band  JSR=  -6.0 dB r=2 jammed=1.000 BER=0.0805 (2 s)
2026-09-28 22:34:44 | src.experiments.frequency_agility | INFO   | [frequency_agility lstm] fh_off barrage       partial_band  JSR=  -2.0 dB r=2 jammed=1.000 BER=0.2544 (2 s)
2026-09-28 22:34:45 | src.experiments.frequency_agility | INFO   | [frequency_agility lstm] fh_off barrage       partial_band  JSR=   2.0 dB r=2 jammed=1.000 BER=0.4688 (2 s)
2026-09-28 22:34:47 | src.experiments.frequency_agility | INFO   | [frequency_agility lstm] fh_off barrage       partial_band  JSR=   6.0 dB r=2 jammed=1.000 BER=0.4971 (2 s)
2026-09-28 22:34:49 | src.experiments.frequency_agility | INFO   | [frequency_agility lstm] fh_off barrage       partial_band  JSR=  10.0 dB r=2 jammed=1.000 BER=0.4973 (2 s)
2026-09-28 22:34:55 | src.experiments.frequency_agility | INFO   | [frequency_agility lstm] fh_off barrage       cw            JSR= -10.0 dB r=3 jammed=1.000 BER=0.0580 (2 s)
2026-09-28 22:34:56 | src.experiments.frequency_agility | INFO   | [frequency_agility lstm] fh_off barrage       cw            JSR=  -6.0 dB r=3 jammed=1.000 BER=0.0912 (2 s)
2026-09-28 22:34:58 | src.experiments.frequency_agility | INFO   | [frequency_agility lstm] fh_off barrage       cw            JSR=  -2.0 dB r=3 jammed=1.000 BER=0.3387 (2 s)
2026-09-28 22:35:00 | src.experiments.frequency_agility | INFO   | [frequency_agility lstm] fh_off barrage       cw            JSR=   2.0 dB r=3 jammed=1.000 BER=0.4947 (2 s)
2026-09-28 22:35:02 | src.experiments.frequency_agility | INFO   | [frequency_agility lstm] fh_off barrage       cw            JSR=   6.0 dB r=3 jammed=1.000 BER=0.4998 (2 s)
2026-09-28 22:35:04 | src.experiments.frequency_agility | INFO   | [frequency_agility lstm] fh_off barrage       cw            JSR=  10.0 dB r=3 jammed=1.000 BER=0.4997 (2 s)
2026-09-28 22:35:06 | src.experiments.frequency_agility | INFO   | [frequency_agility lstm] fh_off barrage       partial_band  JSR= -10.0 dB r=3 jammed=1.000 BER=0.0600 (2 s)
2026-09-28 22:35:08 | src.experiments.frequency_agility | INFO   | [frequency_agility lstm] fh_off barrage       partial_band  JSR=  -6.0 dB r=3 jammed=1.000 BER=0.0575 (2 s)
2026-09-28 22:35:10 | src.experiments.frequency_agility | INFO   | [frequency_agility lstm] fh_off barrage       partial_band  JSR=  -2.0 dB r=3 jammed=1.000 BER=0.1333 (2 s)
2026-09-28 22:35:11 | src.experiments.frequency_agility | INFO   | [frequency_agility lstm] fh_off barrage       partial_band  JSR=   2.0 dB r=3 jammed=1.000 BER=0.3906 (2 s)
2026-09-28 22:35:13 | src.experiments.frequency_agility | INFO   | [frequency_agility lstm] fh_off barrage       partial_band  JSR=   6.0 dB r=3 jammed=1.000 BER=0.4951 (2 s)
2026-09-28 22:35:15 | src.experiments.frequency_agility | INFO   | [frequency_agility lstm] fh_off barrage       partial_band  JSR=  10.0 dB r=3 jammed=1.000 BER=0.4995 (2 s)
2026-09-28 22:35:21 | src.experiments.frequency_agility | INFO   | [frequency_agility lstm] fh_off barrage       cw            JSR= -10.0 dB r=4 jammed=1.000 BER=0.0626 (2 s)
2026-09-28 22:35:22 | src.experiments.frequency_agility | INFO   | [frequency_agility lstm] fh_off barrage       cw            JSR=  -6.0 dB r=4 jammed=1.000 BER=0.0752 (2 s)
2026-09-28 22:35:24 | src.experiments.frequency_agility | INFO   | [frequency_agility lstm] fh_off barrage       cw            JSR=  -2.0 dB r=4 jammed=1.000 BER=0.2344 (2 s)
2026-09-28 22:35:26 | src.experiments.frequency_agility | INFO   | [frequency_agility lstm] fh_off barrage       cw            JSR=   2.0 dB r=4 jammed=1.000 BER=0.4732 (2 s)
2026-09-28 22:35:28 | src.experiments.frequency_agility | INFO   | [frequency_agility lstm] fh_off barrage       cw            JSR=   6.0 dB r=4 jammed=1.000 BER=0.4955 (2 s)
2026-09-28 22:35:30 | src.experiments.frequency_agility | INFO   | [frequency_agility lstm] fh_off barrage       cw            JSR=  10.0 dB r=4 jammed=1.000 BER=0.4959 (2 s)
2026-09-28 22:35:32 | src.experiments.frequency_agility | INFO   | [frequency_agility lstm] fh_off barrage       partial_band  JSR= -10.0 dB r=4 jammed=1.000 BER=0.0814 (2 s)
2026-09-28 22:35:34 | src.experiments.frequency_agility | INFO   | [frequency_agility lstm] fh_off barrage       partial_band  JSR=  -6.0 dB r=4 jammed=1.000 BER=0.1086 (2 s)
2026-09-28 22:35:36 | src.experiments.frequency_agility | INFO   | [frequency_agility lstm] fh_off barrage       partial_band  JSR=  -2.0 dB r=4 jammed=1.000 BER=0.1910 (2 s)
2026-09-28 22:35:38 | src.experiments.frequency_agility | INFO   | [frequency_agility lstm] fh_off barrage       partial_band  JSR=   2.0 dB r=4 jammed=1.000 BER=0.3830 (2 s)
2026-09-28 22:35:39 | src.experiments.frequency_agility | INFO   | [frequency_agility lstm] fh_off barrage       partial_band  JSR=   6.0 dB r=4 jammed=1.000 BER=0.4963 (2 s)
2026-09-28 22:35:41 | src.experiments.frequency_agility | INFO   | [frequency_agility lstm] fh_off barrage       partial_band  JSR=  10.0 dB r=4 jammed=1.000 BER=0.5036 (2 s)
2026-09-28 22:35:46 | src.experiments.frequency_agility | INFO   | [frequency_agility lstm] fh_off fixed_partial cw            JSR= -10.0 dB r=0 jammed=1.000 BER=0.1115 (2 s)
2026-09-28 22:35:49 | src.experiments.frequency_agility | INFO   | [frequency_agility lstm] fh_off fixed_partial cw            JSR=  -6.0 dB r=0 jammed=1.000 BER=0.2077 (2 s)
2026-09-28 22:35:50 | src.experiments.frequency_agility | INFO   | [frequency_agility lstm] fh_off fixed_partial cw            JSR=  -2.0 dB r=0 jammed=1.000 BER=0.4094 (2 s)
2026-09-28 22:35:52 | src.experiments.frequency_agility | INFO   | [frequency_agility lstm] fh_off fixed_partial cw            JSR=   2.0 dB r=0 jammed=1.000 BER=0.5022 (2 s)
2026-09-28 22:35:54 | src.experiments.frequency_agility | INFO   | [frequency_agility lstm] fh_off fixed_partial cw            JSR=   6.0 dB r=0 jammed=1.000 BER=0.5036 (2 s)
2026-09-28 22:35:56 | src.experiments.frequency_agility | INFO   | [frequency_agility lstm] fh_off fixed_partial cw            JSR=  10.0 dB r=0 jammed=1.000 BER=0.5036 (2 s)
2026-09-28 22:35:57 | src.experiments.frequency_agility | INFO   | [frequency_agility lstm] fh_off fixed_partial partial_band  JSR= -10.0 dB r=0 jammed=1.000 BER=0.0865 (2 s)
2026-09-28 22:36:00 | src.experiments.frequency_agility | INFO   | [frequency_agility lstm] fh_off fixed_partial partial_band  JSR=  -6.0 dB r=0 jammed=1.000 BER=0.1113 (2 s)
2026-09-28 22:36:02 | src.experiments.frequency_agility | INFO   | [frequency_agility lstm] fh_off fixed_partial partial_band  JSR=  -2.0 dB r=0 jammed=1.000 BER=0.2028 (2 s)
2026-09-28 22:36:04 | src.experiments.frequency_agility | INFO   | [frequency_agility lstm] fh_off fixed_partial partial_band  JSR=   2.0 dB r=0 jammed=1.000 BER=0.3943 (2 s)
2026-09-28 22:36:05 | src.experiments.frequency_agility | INFO   | [frequency_agility lstm] fh_off fixed_partial partial_band  JSR=   6.0 dB r=0 jammed=1.000 BER=0.4960 (2 s)
2026-09-28 22:36:07 | src.experiments.frequency_agility | INFO   | [frequency_agility lstm] fh_off fixed_partial partial_band  JSR=  10.0 dB r=0 jammed=1.000 BER=0.5034 (2 s)
2026-09-28 22:36:12 | src.experiments.frequency_agility | INFO   | [frequency_agility lstm] fh_off fixed_partial cw            JSR= -10.0 dB r=1 jammed=1.000 BER=0.0954 (2 s)
2026-09-28 22:36:14 | src.experiments.frequency_agility | INFO   | [frequency_agility lstm] fh_off fixed_partial cw            JSR=  -6.0 dB r=1 jammed=1.000 BER=0.1463 (2 s)
2026-09-28 22:36:16 | src.experiments.frequency_agility | INFO   | [frequency_agility lstm] fh_off fixed_partial cw            JSR=  -2.0 dB r=1 jammed=1.000 BER=0.2966 (2 s)
2026-09-28 22:36:18 | src.experiments.frequency_agility | INFO   | [frequency_agility lstm] fh_off fixed_partial cw            JSR=   2.0 dB r=1 jammed=1.000 BER=0.4848 (2 s)
2026-09-28 22:36:20 | src.experiments.frequency_agility | INFO   | [frequency_agility lstm] fh_off fixed_partial cw            JSR=   6.0 dB r=1 jammed=1.000 BER=0.5038 (2 s)
2026-09-28 22:36:22 | src.experiments.frequency_agility | INFO   | [frequency_agility lstm] fh_off fixed_partial cw            JSR=  10.0 dB r=1 jammed=1.000 BER=0.5038 (2 s)
2026-09-28 22:36:24 | src.experiments.frequency_agility | INFO   | [frequency_agility lstm] fh_off fixed_partial partial_band  JSR= -10.0 dB r=1 jammed=1.000 BER=0.0632 (2 s)
2026-09-28 22:36:25 | src.experiments.frequency_agility | INFO   | [frequency_agility lstm] fh_off fixed_partial partial_band  JSR=  -6.0 dB r=1 jammed=1.000 BER=0.0613 (2 s)
2026-09-28 22:36:28 | src.experiments.frequency_agility | INFO   | [frequency_agility lstm] fh_off fixed_partial partial_band  JSR=  -2.0 dB r=1 jammed=1.000 BER=0.1321 (2 s)
2026-09-28 22:36:30 | src.experiments.frequency_agility | INFO   | [frequency_agility lstm] fh_off fixed_partial partial_band  JSR=   2.0 dB r=1 jammed=1.000 BER=0.3777 (2 s)
2026-09-28 22:36:32 | src.experiments.frequency_agility | INFO   | [frequency_agility lstm] fh_off fixed_partial partial_band  JSR=   6.0 dB r=1 jammed=1.000 BER=0.4886 (2 s)
2026-09-28 22:36:33 | src.experiments.frequency_agility | INFO   | [frequency_agility lstm] fh_off fixed_partial partial_band  JSR=  10.0 dB r=1 jammed=1.000 BER=0.4959 (2 s)
2026-09-28 22:36:38 | src.experiments.frequency_agility | INFO   | [frequency_agility lstm] fh_off fixed_partial cw            JSR= -10.0 dB r=2 jammed=1.000 BER=0.0754 (2 s)
2026-09-28 22:36:40 | src.experiments.frequency_agility | INFO   | [frequency_agility lstm] fh_off fixed_partial cw            JSR=  -6.0 dB r=2 jammed=1.000 BER=0.0790 (2 s)
2026-09-28 22:36:43 | src.experiments.frequency_agility | INFO   | [frequency_agility lstm] fh_off fixed_partial cw            JSR=  -2.0 dB r=2 jammed=1.000 BER=0.0947 (2 s)
2026-09-28 22:36:45 | src.experiments.frequency_agility | INFO   | [frequency_agility lstm] fh_off fixed_partial cw            JSR=   2.0 dB r=2 jammed=1.000 BER=0.1681 (2 s)
2026-09-28 22:36:46 | src.experiments.frequency_agility | INFO   | [frequency_agility lstm] fh_off fixed_partial cw            JSR=   6.0 dB r=2 jammed=1.000 BER=0.3604 (2 s)
2026-09-28 22:36:48 | src.experiments.frequency_agility | INFO   | [frequency_agility lstm] fh_off fixed_partial cw            JSR=  10.0 dB r=2 jammed=1.000 BER=0.4736 (2 s)
2026-09-28 22:36:50 | src.experiments.frequency_agility | INFO   | [frequency_agility lstm] fh_off fixed_partial partial_band  JSR= -10.0 dB r=2 jammed=1.000 BER=0.0640 (2 s)
2026-09-28 22:36:52 | src.experiments.frequency_agility | INFO   | [frequency_agility lstm] fh_off fixed_partial partial_band  JSR=  -6.0 dB r=2 jammed=1.000 BER=0.0823 (2 s)
2026-09-28 22:36:53 | src.experiments.frequency_agility | INFO   | [frequency_agility lstm] fh_off fixed_partial partial_band  JSR=  -2.0 dB r=2 jammed=1.000 BER=0.2613 (2 s)
2026-09-28 22:36:56 | src.experiments.frequency_agility | INFO   | [frequency_agility lstm] fh_off fixed_partial partial_band  JSR=   2.0 dB r=2 jammed=1.000 BER=0.4778 (2 s)
2026-09-28 22:36:58 | src.experiments.frequency_agility | INFO   | [frequency_agility lstm] fh_off fixed_partial partial_band  JSR=   6.0 dB r=2 jammed=1.000 BER=0.5044 (2 s)
2026-09-28 22:37:00 | src.experiments.frequency_agility | INFO   | [frequency_agility lstm] fh_off fixed_partial partial_band  JSR=  10.0 dB r=2 jammed=1.000 BER=0.5049 (2 s)
2026-09-28 22:37:04 | src.experiments.frequency_agility | INFO   | [frequency_agility lstm] fh_off fixed_partial cw            JSR= -10.0 dB r=3 jammed=1.000 BER=0.0712 (2 s)
2026-09-28 22:37:06 | src.experiments.frequency_agility | INFO   | [frequency_agility lstm] fh_off fixed_partial cw            JSR=  -6.0 dB r=3 jammed=1.000 BER=0.1012 (2 s)
2026-09-28 22:37:08 | src.experiments.frequency_agility | INFO   | [frequency_agility lstm] fh_off fixed_partial cw            JSR=  -2.0 dB r=3 jammed=1.000 BER=0.3395 (2 s)
2026-09-28 22:37:11 | src.experiments.frequency_agility | INFO   | [frequency_agility lstm] fh_off fixed_partial cw            JSR=   2.0 dB r=3 jammed=1.000 BER=0.4910 (2 s)
2026-09-28 22:37:12 | src.experiments.frequency_agility | INFO   | [frequency_agility lstm] fh_off fixed_partial cw            JSR=   6.0 dB r=3 jammed=1.000 BER=0.4958 (2 s)
2026-09-28 22:37:14 | src.experiments.frequency_agility | INFO   | [frequency_agility lstm] fh_off fixed_partial cw            JSR=  10.0 dB r=3 jammed=1.000 BER=0.4958 (2 s)
2026-09-28 22:37:16 | src.experiments.frequency_agility | INFO   | [frequency_agility lstm] fh_off fixed_partial partial_band  JSR= -10.0 dB r=3 jammed=1.000 BER=0.0706 (2 s)
2026-09-28 22:37:18 | src.experiments.frequency_agility | INFO   | [frequency_agility lstm] fh_off fixed_partial partial_band  JSR=  -6.0 dB r=3 jammed=1.000 BER=0.0701 (2 s)
2026-09-28 22:37:20 | src.experiments.frequency_agility | INFO   | [frequency_agility lstm] fh_off fixed_partial partial_band  JSR=  -2.0 dB r=3 jammed=1.000 BER=0.1406 (2 s)
2026-09-28 22:37:21 | src.experiments.frequency_agility | INFO   | [frequency_agility lstm] fh_off fixed_partial partial_band  JSR=   2.0 dB r=3 jammed=1.000 BER=0.3865 (2 s)
2026-09-28 22:37:24 | src.experiments.frequency_agility | INFO   | [frequency_agility lstm] fh_off fixed_partial partial_band  JSR=   6.0 dB r=3 jammed=1.000 BER=0.4901 (2 s)
2026-09-28 22:37:26 | src.experiments.frequency_agility | INFO   | [frequency_agility lstm] fh_off fixed_partial partial_band  JSR=  10.0 dB r=3 jammed=1.000 BER=0.4956 (2 s)
2026-09-28 22:37:31 | src.experiments.frequency_agility | INFO   | [frequency_agility lstm] fh_off fixed_partial cw            JSR= -10.0 dB r=4 jammed=1.000 BER=0.0628 (2 s)
2026-09-28 22:37:32 | src.experiments.frequency_agility | INFO   | [frequency_agility lstm] fh_off fixed_partial cw            JSR=  -6.0 dB r=4 jammed=1.000 BER=0.0765 (2 s)
2026-09-28 22:37:34 | src.experiments.frequency_agility | INFO   | [frequency_agility lstm] fh_off fixed_partial cw            JSR=  -2.0 dB r=4 jammed=1.000 BER=0.2408 (2 s)
2026-09-28 22:37:36 | src.experiments.frequency_agility | INFO   | [frequency_agility lstm] fh_off fixed_partial cw            JSR=   2.0 dB r=4 jammed=1.000 BER=0.4762 (2 s)
2026-09-28 22:37:39 | src.experiments.frequency_agility | INFO   | [frequency_agility lstm] fh_off fixed_partial cw            JSR=   6.0 dB r=4 jammed=1.000 BER=0.4985 (2 s)
2026-09-28 22:37:40 | src.experiments.frequency_agility | INFO   | [frequency_agility lstm] fh_off fixed_partial cw            JSR=  10.0 dB r=4 jammed=1.000 BER=0.4988 (2 s)
2026-09-28 22:37:42 | src.experiments.frequency_agility | INFO   | [frequency_agility lstm] fh_off fixed_partial partial_band  JSR= -10.0 dB r=4 jammed=1.000 BER=0.0823 (2 s)
2026-09-28 22:37:44 | src.experiments.frequency_agility | INFO   | [frequency_agility lstm] fh_off fixed_partial partial_band  JSR=  -6.0 dB r=4 jammed=1.000 BER=0.1113 (2 s)
2026-09-28 22:37:46 | src.experiments.frequency_agility | INFO   | [frequency_agility lstm] fh_off fixed_partial partial_band  JSR=  -2.0 dB r=4 jammed=1.000 BER=0.1983 (2 s)
2026-09-28 22:37:48 | src.experiments.frequency_agility | INFO   | [frequency_agility lstm] fh_off fixed_partial partial_band  JSR=   2.0 dB r=4 jammed=1.000 BER=0.3873 (2 s)
2026-09-28 22:37:50 | src.experiments.frequency_agility | INFO   | [frequency_agility lstm] fh_off fixed_partial partial_band  JSR=   6.0 dB r=4 jammed=1.000 BER=0.4941 (2 s)
2026-09-28 22:37:52 | src.experiments.frequency_agility | INFO   | [frequency_agility lstm] fh_off fixed_partial partial_band  JSR=  10.0 dB r=4 jammed=1.000 BER=0.5011 (2 s)
2026-09-28 22:37:57 | src.experiments.frequency_agility | INFO   | [frequency_agility lstm] fh_off sweep         cw            JSR= -10.0 dB r=0 jammed=1.000 BER=0.1105 (2 s)
2026-09-28 22:37:59 | src.experiments.frequency_agility | INFO   | [frequency_agility lstm] fh_off sweep         cw            JSR=  -6.0 dB r=0 jammed=1.000 BER=0.2063 (2 s)
2026-09-28 22:38:00 | src.experiments.frequency_agility | INFO   | [frequency_agility lstm] fh_off sweep         cw            JSR=  -2.0 dB r=0 jammed=1.000 BER=0.4128 (2 s)
2026-09-28 22:38:02 | src.experiments.frequency_agility | INFO   | [frequency_agility lstm] fh_off sweep         cw            JSR=   2.0 dB r=0 jammed=1.000 BER=0.4997 (2 s)
2026-09-28 22:38:05 | src.experiments.frequency_agility | INFO   | [frequency_agility lstm] fh_off sweep         cw            JSR=   6.0 dB r=0 jammed=1.000 BER=0.5017 (2 s)
2026-09-28 22:38:07 | src.experiments.frequency_agility | INFO   | [frequency_agility lstm] fh_off sweep         cw            JSR=  10.0 dB r=0 jammed=1.000 BER=0.5017 (2 s)
2026-09-28 22:38:09 | src.experiments.frequency_agility | INFO   | [frequency_agility lstm] fh_off sweep         partial_band  JSR= -10.0 dB r=0 jammed=1.000 BER=0.0832 (2 s)
2026-09-28 22:38:10 | src.experiments.frequency_agility | INFO   | [frequency_agility lstm] fh_off sweep         partial_band  JSR=  -6.0 dB r=0 jammed=1.000 BER=0.1097 (2 s)
2026-09-28 22:38:12 | src.experiments.frequency_agility | INFO   | [frequency_agility lstm] fh_off sweep         partial_band  JSR=  -2.0 dB r=0 jammed=1.000 BER=0.2042 (2 s)
2026-09-28 22:38:14 | src.experiments.frequency_agility | INFO   | [frequency_agility lstm] fh_off sweep         partial_band  JSR=   2.0 dB r=0 jammed=1.000 BER=0.4023 (2 s)
2026-09-28 22:38:16 | src.experiments.frequency_agility | INFO   | [frequency_agility lstm] fh_off sweep         partial_band  JSR=   6.0 dB r=0 jammed=1.000 BER=0.4944 (2 s)
2026-09-28 22:38:18 | src.experiments.frequency_agility | INFO   | [frequency_agility lstm] fh_off sweep         partial_band  JSR=  10.0 dB r=0 jammed=1.000 BER=0.5014 (2 s)
2026-09-28 22:38:23 | src.experiments.frequency_agility | INFO   | [frequency_agility lstm] fh_off sweep         cw            JSR= -10.0 dB r=1 jammed=1.000 BER=0.0999 (2 s)
2026-09-28 22:38:25 | src.experiments.frequency_agility | INFO   | [frequency_agility lstm] fh_off sweep         cw            JSR=  -6.0 dB r=1 jammed=1.000 BER=0.1499 (2 s)
2026-09-28 22:38:27 | src.experiments.frequency_agility | INFO   | [frequency_agility lstm] fh_off sweep         cw            JSR=  -2.0 dB r=1 jammed=1.000 BER=0.3123 (2 s)
2026-09-28 22:38:28 | src.experiments.frequency_agility | INFO   | [frequency_agility lstm] fh_off sweep         cw            JSR=   2.0 dB r=1 jammed=1.000 BER=0.4919 (2 s)
2026-09-28 22:38:31 | src.experiments.frequency_agility | INFO   | [frequency_agility lstm] fh_off sweep         cw            JSR=   6.0 dB r=1 jammed=1.000 BER=0.5075 (2 s)
2026-09-28 22:38:33 | src.experiments.frequency_agility | INFO   | [frequency_agility lstm] fh_off sweep         cw            JSR=  10.0 dB r=1 jammed=1.000 BER=0.5075 (2 s)
2026-09-28 22:38:35 | src.experiments.frequency_agility | INFO   | [frequency_agility lstm] fh_off sweep         partial_band  JSR= -10.0 dB r=1 jammed=1.000 BER=0.0678 (2 s)
2026-09-28 22:38:37 | src.experiments.frequency_agility | INFO   | [frequency_agility lstm] fh_off sweep         partial_band  JSR=  -6.0 dB r=1 jammed=1.000 BER=0.0636 (2 s)
2026-09-28 22:38:38 | src.experiments.frequency_agility | INFO   | [frequency_agility lstm] fh_off sweep         partial_band  JSR=  -2.0 dB r=1 jammed=1.000 BER=0.1280 (2 s)
2026-09-28 22:38:40 | src.experiments.frequency_agility | INFO   | [frequency_agility lstm] fh_off sweep         partial_band  JSR=   2.0 dB r=1 jammed=1.000 BER=0.3718 (2 s)
2026-09-28 22:38:42 | src.experiments.frequency_agility | INFO   | [frequency_agility lstm] fh_off sweep         partial_band  JSR=   6.0 dB r=1 jammed=1.000 BER=0.4854 (2 s)
2026-09-28 22:38:44 | src.experiments.frequency_agility | INFO   | [frequency_agility lstm] fh_off sweep         partial_band  JSR=  10.0 dB r=1 jammed=1.000 BER=0.4924 (2 s)
2026-09-28 22:38:50 | src.experiments.frequency_agility | INFO   | [frequency_agility lstm] fh_off sweep         cw            JSR= -10.0 dB r=2 jammed=1.000 BER=0.0799 (2 s)
2026-09-28 22:38:51 | src.experiments.frequency_agility | INFO   | [frequency_agility lstm] fh_off sweep         cw            JSR=  -6.0 dB r=2 jammed=1.000 BER=0.0846 (2 s)
2026-09-28 22:38:53 | src.experiments.frequency_agility | INFO   | [frequency_agility lstm] fh_off sweep         cw            JSR=  -2.0 dB r=2 jammed=1.000 BER=0.0979 (2 s)
2026-09-28 22:38:55 | src.experiments.frequency_agility | INFO   | [frequency_agility lstm] fh_off sweep         cw            JSR=   2.0 dB r=2 jammed=1.000 BER=0.1593 (2 s)
2026-09-28 22:38:57 | src.experiments.frequency_agility | INFO   | [frequency_agility lstm] fh_off sweep         cw            JSR=   6.0 dB r=2 jammed=1.000 BER=0.3659 (2 s)
2026-09-28 22:38:59 | src.experiments.frequency_agility | INFO   | [frequency_agility lstm] fh_off sweep         cw            JSR=  10.0 dB r=2 jammed=1.000 BER=0.4802 (2 s)
2026-09-28 22:39:01 | src.experiments.frequency_agility | INFO   | [frequency_agility lstm] fh_off sweep         partial_band  JSR= -10.0 dB r=2 jammed=1.000 BER=0.0718 (2 s)
2026-09-28 22:39:03 | src.experiments.frequency_agility | INFO   | [frequency_agility lstm] fh_off sweep         partial_band  JSR=  -6.0 dB r=2 jammed=1.000 BER=0.0845 (2 s)
2026-09-28 22:39:05 | src.experiments.frequency_agility | INFO   | [frequency_agility lstm] fh_off sweep         partial_band  JSR=  -2.0 dB r=2 jammed=1.000 BER=0.2614 (2 s)
2026-09-28 22:39:07 | src.experiments.frequency_agility | INFO   | [frequency_agility lstm] fh_off sweep         partial_band  JSR=   2.0 dB r=2 jammed=1.000 BER=0.4724 (2 s)
2026-09-28 22:39:08 | src.experiments.frequency_agility | INFO   | [frequency_agility lstm] fh_off sweep         partial_band  JSR=   6.0 dB r=2 jammed=1.000 BER=0.4995 (2 s)
2026-09-28 22:39:10 | src.experiments.frequency_agility | INFO   | [frequency_agility lstm] fh_off sweep         partial_band  JSR=  10.0 dB r=2 jammed=1.000 BER=0.5000 (2 s)
2026-09-28 22:39:16 | src.experiments.frequency_agility | INFO   | [frequency_agility lstm] fh_off sweep         cw            JSR= -10.0 dB r=3 jammed=1.000 BER=0.0611 (2 s)
2026-09-28 22:39:18 | src.experiments.frequency_agility | INFO   | [frequency_agility lstm] fh_off sweep         cw            JSR=  -6.0 dB r=3 jammed=1.000 BER=0.0926 (2 s)
2026-09-28 22:39:20 | src.experiments.frequency_agility | INFO   | [frequency_agility lstm] fh_off sweep         cw            JSR=  -2.0 dB r=3 jammed=1.000 BER=0.3448 (2 s)
2026-09-28 22:39:21 | src.experiments.frequency_agility | INFO   | [frequency_agility lstm] fh_off sweep         cw            JSR=   2.0 dB r=3 jammed=1.000 BER=0.4960 (2 s)
2026-09-28 22:39:23 | src.experiments.frequency_agility | INFO   | [frequency_agility lstm] fh_off sweep         cw            JSR=   6.0 dB r=3 jammed=1.000 BER=0.4993 (2 s)
2026-09-28 22:39:25 | src.experiments.frequency_agility | INFO   | [frequency_agility lstm] fh_off sweep         cw            JSR=  10.0 dB r=3 jammed=1.000 BER=0.4993 (2 s)
2026-09-28 22:39:28 | src.experiments.frequency_agility | INFO   | [frequency_agility lstm] fh_off sweep         partial_band  JSR= -10.0 dB r=3 jammed=1.000 BER=0.0629 (2 s)
2026-09-28 22:39:30 | src.experiments.frequency_agility | INFO   | [frequency_agility lstm] fh_off sweep         partial_band  JSR=  -6.0 dB r=3 jammed=1.000 BER=0.0616 (2 s)
2026-09-28 22:39:31 | src.experiments.frequency_agility | INFO   | [frequency_agility lstm] fh_off sweep         partial_band  JSR=  -2.0 dB r=3 jammed=1.000 BER=0.1344 (2 s)
2026-09-28 22:39:33 | src.experiments.frequency_agility | INFO   | [frequency_agility lstm] fh_off sweep         partial_band  JSR=   2.0 dB r=3 jammed=1.000 BER=0.3938 (2 s)
2026-09-28 22:39:35 | src.experiments.frequency_agility | INFO   | [frequency_agility lstm] fh_off sweep         partial_band  JSR=   6.0 dB r=3 jammed=1.000 BER=0.4950 (2 s)
2026-09-28 22:39:37 | src.experiments.frequency_agility | INFO   | [frequency_agility lstm] fh_off sweep         partial_band  JSR=  10.0 dB r=3 jammed=1.000 BER=0.4991 (2 s)
2026-09-28 22:39:42 | src.experiments.frequency_agility | INFO   | [frequency_agility lstm] fh_off sweep         cw            JSR= -10.0 dB r=4 jammed=1.000 BER=0.0640 (2 s)
2026-09-28 22:39:44 | src.experiments.frequency_agility | INFO   | [frequency_agility lstm] fh_off sweep         cw            JSR=  -6.0 dB r=4 jammed=1.000 BER=0.0799 (2 s)
2026-09-28 22:39:46 | src.experiments.frequency_agility | INFO   | [frequency_agility lstm] fh_off sweep         cw            JSR=  -2.0 dB r=4 jammed=1.000 BER=0.2490 (2 s)
2026-09-28 22:39:48 | src.experiments.frequency_agility | INFO   | [frequency_agility lstm] fh_off sweep         cw            JSR=   2.0 dB r=4 jammed=1.000 BER=0.4786 (2 s)
2026-09-28 22:39:49 | src.experiments.frequency_agility | INFO   | [frequency_agility lstm] fh_off sweep         cw            JSR=   6.0 dB r=4 jammed=1.000 BER=0.5007 (2 s)
2026-09-28 22:39:51 | src.experiments.frequency_agility | INFO   | [frequency_agility lstm] fh_off sweep         cw            JSR=  10.0 dB r=4 jammed=1.000 BER=0.5010 (2 s)
2026-09-28 22:39:53 | src.experiments.frequency_agility | INFO   | [frequency_agility lstm] fh_off sweep         partial_band  JSR= -10.0 dB r=4 jammed=1.000 BER=0.0873 (2 s)
2026-09-28 22:39:55 | src.experiments.frequency_agility | INFO   | [frequency_agility lstm] fh_off sweep         partial_band  JSR=  -6.0 dB r=4 jammed=1.000 BER=0.1153 (2 s)
2026-09-28 22:39:57 | src.experiments.frequency_agility | INFO   | [frequency_agility lstm] fh_off sweep         partial_band  JSR=  -2.0 dB r=4 jammed=1.000 BER=0.2079 (2 s)
2026-09-28 22:39:59 | src.experiments.frequency_agility | INFO   | [frequency_agility lstm] fh_off sweep         partial_band  JSR=   2.0 dB r=4 jammed=1.000 BER=0.3867 (2 s)
2026-09-28 22:40:01 | src.experiments.frequency_agility | INFO   | [frequency_agility lstm] fh_off sweep         partial_band  JSR=   6.0 dB r=4 jammed=1.000 BER=0.4898 (2 s)
2026-09-28 22:40:03 | src.experiments.frequency_agility | INFO   | [frequency_agility lstm] fh_off sweep         partial_band  JSR=  10.0 dB r=4 jammed=1.000 BER=0.4986 (2 s)
2026-09-28 22:40:08 | src.experiments.frequency_agility | INFO   | [frequency_agility lstm] fh_off follower      cw            JSR= -10.0 dB r=0 jammed=1.000 BER=0.1026 (2 s)
2026-09-28 22:40:10 | src.experiments.frequency_agility | INFO   | [frequency_agility lstm] fh_off follower      cw            JSR=  -6.0 dB r=0 jammed=1.000 BER=0.1920 (2 s)
2026-09-28 22:40:12 | src.experiments.frequency_agility | INFO   | [frequency_agility lstm] fh_off follower      cw            JSR=  -2.0 dB r=0 jammed=1.000 BER=0.4001 (2 s)
2026-09-28 22:40:14 | src.experiments.frequency_agility | INFO   | [frequency_agility lstm] fh_off follower      cw            JSR=   2.0 dB r=0 jammed=1.000 BER=0.5023 (2 s)
2026-09-28 22:40:15 | src.experiments.frequency_agility | INFO   | [frequency_agility lstm] fh_off follower      cw            JSR=   6.0 dB r=0 jammed=1.000 BER=0.5034 (2 s)
2026-09-28 22:40:17 | src.experiments.frequency_agility | INFO   | [frequency_agility lstm] fh_off follower      cw            JSR=  10.0 dB r=0 jammed=1.000 BER=0.5034 (2 s)
2026-09-28 22:40:19 | src.experiments.frequency_agility | INFO   | [frequency_agility lstm] fh_off follower      partial_band  JSR= -10.0 dB r=0 jammed=1.000 BER=0.0783 (2 s)
2026-09-28 22:40:21 | src.experiments.frequency_agility | INFO   | [frequency_agility lstm] fh_off follower      partial_band  JSR=  -6.0 dB r=0 jammed=1.000 BER=0.1027 (2 s)
2026-09-28 22:40:24 | src.experiments.frequency_agility | INFO   | [frequency_agility lstm] fh_off follower      partial_band  JSR=  -2.0 dB r=0 jammed=1.000 BER=0.1860 (2 s)
2026-09-28 22:40:25 | src.experiments.frequency_agility | INFO   | [frequency_agility lstm] fh_off follower      partial_band  JSR=   2.0 dB r=0 jammed=1.000 BER=0.3833 (2 s)
2026-09-28 22:40:27 | src.experiments.frequency_agility | INFO   | [frequency_agility lstm] fh_off follower      partial_band  JSR=   6.0 dB r=0 jammed=1.000 BER=0.4941 (2 s)
2026-09-28 22:40:29 | src.experiments.frequency_agility | INFO   | [frequency_agility lstm] fh_off follower      partial_band  JSR=  10.0 dB r=0 jammed=1.000 BER=0.5030 (2 s)
2026-09-28 22:40:34 | src.experiments.frequency_agility | INFO   | [frequency_agility lstm] fh_off follower      cw            JSR= -10.0 dB r=1 jammed=1.000 BER=0.1018 (2 s)
2026-09-28 22:40:36 | src.experiments.frequency_agility | INFO   | [frequency_agility lstm] fh_off follower      cw            JSR=  -6.0 dB r=1 jammed=1.000 BER=0.1492 (2 s)
2026-09-28 22:40:38 | src.experiments.frequency_agility | INFO   | [frequency_agility lstm] fh_off follower      cw            JSR=  -2.0 dB r=1 jammed=1.000 BER=0.3026 (2 s)
2026-09-28 22:40:40 | src.experiments.frequency_agility | INFO   | [frequency_agility lstm] fh_off follower      cw            JSR=   2.0 dB r=1 jammed=1.000 BER=0.4868 (2 s)
2026-09-28 22:40:41 | src.experiments.frequency_agility | INFO   | [frequency_agility lstm] fh_off follower      cw            JSR=   6.0 dB r=1 jammed=1.000 BER=0.5023 (2 s)
2026-09-28 22:40:43 | src.experiments.frequency_agility | INFO   | [frequency_agility lstm] fh_off follower      cw            JSR=  10.0 dB r=1 jammed=1.000 BER=0.5023 (2 s)
2026-09-28 22:40:45 | src.experiments.frequency_agility | INFO   | [frequency_agility lstm] fh_off follower      partial_band  JSR= -10.0 dB r=1 jammed=1.000 BER=0.0673 (2 s)
2026-09-28 22:40:47 | src.experiments.frequency_agility | INFO   | [frequency_agility lstm] fh_off follower      partial_band  JSR=  -6.0 dB r=1 jammed=1.000 BER=0.0669 (2 s)
2026-09-28 22:40:49 | src.experiments.frequency_agility | INFO   | [frequency_agility lstm] fh_off follower      partial_band  JSR=  -2.0 dB r=1 jammed=1.000 BER=0.1351 (2 s)
2026-09-28 22:40:51 | src.experiments.frequency_agility | INFO   | [frequency_agility lstm] fh_off follower      partial_band  JSR=   2.0 dB r=1 jammed=1.000 BER=0.3750 (2 s)
2026-09-28 22:40:53 | src.experiments.frequency_agility | INFO   | [frequency_agility lstm] fh_off follower      partial_band  JSR=   6.0 dB r=1 jammed=1.000 BER=0.4894 (2 s)
2026-09-28 22:40:54 | src.experiments.frequency_agility | INFO   | [frequency_agility lstm] fh_off follower      partial_band  JSR=  10.0 dB r=1 jammed=1.000 BER=0.4974 (2 s)
2026-09-28 22:40:59 | src.experiments.frequency_agility | INFO   | [frequency_agility lstm] fh_off follower      cw            JSR= -10.0 dB r=2 jammed=1.000 BER=0.0797 (2 s)
2026-09-28 22:41:01 | src.experiments.frequency_agility | INFO   | [frequency_agility lstm] fh_off follower      cw            JSR=  -6.0 dB r=2 jammed=1.000 BER=0.0848 (2 s)
2026-09-28 22:41:03 | src.experiments.frequency_agility | INFO   | [frequency_agility lstm] fh_off follower      cw            JSR=  -2.0 dB r=2 jammed=1.000 BER=0.1001 (2 s)
2026-09-28 22:41:05 | src.experiments.frequency_agility | INFO   | [frequency_agility lstm] fh_off follower      cw            JSR=   2.0 dB r=2 jammed=1.000 BER=0.1664 (2 s)
2026-09-28 22:41:07 | src.experiments.frequency_agility | INFO   | [frequency_agility lstm] fh_off follower      cw            JSR=   6.0 dB r=2 jammed=1.000 BER=0.3624 (2 s)
2026-09-28 22:41:09 | src.experiments.frequency_agility | INFO   | [frequency_agility lstm] fh_off follower      cw            JSR=  10.0 dB r=2 jammed=1.000 BER=0.4702 (2 s)
2026-09-28 22:41:11 | src.experiments.frequency_agility | INFO   | [frequency_agility lstm] fh_off follower      partial_band  JSR= -10.0 dB r=2 jammed=1.000 BER=0.0662 (2 s)
2026-09-28 22:41:12 | src.experiments.frequency_agility | INFO   | [frequency_agility lstm] fh_off follower      partial_band  JSR=  -6.0 dB r=2 jammed=1.000 BER=0.0868 (2 s)
2026-09-28 22:41:14 | src.experiments.frequency_agility | INFO   | [frequency_agility lstm] fh_off follower      partial_band  JSR=  -2.0 dB r=2 jammed=1.000 BER=0.2621 (2 s)
2026-09-28 22:41:16 | src.experiments.frequency_agility | INFO   | [frequency_agility lstm] fh_off follower      partial_band  JSR=   2.0 dB r=2 jammed=1.000 BER=0.4774 (2 s)
2026-09-28 22:41:19 | src.experiments.frequency_agility | INFO   | [frequency_agility lstm] fh_off follower      partial_band  JSR=   6.0 dB r=2 jammed=1.000 BER=0.5036 (2 s)
2026-09-28 22:41:20 | src.experiments.frequency_agility | INFO   | [frequency_agility lstm] fh_off follower      partial_band  JSR=  10.0 dB r=2 jammed=1.000 BER=0.5039 (2 s)
2026-09-28 22:41:25 | src.experiments.frequency_agility | INFO   | [frequency_agility lstm] fh_off follower      cw            JSR= -10.0 dB r=3 jammed=1.000 BER=0.0583 (2 s)
2026-09-28 22:41:27 | src.experiments.frequency_agility | INFO   | [frequency_agility lstm] fh_off follower      cw            JSR=  -6.0 dB r=3 jammed=1.000 BER=0.0916 (2 s)
2026-09-28 22:41:28 | src.experiments.frequency_agility | INFO   | [frequency_agility lstm] fh_off follower      cw            JSR=  -2.0 dB r=3 jammed=1.000 BER=0.3380 (2 s)
2026-09-28 22:41:31 | src.experiments.frequency_agility | INFO   | [frequency_agility lstm] fh_off follower      cw            JSR=   2.0 dB r=3 jammed=1.000 BER=0.4950 (2 s)
2026-09-28 22:41:33 | src.experiments.frequency_agility | INFO   | [frequency_agility lstm] fh_off follower      cw            JSR=   6.0 dB r=3 jammed=1.000 BER=0.4985 (2 s)
2026-09-28 22:41:35 | src.experiments.frequency_agility | INFO   | [frequency_agility lstm] fh_off follower      cw            JSR=  10.0 dB r=3 jammed=1.000 BER=0.4985 (2 s)
2026-09-28 22:41:36 | src.experiments.frequency_agility | INFO   | [frequency_agility lstm] fh_off follower      partial_band  JSR= -10.0 dB r=3 jammed=1.000 BER=0.0580 (2 s)
2026-09-28 22:41:38 | src.experiments.frequency_agility | INFO   | [frequency_agility lstm] fh_off follower      partial_band  JSR=  -6.0 dB r=3 jammed=1.000 BER=0.0587 (2 s)
2026-09-28 22:41:40 | src.experiments.frequency_agility | INFO   | [frequency_agility lstm] fh_off follower      partial_band  JSR=  -2.0 dB r=3 jammed=1.000 BER=0.1297 (2 s)
2026-09-28 22:41:42 | src.experiments.frequency_agility | INFO   | [frequency_agility lstm] fh_off follower      partial_band  JSR=   2.0 dB r=3 jammed=1.000 BER=0.3852 (2 s)
2026-09-28 22:41:44 | src.experiments.frequency_agility | INFO   | [frequency_agility lstm] fh_off follower      partial_band  JSR=   6.0 dB r=3 jammed=1.000 BER=0.4936 (2 s)
2026-09-28 22:41:46 | src.experiments.frequency_agility | INFO   | [frequency_agility lstm] fh_off follower      partial_band  JSR=  10.0 dB r=3 jammed=1.000 BER=0.4985 (2 s)
2026-09-28 22:41:51 | src.experiments.frequency_agility | INFO   | [frequency_agility lstm] fh_off follower      cw            JSR= -10.0 dB r=4 jammed=1.000 BER=0.0645 (2 s)
2026-09-28 22:41:53 | src.experiments.frequency_agility | INFO   | [frequency_agility lstm] fh_off follower      cw            JSR=  -6.0 dB r=4 jammed=1.000 BER=0.0763 (2 s)
2026-09-28 22:41:54 | src.experiments.frequency_agility | INFO   | [frequency_agility lstm] fh_off follower      cw            JSR=  -2.0 dB r=4 jammed=1.000 BER=0.2500 (2 s)
2026-09-28 22:41:56 | src.experiments.frequency_agility | INFO   | [frequency_agility lstm] fh_off follower      cw            JSR=   2.0 dB r=4 jammed=1.000 BER=0.4780 (2 s)
2026-09-28 22:41:58 | src.experiments.frequency_agility | INFO   | [frequency_agility lstm] fh_off follower      cw            JSR=   6.0 dB r=4 jammed=1.000 BER=0.5008 (2 s)
2026-09-28 22:42:01 | src.experiments.frequency_agility | INFO   | [frequency_agility lstm] fh_off follower      cw            JSR=  10.0 dB r=4 jammed=1.000 BER=0.5010 (2 s)
2026-09-28 22:42:02 | src.experiments.frequency_agility | INFO   | [frequency_agility lstm] fh_off follower      partial_band  JSR= -10.0 dB r=4 jammed=1.000 BER=0.0866 (2 s)
2026-09-28 22:42:04 | src.experiments.frequency_agility | INFO   | [frequency_agility lstm] fh_off follower      partial_band  JSR=  -6.0 dB r=4 jammed=1.000 BER=0.1125 (2 s)
2026-09-28 22:42:06 | src.experiments.frequency_agility | INFO   | [frequency_agility lstm] fh_off follower      partial_band  JSR=  -2.0 dB r=4 jammed=1.000 BER=0.2038 (2 s)
2026-09-28 22:42:07 | src.experiments.frequency_agility | INFO   | [frequency_agility lstm] fh_off follower      partial_band  JSR=   2.0 dB r=4 jammed=1.000 BER=0.3928 (2 s)
2026-09-28 22:42:09 | src.experiments.frequency_agility | INFO   | [frequency_agility lstm] fh_off follower      partial_band  JSR=   6.0 dB r=4 jammed=1.000 BER=0.4906 (2 s)
2026-09-28 22:42:12 | src.experiments.frequency_agility | INFO   | [frequency_agility lstm] fh_off follower      partial_band  JSR=  10.0 dB r=4 jammed=1.000 BER=0.4984 (2 s)
2026-09-28 22:42:17 | src.experiments.frequency_agility | INFO   | [frequency_agility lstm] fh_off_blind barrage       cw            JSR= -10.0 dB r=0 jammed=1.000 BER=0.1105 (2 s)
2026-09-28 22:42:19 | src.experiments.frequency_agility | INFO   | [frequency_agility lstm] fh_off_blind barrage       cw            JSR=  -6.0 dB r=0 jammed=1.000 BER=0.2057 (2 s)
2026-09-28 22:42:20 | src.experiments.frequency_agility | INFO   | [frequency_agility lstm] fh_off_blind barrage       cw            JSR=  -2.0 dB r=0 jammed=1.000 BER=0.4107 (2 s)
2026-09-28 22:42:22 | src.experiments.frequency_agility | INFO   | [frequency_agility lstm] fh_off_blind barrage       cw            JSR=   2.0 dB r=0 jammed=1.000 BER=0.5016 (2 s)
2026-09-28 22:42:24 | src.experiments.frequency_agility | INFO   | [frequency_agility lstm] fh_off_blind barrage       cw            JSR=   6.0 dB r=0 jammed=1.000 BER=0.5031 (2 s)
2026-09-28 22:42:27 | src.experiments.frequency_agility | INFO   | [frequency_agility lstm] fh_off_blind barrage       cw            JSR=  10.0 dB r=0 jammed=1.000 BER=0.5031 (2 s)
2026-09-28 22:42:29 | src.experiments.frequency_agility | INFO   | [frequency_agility lstm] fh_off_blind barrage       partial_band  JSR= -10.0 dB r=0 jammed=1.000 BER=0.0840 (2 s)
2026-09-28 22:42:30 | src.experiments.frequency_agility | INFO   | [frequency_agility lstm] fh_off_blind barrage       partial_band  JSR=  -6.0 dB r=0 jammed=1.000 BER=0.1109 (2 s)
2026-09-28 22:42:32 | src.experiments.frequency_agility | INFO   | [frequency_agility lstm] fh_off_blind barrage       partial_band  JSR=  -2.0 dB r=0 jammed=1.000 BER=0.2019 (2 s)
2026-09-28 22:42:34 | src.experiments.frequency_agility | INFO   | [frequency_agility lstm] fh_off_blind barrage       partial_band  JSR=   2.0 dB r=0 jammed=1.000 BER=0.3914 (2 s)
2026-09-28 22:42:36 | src.experiments.frequency_agility | INFO   | [frequency_agility lstm] fh_off_blind barrage       partial_band  JSR=   6.0 dB r=0 jammed=1.000 BER=0.4946 (2 s)
2026-09-28 22:42:37 | src.experiments.frequency_agility | INFO   | [frequency_agility lstm] fh_off_blind barrage       partial_band  JSR=  10.0 dB r=0 jammed=1.000 BER=0.5030 (2 s)
2026-09-28 22:42:43 | src.experiments.frequency_agility | INFO   | [frequency_agility lstm] fh_off_blind barrage       cw            JSR= -10.0 dB r=1 jammed=1.000 BER=0.0929 (2 s)
2026-09-28 22:42:45 | src.experiments.frequency_agility | INFO   | [frequency_agility lstm] fh_off_blind barrage       cw            JSR=  -6.0 dB r=1 jammed=1.000 BER=0.1431 (2 s)
2026-09-28 22:42:47 | src.experiments.frequency_agility | INFO   | [frequency_agility lstm] fh_off_blind barrage       cw            JSR=  -2.0 dB r=1 jammed=1.000 BER=0.2959 (2 s)
2026-09-28 22:42:49 | src.experiments.frequency_agility | INFO   | [frequency_agility lstm] fh_off_blind barrage       cw            JSR=   2.0 dB r=1 jammed=1.000 BER=0.4788 (2 s)
2026-09-28 22:42:50 | src.experiments.frequency_agility | INFO   | [frequency_agility lstm] fh_off_blind barrage       cw            JSR=   6.0 dB r=1 jammed=1.000 BER=0.4993 (2 s)
2026-09-28 22:42:53 | src.experiments.frequency_agility | INFO   | [frequency_agility lstm] fh_off_blind barrage       cw            JSR=  10.0 dB r=1 jammed=1.000 BER=0.4996 (2 s)
2026-09-28 22:42:55 | src.experiments.frequency_agility | INFO   | [frequency_agility lstm] fh_off_blind barrage       partial_band  JSR= -10.0 dB r=1 jammed=1.000 BER=0.0631 (2 s)
2026-09-28 22:42:57 | src.experiments.frequency_agility | INFO   | [frequency_agility lstm] fh_off_blind barrage       partial_band  JSR=  -6.0 dB r=1 jammed=1.000 BER=0.0604 (2 s)
2026-09-28 22:42:58 | src.experiments.frequency_agility | INFO   | [frequency_agility lstm] fh_off_blind barrage       partial_band  JSR=  -2.0 dB r=1 jammed=1.000 BER=0.1305 (2 s)
2026-09-28 22:43:00 | src.experiments.frequency_agility | INFO   | [frequency_agility lstm] fh_off_blind barrage       partial_band  JSR=   2.0 dB r=1 jammed=1.000 BER=0.3719 (2 s)
2026-09-28 22:43:02 | src.experiments.frequency_agility | INFO   | [frequency_agility lstm] fh_off_blind barrage       partial_band  JSR=   6.0 dB r=1 jammed=1.000 BER=0.4928 (2 s)
2026-09-28 22:43:04 | src.experiments.frequency_agility | INFO   | [frequency_agility lstm] fh_off_blind barrage       partial_band  JSR=  10.0 dB r=1 jammed=1.000 BER=0.5003 (2 s)
2026-09-28 22:43:09 | src.experiments.frequency_agility | INFO   | [frequency_agility lstm] fh_off_blind barrage       cw            JSR= -10.0 dB r=2 jammed=1.000 BER=0.0742 (2 s)
2026-09-28 22:43:11 | src.experiments.frequency_agility | INFO   | [frequency_agility lstm] fh_off_blind barrage       cw            JSR=  -6.0 dB r=2 jammed=1.000 BER=0.0785 (2 s)
2026-09-28 22:43:13 | src.experiments.frequency_agility | INFO   | [frequency_agility lstm] fh_off_blind barrage       cw            JSR=  -2.0 dB r=2 jammed=1.000 BER=0.0942 (2 s)
2026-09-28 22:43:15 | src.experiments.frequency_agility | INFO   | [frequency_agility lstm] fh_off_blind barrage       cw            JSR=   2.0 dB r=2 jammed=1.000 BER=0.1585 (2 s)
2026-09-28 22:43:16 | src.experiments.frequency_agility | INFO   | [frequency_agility lstm] fh_off_blind barrage       cw            JSR=   6.0 dB r=2 jammed=1.000 BER=0.3530 (2 s)
2026-09-28 22:43:18 | src.experiments.frequency_agility | INFO   | [frequency_agility lstm] fh_off_blind barrage       cw            JSR=  10.0 dB r=2 jammed=1.000 BER=0.4750 (2 s)
2026-09-28 22:43:21 | src.experiments.frequency_agility | INFO   | [frequency_agility lstm] fh_off_blind barrage       partial_band  JSR= -10.0 dB r=2 jammed=1.000 BER=0.0633 (2 s)
2026-09-28 22:43:23 | src.experiments.frequency_agility | INFO   | [frequency_agility lstm] fh_off_blind barrage       partial_band  JSR=  -6.0 dB r=2 jammed=1.000 BER=0.0805 (2 s)
2026-09-28 22:43:24 | src.experiments.frequency_agility | INFO   | [frequency_agility lstm] fh_off_blind barrage       partial_band  JSR=  -2.0 dB r=2 jammed=1.000 BER=0.2544 (2 s)
2026-09-28 22:43:26 | src.experiments.frequency_agility | INFO   | [frequency_agility lstm] fh_off_blind barrage       partial_band  JSR=   2.0 dB r=2 jammed=1.000 BER=0.4688 (2 s)
2026-09-28 22:43:28 | src.experiments.frequency_agility | INFO   | [frequency_agility lstm] fh_off_blind barrage       partial_band  JSR=   6.0 dB r=2 jammed=1.000 BER=0.4971 (2 s)
2026-09-28 22:43:30 | src.experiments.frequency_agility | INFO   | [frequency_agility lstm] fh_off_blind barrage       partial_band  JSR=  10.0 dB r=2 jammed=1.000 BER=0.4973 (2 s)
2026-09-28 22:43:35 | src.experiments.frequency_agility | INFO   | [frequency_agility lstm] fh_off_blind barrage       cw            JSR= -10.0 dB r=3 jammed=1.000 BER=0.0580 (2 s)
2026-09-28 22:43:37 | src.experiments.frequency_agility | INFO   | [frequency_agility lstm] fh_off_blind barrage       cw            JSR=  -6.0 dB r=3 jammed=1.000 BER=0.0912 (2 s)
2026-09-28 22:43:39 | src.experiments.frequency_agility | INFO   | [frequency_agility lstm] fh_off_blind barrage       cw            JSR=  -2.0 dB r=3 jammed=1.000 BER=0.3387 (2 s)
2026-09-28 22:43:41 | src.experiments.frequency_agility | INFO   | [frequency_agility lstm] fh_off_blind barrage       cw            JSR=   2.0 dB r=3 jammed=1.000 BER=0.4947 (2 s)
2026-09-28 22:43:42 | src.experiments.frequency_agility | INFO   | [frequency_agility lstm] fh_off_blind barrage       cw            JSR=   6.0 dB r=3 jammed=1.000 BER=0.4998 (2 s)
2026-09-28 22:43:44 | src.experiments.frequency_agility | INFO   | [frequency_agility lstm] fh_off_blind barrage       cw            JSR=  10.0 dB r=3 jammed=1.000 BER=0.4997 (2 s)
2026-09-28 22:43:46 | src.experiments.frequency_agility | INFO   | [frequency_agility lstm] fh_off_blind barrage       partial_band  JSR= -10.0 dB r=3 jammed=1.000 BER=0.0600 (2 s)
2026-09-28 22:43:49 | src.experiments.frequency_agility | INFO   | [frequency_agility lstm] fh_off_blind barrage       partial_band  JSR=  -6.0 dB r=3 jammed=1.000 BER=0.0575 (3 s)
2026-09-28 22:43:51 | src.experiments.frequency_agility | INFO   | [frequency_agility lstm] fh_off_blind barrage       partial_band  JSR=  -2.0 dB r=3 jammed=1.000 BER=0.1333 (2 s)
2026-09-28 22:43:52 | src.experiments.frequency_agility | INFO   | [frequency_agility lstm] fh_off_blind barrage       partial_band  JSR=   2.0 dB r=3 jammed=1.000 BER=0.3906 (2 s)
2026-09-28 22:43:54 | src.experiments.frequency_agility | INFO   | [frequency_agility lstm] fh_off_blind barrage       partial_band  JSR=   6.0 dB r=3 jammed=1.000 BER=0.4951 (2 s)
2026-09-28 22:43:56 | src.experiments.frequency_agility | INFO   | [frequency_agility lstm] fh_off_blind barrage       partial_band  JSR=  10.0 dB r=3 jammed=1.000 BER=0.4995 (2 s)
2026-09-28 22:44:01 | src.experiments.frequency_agility | INFO   | [frequency_agility lstm] fh_off_blind barrage       cw            JSR= -10.0 dB r=4 jammed=1.000 BER=0.0626 (2 s)
2026-09-28 22:44:03 | src.experiments.frequency_agility | INFO   | [frequency_agility lstm] fh_off_blind barrage       cw            JSR=  -6.0 dB r=4 jammed=1.000 BER=0.0752 (2 s)
2026-09-28 22:44:05 | src.experiments.frequency_agility | INFO   | [frequency_agility lstm] fh_off_blind barrage       cw            JSR=  -2.0 dB r=4 jammed=1.000 BER=0.2344 (2 s)
2026-09-28 22:44:07 | src.experiments.frequency_agility | INFO   | [frequency_agility lstm] fh_off_blind barrage       cw            JSR=   2.0 dB r=4 jammed=1.000 BER=0.4732 (2 s)
2026-09-28 22:44:09 | src.experiments.frequency_agility | INFO   | [frequency_agility lstm] fh_off_blind barrage       cw            JSR=   6.0 dB r=4 jammed=1.000 BER=0.4955 (2 s)
2026-09-28 22:44:10 | src.experiments.frequency_agility | INFO   | [frequency_agility lstm] fh_off_blind barrage       cw            JSR=  10.0 dB r=4 jammed=1.000 BER=0.4959 (2 s)
2026-09-28 22:44:12 | src.experiments.frequency_agility | INFO   | [frequency_agility lstm] fh_off_blind barrage       partial_band  JSR= -10.0 dB r=4 jammed=1.000 BER=0.0814 (2 s)
2026-09-28 22:44:14 | src.experiments.frequency_agility | INFO   | [frequency_agility lstm] fh_off_blind barrage       partial_band  JSR=  -6.0 dB r=4 jammed=1.000 BER=0.1086 (2 s)
2026-09-28 22:44:17 | src.experiments.frequency_agility | INFO   | [frequency_agility lstm] fh_off_blind barrage       partial_band  JSR=  -2.0 dB r=4 jammed=1.000 BER=0.1910 (2 s)
2026-09-28 22:44:18 | src.experiments.frequency_agility | INFO   | [frequency_agility lstm] fh_off_blind barrage       partial_band  JSR=   2.0 dB r=4 jammed=1.000 BER=0.3830 (2 s)
2026-09-28 22:44:20 | src.experiments.frequency_agility | INFO   | [frequency_agility lstm] fh_off_blind barrage       partial_band  JSR=   6.0 dB r=4 jammed=1.000 BER=0.4963 (2 s)
2026-09-28 22:44:22 | src.experiments.frequency_agility | INFO   | [frequency_agility lstm] fh_off_blind barrage       partial_band  JSR=  10.0 dB r=4 jammed=1.000 BER=0.5036 (2 s)
2026-09-28 22:44:27 | src.experiments.frequency_agility | INFO   | [frequency_agility lstm] fh_off_blind fixed_partial cw            JSR= -10.0 dB r=0 jammed=0.000 BER=0.0747 (2 s)
2026-09-28 22:44:29 | src.experiments.frequency_agility | INFO   | [frequency_agility lstm] fh_off_blind fixed_partial cw            JSR=  -6.0 dB r=0 jammed=0.000 BER=0.0747 (2 s)
2026-09-28 22:44:31 | src.experiments.frequency_agility | INFO   | [frequency_agility lstm] fh_off_blind fixed_partial cw            JSR=  -2.0 dB r=0 jammed=0.000 BER=0.0747 (2 s)
2026-09-28 22:44:33 | src.experiments.frequency_agility | INFO   | [frequency_agility lstm] fh_off_blind fixed_partial cw            JSR=   2.0 dB r=0 jammed=0.000 BER=0.0747 (2 s)
2026-09-28 22:44:34 | src.experiments.frequency_agility | INFO   | [frequency_agility lstm] fh_off_blind fixed_partial cw            JSR=   6.0 dB r=0 jammed=0.000 BER=0.0747 (2 s)
2026-09-28 22:44:36 | src.experiments.frequency_agility | INFO   | [frequency_agility lstm] fh_off_blind fixed_partial cw            JSR=  10.0 dB r=0 jammed=0.000 BER=0.0747 (2 s)
2026-09-28 22:44:38 | src.experiments.frequency_agility | INFO   | [frequency_agility lstm] fh_off_blind fixed_partial partial_band  JSR= -10.0 dB r=0 jammed=0.000 BER=0.0747 (2 s)
2026-09-28 22:44:40 | src.experiments.frequency_agility | INFO   | [frequency_agility lstm] fh_off_blind fixed_partial partial_band  JSR=  -6.0 dB r=0 jammed=0.000 BER=0.0747 (2 s)
2026-09-28 22:44:41 | src.experiments.frequency_agility | INFO   | [frequency_agility lstm] fh_off_blind fixed_partial partial_band  JSR=  -2.0 dB r=0 jammed=0.000 BER=0.0747 (2 s)
2026-09-28 22:44:44 | src.experiments.frequency_agility | INFO   | [frequency_agility lstm] fh_off_blind fixed_partial partial_band  JSR=   2.0 dB r=0 jammed=0.000 BER=0.0747 (2 s)
2026-09-28 22:44:46 | src.experiments.frequency_agility | INFO   | [frequency_agility lstm] fh_off_blind fixed_partial partial_band  JSR=   6.0 dB r=0 jammed=0.000 BER=0.0747 (2 s)
2026-09-28 22:44:47 | src.experiments.frequency_agility | INFO   | [frequency_agility lstm] fh_off_blind fixed_partial partial_band  JSR=  10.0 dB r=0 jammed=0.000 BER=0.0747 (2 s)
2026-09-28 22:44:52 | src.experiments.frequency_agility | INFO   | [frequency_agility lstm] fh_off_blind fixed_partial cw            JSR= -10.0 dB r=1 jammed=0.000 BER=0.0730 (2 s)
2026-09-28 22:44:54 | src.experiments.frequency_agility | INFO   | [frequency_agility lstm] fh_off_blind fixed_partial cw            JSR=  -6.0 dB r=1 jammed=0.000 BER=0.0730 (2 s)
2026-09-28 22:44:56 | src.experiments.frequency_agility | INFO   | [frequency_agility lstm] fh_off_blind fixed_partial cw            JSR=  -2.0 dB r=1 jammed=0.000 BER=0.0730 (2 s)
2026-09-28 22:44:58 | src.experiments.frequency_agility | INFO   | [frequency_agility lstm] fh_off_blind fixed_partial cw            JSR=   2.0 dB r=1 jammed=0.000 BER=0.0730 (2 s)
2026-09-28 22:45:00 | src.experiments.frequency_agility | INFO   | [frequency_agility lstm] fh_off_blind fixed_partial cw            JSR=   6.0 dB r=1 jammed=0.000 BER=0.0730 (2 s)
2026-09-28 22:45:01 | src.experiments.frequency_agility | INFO   | [frequency_agility lstm] fh_off_blind fixed_partial cw            JSR=  10.0 dB r=1 jammed=0.000 BER=0.0730 (2 s)
2026-09-28 22:45:03 | src.experiments.frequency_agility | INFO   | [frequency_agility lstm] fh_off_blind fixed_partial partial_band  JSR= -10.0 dB r=1 jammed=0.000 BER=0.0730 (2 s)
2026-09-28 22:45:05 | src.experiments.frequency_agility | INFO   | [frequency_agility lstm] fh_off_blind fixed_partial partial_band  JSR=  -6.0 dB r=1 jammed=0.000 BER=0.0730 (2 s)
2026-09-28 22:45:06 | src.experiments.frequency_agility | INFO   | [frequency_agility lstm] fh_off_blind fixed_partial partial_band  JSR=  -2.0 dB r=1 jammed=0.000 BER=0.0730 (2 s)
2026-09-28 22:45:08 | src.experiments.frequency_agility | INFO   | [frequency_agility lstm] fh_off_blind fixed_partial partial_band  JSR=   2.0 dB r=1 jammed=0.000 BER=0.0730 (2 s)
2026-09-28 22:45:10 | src.experiments.frequency_agility | INFO   | [frequency_agility lstm] fh_off_blind fixed_partial partial_band  JSR=   6.0 dB r=1 jammed=0.000 BER=0.0730 (2 s)
2026-09-28 22:45:12 | src.experiments.frequency_agility | INFO   | [frequency_agility lstm] fh_off_blind fixed_partial partial_band  JSR=  10.0 dB r=1 jammed=0.000 BER=0.0730 (2 s)
2026-09-28 22:45:17 | src.experiments.frequency_agility | INFO   | [frequency_agility lstm] fh_off_blind fixed_partial cw            JSR= -10.0 dB r=2 jammed=0.000 BER=0.0731 (2 s)
2026-09-28 22:45:19 | src.experiments.frequency_agility | INFO   | [frequency_agility lstm] fh_off_blind fixed_partial cw            JSR=  -6.0 dB r=2 jammed=0.000 BER=0.0731 (2 s)
2026-09-28 22:45:21 | src.experiments.frequency_agility | INFO   | [frequency_agility lstm] fh_off_blind fixed_partial cw            JSR=  -2.0 dB r=2 jammed=0.000 BER=0.0731 (2 s)
2026-09-28 22:45:23 | src.experiments.frequency_agility | INFO   | [frequency_agility lstm] fh_off_blind fixed_partial cw            JSR=   2.0 dB r=2 jammed=0.000 BER=0.0731 (2 s)
2026-09-28 22:45:25 | src.experiments.frequency_agility | INFO   | [frequency_agility lstm] fh_off_blind fixed_partial cw            JSR=   6.0 dB r=2 jammed=0.000 BER=0.0731 (2 s)
2026-09-28 22:45:27 | src.experiments.frequency_agility | INFO   | [frequency_agility lstm] fh_off_blind fixed_partial cw            JSR=  10.0 dB r=2 jammed=0.000 BER=0.0731 (2 s)
2026-09-28 22:45:29 | src.experiments.frequency_agility | INFO   | [frequency_agility lstm] fh_off_blind fixed_partial partial_band  JSR= -10.0 dB r=2 jammed=0.000 BER=0.0731 (2 s)
2026-09-28 22:45:30 | src.experiments.frequency_agility | INFO   | [frequency_agility lstm] fh_off_blind fixed_partial partial_band  JSR=  -6.0 dB r=2 jammed=0.000 BER=0.0731 (2 s)
2026-09-28 22:45:32 | src.experiments.frequency_agility | INFO   | [frequency_agility lstm] fh_off_blind fixed_partial partial_band  JSR=  -2.0 dB r=2 jammed=0.000 BER=0.0731 (2 s)
2026-09-28 22:45:34 | src.experiments.frequency_agility | INFO   | [frequency_agility lstm] fh_off_blind fixed_partial partial_band  JSR=   2.0 dB r=2 jammed=0.000 BER=0.0731 (2 s)
2026-09-28 22:45:35 | src.experiments.frequency_agility | INFO   | [frequency_agility lstm] fh_off_blind fixed_partial partial_band  JSR=   6.0 dB r=2 jammed=0.000 BER=0.0731 (2 s)
2026-09-28 22:45:38 | src.experiments.frequency_agility | INFO   | [frequency_agility lstm] fh_off_blind fixed_partial partial_band  JSR=  10.0 dB r=2 jammed=0.000 BER=0.0731 (2 s)
2026-09-28 22:45:43 | src.experiments.frequency_agility | INFO   | [frequency_agility lstm] fh_off_blind fixed_partial cw            JSR= -10.0 dB r=3 jammed=1.000 BER=0.0712 (2 s)
2026-09-28 22:45:45 | src.experiments.frequency_agility | INFO   | [frequency_agility lstm] fh_off_blind fixed_partial cw            JSR=  -6.0 dB r=3 jammed=1.000 BER=0.1012 (2 s)
2026-09-28 22:45:46 | src.experiments.frequency_agility | INFO   | [frequency_agility lstm] fh_off_blind fixed_partial cw            JSR=  -2.0 dB r=3 jammed=1.000 BER=0.3395 (2 s)
2026-09-28 22:45:48 | src.experiments.frequency_agility | INFO   | [frequency_agility lstm] fh_off_blind fixed_partial cw            JSR=   2.0 dB r=3 jammed=1.000 BER=0.4910 (2 s)
2026-09-28 22:45:50 | src.experiments.frequency_agility | INFO   | [frequency_agility lstm] fh_off_blind fixed_partial cw            JSR=   6.0 dB r=3 jammed=1.000 BER=0.4958 (2 s)
2026-09-28 22:45:53 | src.experiments.frequency_agility | INFO   | [frequency_agility lstm] fh_off_blind fixed_partial cw            JSR=  10.0 dB r=3 jammed=1.000 BER=0.4958 (2 s)
2026-09-28 22:45:55 | src.experiments.frequency_agility | INFO   | [frequency_agility lstm] fh_off_blind fixed_partial partial_band  JSR= -10.0 dB r=3 jammed=1.000 BER=0.0706 (2 s)
2026-09-28 22:45:56 | src.experiments.frequency_agility | INFO   | [frequency_agility lstm] fh_off_blind fixed_partial partial_band  JSR=  -6.0 dB r=3 jammed=1.000 BER=0.0701 (2 s)
2026-09-28 22:45:58 | src.experiments.frequency_agility | INFO   | [frequency_agility lstm] fh_off_blind fixed_partial partial_band  JSR=  -2.0 dB r=3 jammed=1.000 BER=0.1406 (2 s)
2026-09-28 22:46:00 | src.experiments.frequency_agility | INFO   | [frequency_agility lstm] fh_off_blind fixed_partial partial_band  JSR=   2.0 dB r=3 jammed=1.000 BER=0.3865 (2 s)
2026-09-28 22:46:01 | src.experiments.frequency_agility | INFO   | [frequency_agility lstm] fh_off_blind fixed_partial partial_band  JSR=   6.0 dB r=3 jammed=1.000 BER=0.4901 (2 s)
2026-09-28 22:46:03 | src.experiments.frequency_agility | INFO   | [frequency_agility lstm] fh_off_blind fixed_partial partial_band  JSR=  10.0 dB r=3 jammed=1.000 BER=0.4956 (2 s)
2026-09-28 22:46:09 | src.experiments.frequency_agility | INFO   | [frequency_agility lstm] fh_off_blind fixed_partial cw            JSR= -10.0 dB r=4 jammed=1.000 BER=0.0628 (2 s)
2026-09-28 22:46:11 | src.experiments.frequency_agility | INFO   | [frequency_agility lstm] fh_off_blind fixed_partial cw            JSR=  -6.0 dB r=4 jammed=1.000 BER=0.0765 (2 s)
2026-09-28 22:46:13 | src.experiments.frequency_agility | INFO   | [frequency_agility lstm] fh_off_blind fixed_partial cw            JSR=  -2.0 dB r=4 jammed=1.000 BER=0.2408 (2 s)
2026-09-28 22:46:15 | src.experiments.frequency_agility | INFO   | [frequency_agility lstm] fh_off_blind fixed_partial cw            JSR=   2.0 dB r=4 jammed=1.000 BER=0.4762 (2 s)
2026-09-28 22:46:16 | src.experiments.frequency_agility | INFO   | [frequency_agility lstm] fh_off_blind fixed_partial cw            JSR=   6.0 dB r=4 jammed=1.000 BER=0.4985 (2 s)
2026-09-28 22:46:19 | src.experiments.frequency_agility | INFO   | [frequency_agility lstm] fh_off_blind fixed_partial cw            JSR=  10.0 dB r=4 jammed=1.000 BER=0.4988 (2 s)
2026-09-28 22:46:21 | src.experiments.frequency_agility | INFO   | [frequency_agility lstm] fh_off_blind fixed_partial partial_band  JSR= -10.0 dB r=4 jammed=1.000 BER=0.0823 (2 s)
2026-09-28 22:46:23 | src.experiments.frequency_agility | INFO   | [frequency_agility lstm] fh_off_blind fixed_partial partial_band  JSR=  -6.0 dB r=4 jammed=1.000 BER=0.1113 (2 s)
2026-09-28 22:46:24 | src.experiments.frequency_agility | INFO   | [frequency_agility lstm] fh_off_blind fixed_partial partial_band  JSR=  -2.0 dB r=4 jammed=1.000 BER=0.1983 (2 s)
2026-09-28 22:46:26 | src.experiments.frequency_agility | INFO   | [frequency_agility lstm] fh_off_blind fixed_partial partial_band  JSR=   2.0 dB r=4 jammed=1.000 BER=0.3873 (2 s)
2026-09-28 22:46:28 | src.experiments.frequency_agility | INFO   | [frequency_agility lstm] fh_off_blind fixed_partial partial_band  JSR=   6.0 dB r=4 jammed=1.000 BER=0.4941 (2 s)
2026-09-28 22:46:30 | src.experiments.frequency_agility | INFO   | [frequency_agility lstm] fh_off_blind fixed_partial partial_band  JSR=  10.0 dB r=4 jammed=1.000 BER=0.5011 (2 s)
2026-09-28 22:46:35 | src.experiments.frequency_agility | INFO   | [frequency_agility lstm] fh_off_blind sweep         cw            JSR= -10.0 dB r=0 jammed=0.125 BER=0.0773 (2 s)
2026-09-28 22:46:37 | src.experiments.frequency_agility | INFO   | [frequency_agility lstm] fh_off_blind sweep         cw            JSR=  -6.0 dB r=0 jammed=0.125 BER=0.0893 (2 s)
2026-09-28 22:46:39 | src.experiments.frequency_agility | INFO   | [frequency_agility lstm] fh_off_blind sweep         cw            JSR=  -2.0 dB r=0 jammed=0.125 BER=0.1168 (2 s)
2026-09-28 22:46:40 | src.experiments.frequency_agility | INFO   | [frequency_agility lstm] fh_off_blind sweep         cw            JSR=   2.0 dB r=0 jammed=0.125 BER=0.1267 (2 s)
2026-09-28 22:46:42 | src.experiments.frequency_agility | INFO   | [frequency_agility lstm] fh_off_blind sweep         cw            JSR=   6.0 dB r=0 jammed=0.125 BER=0.1268 (2 s)
2026-09-28 22:46:44 | src.experiments.frequency_agility | INFO   | [frequency_agility lstm] fh_off_blind sweep         cw            JSR=  10.0 dB r=0 jammed=0.125 BER=0.1268 (2 s)
2026-09-28 22:46:46 | src.experiments.frequency_agility | INFO   | [frequency_agility lstm] fh_off_blind sweep         partial_band  JSR= -10.0 dB r=0 jammed=0.125 BER=0.0738 (2 s)
2026-09-28 22:46:48 | src.experiments.frequency_agility | INFO   | [frequency_agility lstm] fh_off_blind sweep         partial_band  JSR=  -6.0 dB r=0 jammed=0.125 BER=0.0775 (2 s)
2026-09-28 22:46:50 | src.experiments.frequency_agility | INFO   | [frequency_agility lstm] fh_off_blind sweep         partial_band  JSR=  -2.0 dB r=0 jammed=0.125 BER=0.0890 (2 s)
2026-09-28 22:46:52 | src.experiments.frequency_agility | INFO   | [frequency_agility lstm] fh_off_blind sweep         partial_band  JSR=   2.0 dB r=0 jammed=0.125 BER=0.1141 (2 s)
2026-09-28 22:46:54 | src.experiments.frequency_agility | INFO   | [frequency_agility lstm] fh_off_blind sweep         partial_band  JSR=   6.0 dB r=0 jammed=0.125 BER=0.1261 (2 s)
2026-09-28 22:46:55 | src.experiments.frequency_agility | INFO   | [frequency_agility lstm] fh_off_blind sweep         partial_band  JSR=  10.0 dB r=0 jammed=0.125 BER=0.1268 (2 s)
2026-09-28 22:47:01 | src.experiments.frequency_agility | INFO   | [frequency_agility lstm] fh_off_blind sweep         cw            JSR= -10.0 dB r=1 jammed=0.125 BER=0.0815 (2 s)
2026-09-28 22:47:03 | src.experiments.frequency_agility | INFO   | [frequency_agility lstm] fh_off_blind sweep         cw            JSR=  -6.0 dB r=1 jammed=0.125 BER=0.0868 (2 s)
2026-09-28 22:47:05 | src.experiments.frequency_agility | INFO   | [frequency_agility lstm] fh_off_blind sweep         cw            JSR=  -2.0 dB r=1 jammed=0.125 BER=0.1076 (2 s)
2026-09-28 22:47:06 | src.experiments.frequency_agility | INFO   | [frequency_agility lstm] fh_off_blind sweep         cw            JSR=   2.0 dB r=1 jammed=0.125 BER=0.1308 (2 s)
2026-09-28 22:47:08 | src.experiments.frequency_agility | INFO   | [frequency_agility lstm] fh_off_blind sweep         cw            JSR=   6.0 dB r=1 jammed=0.125 BER=0.1330 (2 s)
2026-09-28 22:47:10 | src.experiments.frequency_agility | INFO   | [frequency_agility lstm] fh_off_blind sweep         cw            JSR=  10.0 dB r=1 jammed=0.125 BER=0.1330 (2 s)
2026-09-28 22:47:11 | src.experiments.frequency_agility | INFO   | [frequency_agility lstm] fh_off_blind sweep         partial_band  JSR= -10.0 dB r=1 jammed=0.125 BER=0.0770 (2 s)
2026-09-28 22:47:14 | src.experiments.frequency_agility | INFO   | [frequency_agility lstm] fh_off_blind sweep         partial_band  JSR=  -6.0 dB r=1 jammed=0.125 BER=0.0761 (2 s)
2026-09-28 22:47:16 | src.experiments.frequency_agility | INFO   | [frequency_agility lstm] fh_off_blind sweep         partial_band  JSR=  -2.0 dB r=1 jammed=0.125 BER=0.0830 (2 s)
2026-09-28 22:47:18 | src.experiments.frequency_agility | INFO   | [frequency_agility lstm] fh_off_blind sweep         partial_band  JSR=   2.0 dB r=1 jammed=0.125 BER=0.1135 (2 s)
2026-09-28 22:47:19 | src.experiments.frequency_agility | INFO   | [frequency_agility lstm] fh_off_blind sweep         partial_band  JSR=   6.0 dB r=1 jammed=0.125 BER=0.1280 (2 s)
2026-09-28 22:47:21 | src.experiments.frequency_agility | INFO   | [frequency_agility lstm] fh_off_blind sweep         partial_band  JSR=  10.0 dB r=1 jammed=0.125 BER=0.1287 (2 s)
2026-09-28 22:47:26 | src.experiments.frequency_agility | INFO   | [frequency_agility lstm] fh_off_blind sweep         cw            JSR= -10.0 dB r=2 jammed=0.125 BER=0.0782 (2 s)
2026-09-28 22:47:28 | src.experiments.frequency_agility | INFO   | [frequency_agility lstm] fh_off_blind sweep         cw            JSR=  -6.0 dB r=2 jammed=0.125 BER=0.0788 (2 s)
2026-09-28 22:47:30 | src.experiments.frequency_agility | INFO   | [frequency_agility lstm] fh_off_blind sweep         cw            JSR=  -2.0 dB r=2 jammed=0.125 BER=0.0813 (2 s)
2026-09-28 22:47:32 | src.experiments.frequency_agility | INFO   | [frequency_agility lstm] fh_off_blind sweep         cw            JSR=   2.0 dB r=2 jammed=0.125 BER=0.0889 (2 s)
2026-09-28 22:47:33 | src.experiments.frequency_agility | INFO   | [frequency_agility lstm] fh_off_blind sweep         cw            JSR=   6.0 dB r=2 jammed=0.125 BER=0.1161 (2 s)
2026-09-28 22:47:35 | src.experiments.frequency_agility | INFO   | [frequency_agility lstm] fh_off_blind sweep         cw            JSR=  10.0 dB r=2 jammed=0.125 BER=0.1300 (2 s)
2026-09-28 22:47:37 | src.experiments.frequency_agility | INFO   | [frequency_agility lstm] fh_off_blind sweep         partial_band  JSR= -10.0 dB r=2 jammed=0.125 BER=0.0775 (2 s)
2026-09-28 22:47:39 | src.experiments.frequency_agility | INFO   | [frequency_agility lstm] fh_off_blind sweep         partial_band  JSR=  -6.0 dB r=2 jammed=0.125 BER=0.0789 (2 s)
2026-09-28 22:47:41 | src.experiments.frequency_agility | INFO   | [frequency_agility lstm] fh_off_blind sweep         partial_band  JSR=  -2.0 dB r=2 jammed=0.125 BER=0.1011 (2 s)
2026-09-28 22:47:43 | src.experiments.frequency_agility | INFO   | [frequency_agility lstm] fh_off_blind sweep         partial_band  JSR=   2.0 dB r=2 jammed=0.125 BER=0.1269 (2 s)
2026-09-28 22:47:45 | src.experiments.frequency_agility | INFO   | [frequency_agility lstm] fh_off_blind sweep         partial_band  JSR=   6.0 dB r=2 jammed=0.125 BER=0.1296 (2 s)
2026-09-28 22:47:46 | src.experiments.frequency_agility | INFO   | [frequency_agility lstm] fh_off_blind sweep         partial_band  JSR=  10.0 dB r=2 jammed=0.125 BER=0.1297 (2 s)
2026-09-28 22:47:51 | src.experiments.frequency_agility | INFO   | [frequency_agility lstm] fh_off_blind sweep         cw            JSR= -10.0 dB r=3 jammed=0.125 BER=0.0693 (2 s)
2026-09-28 22:47:53 | src.experiments.frequency_agility | INFO   | [frequency_agility lstm] fh_off_blind sweep         cw            JSR=  -6.0 dB r=3 jammed=0.125 BER=0.0730 (2 s)
2026-09-28 22:47:55 | src.experiments.frequency_agility | INFO   | [frequency_agility lstm] fh_off_blind sweep         cw            JSR=  -2.0 dB r=3 jammed=0.125 BER=0.1050 (2 s)
2026-09-28 22:47:57 | src.experiments.frequency_agility | INFO   | [frequency_agility lstm] fh_off_blind sweep         cw            JSR=   2.0 dB r=3 jammed=0.125 BER=0.1245 (2 s)
2026-09-28 22:47:59 | src.experiments.frequency_agility | INFO   | [frequency_agility lstm] fh_off_blind sweep         cw            JSR=   6.0 dB r=3 jammed=0.125 BER=0.1250 (2 s)
2026-09-28 22:48:01 | src.experiments.frequency_agility | INFO   | [frequency_agility lstm] fh_off_blind sweep         cw            JSR=  10.0 dB r=3 jammed=0.125 BER=0.1250 (2 s)
2026-09-28 22:48:03 | src.experiments.frequency_agility | INFO   | [frequency_agility lstm] fh_off_blind sweep         partial_band  JSR= -10.0 dB r=3 jammed=0.125 BER=0.0696 (2 s)
2026-09-28 22:48:04 | src.experiments.frequency_agility | INFO   | [frequency_agility lstm] fh_off_blind sweep         partial_band  JSR=  -6.0 dB r=3 jammed=0.125 BER=0.0691 (2 s)
2026-09-28 22:48:06 | src.experiments.frequency_agility | INFO   | [frequency_agility lstm] fh_off_blind sweep         partial_band  JSR=  -2.0 dB r=3 jammed=0.125 BER=0.0784 (2 s)
2026-09-28 22:48:08 | src.experiments.frequency_agility | INFO   | [frequency_agility lstm] fh_off_blind sweep         partial_band  JSR=   2.0 dB r=3 jammed=0.125 BER=0.1111 (2 s)
2026-09-28 22:48:10 | src.experiments.frequency_agility | INFO   | [frequency_agility lstm] fh_off_blind sweep         partial_band  JSR=   6.0 dB r=3 jammed=0.125 BER=0.1241 (2 s)
2026-09-28 22:48:12 | src.experiments.frequency_agility | INFO   | [frequency_agility lstm] fh_off_blind sweep         partial_band  JSR=  10.0 dB r=3 jammed=0.125 BER=0.1250 (2 s)
2026-09-28 22:48:17 | src.experiments.frequency_agility | INFO   | [frequency_agility lstm] fh_off_blind sweep         cw            JSR= -10.0 dB r=4 jammed=0.125 BER=0.0729 (2 s)
2026-09-28 22:48:19 | src.experiments.frequency_agility | INFO   | [frequency_agility lstm] fh_off_blind sweep         cw            JSR=  -6.0 dB r=4 jammed=0.125 BER=0.0748 (2 s)
2026-09-28 22:48:20 | src.experiments.frequency_agility | INFO   | [frequency_agility lstm] fh_off_blind sweep         cw            JSR=  -2.0 dB r=4 jammed=0.125 BER=0.0942 (2 s)
2026-09-28 22:48:23 | src.experiments.frequency_agility | INFO   | [frequency_agility lstm] fh_off_blind sweep         cw            JSR=   2.0 dB r=4 jammed=0.125 BER=0.1226 (2 s)
2026-09-28 22:48:25 | src.experiments.frequency_agility | INFO   | [frequency_agility lstm] fh_off_blind sweep         cw            JSR=   6.0 dB r=4 jammed=0.125 BER=0.1250 (2 s)
2026-09-28 22:48:27 | src.experiments.frequency_agility | INFO   | [frequency_agility lstm] fh_off_blind sweep         cw            JSR=  10.0 dB r=4 jammed=0.125 BER=0.1252 (2 s)
2026-09-28 22:48:28 | src.experiments.frequency_agility | INFO   | [frequency_agility lstm] fh_off_blind sweep         partial_band  JSR= -10.0 dB r=4 jammed=0.125 BER=0.0753 (2 s)
2026-09-28 22:48:30 | src.experiments.frequency_agility | INFO   | [frequency_agility lstm] fh_off_blind sweep         partial_band  JSR=  -6.0 dB r=4 jammed=0.125 BER=0.0792 (2 s)
2026-09-28 22:48:32 | src.experiments.frequency_agility | INFO   | [frequency_agility lstm] fh_off_blind sweep         partial_band  JSR=  -2.0 dB r=4 jammed=0.125 BER=0.0900 (2 s)
2026-09-28 22:48:33 | src.experiments.frequency_agility | INFO   | [frequency_agility lstm] fh_off_blind sweep         partial_band  JSR=   2.0 dB r=4 jammed=0.125 BER=0.1133 (2 s)
2026-09-28 22:48:35 | src.experiments.frequency_agility | INFO   | [frequency_agility lstm] fh_off_blind sweep         partial_band  JSR=   6.0 dB r=4 jammed=0.125 BER=0.1257 (2 s)
2026-09-28 22:48:37 | src.experiments.frequency_agility | INFO   | [frequency_agility lstm] fh_off_blind sweep         partial_band  JSR=  10.0 dB r=4 jammed=0.125 BER=0.1270 (2 s)
2026-09-28 22:48:43 | src.experiments.frequency_agility | INFO   | [frequency_agility lstm] fh_off_blind follower      cw            JSR= -10.0 dB r=0 jammed=0.000 BER=0.0662 (2 s)
2026-09-28 22:48:44 | src.experiments.frequency_agility | INFO   | [frequency_agility lstm] fh_off_blind follower      cw            JSR=  -6.0 dB r=0 jammed=0.000 BER=0.0662 (2 s)
2026-09-28 22:48:46 | src.experiments.frequency_agility | INFO   | [frequency_agility lstm] fh_off_blind follower      cw            JSR=  -2.0 dB r=0 jammed=0.000 BER=0.0662 (2 s)
2026-09-28 22:48:48 | src.experiments.frequency_agility | INFO   | [frequency_agility lstm] fh_off_blind follower      cw            JSR=   2.0 dB r=0 jammed=0.000 BER=0.0662 (2 s)
2026-09-28 22:48:50 | src.experiments.frequency_agility | INFO   | [frequency_agility lstm] fh_off_blind follower      cw            JSR=   6.0 dB r=0 jammed=0.000 BER=0.0662 (2 s)
2026-09-28 22:48:52 | src.experiments.frequency_agility | INFO   | [frequency_agility lstm] fh_off_blind follower      cw            JSR=  10.0 dB r=0 jammed=0.000 BER=0.0662 (2 s)
2026-09-28 22:48:54 | src.experiments.frequency_agility | INFO   | [frequency_agility lstm] fh_off_blind follower      partial_band  JSR= -10.0 dB r=0 jammed=0.000 BER=0.0662 (2 s)
2026-09-28 22:48:56 | src.experiments.frequency_agility | INFO   | [frequency_agility lstm] fh_off_blind follower      partial_band  JSR=  -6.0 dB r=0 jammed=0.000 BER=0.0662 (2 s)
2026-09-28 22:48:57 | src.experiments.frequency_agility | INFO   | [frequency_agility lstm] fh_off_blind follower      partial_band  JSR=  -2.0 dB r=0 jammed=0.000 BER=0.0662 (2 s)
2026-09-28 22:48:59 | src.experiments.frequency_agility | INFO   | [frequency_agility lstm] fh_off_blind follower      partial_band  JSR=   2.0 dB r=0 jammed=0.000 BER=0.0662 (2 s)
2026-09-28 22:49:01 | src.experiments.frequency_agility | INFO   | [frequency_agility lstm] fh_off_blind follower      partial_band  JSR=   6.0 dB r=0 jammed=0.000 BER=0.0662 (2 s)
2026-09-28 22:49:02 | src.experiments.frequency_agility | INFO   | [frequency_agility lstm] fh_off_blind follower      partial_band  JSR=  10.0 dB r=0 jammed=0.000 BER=0.0662 (2 s)
2026-09-28 22:49:08 | src.experiments.frequency_agility | INFO   | [frequency_agility lstm] fh_off_blind follower      cw            JSR= -10.0 dB r=1 jammed=0.000 BER=0.0779 (2 s)
2026-09-28 22:49:10 | src.experiments.frequency_agility | INFO   | [frequency_agility lstm] fh_off_blind follower      cw            JSR=  -6.0 dB r=1 jammed=0.000 BER=0.0779 (2 s)
2026-09-28 22:49:12 | src.experiments.frequency_agility | INFO   | [frequency_agility lstm] fh_off_blind follower      cw            JSR=  -2.0 dB r=1 jammed=0.000 BER=0.0779 (2 s)
2026-09-28 22:49:13 | src.experiments.frequency_agility | INFO   | [frequency_agility lstm] fh_off_blind follower      cw            JSR=   2.0 dB r=1 jammed=0.000 BER=0.0779 (2 s)
2026-09-28 22:49:15 | src.experiments.frequency_agility | INFO   | [frequency_agility lstm] fh_off_blind follower      cw            JSR=   6.0 dB r=1 jammed=0.000 BER=0.0779 (2 s)
2026-09-28 22:49:17 | src.experiments.frequency_agility | INFO   | [frequency_agility lstm] fh_off_blind follower      cw            JSR=  10.0 dB r=1 jammed=0.000 BER=0.0779 (2 s)
2026-09-28 22:49:19 | src.experiments.frequency_agility | INFO   | [frequency_agility lstm] fh_off_blind follower      partial_band  JSR= -10.0 dB r=1 jammed=0.000 BER=0.0779 (2 s)
2026-09-28 22:49:21 | src.experiments.frequency_agility | INFO   | [frequency_agility lstm] fh_off_blind follower      partial_band  JSR=  -6.0 dB r=1 jammed=0.000 BER=0.0779 (2 s)
2026-09-28 22:49:23 | src.experiments.frequency_agility | INFO   | [frequency_agility lstm] fh_off_blind follower      partial_band  JSR=  -2.0 dB r=1 jammed=0.000 BER=0.0779 (2 s)
2026-09-28 22:49:24 | src.experiments.frequency_agility | INFO   | [frequency_agility lstm] fh_off_blind follower      partial_band  JSR=   2.0 dB r=1 jammed=0.000 BER=0.0779 (2 s)
2026-09-28 22:49:26 | src.experiments.frequency_agility | INFO   | [frequency_agility lstm] fh_off_blind follower      partial_band  JSR=   6.0 dB r=1 jammed=0.000 BER=0.0779 (2 s)
2026-09-28 22:49:28 | src.experiments.frequency_agility | INFO   | [frequency_agility lstm] fh_off_blind follower      partial_band  JSR=  10.0 dB r=1 jammed=0.000 BER=0.0779 (2 s)
2026-09-28 22:49:33 | src.experiments.frequency_agility | INFO   | [frequency_agility lstm] fh_off_blind follower      cw            JSR= -10.0 dB r=2 jammed=0.000 BER=0.0770 (2 s)
2026-09-28 22:49:35 | src.experiments.frequency_agility | INFO   | [frequency_agility lstm] fh_off_blind follower      cw            JSR=  -6.0 dB r=2 jammed=0.000 BER=0.0770 (2 s)
2026-09-28 22:49:37 | src.experiments.frequency_agility | INFO   | [frequency_agility lstm] fh_off_blind follower      cw            JSR=  -2.0 dB r=2 jammed=0.000 BER=0.0770 (2 s)
2026-09-28 22:49:38 | src.experiments.frequency_agility | INFO   | [frequency_agility lstm] fh_off_blind follower      cw            JSR=   2.0 dB r=2 jammed=0.000 BER=0.0770 (2 s)
2026-09-28 22:49:40 | src.experiments.frequency_agility | INFO   | [frequency_agility lstm] fh_off_blind follower      cw            JSR=   6.0 dB r=2 jammed=0.000 BER=0.0770 (2 s)
2026-09-28 22:49:42 | src.experiments.frequency_agility | INFO   | [frequency_agility lstm] fh_off_blind follower      cw            JSR=  10.0 dB r=2 jammed=0.000 BER=0.0770 (2 s)
2026-09-28 22:49:44 | src.experiments.frequency_agility | INFO   | [frequency_agility lstm] fh_off_blind follower      partial_band  JSR= -10.0 dB r=2 jammed=0.000 BER=0.0770 (2 s)
2026-09-28 22:49:46 | src.experiments.frequency_agility | INFO   | [frequency_agility lstm] fh_off_blind follower      partial_band  JSR=  -6.0 dB r=2 jammed=0.000 BER=0.0770 (2 s)
2026-09-28 22:49:48 | src.experiments.frequency_agility | INFO   | [frequency_agility lstm] fh_off_blind follower      partial_band  JSR=  -2.0 dB r=2 jammed=0.000 BER=0.0770 (2 s)
2026-09-28 22:49:50 | src.experiments.frequency_agility | INFO   | [frequency_agility lstm] fh_off_blind follower      partial_band  JSR=   2.0 dB r=2 jammed=0.000 BER=0.0770 (2 s)
2026-09-28 22:49:51 | src.experiments.frequency_agility | INFO   | [frequency_agility lstm] fh_off_blind follower      partial_band  JSR=   6.0 dB r=2 jammed=0.000 BER=0.0770 (2 s)
2026-09-28 22:49:53 | src.experiments.frequency_agility | INFO   | [frequency_agility lstm] fh_off_blind follower      partial_band  JSR=  10.0 dB r=2 jammed=0.000 BER=0.0770 (2 s)
2026-09-28 22:49:58 | src.experiments.frequency_agility | INFO   | [frequency_agility lstm] fh_off_blind follower      cw            JSR= -10.0 dB r=3 jammed=0.000 BER=0.0673 (2 s)
2026-09-28 22:50:00 | src.experiments.frequency_agility | INFO   | [frequency_agility lstm] fh_off_blind follower      cw            JSR=  -6.0 dB r=3 jammed=0.000 BER=0.0673 (2 s)
2026-09-28 22:50:02 | src.experiments.frequency_agility | INFO   | [frequency_agility lstm] fh_off_blind follower      cw            JSR=  -2.0 dB r=3 jammed=0.000 BER=0.0673 (2 s)
2026-09-28 22:50:04 | src.experiments.frequency_agility | INFO   | [frequency_agility lstm] fh_off_blind follower      cw            JSR=   2.0 dB r=3 jammed=0.000 BER=0.0673 (2 s)
2026-09-28 22:50:05 | src.experiments.frequency_agility | INFO   | [frequency_agility lstm] fh_off_blind follower      cw            JSR=   6.0 dB r=3 jammed=0.000 BER=0.0673 (2 s)
2026-09-28 22:50:07 | src.experiments.frequency_agility | INFO   | [frequency_agility lstm] fh_off_blind follower      cw            JSR=  10.0 dB r=3 jammed=0.000 BER=0.0673 (2 s)
2026-09-28 22:50:09 | src.experiments.frequency_agility | INFO   | [frequency_agility lstm] fh_off_blind follower      partial_band  JSR= -10.0 dB r=3 jammed=0.000 BER=0.0673 (2 s)
2026-09-28 22:50:10 | src.experiments.frequency_agility | INFO   | [frequency_agility lstm] fh_off_blind follower      partial_band  JSR=  -6.0 dB r=3 jammed=0.000 BER=0.0673 (2 s)
2026-09-28 22:50:12 | src.experiments.frequency_agility | INFO   | [frequency_agility lstm] fh_off_blind follower      partial_band  JSR=  -2.0 dB r=3 jammed=0.000 BER=0.0673 (2 s)
2026-09-28 22:50:14 | src.experiments.frequency_agility | INFO   | [frequency_agility lstm] fh_off_blind follower      partial_band  JSR=   2.0 dB r=3 jammed=0.000 BER=0.0673 (2 s)
2026-09-28 22:50:16 | src.experiments.frequency_agility | INFO   | [frequency_agility lstm] fh_off_blind follower      partial_band  JSR=   6.0 dB r=3 jammed=0.000 BER=0.0673 (2 s)
2026-09-28 22:50:18 | src.experiments.frequency_agility | INFO   | [frequency_agility lstm] fh_off_blind follower      partial_band  JSR=  10.0 dB r=3 jammed=0.000 BER=0.0673 (2 s)
2026-09-28 22:50:23 | src.experiments.frequency_agility | INFO   | [frequency_agility lstm] fh_off_blind follower      cw            JSR= -10.0 dB r=4 jammed=0.000 BER=0.0748 (2 s)
2026-09-28 22:50:24 | src.experiments.frequency_agility | INFO   | [frequency_agility lstm] fh_off_blind follower      cw            JSR=  -6.0 dB r=4 jammed=0.000 BER=0.0748 (2 s)
2026-09-28 22:50:26 | src.experiments.frequency_agility | INFO   | [frequency_agility lstm] fh_off_blind follower      cw            JSR=  -2.0 dB r=4 jammed=0.000 BER=0.0748 (2 s)
2026-09-28 22:50:29 | src.experiments.frequency_agility | INFO   | [frequency_agility lstm] fh_off_blind follower      cw            JSR=   2.0 dB r=4 jammed=0.000 BER=0.0748 (2 s)
2026-09-28 22:50:30 | src.experiments.frequency_agility | INFO   | [frequency_agility lstm] fh_off_blind follower      cw            JSR=   6.0 dB r=4 jammed=0.000 BER=0.0748 (2 s)
2026-09-28 22:50:32 | src.experiments.frequency_agility | INFO   | [frequency_agility lstm] fh_off_blind follower      cw            JSR=  10.0 dB r=4 jammed=0.000 BER=0.0748 (2 s)
2026-09-28 22:50:34 | src.experiments.frequency_agility | INFO   | [frequency_agility lstm] fh_off_blind follower      partial_band  JSR= -10.0 dB r=4 jammed=0.000 BER=0.0748 (2 s)
2026-09-28 22:50:35 | src.experiments.frequency_agility | INFO   | [frequency_agility lstm] fh_off_blind follower      partial_band  JSR=  -6.0 dB r=4 jammed=0.000 BER=0.0748 (2 s)
2026-09-28 22:50:37 | src.experiments.frequency_agility | INFO   | [frequency_agility lstm] fh_off_blind follower      partial_band  JSR=  -2.0 dB r=4 jammed=0.000 BER=0.0748 (2 s)
2026-09-28 22:50:39 | src.experiments.frequency_agility | INFO   | [frequency_agility lstm] fh_off_blind follower      partial_band  JSR=   2.0 dB r=4 jammed=0.000 BER=0.0748 (2 s)
2026-09-28 22:50:41 | src.experiments.frequency_agility | INFO   | [frequency_agility lstm] fh_off_blind follower      partial_band  JSR=   6.0 dB r=4 jammed=0.000 BER=0.0748 (2 s)
2026-09-28 22:50:43 | src.experiments.frequency_agility | INFO   | [frequency_agility lstm] fh_off_blind follower      partial_band  JSR=  10.0 dB r=4 jammed=0.000 BER=0.0748 (2 s)
2026-09-28 22:50:48 | src.experiments.frequency_agility | INFO   | [frequency_agility lstm] fh_on barrage       cw            JSR= -10.0 dB r=0 jammed=1.000 BER=0.1103 (2 s)
2026-09-28 22:50:50 | src.experiments.frequency_agility | INFO   | [frequency_agility lstm] fh_on barrage       cw            JSR=  -6.0 dB r=0 jammed=1.000 BER=0.2034 (2 s)
2026-09-28 22:50:51 | src.experiments.frequency_agility | INFO   | [frequency_agility lstm] fh_on barrage       cw            JSR=  -2.0 dB r=0 jammed=1.000 BER=0.4064 (2 s)
2026-09-28 22:50:53 | src.experiments.frequency_agility | INFO   | [frequency_agility lstm] fh_on barrage       cw            JSR=   2.0 dB r=0 jammed=1.000 BER=0.5013 (2 s)
2026-09-28 22:50:56 | src.experiments.frequency_agility | INFO   | [frequency_agility lstm] fh_on barrage       cw            JSR=   6.0 dB r=0 jammed=1.000 BER=0.5031 (2 s)
2026-09-28 22:50:58 | src.experiments.frequency_agility | INFO   | [frequency_agility lstm] fh_on barrage       cw            JSR=  10.0 dB r=0 jammed=1.000 BER=0.5031 (2 s)
2026-09-28 22:50:59 | src.experiments.frequency_agility | INFO   | [frequency_agility lstm] fh_on barrage       partial_band  JSR= -10.0 dB r=0 jammed=1.000 BER=0.0838 (2 s)
2026-09-28 22:51:01 | src.experiments.frequency_agility | INFO   | [frequency_agility lstm] fh_on barrage       partial_band  JSR=  -6.0 dB r=0 jammed=1.000 BER=0.1097 (2 s)
2026-09-28 22:51:03 | src.experiments.frequency_agility | INFO   | [frequency_agility lstm] fh_on barrage       partial_band  JSR=  -2.0 dB r=0 jammed=1.000 BER=0.1993 (2 s)
2026-09-28 22:51:05 | src.experiments.frequency_agility | INFO   | [frequency_agility lstm] fh_on barrage       partial_band  JSR=   2.0 dB r=0 jammed=1.000 BER=0.3905 (2 s)
2026-09-28 22:51:06 | src.experiments.frequency_agility | INFO   | [frequency_agility lstm] fh_on barrage       partial_band  JSR=   6.0 dB r=0 jammed=1.000 BER=0.4940 (2 s)
2026-09-28 22:51:09 | src.experiments.frequency_agility | INFO   | [frequency_agility lstm] fh_on barrage       partial_band  JSR=  10.0 dB r=0 jammed=1.000 BER=0.5030 (2 s)
2026-09-28 22:51:14 | src.experiments.frequency_agility | INFO   | [frequency_agility lstm] fh_on barrage       cw            JSR= -10.0 dB r=1 jammed=1.000 BER=0.0934 (2 s)
2026-09-28 22:51:16 | src.experiments.frequency_agility | INFO   | [frequency_agility lstm] fh_on barrage       cw            JSR=  -6.0 dB r=1 jammed=1.000 BER=0.1449 (2 s)
2026-09-28 22:51:17 | src.experiments.frequency_agility | INFO   | [frequency_agility lstm] fh_on barrage       cw            JSR=  -2.0 dB r=1 jammed=1.000 BER=0.2968 (2 s)
2026-09-28 22:51:19 | src.experiments.frequency_agility | INFO   | [frequency_agility lstm] fh_on barrage       cw            JSR=   2.0 dB r=1 jammed=1.000 BER=0.4801 (2 s)
2026-09-28 22:51:21 | src.experiments.frequency_agility | INFO   | [frequency_agility lstm] fh_on barrage       cw            JSR=   6.0 dB r=1 jammed=1.000 BER=0.4995 (2 s)
2026-09-28 22:51:24 | src.experiments.frequency_agility | INFO   | [frequency_agility lstm] fh_on barrage       cw            JSR=  10.0 dB r=1 jammed=1.000 BER=0.4996 (2 s)
2026-09-28 22:51:25 | src.experiments.frequency_agility | INFO   | [frequency_agility lstm] fh_on barrage       partial_band  JSR= -10.0 dB r=1 jammed=1.000 BER=0.0604 (2 s)
2026-09-28 22:51:27 | src.experiments.frequency_agility | INFO   | [frequency_agility lstm] fh_on barrage       partial_band  JSR=  -6.0 dB r=1 jammed=1.000 BER=0.0575 (2 s)
2026-09-28 22:51:29 | src.experiments.frequency_agility | INFO   | [frequency_agility lstm] fh_on barrage       partial_band  JSR=  -2.0 dB r=1 jammed=1.000 BER=0.1286 (2 s)
2026-09-28 22:51:30 | src.experiments.frequency_agility | INFO   | [frequency_agility lstm] fh_on barrage       partial_band  JSR=   2.0 dB r=1 jammed=1.000 BER=0.3794 (2 s)
2026-09-28 22:51:32 | src.experiments.frequency_agility | INFO   | [frequency_agility lstm] fh_on barrage       partial_band  JSR=   6.0 dB r=1 jammed=1.000 BER=0.4918 (2 s)
2026-09-28 22:51:34 | src.experiments.frequency_agility | INFO   | [frequency_agility lstm] fh_on barrage       partial_band  JSR=  10.0 dB r=1 jammed=1.000 BER=0.5002 (2 s)
2026-09-28 22:51:40 | src.experiments.frequency_agility | INFO   | [frequency_agility lstm] fh_on barrage       cw            JSR= -10.0 dB r=2 jammed=1.000 BER=0.0735 (2 s)
2026-09-28 22:51:42 | src.experiments.frequency_agility | INFO   | [frequency_agility lstm] fh_on barrage       cw            JSR=  -6.0 dB r=2 jammed=1.000 BER=0.0779 (2 s)
2026-09-28 22:51:43 | src.experiments.frequency_agility | INFO   | [frequency_agility lstm] fh_on barrage       cw            JSR=  -2.0 dB r=2 jammed=1.000 BER=0.0934 (2 s)
2026-09-28 22:51:45 | src.experiments.frequency_agility | INFO   | [frequency_agility lstm] fh_on barrage       cw            JSR=   2.0 dB r=2 jammed=1.000 BER=0.1599 (2 s)
2026-09-28 22:51:47 | src.experiments.frequency_agility | INFO   | [frequency_agility lstm] fh_on barrage       cw            JSR=   6.0 dB r=2 jammed=1.000 BER=0.3549 (2 s)
2026-09-28 22:51:49 | src.experiments.frequency_agility | INFO   | [frequency_agility lstm] fh_on barrage       cw            JSR=  10.0 dB r=2 jammed=1.000 BER=0.4769 (2 s)
2026-09-28 22:51:51 | src.experiments.frequency_agility | INFO   | [frequency_agility lstm] fh_on barrage       partial_band  JSR= -10.0 dB r=2 jammed=1.000 BER=0.0608 (2 s)
2026-09-28 22:51:53 | src.experiments.frequency_agility | INFO   | [frequency_agility lstm] fh_on barrage       partial_band  JSR=  -6.0 dB r=2 jammed=1.000 BER=0.0764 (2 s)
2026-09-28 22:51:55 | src.experiments.frequency_agility | INFO   | [frequency_agility lstm] fh_on barrage       partial_band  JSR=  -2.0 dB r=2 jammed=1.000 BER=0.2547 (2 s)
2026-09-28 22:51:56 | src.experiments.frequency_agility | INFO   | [frequency_agility lstm] fh_on barrage       partial_band  JSR=   2.0 dB r=2 jammed=1.000 BER=0.4704 (2 s)
2026-09-28 22:51:58 | src.experiments.frequency_agility | INFO   | [frequency_agility lstm] fh_on barrage       partial_band  JSR=   6.0 dB r=2 jammed=1.000 BER=0.4970 (2 s)
2026-09-28 22:52:00 | src.experiments.frequency_agility | INFO   | [frequency_agility lstm] fh_on barrage       partial_band  JSR=  10.0 dB r=2 jammed=1.000 BER=0.4973 (2 s)
2026-09-28 22:52:06 | src.experiments.frequency_agility | INFO   | [frequency_agility lstm] fh_on barrage       cw            JSR= -10.0 dB r=3 jammed=1.000 BER=0.0606 (2 s)
2026-09-28 22:52:07 | src.experiments.frequency_agility | INFO   | [frequency_agility lstm] fh_on barrage       cw            JSR=  -6.0 dB r=3 jammed=1.000 BER=0.0936 (2 s)
2026-09-28 22:52:09 | src.experiments.frequency_agility | INFO   | [frequency_agility lstm] fh_on barrage       cw            JSR=  -2.0 dB r=3 jammed=1.000 BER=0.3410 (2 s)
2026-09-28 22:52:11 | src.experiments.frequency_agility | INFO   | [frequency_agility lstm] fh_on barrage       cw            JSR=   2.0 dB r=3 jammed=1.000 BER=0.4944 (2 s)
2026-09-28 22:52:12 | src.experiments.frequency_agility | INFO   | [frequency_agility lstm] fh_on barrage       cw            JSR=   6.0 dB r=3 jammed=1.000 BER=0.4995 (2 s)
2026-09-28 22:52:14 | src.experiments.frequency_agility | INFO   | [frequency_agility lstm] fh_on barrage       cw            JSR=  10.0 dB r=3 jammed=1.000 BER=0.4997 (2 s)
2026-09-28 22:52:17 | src.experiments.frequency_agility | INFO   | [frequency_agility lstm] fh_on barrage       partial_band  JSR= -10.0 dB r=3 jammed=1.000 BER=0.0621 (2 s)
2026-09-28 22:52:19 | src.experiments.frequency_agility | INFO   | [frequency_agility lstm] fh_on barrage       partial_band  JSR=  -6.0 dB r=3 jammed=1.000 BER=0.0590 (2 s)
2026-09-28 22:52:21 | src.experiments.frequency_agility | INFO   | [frequency_agility lstm] fh_on barrage       partial_band  JSR=  -2.0 dB r=3 jammed=1.000 BER=0.1377 (2 s)
2026-09-28 22:52:22 | src.experiments.frequency_agility | INFO   | [frequency_agility lstm] fh_on barrage       partial_band  JSR=   2.0 dB r=3 jammed=1.000 BER=0.3945 (2 s)
2026-09-28 22:52:24 | src.experiments.frequency_agility | INFO   | [frequency_agility lstm] fh_on barrage       partial_band  JSR=   6.0 dB r=3 jammed=1.000 BER=0.4951 (2 s)
2026-09-28 22:52:26 | src.experiments.frequency_agility | INFO   | [frequency_agility lstm] fh_on barrage       partial_band  JSR=  10.0 dB r=3 jammed=1.000 BER=0.4995 (2 s)
2026-09-28 22:52:31 | src.experiments.frequency_agility | INFO   | [frequency_agility lstm] fh_on barrage       cw            JSR= -10.0 dB r=4 jammed=1.000 BER=0.0633 (2 s)
2026-09-28 22:52:33 | src.experiments.frequency_agility | INFO   | [frequency_agility lstm] fh_on barrage       cw            JSR=  -6.0 dB r=4 jammed=1.000 BER=0.0751 (2 s)
2026-09-28 22:52:35 | src.experiments.frequency_agility | INFO   | [frequency_agility lstm] fh_on barrage       cw            JSR=  -2.0 dB r=4 jammed=1.000 BER=0.2369 (2 s)
2026-09-28 22:52:37 | src.experiments.frequency_agility | INFO   | [frequency_agility lstm] fh_on barrage       cw            JSR=   2.0 dB r=4 jammed=1.000 BER=0.4723 (2 s)
2026-09-28 22:52:38 | src.experiments.frequency_agility | INFO   | [frequency_agility lstm] fh_on barrage       cw            JSR=   6.0 dB r=4 jammed=1.000 BER=0.4955 (2 s)
2026-09-28 22:52:40 | src.experiments.frequency_agility | INFO   | [frequency_agility lstm] fh_on barrage       cw            JSR=  10.0 dB r=4 jammed=1.000 BER=0.4959 (2 s)
2026-09-28 22:52:42 | src.experiments.frequency_agility | INFO   | [frequency_agility lstm] fh_on barrage       partial_band  JSR= -10.0 dB r=4 jammed=1.000 BER=0.0840 (2 s)
2026-09-28 22:52:44 | src.experiments.frequency_agility | INFO   | [frequency_agility lstm] fh_on barrage       partial_band  JSR=  -6.0 dB r=4 jammed=1.000 BER=0.1110 (2 s)
2026-09-28 22:52:46 | src.experiments.frequency_agility | INFO   | [frequency_agility lstm] fh_on barrage       partial_band  JSR=  -2.0 dB r=4 jammed=1.000 BER=0.2005 (2 s)
2026-09-28 22:52:48 | src.experiments.frequency_agility | INFO   | [frequency_agility lstm] fh_on barrage       partial_band  JSR=   2.0 dB r=4 jammed=1.000 BER=0.3876 (2 s)
2026-09-28 22:52:50 | src.experiments.frequency_agility | INFO   | [frequency_agility lstm] fh_on barrage       partial_band  JSR=   6.0 dB r=4 jammed=1.000 BER=0.4958 (2 s)
2026-09-28 22:52:51 | src.experiments.frequency_agility | INFO   | [frequency_agility lstm] fh_on barrage       partial_band  JSR=  10.0 dB r=4 jammed=1.000 BER=0.5036 (2 s)
2026-09-28 22:52:57 | src.experiments.frequency_agility | INFO   | [frequency_agility lstm] fh_on fixed_partial cw            JSR= -10.0 dB r=0 jammed=0.250 BER=0.0824 (2 s)
2026-09-28 22:52:59 | src.experiments.frequency_agility | INFO   | [frequency_agility lstm] fh_on fixed_partial cw            JSR=  -6.0 dB r=0 jammed=0.250 BER=0.1061 (2 s)
2026-09-28 22:53:01 | src.experiments.frequency_agility | INFO   | [frequency_agility lstm] fh_on fixed_partial cw            JSR=  -2.0 dB r=0 jammed=0.250 BER=0.1557 (2 s)
2026-09-28 22:53:02 | src.experiments.frequency_agility | INFO   | [frequency_agility lstm] fh_on fixed_partial cw            JSR=   2.0 dB r=0 jammed=0.250 BER=0.1790 (2 s)
2026-09-28 22:53:04 | src.experiments.frequency_agility | INFO   | [frequency_agility lstm] fh_on fixed_partial cw            JSR=   6.0 dB r=0 jammed=0.250 BER=0.1796 (2 s)
2026-09-28 22:53:06 | src.experiments.frequency_agility | INFO   | [frequency_agility lstm] fh_on fixed_partial cw            JSR=  10.0 dB r=0 jammed=0.250 BER=0.1796 (2 s)
2026-09-28 22:53:07 | src.experiments.frequency_agility | INFO   | [frequency_agility lstm] fh_on fixed_partial partial_band  JSR= -10.0 dB r=0 jammed=0.250 BER=0.0767 (2 s)
2026-09-28 22:53:09 | src.experiments.frequency_agility | INFO   | [frequency_agility lstm] fh_on fixed_partial partial_band  JSR=  -6.0 dB r=0 jammed=0.250 BER=0.0819 (2 s)
2026-09-28 22:53:11 | src.experiments.frequency_agility | INFO   | [frequency_agility lstm] fh_on fixed_partial partial_band  JSR=  -2.0 dB r=0 jammed=0.250 BER=0.1041 (2 s)
2026-09-28 22:53:14 | src.experiments.frequency_agility | INFO   | [frequency_agility lstm] fh_on fixed_partial partial_band  JSR=   2.0 dB r=0 jammed=0.250 BER=0.1517 (2 s)
2026-09-28 22:53:15 | src.experiments.frequency_agility | INFO   | [frequency_agility lstm] fh_on fixed_partial partial_band  JSR=   6.0 dB r=0 jammed=0.250 BER=0.1777 (2 s)
2026-09-28 22:53:17 | src.experiments.frequency_agility | INFO   | [frequency_agility lstm] fh_on fixed_partial partial_band  JSR=  10.0 dB r=0 jammed=0.250 BER=0.1795 (2 s)
2026-09-28 22:53:22 | src.experiments.frequency_agility | INFO   | [frequency_agility lstm] fh_on fixed_partial cw            JSR= -10.0 dB r=1 jammed=0.250 BER=0.0790 (2 s)
2026-09-28 22:53:23 | src.experiments.frequency_agility | INFO   | [frequency_agility lstm] fh_on fixed_partial cw            JSR=  -6.0 dB r=1 jammed=0.250 BER=0.0916 (2 s)
2026-09-28 22:53:26 | src.experiments.frequency_agility | INFO   | [frequency_agility lstm] fh_on fixed_partial cw            JSR=  -2.0 dB r=1 jammed=0.250 BER=0.1296 (2 s)
2026-09-28 22:53:28 | src.experiments.frequency_agility | INFO   | [frequency_agility lstm] fh_on fixed_partial cw            JSR=   2.0 dB r=1 jammed=0.250 BER=0.1771 (2 s)
2026-09-28 22:53:29 | src.experiments.frequency_agility | INFO   | [frequency_agility lstm] fh_on fixed_partial cw            JSR=   6.0 dB r=1 jammed=0.250 BER=0.1822 (2 s)
2026-09-28 22:53:31 | src.experiments.frequency_agility | INFO   | [frequency_agility lstm] fh_on fixed_partial cw            JSR=  10.0 dB r=1 jammed=0.250 BER=0.1822 (2 s)
2026-09-28 22:53:33 | src.experiments.frequency_agility | INFO   | [frequency_agility lstm] fh_on fixed_partial partial_band  JSR= -10.0 dB r=1 jammed=0.250 BER=0.0716 (2 s)
2026-09-28 22:53:35 | src.experiments.frequency_agility | INFO   | [frequency_agility lstm] fh_on fixed_partial partial_band  JSR=  -6.0 dB r=1 jammed=0.250 BER=0.0718 (2 s)
2026-09-28 22:53:36 | src.experiments.frequency_agility | INFO   | [frequency_agility lstm] fh_on fixed_partial partial_band  JSR=  -2.0 dB r=1 jammed=0.250 BER=0.0874 (2 s)
2026-09-28 22:53:38 | src.experiments.frequency_agility | INFO   | [frequency_agility lstm] fh_on fixed_partial partial_band  JSR=   2.0 dB r=1 jammed=0.250 BER=0.1499 (2 s)
2026-09-28 22:53:41 | src.experiments.frequency_agility | INFO   | [frequency_agility lstm] fh_on fixed_partial partial_band  JSR=   6.0 dB r=1 jammed=0.250 BER=0.1782 (2 s)
2026-09-28 22:53:42 | src.experiments.frequency_agility | INFO   | [frequency_agility lstm] fh_on fixed_partial partial_band  JSR=  10.0 dB r=1 jammed=0.250 BER=0.1802 (2 s)
2026-09-28 22:53:47 | src.experiments.frequency_agility | INFO   | [frequency_agility lstm] fh_on fixed_partial cw            JSR= -10.0 dB r=2 jammed=0.250 BER=0.0757 (2 s)
2026-09-28 22:53:49 | src.experiments.frequency_agility | INFO   | [frequency_agility lstm] fh_on fixed_partial cw            JSR=  -6.0 dB r=2 jammed=0.250 BER=0.0770 (2 s)
2026-09-28 22:53:50 | src.experiments.frequency_agility | INFO   | [frequency_agility lstm] fh_on fixed_partial cw            JSR=  -2.0 dB r=2 jammed=0.250 BER=0.0810 (2 s)
2026-09-28 22:53:53 | src.experiments.frequency_agility | INFO   | [frequency_agility lstm] fh_on fixed_partial cw            JSR=   2.0 dB r=2 jammed=0.250 BER=0.0980 (2 s)
2026-09-28 22:53:55 | src.experiments.frequency_agility | INFO   | [frequency_agility lstm] fh_on fixed_partial cw            JSR=   6.0 dB r=2 jammed=0.250 BER=0.1428 (2 s)
2026-09-28 22:53:56 | src.experiments.frequency_agility | INFO   | [frequency_agility lstm] fh_on fixed_partial cw            JSR=  10.0 dB r=2 jammed=0.250 BER=0.1749 (2 s)
2026-09-28 22:53:58 | src.experiments.frequency_agility | INFO   | [frequency_agility lstm] fh_on fixed_partial partial_band  JSR= -10.0 dB r=2 jammed=0.250 BER=0.0724 (2 s)
2026-09-28 22:54:00 | src.experiments.frequency_agility | INFO   | [frequency_agility lstm] fh_on fixed_partial partial_band  JSR=  -6.0 dB r=2 jammed=0.250 BER=0.0774 (2 s)
2026-09-28 22:54:02 | src.experiments.frequency_agility | INFO   | [frequency_agility lstm] fh_on fixed_partial partial_band  JSR=  -2.0 dB r=2 jammed=0.250 BER=0.1207 (2 s)
2026-09-28 22:54:03 | src.experiments.frequency_agility | INFO   | [frequency_agility lstm] fh_on fixed_partial partial_band  JSR=   2.0 dB r=2 jammed=0.250 BER=0.1738 (2 s)
2026-09-28 22:54:05 | src.experiments.frequency_agility | INFO   | [frequency_agility lstm] fh_on fixed_partial partial_band  JSR=   6.0 dB r=2 jammed=0.250 BER=0.1799 (2 s)
2026-09-28 22:54:08 | src.experiments.frequency_agility | INFO   | [frequency_agility lstm] fh_on fixed_partial partial_band  JSR=  10.0 dB r=2 jammed=0.250 BER=0.1799 (2 s)
2026-09-28 22:54:12 | src.experiments.frequency_agility | INFO   | [frequency_agility lstm] fh_on fixed_partial cw            JSR= -10.0 dB r=3 jammed=0.250 BER=0.0691 (2 s)
2026-09-28 22:54:14 | src.experiments.frequency_agility | INFO   | [frequency_agility lstm] fh_on fixed_partial cw            JSR=  -6.0 dB r=3 jammed=0.250 BER=0.0783 (2 s)
2026-09-28 22:54:16 | src.experiments.frequency_agility | INFO   | [frequency_agility lstm] fh_on fixed_partial cw            JSR=  -2.0 dB r=3 jammed=0.250 BER=0.1396 (2 s)
2026-09-28 22:54:17 | src.experiments.frequency_agility | INFO   | [frequency_agility lstm] fh_on fixed_partial cw            JSR=   2.0 dB r=3 jammed=0.250 BER=0.1802 (2 s)
2026-09-28 22:54:19 | src.experiments.frequency_agility | INFO   | [frequency_agility lstm] fh_on fixed_partial cw            JSR=   6.0 dB r=3 jammed=0.250 BER=0.1809 (2 s)
2026-09-28 22:54:22 | src.experiments.frequency_agility | INFO   | [frequency_agility lstm] fh_on fixed_partial cw            JSR=  10.0 dB r=3 jammed=0.250 BER=0.1809 (2 s)
2026-09-28 22:54:24 | src.experiments.frequency_agility | INFO   | [frequency_agility lstm] fh_on fixed_partial partial_band  JSR= -10.0 dB r=3 jammed=0.250 BER=0.0704 (2 s)
2026-09-28 22:54:25 | src.experiments.frequency_agility | INFO   | [frequency_agility lstm] fh_on fixed_partial partial_band  JSR=  -6.0 dB r=3 jammed=0.250 BER=0.0696 (2 s)
2026-09-28 22:54:27 | src.experiments.frequency_agility | INFO   | [frequency_agility lstm] fh_on fixed_partial partial_band  JSR=  -2.0 dB r=3 jammed=0.250 BER=0.0881 (2 s)
2026-09-28 22:54:29 | src.experiments.frequency_agility | INFO   | [frequency_agility lstm] fh_on fixed_partial partial_band  JSR=   2.0 dB r=3 jammed=0.250 BER=0.1537 (2 s)
2026-09-28 22:54:30 | src.experiments.frequency_agility | INFO   | [frequency_agility lstm] fh_on fixed_partial partial_band  JSR=   6.0 dB r=3 jammed=0.250 BER=0.1795 (2 s)
2026-09-28 22:54:32 | src.experiments.frequency_agility | INFO   | [frequency_agility lstm] fh_on fixed_partial partial_band  JSR=  10.0 dB r=3 jammed=0.250 BER=0.1809 (2 s)
2026-09-28 22:54:38 | src.experiments.frequency_agility | INFO   | [frequency_agility lstm] fh_on fixed_partial cw            JSR= -10.0 dB r=4 jammed=0.250 BER=0.0712 (2 s)
2026-09-28 22:54:40 | src.experiments.frequency_agility | INFO   | [frequency_agility lstm] fh_on fixed_partial cw            JSR=  -6.0 dB r=4 jammed=0.250 BER=0.0732 (2 s)
2026-09-28 22:54:41 | src.experiments.frequency_agility | INFO   | [frequency_agility lstm] fh_on fixed_partial cw            JSR=  -2.0 dB r=4 jammed=0.250 BER=0.1144 (2 s)
2026-09-28 22:54:43 | src.experiments.frequency_agility | INFO   | [frequency_agility lstm] fh_on fixed_partial cw            JSR=   2.0 dB r=4 jammed=0.250 BER=0.1741 (2 s)
2026-09-28 22:54:45 | src.experiments.frequency_agility | INFO   | [frequency_agility lstm] fh_on fixed_partial cw            JSR=   6.0 dB r=4 jammed=0.250 BER=0.1798 (2 s)
2026-09-28 22:54:47 | src.experiments.frequency_agility | INFO   | [frequency_agility lstm] fh_on fixed_partial cw            JSR=  10.0 dB r=4 jammed=0.250 BER=0.1799 (2 s)
2026-09-28 22:54:49 | src.experiments.frequency_agility | INFO   | [frequency_agility lstm] fh_on fixed_partial partial_band  JSR= -10.0 dB r=4 jammed=0.250 BER=0.0767 (2 s)
2026-09-28 22:54:51 | src.experiments.frequency_agility | INFO   | [frequency_agility lstm] fh_on fixed_partial partial_band  JSR=  -6.0 dB r=4 jammed=0.250 BER=0.0842 (2 s)
2026-09-28 22:54:53 | src.experiments.frequency_agility | INFO   | [frequency_agility lstm] fh_on fixed_partial partial_band  JSR=  -2.0 dB r=4 jammed=0.250 BER=0.1052 (2 s)
2026-09-28 22:54:54 | src.experiments.frequency_agility | INFO   | [frequency_agility lstm] fh_on fixed_partial partial_band  JSR=   2.0 dB r=4 jammed=0.250 BER=0.1500 (2 s)
2026-09-28 22:54:56 | src.experiments.frequency_agility | INFO   | [frequency_agility lstm] fh_on fixed_partial partial_band  JSR=   6.0 dB r=4 jammed=0.250 BER=0.1776 (2 s)
2026-09-28 22:54:58 | src.experiments.frequency_agility | INFO   | [frequency_agility lstm] fh_on fixed_partial partial_band  JSR=  10.0 dB r=4 jammed=0.250 BER=0.1794 (2 s)
2026-09-28 22:55:03 | src.experiments.frequency_agility | INFO   | [frequency_agility lstm] fh_on sweep         cw            JSR= -10.0 dB r=0 jammed=0.121 BER=0.0838 (2 s)
2026-09-28 22:55:05 | src.experiments.frequency_agility | INFO   | [frequency_agility lstm] fh_on sweep         cw            JSR=  -6.0 dB r=0 jammed=0.121 BER=0.0945 (2 s)
2026-09-28 22:55:07 | src.experiments.frequency_agility | INFO   | [frequency_agility lstm] fh_on sweep         cw            JSR=  -2.0 dB r=0 jammed=0.121 BER=0.1201 (2 s)
2026-09-28 22:55:09 | src.experiments.frequency_agility | INFO   | [frequency_agility lstm] fh_on sweep         cw            JSR=   2.0 dB r=0 jammed=0.121 BER=0.1311 (2 s)
2026-09-28 22:55:10 | src.experiments.frequency_agility | INFO   | [frequency_agility lstm] fh_on sweep         cw            JSR=   6.0 dB r=0 jammed=0.121 BER=0.1313 (2 s)
2026-09-28 22:55:12 | src.experiments.frequency_agility | INFO   | [frequency_agility lstm] fh_on sweep         cw            JSR=  10.0 dB r=0 jammed=0.121 BER=0.1313 (2 s)
2026-09-28 22:55:14 | src.experiments.frequency_agility | INFO   | [frequency_agility lstm] fh_on sweep         partial_band  JSR= -10.0 dB r=0 jammed=0.121 BER=0.0805 (2 s)
2026-09-28 22:55:16 | src.experiments.frequency_agility | INFO   | [frequency_agility lstm] fh_on sweep         partial_band  JSR=  -6.0 dB r=0 jammed=0.121 BER=0.0833 (2 s)
2026-09-28 22:55:18 | src.experiments.frequency_agility | INFO   | [frequency_agility lstm] fh_on sweep         partial_band  JSR=  -2.0 dB r=0 jammed=0.121 BER=0.0945 (2 s)
2026-09-28 22:55:20 | src.experiments.frequency_agility | INFO   | [frequency_agility lstm] fh_on sweep         partial_band  JSR=   2.0 dB r=0 jammed=0.121 BER=0.1186 (2 s)
2026-09-28 22:55:21 | src.experiments.frequency_agility | INFO   | [frequency_agility lstm] fh_on sweep         partial_band  JSR=   6.0 dB r=0 jammed=0.121 BER=0.1305 (2 s)
2026-09-28 22:55:23 | src.experiments.frequency_agility | INFO   | [frequency_agility lstm] fh_on sweep         partial_band  JSR=  10.0 dB r=0 jammed=0.121 BER=0.1313 (2 s)
2026-09-28 22:55:28 | src.experiments.frequency_agility | INFO   | [frequency_agility lstm] fh_on sweep         cw            JSR= -10.0 dB r=1 jammed=0.124 BER=0.0733 (2 s)
2026-09-28 22:55:30 | src.experiments.frequency_agility | INFO   | [frequency_agility lstm] fh_on sweep         cw            JSR=  -6.0 dB r=1 jammed=0.124 BER=0.0803 (2 s)
2026-09-28 22:55:32 | src.experiments.frequency_agility | INFO   | [frequency_agility lstm] fh_on sweep         cw            JSR=  -2.0 dB r=1 jammed=0.124 BER=0.0997 (2 s)
2026-09-28 22:55:34 | src.experiments.frequency_agility | INFO   | [frequency_agility lstm] fh_on sweep         cw            JSR=   2.0 dB r=1 jammed=0.124 BER=0.1218 (2 s)
2026-09-28 22:55:35 | src.experiments.frequency_agility | INFO   | [frequency_agility lstm] fh_on sweep         cw            JSR=   6.0 dB r=1 jammed=0.124 BER=0.1238 (2 s)
2026-09-28 22:55:37 | src.experiments.frequency_agility | INFO   | [frequency_agility lstm] fh_on sweep         cw            JSR=  10.0 dB r=1 jammed=0.124 BER=0.1238 (2 s)
2026-09-28 22:55:39 | src.experiments.frequency_agility | INFO   | [frequency_agility lstm] fh_on sweep         partial_band  JSR= -10.0 dB r=1 jammed=0.124 BER=0.0705 (2 s)
2026-09-28 22:55:41 | src.experiments.frequency_agility | INFO   | [frequency_agility lstm] fh_on sweep         partial_band  JSR=  -6.0 dB r=1 jammed=0.124 BER=0.0702 (2 s)
2026-09-28 22:55:43 | src.experiments.frequency_agility | INFO   | [frequency_agility lstm] fh_on sweep         partial_band  JSR=  -2.0 dB r=1 jammed=0.124 BER=0.0786 (2 s)
2026-09-28 22:55:45 | src.experiments.frequency_agility | INFO   | [frequency_agility lstm] fh_on sweep         partial_band  JSR=   2.0 dB r=1 jammed=0.124 BER=0.1086 (2 s)
2026-09-28 22:55:46 | src.experiments.frequency_agility | INFO   | [frequency_agility lstm] fh_on sweep         partial_band  JSR=   6.0 dB r=1 jammed=0.124 BER=0.1240 (2 s)
2026-09-28 22:55:48 | src.experiments.frequency_agility | INFO   | [frequency_agility lstm] fh_on sweep         partial_band  JSR=  10.0 dB r=1 jammed=0.124 BER=0.1250 (2 s)
2026-09-28 22:55:53 | src.experiments.frequency_agility | INFO   | [frequency_agility lstm] fh_on sweep         cw            JSR= -10.0 dB r=2 jammed=0.120 BER=0.0740 (2 s)
2026-09-28 22:55:54 | src.experiments.frequency_agility | INFO   | [frequency_agility lstm] fh_on sweep         cw            JSR=  -6.0 dB r=2 jammed=0.120 BER=0.0743 (2 s)
2026-09-28 22:55:57 | src.experiments.frequency_agility | INFO   | [frequency_agility lstm] fh_on sweep         cw            JSR=  -2.0 dB r=2 jammed=0.120 BER=0.0763 (2 s)
2026-09-28 22:55:59 | src.experiments.frequency_agility | INFO   | [frequency_agility lstm] fh_on sweep         cw            JSR=   2.0 dB r=2 jammed=0.120 BER=0.0837 (2 s)
2026-09-28 22:56:00 | src.experiments.frequency_agility | INFO   | [frequency_agility lstm] fh_on sweep         cw            JSR=   6.0 dB r=2 jammed=0.120 BER=0.1071 (2 s)
2026-09-28 22:56:02 | src.experiments.frequency_agility | INFO   | [frequency_agility lstm] fh_on sweep         cw            JSR=  10.0 dB r=2 jammed=0.120 BER=0.1222 (2 s)
2026-09-28 22:56:04 | src.experiments.frequency_agility | INFO   | [frequency_agility lstm] fh_on sweep         partial_band  JSR= -10.0 dB r=2 jammed=0.120 BER=0.0727 (2 s)
2026-09-28 22:56:06 | src.experiments.frequency_agility | INFO   | [frequency_agility lstm] fh_on sweep         partial_band  JSR=  -6.0 dB r=2 jammed=0.120 BER=0.0742 (2 s)
2026-09-28 22:56:07 | src.experiments.frequency_agility | INFO   | [frequency_agility lstm] fh_on sweep         partial_band  JSR=  -2.0 dB r=2 jammed=0.120 BER=0.0947 (2 s)
2026-09-28 22:56:09 | src.experiments.frequency_agility | INFO   | [frequency_agility lstm] fh_on sweep         partial_band  JSR=   2.0 dB r=2 jammed=0.120 BER=0.1218 (2 s)
2026-09-28 22:56:12 | src.experiments.frequency_agility | INFO   | [frequency_agility lstm] fh_on sweep         partial_band  JSR=   6.0 dB r=2 jammed=0.120 BER=0.1254 (2 s)
2026-09-28 22:56:13 | src.experiments.frequency_agility | INFO   | [frequency_agility lstm] fh_on sweep         partial_band  JSR=  10.0 dB r=2 jammed=0.120 BER=0.1256 (2 s)
2026-09-28 22:56:18 | src.experiments.frequency_agility | INFO   | [frequency_agility lstm] fh_on sweep         cw            JSR= -10.0 dB r=3 jammed=0.121 BER=0.0672 (2 s)
2026-09-28 22:56:20 | src.experiments.frequency_agility | INFO   | [frequency_agility lstm] fh_on sweep         cw            JSR=  -6.0 dB r=3 jammed=0.121 BER=0.0704 (2 s)
2026-09-28 22:56:21 | src.experiments.frequency_agility | INFO   | [frequency_agility lstm] fh_on sweep         cw            JSR=  -2.0 dB r=3 jammed=0.121 BER=0.1018 (2 s)
2026-09-28 22:56:23 | src.experiments.frequency_agility | INFO   | [frequency_agility lstm] fh_on sweep         cw            JSR=   2.0 dB r=3 jammed=0.121 BER=0.1217 (2 s)
2026-09-28 22:56:26 | src.experiments.frequency_agility | INFO   | [frequency_agility lstm] fh_on sweep         cw            JSR=   6.0 dB r=3 jammed=0.121 BER=0.1220 (2 s)
2026-09-28 22:56:27 | src.experiments.frequency_agility | INFO   | [frequency_agility lstm] fh_on sweep         cw            JSR=  10.0 dB r=3 jammed=0.121 BER=0.1220 (2 s)
2026-09-28 22:56:29 | src.experiments.frequency_agility | INFO   | [frequency_agility lstm] fh_on sweep         partial_band  JSR= -10.0 dB r=3 jammed=0.121 BER=0.0674 (2 s)
2026-09-28 22:56:31 | src.experiments.frequency_agility | INFO   | [frequency_agility lstm] fh_on sweep         partial_band  JSR=  -6.0 dB r=3 jammed=0.121 BER=0.0672 (2 s)
2026-09-28 22:56:32 | src.experiments.frequency_agility | INFO   | [frequency_agility lstm] fh_on sweep         partial_band  JSR=  -2.0 dB r=3 jammed=0.121 BER=0.0773 (2 s)
2026-09-28 22:56:34 | src.experiments.frequency_agility | INFO   | [frequency_agility lstm] fh_on sweep         partial_band  JSR=   2.0 dB r=3 jammed=0.121 BER=0.1080 (2 s)
2026-09-28 22:56:36 | src.experiments.frequency_agility | INFO   | [frequency_agility lstm] fh_on sweep         partial_band  JSR=   6.0 dB r=3 jammed=0.121 BER=0.1213 (2 s)
2026-09-28 22:56:38 | src.experiments.frequency_agility | INFO   | [frequency_agility lstm] fh_on sweep         partial_band  JSR=  10.0 dB r=3 jammed=0.121 BER=0.1220 (2 s)
2026-09-28 22:56:43 | src.experiments.frequency_agility | INFO   | [frequency_agility lstm] fh_on sweep         cw            JSR= -10.0 dB r=4 jammed=0.123 BER=0.0735 (2 s)
2026-09-28 22:56:45 | src.experiments.frequency_agility | INFO   | [frequency_agility lstm] fh_on sweep         cw            JSR=  -6.0 dB r=4 jammed=0.123 BER=0.0756 (2 s)
2026-09-28 22:56:46 | src.experiments.frequency_agility | INFO   | [frequency_agility lstm] fh_on sweep         cw            JSR=  -2.0 dB r=4 jammed=0.123 BER=0.0959 (2 s)
2026-09-28 22:56:48 | src.experiments.frequency_agility | INFO   | [frequency_agility lstm] fh_on sweep         cw            JSR=   2.0 dB r=4 jammed=0.123 BER=0.1259 (2 s)
2026-09-28 22:56:50 | src.experiments.frequency_agility | INFO   | [frequency_agility lstm] fh_on sweep         cw            JSR=   6.0 dB r=4 jammed=0.123 BER=0.1288 (2 s)
2026-09-28 22:56:52 | src.experiments.frequency_agility | INFO   | [frequency_agility lstm] fh_on sweep         cw            JSR=  10.0 dB r=4 jammed=0.123 BER=0.1289 (2 s)
2026-09-28 22:56:54 | src.experiments.frequency_agility | INFO   | [frequency_agility lstm] fh_on sweep         partial_band  JSR= -10.0 dB r=4 jammed=0.123 BER=0.0764 (2 s)
2026-09-28 22:56:56 | src.experiments.frequency_agility | INFO   | [frequency_agility lstm] fh_on sweep         partial_band  JSR=  -6.0 dB r=4 jammed=0.123 BER=0.0804 (2 s)
2026-09-28 22:56:57 | src.experiments.frequency_agility | INFO   | [frequency_agility lstm] fh_on sweep         partial_band  JSR=  -2.0 dB r=4 jammed=0.123 BER=0.0911 (2 s)
2026-09-28 22:56:59 | src.experiments.frequency_agility | INFO   | [frequency_agility lstm] fh_on sweep         partial_band  JSR=   2.0 dB r=4 jammed=0.123 BER=0.1119 (2 s)
2026-09-28 22:57:01 | src.experiments.frequency_agility | INFO   | [frequency_agility lstm] fh_on sweep         partial_band  JSR=   6.0 dB r=4 jammed=0.123 BER=0.1253 (2 s)
2026-09-28 22:57:03 | src.experiments.frequency_agility | INFO   | [frequency_agility lstm] fh_on sweep         partial_band  JSR=  10.0 dB r=4 jammed=0.123 BER=0.1263 (2 s)
2026-09-28 22:57:09 | src.experiments.frequency_agility | INFO   | [frequency_agility lstm] fh_on follower      cw            JSR= -10.0 dB r=0 jammed=0.000 BER=0.0727 (2 s)
2026-09-28 22:57:10 | src.experiments.frequency_agility | INFO   | [frequency_agility lstm] fh_on follower      cw            JSR=  -6.0 dB r=0 jammed=0.000 BER=0.0727 (2 s)
2026-09-28 22:57:12 | src.experiments.frequency_agility | INFO   | [frequency_agility lstm] fh_on follower      cw            JSR=  -2.0 dB r=0 jammed=0.000 BER=0.0727 (2 s)
2026-09-28 22:57:14 | src.experiments.frequency_agility | INFO   | [frequency_agility lstm] fh_on follower      cw            JSR=   2.0 dB r=0 jammed=0.000 BER=0.0727 (2 s)
2026-09-28 22:57:15 | src.experiments.frequency_agility | INFO   | [frequency_agility lstm] fh_on follower      cw            JSR=   6.0 dB r=0 jammed=0.000 BER=0.0727 (2 s)
2026-09-28 22:57:17 | src.experiments.frequency_agility | INFO   | [frequency_agility lstm] fh_on follower      cw            JSR=  10.0 dB r=0 jammed=0.000 BER=0.0727 (2 s)
2026-09-28 22:57:20 | src.experiments.frequency_agility | INFO   | [frequency_agility lstm] fh_on follower      partial_band  JSR= -10.0 dB r=0 jammed=0.000 BER=0.0727 (2 s)
2026-09-28 22:57:21 | src.experiments.frequency_agility | INFO   | [frequency_agility lstm] fh_on follower      partial_band  JSR=  -6.0 dB r=0 jammed=0.000 BER=0.0727 (2 s)
2026-09-28 22:57:23 | src.experiments.frequency_agility | INFO   | [frequency_agility lstm] fh_on follower      partial_band  JSR=  -2.0 dB r=0 jammed=0.000 BER=0.0727 (2 s)
2026-09-28 22:57:25 | src.experiments.frequency_agility | INFO   | [frequency_agility lstm] fh_on follower      partial_band  JSR=   2.0 dB r=0 jammed=0.000 BER=0.0727 (2 s)
2026-09-28 22:57:26 | src.experiments.frequency_agility | INFO   | [frequency_agility lstm] fh_on follower      partial_band  JSR=   6.0 dB r=0 jammed=0.000 BER=0.0727 (2 s)
2026-09-28 22:57:28 | src.experiments.frequency_agility | INFO   | [frequency_agility lstm] fh_on follower      partial_band  JSR=  10.0 dB r=0 jammed=0.000 BER=0.0727 (2 s)
2026-09-28 22:57:34 | src.experiments.frequency_agility | INFO   | [frequency_agility lstm] fh_on follower      cw            JSR= -10.0 dB r=1 jammed=0.000 BER=0.0747 (2 s)
2026-09-28 22:57:36 | src.experiments.frequency_agility | INFO   | [frequency_agility lstm] fh_on follower      cw            JSR=  -6.0 dB r=1 jammed=0.000 BER=0.0747 (2 s)
2026-09-28 22:57:37 | src.experiments.frequency_agility | INFO   | [frequency_agility lstm] fh_on follower      cw            JSR=  -2.0 dB r=1 jammed=0.000 BER=0.0747 (2 s)
2026-09-28 22:57:39 | src.experiments.frequency_agility | INFO   | [frequency_agility lstm] fh_on follower      cw            JSR=   2.0 dB r=1 jammed=0.000 BER=0.0747 (2 s)
2026-09-28 22:57:40 | src.experiments.frequency_agility | INFO   | [frequency_agility lstm] fh_on follower      cw            JSR=   6.0 dB r=1 jammed=0.000 BER=0.0747 (2 s)
2026-09-28 22:57:42 | src.experiments.frequency_agility | INFO   | [frequency_agility lstm] fh_on follower      cw            JSR=  10.0 dB r=1 jammed=0.000 BER=0.0747 (2 s)
2026-09-28 22:57:44 | src.experiments.frequency_agility | INFO   | [frequency_agility lstm] fh_on follower      partial_band  JSR= -10.0 dB r=1 jammed=0.000 BER=0.0747 (2 s)
2026-09-28 22:57:46 | src.experiments.frequency_agility | INFO   | [frequency_agility lstm] fh_on follower      partial_band  JSR=  -6.0 dB r=1 jammed=0.000 BER=0.0747 (2 s)
2026-09-28 22:57:48 | src.experiments.frequency_agility | INFO   | [frequency_agility lstm] fh_on follower      partial_band  JSR=  -2.0 dB r=1 jammed=0.000 BER=0.0747 (2 s)
2026-09-28 22:57:50 | src.experiments.frequency_agility | INFO   | [frequency_agility lstm] fh_on follower      partial_band  JSR=   2.0 dB r=1 jammed=0.000 BER=0.0747 (2 s)
2026-09-28 22:57:52 | src.experiments.frequency_agility | INFO   | [frequency_agility lstm] fh_on follower      partial_band  JSR=   6.0 dB r=1 jammed=0.000 BER=0.0747 (2 s)
2026-09-28 22:57:53 | src.experiments.frequency_agility | INFO   | [frequency_agility lstm] fh_on follower      partial_band  JSR=  10.0 dB r=1 jammed=0.000 BER=0.0747 (2 s)
2026-09-28 22:57:58 | src.experiments.frequency_agility | INFO   | [frequency_agility lstm] fh_on follower      cw            JSR= -10.0 dB r=2 jammed=0.000 BER=0.0754 (2 s)
2026-09-28 22:58:01 | src.experiments.frequency_agility | INFO   | [frequency_agility lstm] fh_on follower      cw            JSR=  -6.0 dB r=2 jammed=0.000 BER=0.0754 (2 s)
2026-09-28 22:58:03 | src.experiments.frequency_agility | INFO   | [frequency_agility lstm] fh_on follower      cw            JSR=  -2.0 dB r=2 jammed=0.000 BER=0.0754 (2 s)
2026-09-28 22:58:04 | src.experiments.frequency_agility | INFO   | [frequency_agility lstm] fh_on follower      cw            JSR=   2.0 dB r=2 jammed=0.000 BER=0.0754 (2 s)
2026-09-28 22:58:06 | src.experiments.frequency_agility | INFO   | [frequency_agility lstm] fh_on follower      cw            JSR=   6.0 dB r=2 jammed=0.000 BER=0.0754 (2 s)
2026-09-28 22:58:08 | src.experiments.frequency_agility | INFO   | [frequency_agility lstm] fh_on follower      cw            JSR=  10.0 dB r=2 jammed=0.000 BER=0.0754 (2 s)
2026-09-28 22:58:09 | src.experiments.frequency_agility | INFO   | [frequency_agility lstm] fh_on follower      partial_band  JSR= -10.0 dB r=2 jammed=0.000 BER=0.0754 (2 s)
2026-09-28 22:58:11 | src.experiments.frequency_agility | INFO   | [frequency_agility lstm] fh_on follower      partial_band  JSR=  -6.0 dB r=2 jammed=0.000 BER=0.0754 (2 s)
2026-09-28 22:58:13 | src.experiments.frequency_agility | INFO   | [frequency_agility lstm] fh_on follower      partial_band  JSR=  -2.0 dB r=2 jammed=0.000 BER=0.0754 (2 s)
2026-09-28 22:58:15 | src.experiments.frequency_agility | INFO   | [frequency_agility lstm] fh_on follower      partial_band  JSR=   2.0 dB r=2 jammed=0.000 BER=0.0754 (2 s)
2026-09-28 22:58:17 | src.experiments.frequency_agility | INFO   | [frequency_agility lstm] fh_on follower      partial_band  JSR=   6.0 dB r=2 jammed=0.000 BER=0.0754 (2 s)
2026-09-28 22:58:18 | src.experiments.frequency_agility | INFO   | [frequency_agility lstm] fh_on follower      partial_band  JSR=  10.0 dB r=2 jammed=0.000 BER=0.0754 (2 s)
2026-09-28 22:58:23 | src.experiments.frequency_agility | INFO   | [frequency_agility lstm] fh_on follower      cw            JSR= -10.0 dB r=3 jammed=0.000 BER=0.0755 (2 s)
2026-09-28 22:58:25 | src.experiments.frequency_agility | INFO   | [frequency_agility lstm] fh_on follower      cw            JSR=  -6.0 dB r=3 jammed=0.000 BER=0.0755 (2 s)
2026-09-28 22:58:27 | src.experiments.frequency_agility | INFO   | [frequency_agility lstm] fh_on follower      cw            JSR=  -2.0 dB r=3 jammed=0.000 BER=0.0755 (2 s)
2026-09-28 22:58:29 | src.experiments.frequency_agility | INFO   | [frequency_agility lstm] fh_on follower      cw            JSR=   2.0 dB r=3 jammed=0.000 BER=0.0755 (2 s)
2026-09-28 22:58:31 | src.experiments.frequency_agility | INFO   | [frequency_agility lstm] fh_on follower      cw            JSR=   6.0 dB r=3 jammed=0.000 BER=0.0755 (2 s)
2026-09-28 22:58:32 | src.experiments.frequency_agility | INFO   | [frequency_agility lstm] fh_on follower      cw            JSR=  10.0 dB r=3 jammed=0.000 BER=0.0755 (2 s)
2026-09-28 22:58:34 | src.experiments.frequency_agility | INFO   | [frequency_agility lstm] fh_on follower      partial_band  JSR= -10.0 dB r=3 jammed=0.000 BER=0.0755 (2 s)
2026-09-28 22:58:36 | src.experiments.frequency_agility | INFO   | [frequency_agility lstm] fh_on follower      partial_band  JSR=  -6.0 dB r=3 jammed=0.000 BER=0.0755 (2 s)
2026-09-28 22:58:37 | src.experiments.frequency_agility | INFO   | [frequency_agility lstm] fh_on follower      partial_band  JSR=  -2.0 dB r=3 jammed=0.000 BER=0.0755 (2 s)
2026-09-28 22:58:39 | src.experiments.frequency_agility | INFO   | [frequency_agility lstm] fh_on follower      partial_band  JSR=   2.0 dB r=3 jammed=0.000 BER=0.0755 (2 s)
2026-09-28 22:58:41 | src.experiments.frequency_agility | INFO   | [frequency_agility lstm] fh_on follower      partial_band  JSR=   6.0 dB r=3 jammed=0.000 BER=0.0755 (2 s)
2026-09-28 22:58:43 | src.experiments.frequency_agility | INFO   | [frequency_agility lstm] fh_on follower      partial_band  JSR=  10.0 dB r=3 jammed=0.000 BER=0.0755 (2 s)
2026-09-28 22:58:48 | src.experiments.frequency_agility | INFO   | [frequency_agility lstm] fh_on follower      cw            JSR= -10.0 dB r=4 jammed=0.000 BER=0.0761 (2 s)
2026-09-28 22:58:50 | src.experiments.frequency_agility | INFO   | [frequency_agility lstm] fh_on follower      cw            JSR=  -6.0 dB r=4 jammed=0.000 BER=0.0761 (2 s)
2026-09-28 22:58:51 | src.experiments.frequency_agility | INFO   | [frequency_agility lstm] fh_on follower      cw            JSR=  -2.0 dB r=4 jammed=0.000 BER=0.0761 (2 s)
2026-09-28 22:58:53 | src.experiments.frequency_agility | INFO   | [frequency_agility lstm] fh_on follower      cw            JSR=   2.0 dB r=4 jammed=0.000 BER=0.0761 (2 s)
2026-09-28 22:58:55 | src.experiments.frequency_agility | INFO   | [frequency_agility lstm] fh_on follower      cw            JSR=   6.0 dB r=4 jammed=0.000 BER=0.0761 (2 s)
2026-09-28 22:58:57 | src.experiments.frequency_agility | INFO   | [frequency_agility lstm] fh_on follower      cw            JSR=  10.0 dB r=4 jammed=0.000 BER=0.0761 (2 s)
2026-09-28 22:58:59 | src.experiments.frequency_agility | INFO   | [frequency_agility lstm] fh_on follower      partial_band  JSR= -10.0 dB r=4 jammed=0.000 BER=0.0761 (2 s)
2026-09-28 22:59:01 | src.experiments.frequency_agility | INFO   | [frequency_agility lstm] fh_on follower      partial_band  JSR=  -6.0 dB r=4 jammed=0.000 BER=0.0761 (2 s)
2026-09-28 22:59:02 | src.experiments.frequency_agility | INFO   | [frequency_agility lstm] fh_on follower      partial_band  JSR=  -2.0 dB r=4 jammed=0.000 BER=0.0761 (2 s)
2026-09-28 22:59:04 | src.experiments.frequency_agility | INFO   | [frequency_agility lstm] fh_on follower      partial_band  JSR=   2.0 dB r=4 jammed=0.000 BER=0.0761 (2 s)
2026-09-28 22:59:05 | src.experiments.frequency_agility | INFO   | [frequency_agility lstm] fh_on follower      partial_band  JSR=   6.0 dB r=4 jammed=0.000 BER=0.0761 (2 s)
2026-09-28 22:59:08 | src.experiments.frequency_agility | INFO   | [frequency_agility lstm] fh_on follower      partial_band  JSR=  10.0 dB r=4 jammed=0.000 BER=0.0761 (2 s)
2026-09-28 22:59:08 | src.experiments.frequency_agility | INFO   | [frequency_agility lstm] BER-vs-JSR summary saved to /content/drive/MyDrive/DHUC_RUN/lstm/full/frequency_agility/lstm/frequency_agility_vs_jsr.csv
2026-09-28 22:59:25 | src.experiments.frequency_agility | INFO   | [frequency_agility lstm] dwell=1 (100000 Hz) sweep         JSR=6.0 dB jammed=0.125 BER=0.1223 [0.1145, 0.1301]
2026-09-28 22:59:41 | src.experiments.frequency_agility | INFO   | [frequency_agility lstm] dwell=1 (100000 Hz) follower      JSR=6.0 dB jammed=0.000 BER=0.0749 [0.0737, 0.0760]
2026-09-28 22:59:58 | src.experiments.frequency_agility | INFO   | [frequency_agility lstm] dwell=2 (50000 Hz) sweep         JSR=6.0 dB jammed=0.126 BER=0.1238 [0.1150, 0.1325]
2026-09-28 23:00:14 | src.experiments.frequency_agility | INFO   | [frequency_agility lstm] dwell=2 (50000 Hz) follower      JSR=6.0 dB jammed=0.000 BER=0.0719 [0.0698, 0.0740]
2026-09-28 23:00:32 | src.experiments.frequency_agility | INFO   | [frequency_agility lstm] dwell=4 (25000 Hz) sweep         JSR=6.0 dB jammed=0.127 BER=0.1242 [0.1159, 0.1326]
2026-09-28 23:00:48 | src.experiments.frequency_agility | INFO   | [frequency_agility lstm] dwell=4 (25000 Hz) follower      JSR=6.0 dB jammed=0.500 BER=0.2708 [0.2420, 0.2996]
2026-09-28 23:01:05 | src.experiments.frequency_agility | INFO   | [frequency_agility lstm] dwell=8 (12500 Hz) sweep         JSR=6.0 dB jammed=0.126 BER=0.1264 [0.1195, 0.1332]
2026-09-28 23:01:21 | src.experiments.frequency_agility | INFO   | [frequency_agility lstm] dwell=8 (12500 Hz) follower      JSR=6.0 dB jammed=0.750 BER=0.3714 [0.3281, 0.4148]
2026-09-28 23:01:38 | src.experiments.frequency_agility | INFO   | [frequency_agility lstm] dwell=16 (6250 Hz) sweep         JSR=6.0 dB jammed=0.129 BER=0.1271 [0.1187, 0.1354]
2026-09-28 23:01:56 | src.experiments.frequency_agility | INFO   | [frequency_agility lstm] dwell=16 (6250 Hz) follower      JSR=6.0 dB jammed=0.875 BER=0.4213 [0.3705, 0.4721]
2026-09-28 23:01:56 | src.experiments.frequency_agility | INFO   | [frequency_agility lstm] BER-vs-hop-rate summary saved to /content/drive/MyDrive/DHUC_RUN/lstm/full/frequency_agility/lstm/frequency_agility_vs_dwell.csv
2026-09-28 23:03:20 | src.experiments.frequency_agility | INFO   | [frequency_agility lstm] BER-vs-reaction-latency summary saved to /content/drive/MyDrive/DHUC_RUN/lstm/full/frequency_agility/lstm/frequency_agility_vs_reaction.csv
2026-09-28 23:03:21 | __main__                       | INFO   | RSS [frequency_agility lstm] = 1.50 GB
2026-09-28 23:03:21 | __main__                       | INFO   | frequency_agility experiment completed. Output in /content/drive/MyDrive/DHUC_RUN/lstm/full/frequency_agility
2026-09-28 23:03:21 | __main__                       | INFO   | checkpoint provenance saved: /content/drive/MyDrive/DHUC_RUN/lstm/full/frequency_agility/logs/checkpoint_provenance.json
2026-09-28 23:03:21 | __main__                       | INFO   | Experiment frequency_agility completed successfully.
2026-09-28 23:03:21 | __main__                       | INFO   | ================================================================================
2026-09-28 23:03:21 | __main__                       | INFO   | SUMMARY
2026-09-28 23:03:21 | __main__                       | INFO   | ================================================================================
2026-09-28 23:03:21 | __main__                       | INFO   | frequency_agility: OK
2026-09-28 23:03:21 | __main__                       | INFO   | All requested experiments finished. Output in: /content/drive/MyDrive/DHUC_RUN/lstm
2026-09-28 23:03:26 | root                           | INFO   | Logging configured: file=/content/drive/MyDrive/DHUC_RUN/lstm/full/logs/runner.log level=INFO
2026-09-28 23:03:26 | __main__                       | INFO   | Mode: full
2026-09-28 23:03:26 | __main__                       | INFO   | Run root: /content/drive/MyDrive/DHUC_RUN/lstm/full
2026-09-28 23:03:26 | __main__                       | INFO   | Models: lstm
2026-09-28 23:03:26 | __main__                       | INFO   | No dataset regeneration: False
2026-09-28 23:03:26 | __main__                       | INFO   | ================================================================================
2026-09-28 23:03:26 | __main__                       | INFO   | EXPERIMENT channel_generalization
2026-09-28 23:03:26 | __main__                       | INFO   | ================================================================================
2026-09-28 23:03:26 | __main__                       | INFO   | experiment_name = channel_generalization_full
2026-09-28 23:03:26 | __main__                       | INFO   | seed = 42
2026-09-28 23:03:26 | __main__                       | INFO   | lambda_mse = 2
2026-09-28 23:03:26 | __main__                       | INFO   | sequence_length = 100
2026-09-28 23:03:26 | __main__                       | INFO   | map_type = logistic / map_param = 3.9
2026-09-28 23:03:26 | __main__                       | INFO   | backbone_type = lstm
2026-09-28 23:03:26 | __main__                       | INFO   | epochs = 5
2026-09-28 23:03:27 | src.utils.config_loader        | INFO   | config snapshot saved: /content/drive/MyDrive/DHUC_RUN/lstm/full/channel_generalization/logs/config_used.yaml
2026-09-28 23:03:27 | __main__                       | INFO   | ============================================================
2026-09-28 23:03:27 | __main__                       | INFO   | channel_generalization experiment (models=['lstm'])
2026-09-28 23:03:27 | __main__                       | INFO   | ============================================================
2026-09-28 23:03:27 | __main__                       | INFO   | channel_generalization lstm: model loaded from /content/drive/MyDrive/DHUC_RUN/lstm/full/ber_vs_snr/k3_doppler_full/lstm/best_model.keras
2026-09-28 23:07:47 | src.experiments.channel_generalization | INFO   | [channel_generalization lstm] nominal            pooled_ber=0.000407 [0.000377, 0.000439] min_snr@target=n/a
2026-09-28 23:11:49 | src.experiments.channel_generalization | INFO   | [channel_generalization lstm] b_tdl_d            pooled_ber=0.075783 [0.075238, 0.076332] min_snr@target=n/a
2026-09-28 23:15:50 | src.experiments.channel_generalization | INFO   | [channel_generalization lstm] b_tdl_d_light      pooled_ber=0.011078 [0.010864, 0.011296] min_snr@target=n/a
2026-09-28 23:19:58 | src.experiments.channel_generalization | INFO   | [channel_generalization lstm] b_tdl_a            pooled_ber=0.128136 [0.127447, 0.128828] min_snr@target=n/a
2026-09-28 23:22:46 | src.experiments.channel_generalization | INFO   | [channel_generalization lstm] c_two_ray_jakes    pooled_ber=0.023892 [0.023579, 0.024210] min_snr@target=n/a
2026-09-28 23:22:47 | __main__                       | INFO   | RSS [channel_generalization lstm] = 1.38 GB
2026-09-28 23:22:47 | __main__                       | INFO   | channel_generalization experiment completed. Output in /content/drive/MyDrive/DHUC_RUN/lstm/full/channel_generalization
2026-09-28 23:22:47 | __main__                       | INFO   | checkpoint provenance saved: /content/drive/MyDrive/DHUC_RUN/lstm/full/channel_generalization/logs/checkpoint_provenance.json
2026-09-28 23:22:47 | __main__                       | INFO   | Experiment channel_generalization completed successfully.
2026-09-28 23:22:47 | __main__                       | INFO   | ================================================================================
2026-09-28 23:22:47 | __main__                       | INFO   | SUMMARY
2026-09-28 23:22:47 | __main__                       | INFO   | ================================================================================
2026-09-28 23:22:47 | __main__                       | INFO   | channel_generalization: OK
2026-09-28 23:22:47 | __main__                       | INFO   | All requested experiments finished. Output in: /content/drive/MyDrive/DHUC_RUN/lstm
