2026-09-28 19:13:55 | root                           | INFO   | Logging configured: file=/content/drive/MyDrive/DHUC_RUN/mc_dlsk/full/logs/runner.log level=INFO
2026-09-28 19:13:55 | __main__                       | INFO   | Mode: full
2026-09-28 19:13:55 | __main__                       | INFO   | Run root: /content/drive/MyDrive/DHUC_RUN/mc_dlsk/full
2026-09-28 19:13:55 | __main__                       | INFO   | Models: mc_dlsk
2026-09-28 19:13:55 | __main__                       | INFO   | No dataset regeneration: False
2026-09-28 19:13:55 | __main__                       | INFO   | ================================================================================
2026-09-28 19:13:55 | __main__                       | INFO   | EXPERIMENT ber_vs_snr
2026-09-28 19:13:55 | __main__                       | INFO   | ================================================================================
2026-09-28 19:13:55 | __main__                       | INFO   | ber_vs_snr: scenarios limited to ['k1_doppler_full', 'k3_doppler_full', 'k3_doppler_limited', 'iod_peers']
2026-09-28 19:13:55 | __main__                       | INFO   | experiment_name = ber_vs_snr_full
2026-09-28 19:13:55 | __main__                       | INFO   | seed = 42
2026-09-28 19:13:55 | __main__                       | INFO   | lambda_mse = 2
2026-09-28 19:13:55 | __main__                       | INFO   | sequence_length = 100
2026-09-28 19:13:55 | __main__                       | INFO   | map_type = logistic / map_param = 3.9
2026-09-28 19:13:55 | __main__                       | INFO   | backbone_type = mc_dlsk
2026-09-28 19:13:55 | __main__                       | INFO   | epochs = 30
2026-09-28 19:13:55 | src.utils.config_loader        | INFO   | config snapshot saved: /content/drive/MyDrive/DHUC_RUN/mc_dlsk/full/ber_vs_snr/logs/config_used.yaml
2026-09-28 19:13:55 | __main__                       | INFO   | ============================================================
2026-09-28 19:13:55 | __main__                       | INFO   | ber_vs_snr experiment: BER vs SNR (5 architectures, 3 scenarios)
2026-09-28 19:13:55 | __main__                       | INFO   | ============================================================
2026-09-28 19:13:55 | __main__                       | INFO   | ber_vs_snr: --model=mc_dlsk filters architectures to: ['mc_dlsk']
2026-09-28 19:13:55 | __main__                       | INFO   | --- Scenario: k1_doppler_full ---
2026-09-28 19:13:55 | src.experiments.pipeline       | INFO   | Dataset not found in data/raw/555e38fc, generating...
2026-09-28 19:13:56 | src.data.dataset_generator     | INFO   | saved data/raw/555e38fc/train_snr-5_echo1.npz: 7500 symbols, x shape=(7500, 100), tau in [1, 33], f_d in [5.123e-10, 8.000e-05]
2026-09-28 19:13:56 | src.data.dataset_generator     | INFO   | saved data/raw/555e38fc/train_snr-3_echo1.npz: 7500 symbols, x shape=(7500, 100), tau in [1, 33], f_d in [1.469e-08, 7.997e-05]
2026-09-28 19:13:56 | src.data.dataset_generator     | INFO   | saved data/raw/555e38fc/train_snr-1_echo1.npz: 7500 symbols, x shape=(7500, 100), tau in [1, 33], f_d in [2.723e-08, 7.999e-05]
2026-09-28 19:13:57 | src.data.dataset_generator     | INFO   | saved data/raw/555e38fc/train_snr1_echo1.npz: 7500 symbols, x shape=(7500, 100), tau in [1, 33], f_d in [3.223e-08, 7.998e-05]
2026-09-28 19:13:57 | src.data.dataset_generator     | INFO   | saved data/raw/555e38fc/train_snr3_echo1.npz: 7500 symbols, x shape=(7500, 100), tau in [1, 33], f_d in [2.007e-08, 7.999e-05]
2026-09-28 19:13:57 | src.data.dataset_generator     | INFO   | saved data/raw/555e38fc/train_snr5_echo1.npz: 7500 symbols, x shape=(7500, 100), tau in [1, 33], f_d in [1.977e-08, 7.999e-05]
2026-09-28 19:13:58 | src.data.dataset_generator     | INFO   | saved data/raw/555e38fc/train_snr7_echo1.npz: 7500 symbols, x shape=(7500, 100), tau in [1, 33], f_d in [1.223e-09, 7.998e-05]
2026-09-28 19:13:58 | src.data.dataset_generator     | INFO   | saved data/raw/555e38fc/train_snr9_echo1.npz: 7500 symbols, x shape=(7500, 100), tau in [1, 33], f_d in [9.979e-10, 7.999e-05]
2026-09-28 19:13:59 | src.data.dataset_generator     | INFO   | saved data/raw/555e38fc/train_snr11_echo1.npz: 7500 symbols, x shape=(7500, 100), tau in [1, 33], f_d in [1.370e-08, 8.000e-05]
2026-09-28 19:13:59 | src.data.dataset_generator     | INFO   | saved data/raw/555e38fc/train_snr13_echo1.npz: 7500 symbols, x shape=(7500, 100), tau in [1, 33], f_d in [2.273e-09, 8.000e-05]
2026-09-28 19:13:59 | src.data.dataset_generator     | INFO   | saved data/raw/555e38fc/train_snr15_echo1.npz: 7500 symbols, x shape=(7500, 100), tau in [1, 33], f_d in [5.939e-09, 7.997e-05]
2026-09-28 19:14:00 | src.data.dataset_generator     | INFO   | saved data/raw/555e38fc/train_snr17_echo1.npz: 7500 symbols, x shape=(7500, 100), tau in [1, 33], f_d in [1.867e-08, 7.999e-05]
2026-09-28 19:14:00 | src.data.dataset_generator     | INFO   | saved data/raw/555e38fc/train_snr19_echo1.npz: 7500 symbols, x shape=(7500, 100), tau in [1, 33], f_d in [3.120e-10, 8.000e-05]
2026-09-28 19:14:01 | src.data.dataset_generator     | INFO   | saved data/raw/555e38fc/train_snr21_echo1.npz: 7500 symbols, x shape=(7500, 100), tau in [1, 33], f_d in [6.065e-09, 7.997e-05]
2026-09-28 19:14:01 | src.data.dataset_generator     | INFO   | split 'train': 14 files generated, 7500 symbols per combination (combos=14)
2026-09-28 19:14:01 | src.data.dataset_generator     | INFO   | saved data/raw/555e38fc/val_snr-5_echo1.npz: 5000 symbols, x shape=(5000, 100), tau in [1, 33], f_d in [2.454e-08, 7.999e-05]
2026-09-28 19:14:01 | src.data.dataset_generator     | INFO   | saved data/raw/555e38fc/val_snr-3_echo1.npz: 5000 symbols, x shape=(5000, 100), tau in [1, 33], f_d in [2.144e-08, 7.999e-05]
2026-09-28 19:14:01 | src.data.dataset_generator     | INFO   | saved data/raw/555e38fc/val_snr-1_echo1.npz: 5000 symbols, x shape=(5000, 100), tau in [1, 33], f_d in [2.573e-10, 8.000e-05]
2026-09-28 19:14:02 | src.data.dataset_generator     | INFO   | saved data/raw/555e38fc/val_snr1_echo1.npz: 5000 symbols, x shape=(5000, 100), tau in [1, 33], f_d in [2.121e-08, 7.998e-05]
2026-09-28 19:14:02 | src.data.dataset_generator     | INFO   | saved data/raw/555e38fc/val_snr3_echo1.npz: 5000 symbols, x shape=(5000, 100), tau in [1, 33], f_d in [2.391e-08, 7.994e-05]
2026-09-28 19:14:02 | src.data.dataset_generator     | INFO   | saved data/raw/555e38fc/val_snr5_echo1.npz: 5000 symbols, x shape=(5000, 100), tau in [1, 33], f_d in [4.377e-09, 8.000e-05]
2026-09-28 19:14:02 | src.data.dataset_generator     | INFO   | saved data/raw/555e38fc/val_snr7_echo1.npz: 5000 symbols, x shape=(5000, 100), tau in [1, 33], f_d in [4.595e-10, 7.997e-05]
2026-09-28 19:14:03 | src.data.dataset_generator     | INFO   | saved data/raw/555e38fc/val_snr9_echo1.npz: 5000 symbols, x shape=(5000, 100), tau in [1, 33], f_d in [8.012e-09, 7.998e-05]
2026-09-28 19:14:03 | src.data.dataset_generator     | INFO   | saved data/raw/555e38fc/val_snr11_echo1.npz: 5000 symbols, x shape=(5000, 100), tau in [1, 33], f_d in [3.124e-09, 8.000e-05]
2026-09-28 19:14:04 | src.data.dataset_generator     | INFO   | saved data/raw/555e38fc/val_snr13_echo1.npz: 5000 symbols, x shape=(5000, 100), tau in [1, 33], f_d in [7.868e-09, 7.998e-05]
2026-09-28 19:14:04 | src.data.dataset_generator     | INFO   | saved data/raw/555e38fc/val_snr15_echo1.npz: 5000 symbols, x shape=(5000, 100), tau in [1, 33], f_d in [1.013e-08, 7.999e-05]
2026-09-28 19:14:04 | src.data.dataset_generator     | INFO   | saved data/raw/555e38fc/val_snr17_echo1.npz: 5000 symbols, x shape=(5000, 100), tau in [1, 33], f_d in [1.550e-09, 7.999e-05]
2026-09-28 19:14:05 | src.data.dataset_generator     | INFO   | saved data/raw/555e38fc/val_snr19_echo1.npz: 5000 symbols, x shape=(5000, 100), tau in [1, 33], f_d in [2.254e-08, 7.998e-05]
2026-09-28 19:14:05 | src.data.dataset_generator     | INFO   | saved data/raw/555e38fc/val_snr21_echo1.npz: 5000 symbols, x shape=(5000, 100), tau in [1, 33], f_d in [1.250e-08, 7.997e-05]
2026-09-28 19:14:05 | src.data.dataset_generator     | INFO   | split 'val': 14 files generated, 5000 symbols per combination (combos=14)
2026-09-28 19:14:07 | src.data.dataset_generator     | INFO   | saved data/raw/555e38fc/test_snr-5_echo1.npz: 20000 symbols, x shape=(20000, 100), tau in [1, 33], f_d in [5.907e-09, 7.999e-05]
2026-09-28 19:14:08 | src.data.dataset_generator     | INFO   | saved data/raw/555e38fc/test_snr-3_echo1.npz: 20000 symbols, x shape=(20000, 100), tau in [1, 33], f_d in [7.431e-10, 7.999e-05]
2026-09-28 19:14:09 | src.data.dataset_generator     | INFO   | saved data/raw/555e38fc/test_snr-1_echo1.npz: 20000 symbols, x shape=(20000, 100), tau in [1, 33], f_d in [3.074e-09, 8.000e-05]
2026-09-28 19:14:10 | src.data.dataset_generator     | INFO   | saved data/raw/555e38fc/test_snr1_echo1.npz: 20000 symbols, x shape=(20000, 100), tau in [1, 33], f_d in [4.446e-09, 7.999e-05]
2026-09-28 19:14:11 | src.data.dataset_generator     | INFO   | saved data/raw/555e38fc/test_snr3_echo1.npz: 20000 symbols, x shape=(20000, 100), tau in [1, 33], f_d in [6.471e-09, 7.999e-05]
2026-09-28 19:14:12 | src.data.dataset_generator     | INFO   | saved data/raw/555e38fc/test_snr5_echo1.npz: 20000 symbols, x shape=(20000, 100), tau in [1, 33], f_d in [2.703e-09, 8.000e-05]
2026-09-28 19:14:13 | src.data.dataset_generator     | INFO   | saved data/raw/555e38fc/test_snr7_echo1.npz: 20000 symbols, x shape=(20000, 100), tau in [1, 33], f_d in [8.244e-09, 7.997e-05]
2026-09-28 19:14:15 | src.data.dataset_generator     | INFO   | saved data/raw/555e38fc/test_snr9_echo1.npz: 20000 symbols, x shape=(20000, 100), tau in [1, 33], f_d in [3.030e-08, 8.000e-05]
2026-09-28 19:14:16 | src.data.dataset_generator     | INFO   | saved data/raw/555e38fc/test_snr11_echo1.npz: 20000 symbols, x shape=(20000, 100), tau in [1, 33], f_d in [4.338e-09, 7.999e-05]
2026-09-28 19:14:16 | src.data.dataset_generator     | INFO   | saved data/raw/555e38fc/test_snr13_echo1.npz: 20000 symbols, x shape=(20000, 100), tau in [1, 33], f_d in [6.262e-10, 8.000e-05]
2026-09-28 19:14:18 | src.data.dataset_generator     | INFO   | saved data/raw/555e38fc/test_snr15_echo1.npz: 20000 symbols, x shape=(20000, 100), tau in [1, 33], f_d in [8.955e-10, 7.999e-05]
2026-09-28 19:14:20 | src.data.dataset_generator     | INFO   | saved data/raw/555e38fc/test_snr17_echo1.npz: 20000 symbols, x shape=(20000, 100), tau in [1, 33], f_d in [7.527e-10, 8.000e-05]
2026-09-28 19:14:21 | src.data.dataset_generator     | INFO   | saved data/raw/555e38fc/test_snr19_echo1.npz: 20000 symbols, x shape=(20000, 100), tau in [1, 33], f_d in [8.022e-09, 8.000e-05]
2026-09-28 19:14:22 | src.data.dataset_generator     | INFO   | saved data/raw/555e38fc/test_snr21_echo1.npz: 20000 symbols, x shape=(20000, 100), tau in [1, 33], f_d in [3.473e-10, 7.999e-05]
2026-09-28 19:14:22 | src.data.dataset_generator     | INFO   | split 'test': 14 files generated, 20000 symbols per combination (combos=14)
2026-09-28 19:14:23 | src.data.data_loader           | INFO   | split 'train': 105000 total samples, x shape=(105000, 100), tau in [1.00, 33.00], f_d in [3.120e-10, 8.000e-05]
2026-09-28 19:14:23 | src.data.data_loader           | INFO   | balancing verified: 7500 samples for each of the 14 (SNR, K) combinations
2026-09-28 19:14:39 | src.experiments.pipeline       | INFO   | Split 'train': 105000 samples
2026-09-28 19:14:39 | src.data.data_loader           | INFO   | split 'val': 70000 total samples, x shape=(70000, 100), tau in [1.00, 33.00], f_d in [2.573e-10, 8.000e-05]
2026-09-28 19:14:39 | src.data.data_loader           | INFO   | balancing verified: 5000 samples for each of the 14 (SNR, K) combinations
2026-09-28 19:14:50 | src.experiments.pipeline       | INFO   | Split 'val': 70000 samples
2026-09-28 19:14:53 | src.data.data_loader           | INFO   | dataset built: n=105000, batch_size=128, feature_mode=iq, shuffle=True, seed=42
2026-09-28 19:14:54 | src.data.data_loader           | INFO   | dataset built: n=70000, batch_size=128, feature_mode=iq, shuffle=False, seed=42
2026-09-28 19:14:54 | __main__                       | INFO   | Architecture: mc_dlsk
2026-09-28 19:14:54 | src.experiments.pipeline       | INFO   | build_model 'mc_dlsk': model seed applied = 24 (from model.seeds.mc_dlsk, dataset seed stays 42)
2026-09-28 19:14:55 | src.models.baselines           | WARNING | baselines.mc_dlsk: 2*units[-1]=100 != v contract in R^64: adding Dense(64) projection before the shared heads
2026-09-28 19:14:55 | src.models.heads               | INFO   | communication_head built: input_dim=64, units=128, M=2, params=8578
2026-09-28 19:14:55 | src.models.heads               | INFO   | sensing_head built: input_dim=264, units=32, output_units=2, params=8546
2026-09-28 19:14:57 | src.models.baselines           | INFO   | model 'mc_dlsk_baseline' built: backbone=27664 params, comm=8578 params, sensing=8546 params, TOTAL=44788 params
2026-09-28 19:14:57 | src.models.baselines           | INFO   | baseline 'mc_dlsk' built: input=(None, 100, 3), output=['comm', 'sensing'], params=44788
2026-09-28 19:14:57 | src.experiments.pipeline       | INFO   | Model 'mc_dlsk_baseline' built: 44788 trainable parameters.
2026-09-28 19:14:57 | src.experiments.pipeline       | INFO   | Training for 30 epochs, lambda_mse=2.0000
2026-09-28 19:14:57 | src.training.trainer           | INFO   | Sensing component weights: delay=1.000, f_doppler=1.000
2026-09-28 19:14:57 | src.training.trainer           | INFO   | Trainer initialized: lambda_mse = 2.0
2026-09-28 19:14:58 | src.training.trainer           | INFO   | Model compiled: loss_weights = {'comm': 1.0, 'sensing': 2}, lr=0.001000, optimizer=adam, label_smoothing=0.1, lr_schedule=cosine, sensing_range_penalty=1.0, sensing_component_weights=[1.0, 1.0]
2026-09-28 19:14:59 | src.training.trainer           | INFO   | Callbacks configured: 5
2026-09-28 19:14:59 | src.training.trainer           | INFO   | Starting training: epochs=30, batch_size=128
2026-09-28 19:27:10 | src.training.trainer           | INFO   | History saved to /content/drive/MyDrive/DHUC_RUN/mc_dlsk/full/ber_vs_snr/k1_doppler_full/mc_dlsk/logs/history.csv
2026-09-28 19:27:10 | src.training.trainer           | INFO   | Metadata saved to /content/drive/MyDrive/DHUC_RUN/mc_dlsk/full/ber_vs_snr/k1_doppler_full/mc_dlsk/logs/run_metadata.json
2026-09-28 19:27:10 | src.training.trainer           | INFO   | Training completed in 30 epochs. Best val_loss = 0.334162, best loss = 0.327906
2026-09-28 19:27:12 | src.training.trainer           | INFO   | Best weights reloaded from /content/drive/MyDrive/DHUC_RUN/mc_dlsk/full/ber_vs_snr/k1_doppler_full/mc_dlsk/logs/best_weights.weights.h5 before evaluation/saving
2026-09-28 19:27:12 | src.evaluation.evaluator       | INFO   | ONLINE evaluation over 14 SNR points (batch=100000, max_symbols=2000000, floor BER=2.5e-07)
2026-09-28 19:27:28 | src.evaluation.evaluator       | WARNING | SNR=-5.0 dB: 42/200000 sensing elements outside [0,1] (min=-0.3767, max=1.0947) -> clamped
2026-09-28 19:27:44 | src.evaluation.evaluator       | WARNING | SNR=-3.0 dB: 32/200000 sensing elements outside [0,1] (min=-0.1777, max=1.1355) -> clamped
2026-09-28 19:27:59 | src.evaluation.evaluator       | WARNING | SNR=-1.0 dB: 63/200000 sensing elements outside [0,1] (min=-0.0961, max=1.1283) -> clamped
2026-09-28 19:28:15 | src.evaluation.evaluator       | WARNING | SNR=1.0 dB: 114/200000 sensing elements outside [0,1] (min=-0.1303, max=1.1133) -> clamped
2026-09-28 19:28:46 | src.evaluation.evaluator       | WARNING | SNR=3.0 dB: 388/400000 sensing elements outside [0,1] (min=-0.1512, max=1.1437) -> clamped
2026-09-28 19:29:16 | src.evaluation.evaluator       | WARNING | SNR=5.0 dB: 761/400000 sensing elements outside [0,1] (min=-0.1738, max=1.1629) -> clamped
2026-09-28 19:30:04 | src.evaluation.evaluator       | WARNING | SNR=7.0 dB: 1997/600000 sensing elements outside [0,1] (min=-0.1589, max=1.1910) -> clamped
2026-09-28 19:31:06 | src.evaluation.evaluator       | WARNING | SNR=9.0 dB: 4103/800000 sensing elements outside [0,1] (min=-0.1292, max=1.1543) -> clamped
2026-09-28 19:32:25 | src.evaluation.evaluator       | WARNING | SNR=11.0 dB: 7292/1000000 sensing elements outside [0,1] (min=-0.1845, max=1.2183) -> clamped
2026-09-28 19:33:27 | src.evaluation.evaluator       | WARNING | SNR=13.0 dB: 7572/800000 sensing elements outside [0,1] (min=-0.1351, max=1.1876) -> clamped
2026-09-28 19:34:45 | src.evaluation.evaluator       | WARNING | SNR=15.0 dB: 11685/1000000 sensing elements outside [0,1] (min=-0.1496, max=1.2057) -> clamped
2026-09-28 19:36:03 | src.evaluation.evaluator       | WARNING | SNR=17.0 dB: 13765/1000000 sensing elements outside [0,1] (min=-0.1426, max=1.1602) -> clamped
2026-09-28 19:37:23 | src.evaluation.evaluator       | WARNING | SNR=19.0 dB: 15304/1000000 sensing elements outside [0,1] (min=-0.1794, max=1.1890) -> clamped
2026-09-28 19:38:56 | src.evaluation.evaluator       | WARNING | SNR=21.0 dB: 20122/1200000 sensing elements outside [0,1] (min=-0.1457, max=1.1520) -> clamped
2026-09-28 19:38:56 | src.evaluation.evaluator       | INFO   | Online evaluation completed for 14 SNR points
2026-09-28 19:38:56 | src.experiments.pipeline       | INFO   | Metrics saved to /content/drive/MyDrive/DHUC_RUN/mc_dlsk/full/ber_vs_snr/k1_doppler_full/mc_dlsk/metrics.csv
2026-09-28 19:38:57 | src.evaluation.evaluator       | INFO   | BER plot saved to /content/drive/MyDrive/DHUC_RUN/mc_dlsk/full/ber_vs_snr/k1_doppler_full/mc_dlsk/plots/ber_vs_snr_mc_dlsk_baseline.pdf
2026-09-28 19:38:57 | src.experiments.pipeline       | INFO   | BER vs SNR plot saved to /content/drive/MyDrive/DHUC_RUN/mc_dlsk/full/ber_vs_snr/k1_doppler_full/mc_dlsk/plots/ber_vs_snr_mc_dlsk_baseline.pdf
2026-09-28 19:38:57 | src.experiments.pipeline       | INFO   | Model saved to /content/drive/MyDrive/DHUC_RUN/mc_dlsk/full/ber_vs_snr/k1_doppler_full/mc_dlsk/best_model.keras
2026-09-28 19:38:58 | src.utils.config_loader        | INFO   | config snapshot saved: /content/drive/MyDrive/DHUC_RUN/mc_dlsk/full/ber_vs_snr/k1_doppler_full/mc_dlsk/logs/config_used.yaml
2026-09-28 19:38:58 | __main__                       | INFO   | RSS [ber_vs_snr k1_doppler_full/mc_dlsk] = 2.39 GB
2026-09-28 19:38:59 | src.evaluation.compare_baselines | INFO   | BER plot saved to /content/drive/MyDrive/DHUC_RUN/mc_dlsk/full/ber_vs_snr/plots/ber_vs_snr_k1_doppler_full.pdf
2026-09-28 19:38:59 | src.experiments.pipeline       | INFO   | Overlay saved to /content/drive/MyDrive/DHUC_RUN/mc_dlsk/full/ber_vs_snr/plots/ber_vs_snr_k1_doppler_full.pdf
2026-09-28 19:39:00 | __main__                       | INFO   | RSS [ber_vs_snr k1_doppler_full scenario done] = 2.02 GB
2026-09-28 19:39:00 | __main__                       | INFO   | --- Scenario: k3_doppler_full ---
2026-09-28 19:39:00 | src.experiments.pipeline       | INFO   | Dataset not found in data/raw/b40bac87, generating...
2026-09-28 19:39:00 | src.data.dataset_generator     | INFO   | saved data/raw/b40bac87/train_snr-5_echo3.npz: 7500 symbols, x shape=(7500, 100), tau in [1, 33], f_d in [5.123e-10, 7.999e-05]
2026-09-28 19:39:01 | src.data.dataset_generator     | INFO   | saved data/raw/b40bac87/train_snr-3_echo3.npz: 7500 symbols, x shape=(7500, 100), tau in [1, 33], f_d in [2.036e-08, 8.000e-05]
2026-09-28 19:39:02 | src.data.dataset_generator     | INFO   | saved data/raw/b40bac87/train_snr-1_echo3.npz: 7500 symbols, x shape=(7500, 100), tau in [1, 33], f_d in [1.816e-08, 7.999e-05]
2026-09-28 19:39:02 | src.data.dataset_generator     | INFO   | saved data/raw/b40bac87/train_snr1_echo3.npz: 7500 symbols, x shape=(7500, 100), tau in [1, 33], f_d in [6.635e-09, 8.000e-05]
2026-09-28 19:39:02 | src.data.dataset_generator     | INFO   | saved data/raw/b40bac87/train_snr3_echo3.npz: 7500 symbols, x shape=(7500, 100), tau in [1, 33], f_d in [2.007e-08, 7.999e-05]
2026-09-28 19:39:03 | src.data.dataset_generator     | INFO   | saved data/raw/b40bac87/train_snr5_echo3.npz: 7500 symbols, x shape=(7500, 100), tau in [1, 33], f_d in [2.503e-10, 8.000e-05]
2026-09-28 19:39:03 | src.data.dataset_generator     | INFO   | saved data/raw/b40bac87/train_snr7_echo3.npz: 7500 symbols, x shape=(7500, 100), tau in [1, 33], f_d in [8.852e-09, 7.999e-05]
2026-09-28 19:39:04 | src.data.dataset_generator     | INFO   | saved data/raw/b40bac87/train_snr9_echo3.npz: 7500 symbols, x shape=(7500, 100), tau in [1, 33], f_d in [6.658e-09, 8.000e-05]
2026-09-28 19:39:04 | src.data.dataset_generator     | INFO   | saved data/raw/b40bac87/train_snr11_echo3.npz: 7500 symbols, x shape=(7500, 100), tau in [1, 33], f_d in [2.039e-09, 8.000e-05]
2026-09-28 19:39:05 | src.data.dataset_generator     | INFO   | saved data/raw/b40bac87/train_snr13_echo3.npz: 7500 symbols, x shape=(7500, 100), tau in [1, 33], f_d in [1.279e-08, 8.000e-05]
2026-09-28 19:39:05 | src.data.dataset_generator     | INFO   | saved data/raw/b40bac87/train_snr15_echo3.npz: 7500 symbols, x shape=(7500, 100), tau in [1, 33], f_d in [5.939e-09, 7.999e-05]
2026-09-28 19:39:06 | src.data.dataset_generator     | INFO   | saved data/raw/b40bac87/train_snr17_echo3.npz: 7500 symbols, x shape=(7500, 100), tau in [1, 33], f_d in [1.867e-08, 7.997e-05]
2026-09-28 19:39:06 | src.data.dataset_generator     | INFO   | saved data/raw/b40bac87/train_snr19_echo3.npz: 7500 symbols, x shape=(7500, 100), tau in [1, 33], f_d in [3.120e-10, 8.000e-05]
2026-09-28 19:39:07 | src.data.dataset_generator     | INFO   | saved data/raw/b40bac87/train_snr21_echo3.npz: 7500 symbols, x shape=(7500, 100), tau in [1, 33], f_d in [3.692e-09, 7.999e-05]
2026-09-28 19:39:07 | src.data.dataset_generator     | INFO   | split 'train': 14 files generated, 7500 symbols per combination (combos=14)
2026-09-28 19:39:07 | src.data.dataset_generator     | INFO   | saved data/raw/b40bac87/val_snr-5_echo3.npz: 5000 symbols, x shape=(5000, 100), tau in [1, 33], f_d in [1.999e-08, 8.000e-05]
2026-09-28 19:39:07 | src.data.dataset_generator     | INFO   | saved data/raw/b40bac87/val_snr-3_echo3.npz: 5000 symbols, x shape=(5000, 100), tau in [1, 33], f_d in [9.208e-09, 7.999e-05]
2026-09-28 19:39:08 | src.data.dataset_generator     | INFO   | saved data/raw/b40bac87/val_snr-1_echo3.npz: 5000 symbols, x shape=(5000, 100), tau in [1, 33], f_d in [9.319e-10, 8.000e-05]
2026-09-28 19:39:08 | src.data.dataset_generator     | INFO   | saved data/raw/b40bac87/val_snr1_echo3.npz: 5000 symbols, x shape=(5000, 100), tau in [1, 33], f_d in [3.260e-09, 7.991e-05]
2026-09-28 19:39:08 | src.data.dataset_generator     | INFO   | saved data/raw/b40bac87/val_snr3_echo3.npz: 5000 symbols, x shape=(5000, 100), tau in [1, 33], f_d in [1.621e-08, 7.998e-05]
2026-09-28 19:39:08 | src.data.dataset_generator     | INFO   | saved data/raw/b40bac87/val_snr5_echo3.npz: 5000 symbols, x shape=(5000, 100), tau in [1, 33], f_d in [1.406e-09, 8.000e-05]
2026-09-28 19:39:09 | src.data.dataset_generator     | INFO   | saved data/raw/b40bac87/val_snr7_echo3.npz: 5000 symbols, x shape=(5000, 100), tau in [1, 33], f_d in [6.021e-08, 7.999e-05]
2026-09-28 19:39:09 | src.data.dataset_generator     | INFO   | saved data/raw/b40bac87/val_snr9_echo3.npz: 5000 symbols, x shape=(5000, 100), tau in [1, 33], f_d in [4.812e-09, 8.000e-05]
2026-09-28 19:39:09 | src.data.dataset_generator     | INFO   | saved data/raw/b40bac87/val_snr11_echo3.npz: 5000 symbols, x shape=(5000, 100), tau in [1, 33], f_d in [3.124e-09, 7.998e-05]
2026-09-28 19:39:10 | src.data.dataset_generator     | INFO   | saved data/raw/b40bac87/val_snr13_echo3.npz: 5000 symbols, x shape=(5000, 100), tau in [1, 33], f_d in [2.243e-08, 7.999e-05]
2026-09-28 19:39:10 | src.data.dataset_generator     | INFO   | saved data/raw/b40bac87/val_snr15_echo3.npz: 5000 symbols, x shape=(5000, 100), tau in [1, 33], f_d in [1.167e-08, 8.000e-05]
2026-09-28 19:39:10 | src.data.dataset_generator     | INFO   | saved data/raw/b40bac87/val_snr17_echo3.npz: 5000 symbols, x shape=(5000, 100), tau in [1, 33], f_d in [1.401e-08, 7.999e-05]
2026-09-28 19:39:11 | src.data.dataset_generator     | INFO   | saved data/raw/b40bac87/val_snr19_echo3.npz: 5000 symbols, x shape=(5000, 100), tau in [1, 33], f_d in [2.679e-08, 7.999e-05]
2026-09-28 19:39:11 | src.data.dataset_generator     | INFO   | saved data/raw/b40bac87/val_snr21_echo3.npz: 5000 symbols, x shape=(5000, 100), tau in [1, 33], f_d in [1.340e-08, 7.998e-05]
2026-09-28 19:39:11 | src.data.dataset_generator     | INFO   | split 'val': 14 files generated, 5000 symbols per combination (combos=14)
2026-09-28 19:39:13 | src.data.dataset_generator     | INFO   | saved data/raw/b40bac87/test_snr-5_echo3.npz: 20000 symbols, x shape=(20000, 100), tau in [1, 33], f_d in [3.654e-09, 8.000e-05]
2026-09-28 19:39:15 | src.data.dataset_generator     | INFO   | saved data/raw/b40bac87/test_snr-3_echo3.npz: 20000 symbols, x shape=(20000, 100), tau in [1, 33], f_d in [7.431e-10, 7.999e-05]
2026-09-28 19:39:16 | src.data.dataset_generator     | INFO   | saved data/raw/b40bac87/test_snr-1_echo3.npz: 20000 symbols, x shape=(20000, 100), tau in [1, 33], f_d in [3.074e-09, 8.000e-05]
2026-09-28 19:39:18 | src.data.dataset_generator     | INFO   | saved data/raw/b40bac87/test_snr1_echo3.npz: 20000 symbols, x shape=(20000, 100), tau in [1, 33], f_d in [4.446e-09, 8.000e-05]
2026-09-28 19:39:19 | src.data.dataset_generator     | INFO   | saved data/raw/b40bac87/test_snr3_echo3.npz: 20000 symbols, x shape=(20000, 100), tau in [1, 33], f_d in [6.713e-10, 8.000e-05]
2026-09-28 19:39:20 | src.data.dataset_generator     | INFO   | saved data/raw/b40bac87/test_snr5_echo3.npz: 20000 symbols, x shape=(20000, 100), tau in [1, 33], f_d in [3.631e-09, 7.999e-05]
2026-09-28 19:39:21 | src.data.dataset_generator     | INFO   | saved data/raw/b40bac87/test_snr7_echo3.npz: 20000 symbols, x shape=(20000, 100), tau in [1, 33], f_d in [1.594e-09, 7.999e-05]
2026-09-28 19:39:22 | src.data.dataset_generator     | INFO   | saved data/raw/b40bac87/test_snr9_echo3.npz: 20000 symbols, x shape=(20000, 100), tau in [1, 33], f_d in [4.142e-09, 8.000e-05]
2026-09-28 19:39:24 | src.data.dataset_generator     | INFO   | saved data/raw/b40bac87/test_snr11_echo3.npz: 20000 symbols, x shape=(20000, 100), tau in [1, 33], f_d in [1.007e-08, 7.999e-05]
2026-09-28 19:39:25 | src.data.dataset_generator     | INFO   | saved data/raw/b40bac87/test_snr13_echo3.npz: 20000 symbols, x shape=(20000, 100), tau in [1, 33], f_d in [1.064e-09, 8.000e-05]
2026-09-28 19:39:26 | src.data.dataset_generator     | INFO   | saved data/raw/b40bac87/test_snr15_echo3.npz: 20000 symbols, x shape=(20000, 100), tau in [1, 33], f_d in [8.955e-10, 7.999e-05]
2026-09-28 19:39:28 | src.data.dataset_generator     | INFO   | saved data/raw/b40bac87/test_snr17_echo3.npz: 20000 symbols, x shape=(20000, 100), tau in [1, 33], f_d in [4.564e-09, 8.000e-05]
2026-09-28 19:39:30 | src.data.dataset_generator     | INFO   | saved data/raw/b40bac87/test_snr19_echo3.npz: 20000 symbols, x shape=(20000, 100), tau in [1, 33], f_d in [1.161e-08, 8.000e-05]
2026-09-28 19:39:31 | src.data.dataset_generator     | INFO   | saved data/raw/b40bac87/test_snr21_echo3.npz: 20000 symbols, x shape=(20000, 100), tau in [1, 33], f_d in [1.673e-09, 7.999e-05]
2026-09-28 19:39:31 | src.data.dataset_generator     | INFO   | split 'test': 14 files generated, 20000 symbols per combination (combos=14)
2026-09-28 19:39:32 | src.data.data_loader           | INFO   | split 'train': 105000 total samples, x shape=(105000, 100), tau in [1.00, 33.00], f_d in [2.503e-10, 8.000e-05]
2026-09-28 19:39:32 | src.data.data_loader           | INFO   | balancing verified: 7500 samples for each of the 14 (SNR, K) combinations
2026-09-28 19:39:48 | src.experiments.pipeline       | INFO   | Split 'train': 105000 samples
2026-09-28 19:39:48 | src.data.data_loader           | INFO   | split 'val': 70000 total samples, x shape=(70000, 100), tau in [1.00, 33.00], f_d in [9.319e-10, 8.000e-05]
2026-09-28 19:39:48 | src.data.data_loader           | INFO   | balancing verified: 5000 samples for each of the 14 (SNR, K) combinations
2026-09-28 19:40:00 | src.experiments.pipeline       | INFO   | Split 'val': 70000 samples
2026-09-28 19:40:01 | src.data.data_loader           | INFO   | dataset built: n=105000, batch_size=128, feature_mode=iq, shuffle=True, seed=42
2026-09-28 19:40:01 | src.data.data_loader           | INFO   | dataset built: n=70000, batch_size=128, feature_mode=iq, shuffle=False, seed=42
2026-09-28 19:40:01 | __main__                       | INFO   | Architecture: mc_dlsk
2026-09-28 19:40:01 | src.experiments.pipeline       | INFO   | build_model 'mc_dlsk': model seed applied = 24 (from model.seeds.mc_dlsk, dataset seed stays 42)
2026-09-28 19:40:01 | src.models.baselines           | WARNING | baselines.mc_dlsk: 2*units[-1]=100 != v contract in R^64: adding Dense(64) projection before the shared heads
2026-09-28 19:40:02 | src.models.heads               | INFO   | communication_head built: input_dim=64, units=128, M=2, params=8578
2026-09-28 19:40:02 | src.models.heads               | INFO   | sensing_head built: input_dim=264, units=32, output_units=2, params=8546
2026-09-28 19:40:02 | src.models.baselines           | INFO   | model 'mc_dlsk_baseline' built: backbone=27664 params, comm=8578 params, sensing=8546 params, TOTAL=44788 params
2026-09-28 19:40:02 | src.models.baselines           | INFO   | baseline 'mc_dlsk' built: input=(None, 100, 3), output=['comm', 'sensing'], params=44788
2026-09-28 19:40:02 | src.experiments.pipeline       | INFO   | Model 'mc_dlsk_baseline' built: 44788 trainable parameters.
2026-09-28 19:40:02 | src.experiments.pipeline       | INFO   | Training for 30 epochs, lambda_mse=2.0000
2026-09-28 19:40:02 | src.training.trainer           | INFO   | Sensing component weights: delay=1.000, f_doppler=1.000
2026-09-28 19:40:02 | src.training.trainer           | INFO   | Trainer initialized: lambda_mse = 2.0
2026-09-28 19:40:02 | src.training.trainer           | INFO   | Model compiled: loss_weights = {'comm': 1.0, 'sensing': 2}, lr=0.001000, optimizer=adam, label_smoothing=0.1, lr_schedule=cosine, sensing_range_penalty=1.0, sensing_component_weights=[1.0, 1.0]
2026-09-28 19:40:03 | src.training.trainer           | INFO   | Callbacks configured: 5
2026-09-28 19:40:03 | src.training.trainer           | INFO   | Starting training: epochs=30, batch_size=128
2026-09-28 19:52:23 | src.training.trainer           | INFO   | History saved to /content/drive/MyDrive/DHUC_RUN/mc_dlsk/full/ber_vs_snr/k3_doppler_full/mc_dlsk/logs/history.csv
2026-09-28 19:52:23 | src.training.trainer           | INFO   | Metadata saved to /content/drive/MyDrive/DHUC_RUN/mc_dlsk/full/ber_vs_snr/k3_doppler_full/mc_dlsk/logs/run_metadata.json
2026-09-28 19:52:23 | src.training.trainer           | INFO   | Training completed in 30 epochs. Best val_loss = 0.338118, best loss = 0.332209
2026-09-28 19:52:23 | src.training.trainer           | INFO   | Best weights reloaded from /content/drive/MyDrive/DHUC_RUN/mc_dlsk/full/ber_vs_snr/k3_doppler_full/mc_dlsk/logs/best_weights.weights.h5 before evaluation/saving
2026-09-28 19:52:23 | src.evaluation.evaluator       | INFO   | ONLINE evaluation over 14 SNR points (batch=100000, max_symbols=2000000, floor BER=2.5e-07)
2026-09-28 19:52:40 | src.evaluation.evaluator       | WARNING | SNR=-5.0 dB: 48/200000 sensing elements outside [0,1] (min=-0.1893, max=1.2570) -> clamped
2026-09-28 19:52:57 | src.evaluation.evaluator       | WARNING | SNR=-3.0 dB: 61/200000 sensing elements outside [0,1] (min=-0.1077, max=1.2366) -> clamped
2026-09-28 19:53:15 | src.evaluation.evaluator       | WARNING | SNR=-1.0 dB: 65/200000 sensing elements outside [0,1] (min=-0.0690, max=1.1662) -> clamped
2026-09-28 19:53:33 | src.evaluation.evaluator       | WARNING | SNR=1.0 dB: 108/200000 sensing elements outside [0,1] (min=-0.0727, max=1.1351) -> clamped
2026-09-28 19:53:50 | src.evaluation.evaluator       | WARNING | SNR=3.0 dB: 181/200000 sensing elements outside [0,1] (min=-0.1169, max=1.1874) -> clamped
2026-09-28 19:54:23 | src.evaluation.evaluator       | WARNING | SNR=5.0 dB: 531/400000 sensing elements outside [0,1] (min=-0.0776, max=1.2025) -> clamped
2026-09-28 19:54:58 | src.evaluation.evaluator       | WARNING | SNR=7.0 dB: 818/400000 sensing elements outside [0,1] (min=-0.1406, max=1.1364) -> clamped
2026-09-28 19:55:49 | src.evaluation.evaluator       | WARNING | SNR=9.0 dB: 1709/600000 sensing elements outside [0,1] (min=-0.0829, max=1.2004) -> clamped
2026-09-28 19:56:40 | src.evaluation.evaluator       | WARNING | SNR=11.0 dB: 2126/600000 sensing elements outside [0,1] (min=-0.0860, max=1.1761) -> clamped
2026-09-28 19:57:32 | src.evaluation.evaluator       | WARNING | SNR=13.0 dB: 2687/600000 sensing elements outside [0,1] (min=-0.0855, max=1.1634) -> clamped
2026-09-28 19:58:40 | src.evaluation.evaluator       | WARNING | SNR=15.0 dB: 3949/800000 sensing elements outside [0,1] (min=-0.0976, max=1.1698) -> clamped
2026-09-28 19:59:47 | src.evaluation.evaluator       | WARNING | SNR=17.0 dB: 4330/800000 sensing elements outside [0,1] (min=-0.0916, max=1.2145) -> clamped
2026-09-28 20:00:56 | src.evaluation.evaluator       | WARNING | SNR=19.0 dB: 4592/800000 sensing elements outside [0,1] (min=-0.1044, max=1.1794) -> clamped
2026-09-28 20:02:21 | src.evaluation.evaluator       | WARNING | SNR=21.0 dB: 5885/1000000 sensing elements outside [0,1] (min=-0.1083, max=1.2435) -> clamped
2026-09-28 20:02:21 | src.evaluation.evaluator       | INFO   | Online evaluation completed for 14 SNR points
2026-09-28 20:02:21 | src.experiments.pipeline       | INFO   | Metrics saved to /content/drive/MyDrive/DHUC_RUN/mc_dlsk/full/ber_vs_snr/k3_doppler_full/mc_dlsk/metrics.csv
2026-09-28 20:02:22 | src.evaluation.evaluator       | INFO   | BER plot saved to /content/drive/MyDrive/DHUC_RUN/mc_dlsk/full/ber_vs_snr/k3_doppler_full/mc_dlsk/plots/ber_vs_snr_mc_dlsk_baseline.pdf
2026-09-28 20:02:22 | src.experiments.pipeline       | INFO   | BER vs SNR plot saved to /content/drive/MyDrive/DHUC_RUN/mc_dlsk/full/ber_vs_snr/k3_doppler_full/mc_dlsk/plots/ber_vs_snr_mc_dlsk_baseline.pdf
2026-09-28 20:02:22 | src.experiments.pipeline       | INFO   | Model saved to /content/drive/MyDrive/DHUC_RUN/mc_dlsk/full/ber_vs_snr/k3_doppler_full/mc_dlsk/best_model.keras
2026-09-28 20:02:22 | src.utils.config_loader        | INFO   | config snapshot saved: /content/drive/MyDrive/DHUC_RUN/mc_dlsk/full/ber_vs_snr/k3_doppler_full/mc_dlsk/logs/config_used.yaml
2026-09-28 20:02:23 | __main__                       | INFO   | RSS [ber_vs_snr k3_doppler_full/mc_dlsk] = 2.39 GB
2026-09-28 20:02:24 | src.evaluation.compare_baselines | INFO   | BER plot saved to /content/drive/MyDrive/DHUC_RUN/mc_dlsk/full/ber_vs_snr/plots/ber_vs_snr_k3_doppler_full.pdf
2026-09-28 20:02:24 | src.experiments.pipeline       | INFO   | Overlay saved to /content/drive/MyDrive/DHUC_RUN/mc_dlsk/full/ber_vs_snr/plots/ber_vs_snr_k3_doppler_full.pdf
2026-09-28 20:02:24 | __main__                       | INFO   | RSS [ber_vs_snr k3_doppler_full scenario done] = 2.01 GB
2026-09-28 20:02:24 | __main__                       | INFO   | --- Scenario: k3_doppler_limited ---
2026-09-28 20:02:24 | src.experiments.pipeline       | INFO   | Dataset not found in data/raw/5721f828, generating...
2026-09-28 20:02:25 | src.data.dataset_generator     | INFO   | saved data/raw/5721f828/train_snr-5_echo3.npz: 7500 symbols, x shape=(7500, 100), tau in [1, 33], f_d in [2.562e-10, 4.000e-05]
2026-09-28 20:02:26 | src.data.dataset_generator     | INFO   | saved data/raw/5721f828/train_snr-3_echo3.npz: 7500 symbols, x shape=(7500, 100), tau in [1, 33], f_d in [1.018e-08, 4.000e-05]
2026-09-28 20:02:26 | src.data.dataset_generator     | INFO   | saved data/raw/5721f828/train_snr-1_echo3.npz: 7500 symbols, x shape=(7500, 100), tau in [1, 33], f_d in [9.081e-09, 3.999e-05]
2026-09-28 20:02:27 | src.data.dataset_generator     | INFO   | saved data/raw/5721f828/train_snr1_echo3.npz: 7500 symbols, x shape=(7500, 100), tau in [1, 33], f_d in [3.318e-09, 4.000e-05]
2026-09-28 20:02:27 | src.data.dataset_generator     | INFO   | saved data/raw/5721f828/train_snr3_echo3.npz: 7500 symbols, x shape=(7500, 100), tau in [1, 33], f_d in [1.003e-08, 3.999e-05]
2026-09-28 20:02:28 | src.data.dataset_generator     | INFO   | saved data/raw/5721f828/train_snr5_echo3.npz: 7500 symbols, x shape=(7500, 100), tau in [1, 33], f_d in [1.251e-10, 4.000e-05]
2026-09-28 20:02:28 | src.data.dataset_generator     | INFO   | saved data/raw/5721f828/train_snr7_echo3.npz: 7500 symbols, x shape=(7500, 100), tau in [1, 33], f_d in [4.426e-09, 4.000e-05]
2026-09-28 20:02:28 | src.data.dataset_generator     | INFO   | saved data/raw/5721f828/train_snr9_echo3.npz: 7500 symbols, x shape=(7500, 100), tau in [1, 33], f_d in [3.329e-09, 4.000e-05]
2026-09-28 20:02:29 | src.data.dataset_generator     | INFO   | saved data/raw/5721f828/train_snr11_echo3.npz: 7500 symbols, x shape=(7500, 100), tau in [1, 33], f_d in [1.020e-09, 4.000e-05]
2026-09-28 20:02:29 | src.data.dataset_generator     | INFO   | saved data/raw/5721f828/train_snr13_echo3.npz: 7500 symbols, x shape=(7500, 100), tau in [1, 33], f_d in [6.393e-09, 4.000e-05]
2026-09-28 20:02:30 | src.data.dataset_generator     | INFO   | saved data/raw/5721f828/train_snr15_echo3.npz: 7500 symbols, x shape=(7500, 100), tau in [1, 33], f_d in [2.969e-09, 3.999e-05]
2026-09-28 20:02:30 | src.data.dataset_generator     | INFO   | saved data/raw/5721f828/train_snr17_echo3.npz: 7500 symbols, x shape=(7500, 100), tau in [1, 33], f_d in [9.337e-09, 3.999e-05]
2026-09-28 20:02:31 | src.data.dataset_generator     | INFO   | saved data/raw/5721f828/train_snr19_echo3.npz: 7500 symbols, x shape=(7500, 100), tau in [1, 33], f_d in [1.560e-10, 4.000e-05]
2026-09-28 20:02:31 | src.data.dataset_generator     | INFO   | saved data/raw/5721f828/train_snr21_echo3.npz: 7500 symbols, x shape=(7500, 100), tau in [1, 33], f_d in [1.846e-09, 4.000e-05]
2026-09-28 20:02:31 | src.data.dataset_generator     | INFO   | split 'train': 14 files generated, 7500 symbols per combination (combos=14)
2026-09-28 20:02:32 | src.data.dataset_generator     | INFO   | saved data/raw/5721f828/val_snr-5_echo3.npz: 5000 symbols, x shape=(5000, 100), tau in [1, 33], f_d in [9.995e-09, 4.000e-05]
2026-09-28 20:02:32 | src.data.dataset_generator     | INFO   | saved data/raw/5721f828/val_snr-3_echo3.npz: 5000 symbols, x shape=(5000, 100), tau in [1, 33], f_d in [4.604e-09, 4.000e-05]
2026-09-28 20:02:32 | src.data.dataset_generator     | INFO   | saved data/raw/5721f828/val_snr-1_echo3.npz: 5000 symbols, x shape=(5000, 100), tau in [1, 33], f_d in [4.660e-10, 4.000e-05]
2026-09-28 20:02:32 | src.data.dataset_generator     | INFO   | saved data/raw/5721f828/val_snr1_echo3.npz: 5000 symbols, x shape=(5000, 100), tau in [1, 33], f_d in [1.630e-09, 3.996e-05]
2026-09-28 20:02:33 | src.data.dataset_generator     | INFO   | saved data/raw/5721f828/val_snr3_echo3.npz: 5000 symbols, x shape=(5000, 100), tau in [1, 33], f_d in [8.107e-09, 3.999e-05]
2026-09-28 20:02:33 | src.data.dataset_generator     | INFO   | saved data/raw/5721f828/val_snr5_echo3.npz: 5000 symbols, x shape=(5000, 100), tau in [1, 33], f_d in [7.029e-10, 4.000e-05]
2026-09-28 20:02:33 | src.data.dataset_generator     | INFO   | saved data/raw/5721f828/val_snr7_echo3.npz: 5000 symbols, x shape=(5000, 100), tau in [1, 33], f_d in [3.010e-08, 4.000e-05]
2026-09-28 20:02:34 | src.data.dataset_generator     | INFO   | saved data/raw/5721f828/val_snr9_echo3.npz: 5000 symbols, x shape=(5000, 100), tau in [1, 33], f_d in [2.406e-09, 4.000e-05]
2026-09-28 20:02:34 | src.data.dataset_generator     | INFO   | saved data/raw/5721f828/val_snr11_echo3.npz: 5000 symbols, x shape=(5000, 100), tau in [1, 33], f_d in [1.562e-09, 3.999e-05]
2026-09-28 20:02:34 | src.data.dataset_generator     | INFO   | saved data/raw/5721f828/val_snr13_echo3.npz: 5000 symbols, x shape=(5000, 100), tau in [1, 33], f_d in [1.121e-08, 4.000e-05]
2026-09-28 20:02:35 | src.data.dataset_generator     | INFO   | saved data/raw/5721f828/val_snr15_echo3.npz: 5000 symbols, x shape=(5000, 100), tau in [1, 33], f_d in [5.836e-09, 4.000e-05]
2026-09-28 20:02:35 | src.data.dataset_generator     | INFO   | saved data/raw/5721f828/val_snr17_echo3.npz: 5000 symbols, x shape=(5000, 100), tau in [1, 33], f_d in [7.005e-09, 4.000e-05]
2026-09-28 20:02:35 | src.data.dataset_generator     | INFO   | saved data/raw/5721f828/val_snr19_echo3.npz: 5000 symbols, x shape=(5000, 100), tau in [1, 33], f_d in [1.340e-08, 4.000e-05]
2026-09-28 20:02:35 | src.data.dataset_generator     | INFO   | saved data/raw/5721f828/val_snr21_echo3.npz: 5000 symbols, x shape=(5000, 100), tau in [1, 33], f_d in [6.701e-09, 3.999e-05]
2026-09-28 20:02:35 | src.data.dataset_generator     | INFO   | split 'val': 14 files generated, 5000 symbols per combination (combos=14)
2026-09-28 20:02:37 | src.data.dataset_generator     | INFO   | saved data/raw/5721f828/test_snr-5_echo3.npz: 20000 symbols, x shape=(20000, 100), tau in [1, 33], f_d in [1.827e-09, 4.000e-05]
2026-09-28 20:02:39 | src.data.dataset_generator     | INFO   | saved data/raw/5721f828/test_snr-3_echo3.npz: 20000 symbols, x shape=(20000, 100), tau in [1, 33], f_d in [3.715e-10, 4.000e-05]
2026-09-28 20:02:41 | src.data.dataset_generator     | INFO   | saved data/raw/5721f828/test_snr-1_echo3.npz: 20000 symbols, x shape=(20000, 100), tau in [1, 33], f_d in [1.537e-09, 4.000e-05]
2026-09-28 20:02:42 | src.data.dataset_generator     | INFO   | saved data/raw/5721f828/test_snr1_echo3.npz: 20000 symbols, x shape=(20000, 100), tau in [1, 33], f_d in [2.223e-09, 4.000e-05]
2026-09-28 20:02:43 | src.data.dataset_generator     | INFO   | saved data/raw/5721f828/test_snr3_echo3.npz: 20000 symbols, x shape=(20000, 100), tau in [1, 33], f_d in [3.357e-10, 4.000e-05]
2026-09-28 20:02:44 | src.data.dataset_generator     | INFO   | saved data/raw/5721f828/test_snr5_echo3.npz: 20000 symbols, x shape=(20000, 100), tau in [1, 33], f_d in [1.815e-09, 4.000e-05]
2026-09-28 20:02:46 | src.data.dataset_generator     | INFO   | saved data/raw/5721f828/test_snr7_echo3.npz: 20000 symbols, x shape=(20000, 100), tau in [1, 33], f_d in [7.971e-10, 3.999e-05]
2026-09-28 20:02:47 | src.data.dataset_generator     | INFO   | saved data/raw/5721f828/test_snr9_echo3.npz: 20000 symbols, x shape=(20000, 100), tau in [1, 33], f_d in [2.071e-09, 4.000e-05]
2026-09-28 20:02:48 | src.data.dataset_generator     | INFO   | saved data/raw/5721f828/test_snr11_echo3.npz: 20000 symbols, x shape=(20000, 100), tau in [1, 33], f_d in [5.034e-09, 4.000e-05]
2026-09-28 20:02:49 | src.data.dataset_generator     | INFO   | saved data/raw/5721f828/test_snr13_echo3.npz: 20000 symbols, x shape=(20000, 100), tau in [1, 33], f_d in [5.320e-10, 4.000e-05]
2026-09-28 20:02:51 | src.data.dataset_generator     | INFO   | saved data/raw/5721f828/test_snr15_echo3.npz: 20000 symbols, x shape=(20000, 100), tau in [1, 33], f_d in [4.477e-10, 4.000e-05]
2026-09-28 20:02:53 | src.data.dataset_generator     | INFO   | saved data/raw/5721f828/test_snr17_echo3.npz: 20000 symbols, x shape=(20000, 100), tau in [1, 33], f_d in [2.282e-09, 4.000e-05]
2026-09-28 20:02:55 | src.data.dataset_generator     | INFO   | saved data/raw/5721f828/test_snr19_echo3.npz: 20000 symbols, x shape=(20000, 100), tau in [1, 33], f_d in [5.807e-09, 4.000e-05]
2026-09-28 20:02:56 | src.data.dataset_generator     | INFO   | saved data/raw/5721f828/test_snr21_echo3.npz: 20000 symbols, x shape=(20000, 100), tau in [1, 33], f_d in [8.366e-10, 4.000e-05]
2026-09-28 20:02:56 | src.data.dataset_generator     | INFO   | split 'test': 14 files generated, 20000 symbols per combination (combos=14)
2026-09-28 20:02:56 | src.data.data_loader           | INFO   | split 'train': 105000 total samples, x shape=(105000, 100), tau in [1.00, 33.00], f_d in [1.251e-10, 4.000e-05]
2026-09-28 20:02:56 | src.data.data_loader           | INFO   | balancing verified: 7500 samples for each of the 14 (SNR, K) combinations
2026-09-28 20:03:13 | src.experiments.pipeline       | INFO   | Split 'train': 105000 samples
2026-09-28 20:03:13 | src.data.data_loader           | INFO   | split 'val': 70000 total samples, x shape=(70000, 100), tau in [1.00, 33.00], f_d in [4.660e-10, 4.000e-05]
2026-09-28 20:03:13 | src.data.data_loader           | INFO   | balancing verified: 5000 samples for each of the 14 (SNR, K) combinations
2026-09-28 20:03:24 | src.experiments.pipeline       | INFO   | Split 'val': 70000 samples
2026-09-28 20:03:25 | src.data.data_loader           | INFO   | dataset built: n=105000, batch_size=128, feature_mode=iq, shuffle=True, seed=42
2026-09-28 20:03:25 | src.data.data_loader           | INFO   | dataset built: n=70000, batch_size=128, feature_mode=iq, shuffle=False, seed=42
2026-09-28 20:03:25 | __main__                       | INFO   | Architecture: mc_dlsk
2026-09-28 20:03:25 | src.experiments.pipeline       | INFO   | build_model 'mc_dlsk': model seed applied = 24 (from model.seeds.mc_dlsk, dataset seed stays 42)
2026-09-28 20:03:26 | src.models.baselines           | WARNING | baselines.mc_dlsk: 2*units[-1]=100 != v contract in R^64: adding Dense(64) projection before the shared heads
2026-09-28 20:03:26 | src.models.heads               | INFO   | communication_head built: input_dim=64, units=128, M=2, params=8578
2026-09-28 20:03:26 | src.models.heads               | INFO   | sensing_head built: input_dim=264, units=32, output_units=2, params=8546
2026-09-28 20:03:26 | src.models.baselines           | INFO   | model 'mc_dlsk_baseline' built: backbone=27664 params, comm=8578 params, sensing=8546 params, TOTAL=44788 params
2026-09-28 20:03:26 | src.models.baselines           | INFO   | baseline 'mc_dlsk' built: input=(None, 100, 3), output=['comm', 'sensing'], params=44788
2026-09-28 20:03:26 | src.experiments.pipeline       | INFO   | Model 'mc_dlsk_baseline' built: 44788 trainable parameters.
2026-09-28 20:03:26 | src.experiments.pipeline       | INFO   | Training for 30 epochs, lambda_mse=2.0000
2026-09-28 20:03:26 | src.training.trainer           | INFO   | Sensing component weights: delay=1.000, f_doppler=1.000
2026-09-28 20:03:26 | src.training.trainer           | INFO   | Trainer initialized: lambda_mse = 2.0
2026-09-28 20:03:27 | src.training.trainer           | INFO   | Model compiled: loss_weights = {'comm': 1.0, 'sensing': 2}, lr=0.001000, optimizer=adam, label_smoothing=0.1, lr_schedule=cosine, sensing_range_penalty=1.0, sensing_component_weights=[1.0, 1.0]
2026-09-28 20:03:28 | src.training.trainer           | INFO   | Callbacks configured: 5
2026-09-28 20:03:28 | src.training.trainer           | INFO   | Starting training: epochs=30, batch_size=128
2026-09-28 20:16:15 | src.training.trainer           | INFO   | History saved to /content/drive/MyDrive/DHUC_RUN/mc_dlsk/full/ber_vs_snr/k3_doppler_limited/mc_dlsk/logs/history.csv
2026-09-28 20:16:15 | src.training.trainer           | INFO   | Metadata saved to /content/drive/MyDrive/DHUC_RUN/mc_dlsk/full/ber_vs_snr/k3_doppler_limited/mc_dlsk/logs/run_metadata.json
2026-09-28 20:16:15 | src.training.trainer           | INFO   | Training completed in 30 epochs. Best val_loss = 0.338467, best loss = 0.333048
2026-09-28 20:16:16 | src.training.trainer           | INFO   | Best weights reloaded from /content/drive/MyDrive/DHUC_RUN/mc_dlsk/full/ber_vs_snr/k3_doppler_limited/mc_dlsk/logs/best_weights.weights.h5 before evaluation/saving
2026-09-28 20:16:16 | src.evaluation.evaluator       | INFO   | ONLINE evaluation over 14 SNR points (batch=100000, max_symbols=2000000, floor BER=2.5e-07)
2026-09-28 20:16:33 | src.evaluation.evaluator       | WARNING | SNR=-5.0 dB: 69/200000 sensing elements outside [0,1] (min=-0.1891, max=1.2677) -> clamped
2026-09-28 20:16:51 | src.evaluation.evaluator       | WARNING | SNR=-3.0 dB: 75/200000 sensing elements outside [0,1] (min=-0.1302, max=1.2815) -> clamped
2026-09-28 20:17:09 | src.evaluation.evaluator       | WARNING | SNR=-1.0 dB: 115/200000 sensing elements outside [0,1] (min=-0.1445, max=1.1958) -> clamped
2026-09-28 20:17:25 | src.evaluation.evaluator       | WARNING | SNR=1.0 dB: 179/200000 sensing elements outside [0,1] (min=-0.1257, max=1.1254) -> clamped
2026-09-28 20:17:42 | src.evaluation.evaluator       | WARNING | SNR=3.0 dB: 276/200000 sensing elements outside [0,1] (min=-0.2013, max=1.2123) -> clamped
2026-09-28 20:18:16 | src.evaluation.evaluator       | WARNING | SNR=5.0 dB: 829/400000 sensing elements outside [0,1] (min=-0.1168, max=1.2250) -> clamped
2026-09-28 20:18:50 | src.evaluation.evaluator       | WARNING | SNR=7.0 dB: 1223/400000 sensing elements outside [0,1] (min=-0.1524, max=1.1787) -> clamped
2026-09-28 20:19:24 | src.evaluation.evaluator       | WARNING | SNR=9.0 dB: 1598/400000 sensing elements outside [0,1] (min=-0.1190, max=1.2140) -> clamped
2026-09-28 20:20:14 | src.evaluation.evaluator       | WARNING | SNR=11.0 dB: 2955/600000 sensing elements outside [0,1] (min=-0.1312, max=1.1876) -> clamped
2026-09-28 20:21:05 | src.evaluation.evaluator       | WARNING | SNR=13.0 dB: 3561/600000 sensing elements outside [0,1] (min=-0.1294, max=1.1943) -> clamped
2026-09-28 20:21:56 | src.evaluation.evaluator       | WARNING | SNR=15.0 dB: 3892/600000 sensing elements outside [0,1] (min=-0.1180, max=1.1917) -> clamped
2026-09-28 20:22:46 | src.evaluation.evaluator       | WARNING | SNR=17.0 dB: 4178/600000 sensing elements outside [0,1] (min=-0.1379, max=1.2491) -> clamped
2026-09-28 20:23:36 | src.evaluation.evaluator       | WARNING | SNR=19.0 dB: 4323/600000 sensing elements outside [0,1] (min=-0.1808, max=1.2149) -> clamped
2026-09-28 20:24:25 | src.evaluation.evaluator       | WARNING | SNR=21.0 dB: 4497/600000 sensing elements outside [0,1] (min=-0.1447, max=1.1848) -> clamped
2026-09-28 20:24:25 | src.evaluation.evaluator       | INFO   | Online evaluation completed for 14 SNR points
2026-09-28 20:24:25 | src.experiments.pipeline       | INFO   | Metrics saved to /content/drive/MyDrive/DHUC_RUN/mc_dlsk/full/ber_vs_snr/k3_doppler_limited/mc_dlsk/metrics.csv
2026-09-28 20:24:26 | src.evaluation.evaluator       | INFO   | BER plot saved to /content/drive/MyDrive/DHUC_RUN/mc_dlsk/full/ber_vs_snr/k3_doppler_limited/mc_dlsk/plots/ber_vs_snr_mc_dlsk_baseline.pdf
2026-09-28 20:24:26 | src.experiments.pipeline       | INFO   | BER vs SNR plot saved to /content/drive/MyDrive/DHUC_RUN/mc_dlsk/full/ber_vs_snr/k3_doppler_limited/mc_dlsk/plots/ber_vs_snr_mc_dlsk_baseline.pdf
2026-09-28 20:24:26 | src.experiments.pipeline       | INFO   | Model saved to /content/drive/MyDrive/DHUC_RUN/mc_dlsk/full/ber_vs_snr/k3_doppler_limited/mc_dlsk/best_model.keras
2026-09-28 20:24:26 | src.utils.config_loader        | INFO   | config snapshot saved: /content/drive/MyDrive/DHUC_RUN/mc_dlsk/full/ber_vs_snr/k3_doppler_limited/mc_dlsk/logs/config_used.yaml
2026-09-28 20:24:27 | __main__                       | INFO   | RSS [ber_vs_snr k3_doppler_limited/mc_dlsk] = 2.51 GB
2026-09-28 20:24:27 | src.evaluation.compare_baselines | INFO   | BER plot saved to /content/drive/MyDrive/DHUC_RUN/mc_dlsk/full/ber_vs_snr/plots/ber_vs_snr_k3_doppler_limited.pdf
2026-09-28 20:24:27 | src.experiments.pipeline       | INFO   | Overlay saved to /content/drive/MyDrive/DHUC_RUN/mc_dlsk/full/ber_vs_snr/plots/ber_vs_snr_k3_doppler_limited.pdf
2026-09-28 20:24:28 | __main__                       | INFO   | RSS [ber_vs_snr k3_doppler_limited scenario done] = 2.13 GB
2026-09-28 20:24:28 | __main__                       | INFO   | --- Scenario: iod_peers ---
2026-09-28 20:24:28 | src.experiments.pipeline       | INFO   | Dataset not found in data/raw/beb4a243, generating...
2026-09-28 20:24:29 | src.data.dataset_generator     | INFO   | saved data/raw/beb4a243/train_snr-5_echo3.npz: 7500 symbols, x shape=(7500, 100), tau in [1, 33], f_d in [5.123e-10, 7.999e-05]
2026-09-28 20:24:29 | src.data.dataset_generator     | INFO   | saved data/raw/beb4a243/train_snr-3_echo3.npz: 7500 symbols, x shape=(7500, 100), tau in [1, 33], f_d in [2.036e-08, 8.000e-05]
2026-09-28 20:24:30 | src.data.dataset_generator     | INFO   | saved data/raw/beb4a243/train_snr-1_echo3.npz: 7500 symbols, x shape=(7500, 100), tau in [1, 33], f_d in [1.816e-08, 7.999e-05]
2026-09-28 20:24:30 | src.data.dataset_generator     | INFO   | saved data/raw/beb4a243/train_snr1_echo3.npz: 7500 symbols, x shape=(7500, 100), tau in [1, 33], f_d in [6.635e-09, 8.000e-05]
2026-09-28 20:24:31 | src.data.dataset_generator     | INFO   | saved data/raw/beb4a243/train_snr3_echo3.npz: 7500 symbols, x shape=(7500, 100), tau in [1, 33], f_d in [2.007e-08, 7.999e-05]
2026-09-28 20:24:31 | src.data.dataset_generator     | INFO   | saved data/raw/beb4a243/train_snr5_echo3.npz: 7500 symbols, x shape=(7500, 100), tau in [1, 33], f_d in [2.503e-10, 8.000e-05]
2026-09-28 20:24:32 | src.data.dataset_generator     | INFO   | saved data/raw/beb4a243/train_snr7_echo3.npz: 7500 symbols, x shape=(7500, 100), tau in [1, 33], f_d in [8.852e-09, 7.999e-05]
2026-09-28 20:24:33 | src.data.dataset_generator     | INFO   | saved data/raw/beb4a243/train_snr9_echo3.npz: 7500 symbols, x shape=(7500, 100), tau in [1, 33], f_d in [6.658e-09, 8.000e-05]
2026-09-28 20:24:33 | src.data.dataset_generator     | INFO   | saved data/raw/beb4a243/train_snr11_echo3.npz: 7500 symbols, x shape=(7500, 100), tau in [1, 33], f_d in [2.039e-09, 8.000e-05]
2026-09-28 20:24:34 | src.data.dataset_generator     | INFO   | saved data/raw/beb4a243/train_snr13_echo3.npz: 7500 symbols, x shape=(7500, 100), tau in [1, 33], f_d in [1.279e-08, 8.000e-05]
2026-09-28 20:24:34 | src.data.dataset_generator     | INFO   | saved data/raw/beb4a243/train_snr15_echo3.npz: 7500 symbols, x shape=(7500, 100), tau in [1, 33], f_d in [5.939e-09, 7.999e-05]
2026-09-28 20:24:35 | src.data.dataset_generator     | INFO   | saved data/raw/beb4a243/train_snr17_echo3.npz: 7500 symbols, x shape=(7500, 100), tau in [1, 33], f_d in [1.867e-08, 7.997e-05]
2026-09-28 20:24:35 | src.data.dataset_generator     | INFO   | saved data/raw/beb4a243/train_snr19_echo3.npz: 7500 symbols, x shape=(7500, 100), tau in [1, 33], f_d in [3.120e-10, 8.000e-05]
2026-09-28 20:24:36 | src.data.dataset_generator     | INFO   | saved data/raw/beb4a243/train_snr21_echo3.npz: 7500 symbols, x shape=(7500, 100), tau in [1, 33], f_d in [3.692e-09, 7.999e-05]
2026-09-28 20:24:36 | src.data.dataset_generator     | INFO   | split 'train': 14 files generated, 7500 symbols per combination (combos=14)
2026-09-28 20:24:36 | src.data.dataset_generator     | INFO   | saved data/raw/beb4a243/val_snr-5_echo3.npz: 5000 symbols, x shape=(5000, 100), tau in [1, 33], f_d in [1.999e-08, 8.000e-05]
2026-09-28 20:24:36 | src.data.dataset_generator     | INFO   | saved data/raw/beb4a243/val_snr-3_echo3.npz: 5000 symbols, x shape=(5000, 100), tau in [1, 33], f_d in [9.208e-09, 7.999e-05]
2026-09-28 20:24:37 | src.data.dataset_generator     | INFO   | saved data/raw/beb4a243/val_snr-1_echo3.npz: 5000 symbols, x shape=(5000, 100), tau in [1, 33], f_d in [9.319e-10, 8.000e-05]
2026-09-28 20:24:37 | src.data.dataset_generator     | INFO   | saved data/raw/beb4a243/val_snr1_echo3.npz: 5000 symbols, x shape=(5000, 100), tau in [1, 33], f_d in [3.260e-09, 7.991e-05]
2026-09-28 20:24:37 | src.data.dataset_generator     | INFO   | saved data/raw/beb4a243/val_snr3_echo3.npz: 5000 symbols, x shape=(5000, 100), tau in [1, 33], f_d in [1.621e-08, 7.998e-05]
2026-09-28 20:24:38 | src.data.dataset_generator     | INFO   | saved data/raw/beb4a243/val_snr5_echo3.npz: 5000 symbols, x shape=(5000, 100), tau in [1, 33], f_d in [1.406e-09, 8.000e-05]
2026-09-28 20:24:38 | src.data.dataset_generator     | INFO   | saved data/raw/beb4a243/val_snr7_echo3.npz: 5000 symbols, x shape=(5000, 100), tau in [1, 33], f_d in [6.021e-08, 7.999e-05]
2026-09-28 20:24:38 | src.data.dataset_generator     | INFO   | saved data/raw/beb4a243/val_snr9_echo3.npz: 5000 symbols, x shape=(5000, 100), tau in [1, 33], f_d in [4.812e-09, 8.000e-05]
2026-09-28 20:24:39 | src.data.dataset_generator     | INFO   | saved data/raw/beb4a243/val_snr11_echo3.npz: 5000 symbols, x shape=(5000, 100), tau in [1, 33], f_d in [3.124e-09, 7.998e-05]
2026-09-28 20:24:39 | src.data.dataset_generator     | INFO   | saved data/raw/beb4a243/val_snr13_echo3.npz: 5000 symbols, x shape=(5000, 100), tau in [1, 33], f_d in [2.243e-08, 7.999e-05]
2026-09-28 20:24:40 | src.data.dataset_generator     | INFO   | saved data/raw/beb4a243/val_snr15_echo3.npz: 5000 symbols, x shape=(5000, 100), tau in [1, 33], f_d in [1.167e-08, 8.000e-05]
2026-09-28 20:24:40 | src.data.dataset_generator     | INFO   | saved data/raw/beb4a243/val_snr17_echo3.npz: 5000 symbols, x shape=(5000, 100), tau in [1, 33], f_d in [1.401e-08, 7.999e-05]
2026-09-28 20:24:41 | src.data.dataset_generator     | INFO   | saved data/raw/beb4a243/val_snr19_echo3.npz: 5000 symbols, x shape=(5000, 100), tau in [1, 33], f_d in [2.679e-08, 7.999e-05]
2026-09-28 20:24:41 | src.data.dataset_generator     | INFO   | saved data/raw/beb4a243/val_snr21_echo3.npz: 5000 symbols, x shape=(5000, 100), tau in [1, 33], f_d in [1.340e-08, 7.998e-05]
2026-09-28 20:24:41 | src.data.dataset_generator     | INFO   | split 'val': 14 files generated, 5000 symbols per combination (combos=14)
2026-09-28 20:24:43 | src.data.dataset_generator     | INFO   | saved data/raw/beb4a243/test_snr-5_echo3.npz: 20000 symbols, x shape=(20000, 100), tau in [1, 33], f_d in [3.654e-09, 8.000e-05]
2026-09-28 20:24:45 | src.data.dataset_generator     | INFO   | saved data/raw/beb4a243/test_snr-3_echo3.npz: 20000 symbols, x shape=(20000, 100), tau in [1, 33], f_d in [7.431e-10, 7.999e-05]
2026-09-28 20:24:46 | src.data.dataset_generator     | INFO   | saved data/raw/beb4a243/test_snr-1_echo3.npz: 20000 symbols, x shape=(20000, 100), tau in [1, 33], f_d in [3.074e-09, 8.000e-05]
2026-09-28 20:24:48 | src.data.dataset_generator     | INFO   | saved data/raw/beb4a243/test_snr1_echo3.npz: 20000 symbols, x shape=(20000, 100), tau in [1, 33], f_d in [4.446e-09, 8.000e-05]
2026-09-28 20:24:49 | src.data.dataset_generator     | INFO   | saved data/raw/beb4a243/test_snr3_echo3.npz: 20000 symbols, x shape=(20000, 100), tau in [1, 33], f_d in [6.713e-10, 8.000e-05]
2026-09-28 20:24:50 | src.data.dataset_generator     | INFO   | saved data/raw/beb4a243/test_snr5_echo3.npz: 20000 symbols, x shape=(20000, 100), tau in [1, 33], f_d in [3.631e-09, 7.999e-05]
2026-09-28 20:24:52 | src.data.dataset_generator     | INFO   | saved data/raw/beb4a243/test_snr7_echo3.npz: 20000 symbols, x shape=(20000, 100), tau in [1, 33], f_d in [1.594e-09, 7.999e-05]
2026-09-28 20:24:53 | src.data.dataset_generator     | INFO   | saved data/raw/beb4a243/test_snr9_echo3.npz: 20000 symbols, x shape=(20000, 100), tau in [1, 33], f_d in [4.142e-09, 8.000e-05]
2026-09-28 20:24:55 | src.data.dataset_generator     | INFO   | saved data/raw/beb4a243/test_snr11_echo3.npz: 20000 symbols, x shape=(20000, 100), tau in [1, 33], f_d in [1.007e-08, 7.999e-05]
2026-09-28 20:24:57 | src.data.dataset_generator     | INFO   | saved data/raw/beb4a243/test_snr13_echo3.npz: 20000 symbols, x shape=(20000, 100), tau in [1, 33], f_d in [1.064e-09, 8.000e-05]
2026-09-28 20:24:59 | src.data.dataset_generator     | INFO   | saved data/raw/beb4a243/test_snr15_echo3.npz: 20000 symbols, x shape=(20000, 100), tau in [1, 33], f_d in [8.955e-10, 7.999e-05]
2026-09-28 20:25:00 | src.data.dataset_generator     | INFO   | saved data/raw/beb4a243/test_snr17_echo3.npz: 20000 symbols, x shape=(20000, 100), tau in [1, 33], f_d in [4.564e-09, 8.000e-05]
2026-09-28 20:25:01 | src.data.dataset_generator     | INFO   | saved data/raw/beb4a243/test_snr19_echo3.npz: 20000 symbols, x shape=(20000, 100), tau in [1, 33], f_d in [1.161e-08, 8.000e-05]
2026-09-28 20:25:03 | src.data.dataset_generator     | INFO   | saved data/raw/beb4a243/test_snr21_echo3.npz: 20000 symbols, x shape=(20000, 100), tau in [1, 33], f_d in [1.673e-09, 7.999e-05]
2026-09-28 20:25:03 | src.data.dataset_generator     | INFO   | split 'test': 14 files generated, 20000 symbols per combination (combos=14)
2026-09-28 20:25:03 | src.data.data_loader           | INFO   | split 'train': 105000 total samples, x shape=(105000, 100), tau in [1.00, 33.00], f_d in [2.503e-10, 8.000e-05]
2026-09-28 20:25:03 | src.data.data_loader           | INFO   | balancing verified: 7500 samples for each of the 14 (SNR, K) combinations
2026-09-28 20:25:19 | src.experiments.pipeline       | INFO   | Split 'train': 105000 samples
2026-09-28 20:25:19 | src.data.data_loader           | INFO   | split 'val': 70000 total samples, x shape=(70000, 100), tau in [1.00, 33.00], f_d in [9.319e-10, 8.000e-05]
2026-09-28 20:25:19 | src.data.data_loader           | INFO   | balancing verified: 5000 samples for each of the 14 (SNR, K) combinations
2026-09-28 20:25:30 | src.experiments.pipeline       | INFO   | Split 'val': 70000 samples
2026-09-28 20:25:31 | src.data.data_loader           | INFO   | dataset built: n=105000, batch_size=128, feature_mode=iq, shuffle=True, seed=42
2026-09-28 20:25:31 | src.data.data_loader           | INFO   | dataset built: n=70000, batch_size=128, feature_mode=iq, shuffle=False, seed=42
2026-09-28 20:25:31 | __main__                       | INFO   | Architecture: mc_dlsk
2026-09-28 20:25:31 | src.experiments.pipeline       | INFO   | build_model 'mc_dlsk': model seed applied = 24 (from model.seeds.mc_dlsk, dataset seed stays 42)
2026-09-28 20:25:31 | src.models.baselines           | WARNING | baselines.mc_dlsk: 2*units[-1]=100 != v contract in R^64: adding Dense(64) projection before the shared heads
2026-09-28 20:25:32 | src.models.heads               | INFO   | communication_head built: input_dim=64, units=128, M=2, params=8578
2026-09-28 20:25:32 | src.models.heads               | INFO   | sensing_head built: input_dim=264, units=32, output_units=2, params=8546
2026-09-28 20:25:32 | src.models.baselines           | INFO   | model 'mc_dlsk_baseline' built: backbone=27664 params, comm=8578 params, sensing=8546 params, TOTAL=44788 params
2026-09-28 20:25:32 | src.models.baselines           | INFO   | baseline 'mc_dlsk' built: input=(None, 100, 3), output=['comm', 'sensing'], params=44788
2026-09-28 20:25:32 | src.experiments.pipeline       | INFO   | Model 'mc_dlsk_baseline' built: 44788 trainable parameters.
2026-09-28 20:25:32 | src.experiments.pipeline       | INFO   | Training for 30 epochs, lambda_mse=2.0000
2026-09-28 20:25:32 | src.training.trainer           | INFO   | Sensing component weights: delay=1.000, f_doppler=1.000
2026-09-28 20:25:32 | src.training.trainer           | INFO   | Trainer initialized: lambda_mse = 2.0
2026-09-28 20:25:33 | src.training.trainer           | INFO   | Model compiled: loss_weights = {'comm': 1.0, 'sensing': 2}, lr=0.001000, optimizer=adam, label_smoothing=0.1, lr_schedule=cosine, sensing_range_penalty=1.0, sensing_component_weights=[1.0, 1.0]
2026-09-28 20:25:33 | src.training.trainer           | INFO   | Callbacks configured: 5
2026-09-28 20:25:33 | src.training.trainer           | INFO   | Starting training: epochs=30, batch_size=128
2026-09-28 20:38:04 | src.training.trainer           | INFO   | History saved to /content/drive/MyDrive/DHUC_RUN/mc_dlsk/full/ber_vs_snr/iod_peers/mc_dlsk/logs/history.csv
2026-09-28 20:38:04 | src.training.trainer           | INFO   | Metadata saved to /content/drive/MyDrive/DHUC_RUN/mc_dlsk/full/ber_vs_snr/iod_peers/mc_dlsk/logs/run_metadata.json
2026-09-28 20:38:04 | src.training.trainer           | INFO   | Training completed in 30 epochs. Best val_loss = 0.366710, best loss = 0.360459
2026-09-28 20:38:05 | src.training.trainer           | INFO   | Best weights reloaded from /content/drive/MyDrive/DHUC_RUN/mc_dlsk/full/ber_vs_snr/iod_peers/mc_dlsk/logs/best_weights.weights.h5 before evaluation/saving
2026-09-28 20:38:05 | src.evaluation.evaluator       | INFO   | ONLINE evaluation over 14 SNR points (batch=100000, max_symbols=2000000, floor BER=2.5e-07)
2026-09-28 20:38:25 | src.evaluation.evaluator       | WARNING | SNR=-5.0 dB: 90/200000 sensing elements outside [0,1] (min=-0.4451, max=1.6850) -> clamped
2026-09-28 20:38:44 | src.evaluation.evaluator       | WARNING | SNR=-3.0 dB: 65/200000 sensing elements outside [0,1] (min=-0.0651, max=1.3482) -> clamped
2026-09-28 20:39:02 | src.evaluation.evaluator       | WARNING | SNR=-1.0 dB: 77/200000 sensing elements outside [0,1] (min=-0.1439, max=1.3067) -> clamped
2026-09-28 20:39:21 | src.evaluation.evaluator       | WARNING | SNR=1.0 dB: 96/200000 sensing elements outside [0,1] (min=-0.1065, max=1.4275) -> clamped
2026-09-28 20:39:39 | src.evaluation.evaluator       | WARNING | SNR=3.0 dB: 154/200000 sensing elements outside [0,1] (min=-0.0579, max=1.3664) -> clamped
2026-09-28 20:39:58 | src.evaluation.evaluator       | WARNING | SNR=5.0 dB: 247/200000 sensing elements outside [0,1] (min=-0.0145, max=1.3714) -> clamped
2026-09-28 20:40:16 | src.evaluation.evaluator       | WARNING | SNR=7.0 dB: 327/200000 sensing elements outside [0,1] (min=-0.0354, max=1.4349) -> clamped
2026-09-28 20:40:34 | src.evaluation.evaluator       | WARNING | SNR=9.0 dB: 412/200000 sensing elements outside [0,1] (min=-0.0573, max=1.3604) -> clamped
2026-09-28 20:41:11 | src.evaluation.evaluator       | WARNING | SNR=11.0 dB: 1019/400000 sensing elements outside [0,1] (min=-0.0696, max=1.6902) -> clamped
2026-09-28 20:41:29 | src.evaluation.evaluator       | WARNING | SNR=13.0 dB: 597/200000 sensing elements outside [0,1] (min=-0.1191, max=1.2936) -> clamped
2026-09-28 20:42:06 | src.evaluation.evaluator       | WARNING | SNR=15.0 dB: 1303/400000 sensing elements outside [0,1] (min=-0.0709, max=1.3699) -> clamped
2026-09-28 20:42:24 | src.evaluation.evaluator       | WARNING | SNR=17.0 dB: 704/200000 sensing elements outside [0,1] (min=-0.1853, max=1.3672) -> clamped
2026-09-28 20:43:01 | src.evaluation.evaluator       | WARNING | SNR=19.0 dB: 1580/400000 sensing elements outside [0,1] (min=-0.1353, max=1.4241) -> clamped
2026-09-28 20:43:38 | src.evaluation.evaluator       | WARNING | SNR=21.0 dB: 1539/400000 sensing elements outside [0,1] (min=-0.1840, max=1.5609) -> clamped
2026-09-28 20:43:38 | src.evaluation.evaluator       | INFO   | Online evaluation completed for 14 SNR points
2026-09-28 20:43:38 | src.experiments.pipeline       | INFO   | Metrics saved to /content/drive/MyDrive/DHUC_RUN/mc_dlsk/full/ber_vs_snr/iod_peers/mc_dlsk/metrics.csv
2026-09-28 20:43:38 | src.evaluation.evaluator       | INFO   | BER plot saved to /content/drive/MyDrive/DHUC_RUN/mc_dlsk/full/ber_vs_snr/iod_peers/mc_dlsk/plots/ber_vs_snr_mc_dlsk_baseline.pdf
2026-09-28 20:43:38 | src.experiments.pipeline       | INFO   | BER vs SNR plot saved to /content/drive/MyDrive/DHUC_RUN/mc_dlsk/full/ber_vs_snr/iod_peers/mc_dlsk/plots/ber_vs_snr_mc_dlsk_baseline.pdf
2026-09-28 20:43:38 | src.experiments.pipeline       | INFO   | Model saved to /content/drive/MyDrive/DHUC_RUN/mc_dlsk/full/ber_vs_snr/iod_peers/mc_dlsk/best_model.keras
2026-09-28 20:43:39 | src.utils.config_loader        | INFO   | config snapshot saved: /content/drive/MyDrive/DHUC_RUN/mc_dlsk/full/ber_vs_snr/iod_peers/mc_dlsk/logs/config_used.yaml
2026-09-28 20:43:39 | __main__                       | INFO   | RSS [ber_vs_snr iod_peers/mc_dlsk] = 2.72 GB
2026-09-28 20:43:40 | src.evaluation.compare_baselines | INFO   | BER plot saved to /content/drive/MyDrive/DHUC_RUN/mc_dlsk/full/ber_vs_snr/plots/ber_vs_snr_iod_peers.pdf
2026-09-28 20:43:40 | src.experiments.pipeline       | INFO   | Overlay saved to /content/drive/MyDrive/DHUC_RUN/mc_dlsk/full/ber_vs_snr/plots/ber_vs_snr_iod_peers.pdf
2026-09-28 20:43:41 | __main__                       | INFO   | RSS [ber_vs_snr iod_peers scenario done] = 2.34 GB
2026-09-28 20:43:41 | __main__                       | INFO   | ber_vs_snr experiment completed.
2026-09-28 20:43:41 | __main__                       | INFO   | Experiment ber_vs_snr completed successfully.
2026-09-28 20:43:41 | __main__                       | INFO   | ================================================================================
2026-09-28 20:43:41 | __main__                       | INFO   | SUMMARY
2026-09-28 20:43:41 | __main__                       | INFO   | ================================================================================
2026-09-28 20:43:41 | __main__                       | INFO   | ber_vs_snr: OK
2026-09-28 20:43:41 | __main__                       | INFO   | All requested experiments finished. Output in: /content/drive/MyDrive/DHUC_RUN/mc_dlsk
2026-09-28 20:43:50 | root                           | INFO   | Logging configured: file=/content/drive/MyDrive/DHUC_RUN/mc_dlsk/full/logs/runner.log level=INFO
2026-09-28 20:43:50 | __main__                       | INFO   | Mode: full
2026-09-28 20:43:50 | __main__                       | INFO   | Run root: /content/drive/MyDrive/DHUC_RUN/mc_dlsk/full
2026-09-28 20:43:50 | __main__                       | INFO   | Models: mc_dlsk
2026-09-28 20:43:50 | __main__                       | INFO   | No dataset regeneration: False
2026-09-28 20:43:50 | __main__                       | INFO   | ================================================================================
2026-09-28 20:43:50 | __main__                       | INFO   | EXPERIMENT jamming
2026-09-28 20:43:50 | __main__                       | INFO   | ================================================================================
2026-09-28 20:43:50 | __main__                       | INFO   | experiment_name = jamming_full
2026-09-28 20:43:50 | __main__                       | INFO   | seed = 42
2026-09-28 20:43:50 | __main__                       | INFO   | lambda_mse = 2
2026-09-28 20:43:50 | __main__                       | INFO   | sequence_length = 100
2026-09-28 20:43:50 | __main__                       | INFO   | map_type = logistic / map_param = 3.9
2026-09-28 20:43:50 | __main__                       | INFO   | backbone_type = mc_dlsk
2026-09-28 20:43:50 | __main__                       | INFO   | epochs = 30
2026-09-28 20:43:50 | src.utils.config_loader        | INFO   | config snapshot saved: /content/drive/MyDrive/DHUC_RUN/mc_dlsk/full/jamming/logs/config_used.yaml
2026-09-28 20:43:50 | __main__                       | INFO   | ============================================================
2026-09-28 20:43:50 | __main__                       | INFO   | Experiment jamming: jamming robustness + explainability
2026-09-28 20:43:50 | __main__                       | INFO   | ============================================================
2026-09-28 20:43:50 | __main__                       | INFO   | jamming: --model=mc_dlsk -> models filtered to: ['mc_dlsk']
2026-09-28 20:43:50 | __main__                       | INFO   | Models to test: ['mc_dlsk']
2026-09-28 20:43:50 | src.experiments.pipeline       | INFO   | Dataset not found in data/raw/d1f4aa61, generating...
2026-09-28 20:43:50 | src.data.dataset_generator     | INFO   | saved data/raw/d1f4aa61/train_snr-5_echo1.npz: 3750 symbols, x shape=(3750, 100), tau in [1, 33], f_d in [3.795e-10, 7.998e-05]
2026-09-28 20:43:51 | src.data.dataset_generator     | INFO   | saved data/raw/d1f4aa61/train_snr-5_echo3.npz: 3750 symbols, x shape=(3750, 100), tau in [1, 33], f_d in [8.168e-09, 7.999e-05]
2026-09-28 20:43:51 | src.data.dataset_generator     | INFO   | saved data/raw/d1f4aa61/train_snr-3_echo1.npz: 3750 symbols, x shape=(3750, 100), tau in [1, 33], f_d in [3.435e-09, 7.996e-05]
2026-09-28 20:43:51 | src.data.dataset_generator     | INFO   | saved data/raw/d1f4aa61/train_snr-3_echo3.npz: 3750 symbols, x shape=(3750, 100), tau in [1, 33], f_d in [2.401e-08, 7.998e-05]
2026-09-28 20:43:52 | src.data.dataset_generator     | INFO   | saved data/raw/d1f4aa61/train_snr-1_echo1.npz: 3750 symbols, x shape=(3750, 100), tau in [1, 33], f_d in [2.142e-09, 8.000e-05]
2026-09-28 20:43:52 | src.data.dataset_generator     | INFO   | saved data/raw/d1f4aa61/train_snr-1_echo3.npz: 3750 symbols, x shape=(3750, 100), tau in [1, 33], f_d in [7.802e-09, 8.000e-05]
2026-09-28 20:43:52 | src.data.dataset_generator     | INFO   | saved data/raw/d1f4aa61/train_snr1_echo1.npz: 3750 symbols, x shape=(3750, 100), tau in [1, 33], f_d in [3.942e-09, 7.999e-05]
2026-09-28 20:43:52 | src.data.dataset_generator     | INFO   | saved data/raw/d1f4aa61/train_snr1_echo3.npz: 3750 symbols, x shape=(3750, 100), tau in [1, 33], f_d in [3.859e-08, 7.999e-05]
2026-09-28 20:43:53 | src.data.dataset_generator     | INFO   | saved data/raw/d1f4aa61/train_snr3_echo1.npz: 3750 symbols, x shape=(3750, 100), tau in [1, 33], f_d in [7.464e-09, 7.997e-05]
2026-09-28 20:43:53 | src.data.dataset_generator     | INFO   | saved data/raw/d1f4aa61/train_snr3_echo3.npz: 3750 symbols, x shape=(3750, 100), tau in [1, 33], f_d in [2.724e-09, 7.999e-05]
2026-09-28 20:43:53 | src.data.dataset_generator     | INFO   | saved data/raw/d1f4aa61/train_snr5_echo1.npz: 3750 symbols, x shape=(3750, 100), tau in [1, 33], f_d in [9.249e-08, 8.000e-05]
2026-09-28 20:43:53 | src.data.dataset_generator     | INFO   | saved data/raw/d1f4aa61/train_snr5_echo3.npz: 3750 symbols, x shape=(3750, 100), tau in [1, 33], f_d in [1.880e-08, 8.000e-05]
2026-09-28 20:43:54 | src.data.dataset_generator     | INFO   | saved data/raw/d1f4aa61/train_snr7_echo1.npz: 3750 symbols, x shape=(3750, 100), tau in [1, 33], f_d in [1.089e-08, 7.998e-05]
2026-09-28 20:43:54 | src.data.dataset_generator     | INFO   | saved data/raw/d1f4aa61/train_snr7_echo3.npz: 3750 symbols, x shape=(3750, 100), tau in [1, 33], f_d in [8.283e-09, 7.999e-05]
2026-09-28 20:43:54 | src.data.dataset_generator     | INFO   | saved data/raw/d1f4aa61/train_snr9_echo1.npz: 3750 symbols, x shape=(3750, 100), tau in [1, 33], f_d in [1.458e-08, 7.997e-05]
2026-09-28 20:43:54 | src.data.dataset_generator     | INFO   | saved data/raw/d1f4aa61/train_snr9_echo3.npz: 3750 symbols, x shape=(3750, 100), tau in [1, 33], f_d in [7.954e-09, 7.997e-05]
2026-09-28 20:43:54 | src.data.dataset_generator     | INFO   | saved data/raw/d1f4aa61/train_snr11_echo1.npz: 3750 symbols, x shape=(3750, 100), tau in [1, 33], f_d in [6.483e-09, 7.999e-05]
2026-09-28 20:43:55 | src.data.dataset_generator     | INFO   | saved data/raw/d1f4aa61/train_snr11_echo3.npz: 3750 symbols, x shape=(3750, 100), tau in [1, 33], f_d in [3.231e-08, 8.000e-05]
2026-09-28 20:43:55 | src.data.dataset_generator     | INFO   | saved data/raw/d1f4aa61/train_snr13_echo1.npz: 3750 symbols, x shape=(3750, 100), tau in [1, 33], f_d in [2.780e-08, 7.997e-05]
2026-09-28 20:43:55 | src.data.dataset_generator     | INFO   | saved data/raw/d1f4aa61/train_snr13_echo3.npz: 3750 symbols, x shape=(3750, 100), tau in [1, 33], f_d in [6.069e-09, 7.999e-05]
2026-09-28 20:43:55 | src.data.dataset_generator     | INFO   | saved data/raw/d1f4aa61/train_snr15_echo1.npz: 3750 symbols, x shape=(3750, 100), tau in [1, 33], f_d in [5.738e-09, 7.998e-05]
2026-09-28 20:43:55 | src.data.dataset_generator     | INFO   | saved data/raw/d1f4aa61/train_snr15_echo3.npz: 3750 symbols, x shape=(3750, 100), tau in [1, 33], f_d in [4.044e-08, 7.997e-05]
2026-09-28 20:43:56 | src.data.dataset_generator     | INFO   | saved data/raw/d1f4aa61/train_snr17_echo1.npz: 3750 symbols, x shape=(3750, 100), tau in [1, 33], f_d in [6.484e-09, 7.995e-05]
2026-09-28 20:43:56 | src.data.dataset_generator     | INFO   | saved data/raw/d1f4aa61/train_snr17_echo3.npz: 3750 symbols, x shape=(3750, 100), tau in [1, 33], f_d in [3.281e-08, 7.998e-05]
2026-09-28 20:43:56 | src.data.dataset_generator     | INFO   | saved data/raw/d1f4aa61/train_snr19_echo1.npz: 3750 symbols, x shape=(3750, 100), tau in [1, 33], f_d in [7.303e-08, 8.000e-05]
2026-09-28 20:43:56 | src.data.dataset_generator     | INFO   | saved data/raw/d1f4aa61/train_snr19_echo3.npz: 3750 symbols, x shape=(3750, 100), tau in [1, 33], f_d in [3.687e-08, 7.996e-05]
2026-09-28 20:43:57 | src.data.dataset_generator     | INFO   | saved data/raw/d1f4aa61/train_snr21_echo1.npz: 3750 symbols, x shape=(3750, 100), tau in [1, 33], f_d in [9.642e-09, 7.998e-05]
2026-09-28 20:43:57 | src.data.dataset_generator     | INFO   | saved data/raw/d1f4aa61/train_snr21_echo3.npz: 3750 symbols, x shape=(3750, 100), tau in [1, 33], f_d in [8.610e-09, 7.998e-05]
2026-09-28 20:43:57 | src.data.dataset_generator     | INFO   | split 'train': 28 files generated, 3750 symbols per combination (combos=28)
2026-09-28 20:43:57 | src.data.dataset_generator     | INFO   | saved data/raw/d1f4aa61/val_snr-5_echo1.npz: 5000 symbols, x shape=(5000, 100), tau in [1, 33], f_d in [2.454e-08, 7.999e-05]
2026-09-28 20:43:57 | src.data.dataset_generator     | INFO   | saved data/raw/d1f4aa61/val_snr-5_echo3.npz: 5000 symbols, x shape=(5000, 100), tau in [1, 33], f_d in [9.208e-09, 7.999e-05]
2026-09-28 20:43:58 | src.data.dataset_generator     | INFO   | saved data/raw/d1f4aa61/val_snr-3_echo1.npz: 5000 symbols, x shape=(5000, 100), tau in [1, 33], f_d in [2.573e-10, 8.000e-05]
2026-09-28 20:43:58 | src.data.dataset_generator     | INFO   | saved data/raw/d1f4aa61/val_snr-3_echo3.npz: 5000 symbols, x shape=(5000, 100), tau in [1, 33], f_d in [3.260e-09, 7.991e-05]
2026-09-28 20:43:58 | src.data.dataset_generator     | INFO   | saved data/raw/d1f4aa61/val_snr-1_echo1.npz: 5000 symbols, x shape=(5000, 100), tau in [1, 33], f_d in [2.391e-08, 7.994e-05]
2026-09-28 20:43:58 | src.data.dataset_generator     | INFO   | saved data/raw/d1f4aa61/val_snr-1_echo3.npz: 5000 symbols, x shape=(5000, 100), tau in [1, 33], f_d in [1.406e-09, 8.000e-05]
2026-09-28 20:43:59 | src.data.dataset_generator     | INFO   | saved data/raw/d1f4aa61/val_snr1_echo1.npz: 5000 symbols, x shape=(5000, 100), tau in [1, 33], f_d in [4.595e-10, 7.997e-05]
2026-09-28 20:43:59 | src.data.dataset_generator     | INFO   | saved data/raw/d1f4aa61/val_snr1_echo3.npz: 5000 symbols, x shape=(5000, 100), tau in [1, 33], f_d in [4.812e-09, 8.000e-05]
2026-09-28 20:43:59 | src.data.dataset_generator     | INFO   | saved data/raw/d1f4aa61/val_snr3_echo1.npz: 5000 symbols, x shape=(5000, 100), tau in [1, 33], f_d in [3.124e-09, 8.000e-05]
2026-09-28 20:43:59 | src.data.dataset_generator     | INFO   | saved data/raw/d1f4aa61/val_snr3_echo3.npz: 5000 symbols, x shape=(5000, 100), tau in [1, 33], f_d in [2.243e-08, 7.999e-05]
2026-09-28 20:44:00 | src.data.dataset_generator     | INFO   | saved data/raw/d1f4aa61/val_snr5_echo1.npz: 5000 symbols, x shape=(5000, 100), tau in [1, 33], f_d in [1.013e-08, 7.999e-05]
2026-09-28 20:44:00 | src.data.dataset_generator     | INFO   | saved data/raw/d1f4aa61/val_snr5_echo3.npz: 5000 symbols, x shape=(5000, 100), tau in [1, 33], f_d in [1.401e-08, 7.999e-05]
2026-09-28 20:44:00 | src.data.dataset_generator     | INFO   | saved data/raw/d1f4aa61/val_snr7_echo1.npz: 5000 symbols, x shape=(5000, 100), tau in [1, 33], f_d in [2.254e-08, 7.998e-05]
2026-09-28 20:44:01 | src.data.dataset_generator     | INFO   | saved data/raw/d1f4aa61/val_snr7_echo3.npz: 5000 symbols, x shape=(5000, 100), tau in [1, 33], f_d in [1.340e-08, 7.998e-05]
2026-09-28 20:44:01 | src.data.dataset_generator     | INFO   | saved data/raw/d1f4aa61/val_snr9_echo1.npz: 5000 symbols, x shape=(5000, 100), tau in [1, 33], f_d in [9.315e-09, 7.998e-05]
2026-09-28 20:44:01 | src.data.dataset_generator     | INFO   | saved data/raw/d1f4aa61/val_snr9_echo3.npz: 5000 symbols, x shape=(5000, 100), tau in [1, 33], f_d in [3.424e-09, 8.000e-05]
2026-09-28 20:44:01 | src.data.dataset_generator     | INFO   | saved data/raw/d1f4aa61/val_snr11_echo1.npz: 5000 symbols, x shape=(5000, 100), tau in [1, 33], f_d in [1.285e-11, 7.999e-05]
2026-09-28 20:44:02 | src.data.dataset_generator     | INFO   | saved data/raw/d1f4aa61/val_snr11_echo3.npz: 5000 symbols, x shape=(5000, 100), tau in [1, 33], f_d in [1.710e-08, 8.000e-05]
2026-09-28 20:44:02 | src.data.dataset_generator     | INFO   | saved data/raw/d1f4aa61/val_snr13_echo1.npz: 5000 symbols, x shape=(5000, 100), tau in [1, 33], f_d in [9.832e-09, 7.998e-05]
2026-09-28 20:44:02 | src.data.dataset_generator     | INFO   | saved data/raw/d1f4aa61/val_snr13_echo3.npz: 5000 symbols, x shape=(5000, 100), tau in [1, 33], f_d in [7.625e-10, 7.998e-05]
2026-09-28 20:44:02 | src.data.dataset_generator     | INFO   | saved data/raw/d1f4aa61/val_snr15_echo1.npz: 5000 symbols, x shape=(5000, 100), tau in [1, 33], f_d in [1.984e-08, 7.999e-05]
2026-09-28 20:44:03 | src.data.dataset_generator     | INFO   | saved data/raw/d1f4aa61/val_snr15_echo3.npz: 5000 symbols, x shape=(5000, 100), tau in [1, 33], f_d in [1.115e-08, 7.998e-05]
2026-09-28 20:44:03 | src.data.dataset_generator     | INFO   | saved data/raw/d1f4aa61/val_snr17_echo1.npz: 5000 symbols, x shape=(5000, 100), tau in [1, 33], f_d in [3.878e-09, 8.000e-05]
2026-09-28 20:44:03 | src.data.dataset_generator     | INFO   | saved data/raw/d1f4aa61/val_snr17_echo3.npz: 5000 symbols, x shape=(5000, 100), tau in [1, 33], f_d in [8.004e-09, 7.997e-05]
2026-09-28 20:44:04 | src.data.dataset_generator     | INFO   | saved data/raw/d1f4aa61/val_snr19_echo1.npz: 5000 symbols, x shape=(5000, 100), tau in [1, 33], f_d in [2.621e-08, 7.999e-05]
2026-09-28 20:44:04 | src.data.dataset_generator     | INFO   | saved data/raw/d1f4aa61/val_snr19_echo3.npz: 5000 symbols, x shape=(5000, 100), tau in [1, 33], f_d in [8.752e-09, 8.000e-05]
2026-09-28 20:44:05 | src.data.dataset_generator     | INFO   | saved data/raw/d1f4aa61/val_snr21_echo1.npz: 5000 symbols, x shape=(5000, 100), tau in [1, 33], f_d in [2.638e-09, 7.996e-05]
2026-09-28 20:44:05 | src.data.dataset_generator     | INFO   | saved data/raw/d1f4aa61/val_snr21_echo3.npz: 5000 symbols, x shape=(5000, 100), tau in [1, 33], f_d in [5.689e-08, 8.000e-05]
2026-09-28 20:44:05 | src.data.dataset_generator     | INFO   | split 'val': 28 files generated, 5000 symbols per combination (combos=28)
2026-09-28 20:44:07 | src.data.dataset_generator     | INFO   | saved data/raw/d1f4aa61/test_snr-5_echo1.npz: 20000 symbols, x shape=(20000, 100), tau in [1, 33], f_d in [5.907e-09, 7.999e-05]
2026-09-28 20:44:08 | src.data.dataset_generator     | INFO   | saved data/raw/d1f4aa61/test_snr-5_echo3.npz: 20000 symbols, x shape=(20000, 100), tau in [1, 33], f_d in [7.431e-10, 7.999e-05]
2026-09-28 20:44:09 | src.data.dataset_generator     | INFO   | saved data/raw/d1f4aa61/test_snr-3_echo1.npz: 20000 symbols, x shape=(20000, 100), tau in [1, 33], f_d in [3.074e-09, 8.000e-05]
2026-09-28 20:44:10 | src.data.dataset_generator     | INFO   | saved data/raw/d1f4aa61/test_snr-3_echo3.npz: 20000 symbols, x shape=(20000, 100), tau in [1, 33], f_d in [4.446e-09, 8.000e-05]
2026-09-28 20:44:11 | src.data.dataset_generator     | INFO   | saved data/raw/d1f4aa61/test_snr-1_echo1.npz: 20000 symbols, x shape=(20000, 100), tau in [1, 33], f_d in [6.471e-09, 7.999e-05]
2026-09-28 20:44:12 | src.data.dataset_generator     | INFO   | saved data/raw/d1f4aa61/test_snr-1_echo3.npz: 20000 symbols, x shape=(20000, 100), tau in [1, 33], f_d in [3.631e-09, 7.999e-05]
2026-09-28 20:44:13 | src.data.dataset_generator     | INFO   | saved data/raw/d1f4aa61/test_snr1_echo1.npz: 20000 symbols, x shape=(20000, 100), tau in [1, 33], f_d in [8.244e-09, 7.997e-05]
2026-09-28 20:44:14 | src.data.dataset_generator     | INFO   | saved data/raw/d1f4aa61/test_snr1_echo3.npz: 20000 symbols, x shape=(20000, 100), tau in [1, 33], f_d in [4.142e-09, 8.000e-05]
2026-09-28 20:44:15 | src.data.dataset_generator     | INFO   | saved data/raw/d1f4aa61/test_snr3_echo1.npz: 20000 symbols, x shape=(20000, 100), tau in [1, 33], f_d in [4.338e-09, 7.999e-05]
2026-09-28 20:44:16 | src.data.dataset_generator     | INFO   | saved data/raw/d1f4aa61/test_snr3_echo3.npz: 20000 symbols, x shape=(20000, 100), tau in [1, 33], f_d in [1.064e-09, 8.000e-05]
2026-09-28 20:44:17 | src.data.dataset_generator     | INFO   | saved data/raw/d1f4aa61/test_snr5_echo1.npz: 20000 symbols, x shape=(20000, 100), tau in [1, 33], f_d in [8.955e-10, 7.999e-05]
2026-09-28 20:44:19 | src.data.dataset_generator     | INFO   | saved data/raw/d1f4aa61/test_snr5_echo3.npz: 20000 symbols, x shape=(20000, 100), tau in [1, 33], f_d in [4.564e-09, 8.000e-05]
2026-09-28 20:44:21 | src.data.dataset_generator     | INFO   | saved data/raw/d1f4aa61/test_snr7_echo1.npz: 20000 symbols, x shape=(20000, 100), tau in [1, 33], f_d in [8.022e-09, 8.000e-05]
2026-09-28 20:44:22 | src.data.dataset_generator     | INFO   | saved data/raw/d1f4aa61/test_snr7_echo3.npz: 20000 symbols, x shape=(20000, 100), tau in [1, 33], f_d in [1.673e-09, 7.999e-05]
2026-09-28 20:44:23 | src.data.dataset_generator     | INFO   | saved data/raw/d1f4aa61/test_snr9_echo1.npz: 20000 symbols, x shape=(20000, 100), tau in [1, 33], f_d in [2.774e-09, 8.000e-05]
2026-09-28 20:44:24 | src.data.dataset_generator     | INFO   | saved data/raw/d1f4aa61/test_snr9_echo3.npz: 20000 symbols, x shape=(20000, 100), tau in [1, 33], f_d in [1.520e-10, 8.000e-05]
2026-09-28 20:44:25 | src.data.dataset_generator     | INFO   | saved data/raw/d1f4aa61/test_snr11_echo1.npz: 20000 symbols, x shape=(20000, 100), tau in [1, 33], f_d in [7.359e-09, 8.000e-05]
2026-09-28 20:44:26 | src.data.dataset_generator     | INFO   | saved data/raw/d1f4aa61/test_snr11_echo3.npz: 20000 symbols, x shape=(20000, 100), tau in [1, 33], f_d in [7.119e-09, 8.000e-05]
2026-09-28 20:44:27 | src.data.dataset_generator     | INFO   | saved data/raw/d1f4aa61/test_snr13_echo1.npz: 20000 symbols, x shape=(20000, 100), tau in [1, 33], f_d in [6.121e-09, 7.999e-05]
2026-09-28 20:44:28 | src.data.dataset_generator     | INFO   | saved data/raw/d1f4aa61/test_snr13_echo3.npz: 20000 symbols, x shape=(20000, 100), tau in [1, 33], f_d in [8.292e-10, 7.999e-05]
2026-09-28 20:44:29 | src.data.dataset_generator     | INFO   | saved data/raw/d1f4aa61/test_snr15_echo1.npz: 20000 symbols, x shape=(20000, 100), tau in [1, 33], f_d in [1.449e-08, 7.999e-05]
2026-09-28 20:44:31 | src.data.dataset_generator     | INFO   | saved data/raw/d1f4aa61/test_snr15_echo3.npz: 20000 symbols, x shape=(20000, 100), tau in [1, 33], f_d in [5.225e-09, 8.000e-05]
2026-09-28 20:44:32 | src.data.dataset_generator     | INFO   | saved data/raw/d1f4aa61/test_snr17_echo1.npz: 20000 symbols, x shape=(20000, 100), tau in [1, 33], f_d in [2.473e-09, 7.999e-05]
2026-09-28 20:44:33 | src.data.dataset_generator     | INFO   | saved data/raw/d1f4aa61/test_snr17_echo3.npz: 20000 symbols, x shape=(20000, 100), tau in [1, 33], f_d in [7.551e-09, 8.000e-05]
2026-09-28 20:44:35 | src.data.dataset_generator     | INFO   | saved data/raw/d1f4aa61/test_snr19_echo1.npz: 20000 symbols, x shape=(20000, 100), tau in [1, 33], f_d in [3.986e-09, 7.999e-05]
2026-09-28 20:44:36 | src.data.dataset_generator     | INFO   | saved data/raw/d1f4aa61/test_snr19_echo3.npz: 20000 symbols, x shape=(20000, 100), tau in [1, 33], f_d in [2.010e-09, 7.999e-05]
2026-09-28 20:44:37 | src.data.dataset_generator     | INFO   | saved data/raw/d1f4aa61/test_snr21_echo1.npz: 20000 symbols, x shape=(20000, 100), tau in [1, 33], f_d in [6.336e-09, 8.000e-05]
2026-09-28 20:44:38 | src.data.dataset_generator     | INFO   | saved data/raw/d1f4aa61/test_snr21_echo3.npz: 20000 symbols, x shape=(20000, 100), tau in [1, 33], f_d in [8.638e-09, 8.000e-05]
2026-09-28 20:44:38 | src.data.dataset_generator     | INFO   | split 'test': 28 files generated, 20000 symbols per combination (combos=28)
2026-09-28 20:44:41 | src.data.data_loader           | INFO   | split 'test': 560000 total samples, x shape=(560000, 100), tau in [1.00, 33.00], f_d in [1.520e-10, 8.000e-05]
2026-09-28 20:44:41 | src.data.data_loader           | INFO   | balancing verified: 20000 samples for each of the 28 (SNR, K) combinations
2026-09-28 20:46:04 | src.experiments.pipeline       | INFO   | Static test set loaded: 560000 samples
2026-09-28 20:46:04 | __main__                       | INFO   | ============================================================
2026-09-28 20:46:04 | __main__                       | INFO   | Model: mc_dlsk
2026-09-28 20:46:04 | __main__                       | INFO   | ============================================================
2026-09-28 20:46:04 | src.experiments.pipeline       | INFO   | Dataset already present in data/raw/d1f4aa61
2026-09-28 20:46:04 | src.data.data_loader           | INFO   | split 'train': 105000 total samples, x shape=(105000, 100), tau in [1.00, 33.00], f_d in [3.795e-10, 8.000e-05]
2026-09-28 20:46:04 | src.data.data_loader           | INFO   | balancing verified: 3750 samples for each of the 28 (SNR, K) combinations
2026-09-28 20:46:20 | src.experiments.pipeline       | INFO   | Split 'train': 105000 samples
2026-09-28 20:46:20 | src.data.data_loader           | INFO   | split 'val': 140000 total samples, x shape=(140000, 100), tau in [1.00, 33.00], f_d in [1.285e-11, 8.000e-05]
2026-09-28 20:46:20 | src.data.data_loader           | INFO   | balancing verified: 5000 samples for each of the 28 (SNR, K) combinations
2026-09-28 20:46:40 | src.experiments.pipeline       | INFO   | Split 'val': 140000 samples
2026-09-28 20:46:44 | src.data.data_loader           | INFO   | dataset built: n=105000, batch_size=128, feature_mode=iq, shuffle=True, seed=42
2026-09-28 20:46:45 | src.data.data_loader           | INFO   | dataset built: n=140000, batch_size=128, feature_mode=iq, shuffle=False, seed=42
2026-09-28 20:46:45 | src.experiments.pipeline       | INFO   | build_model 'mc_dlsk': model seed applied = 24 (from model.seeds.mc_dlsk, dataset seed stays 42)
2026-09-28 20:46:46 | src.models.baselines           | WARNING | baselines.mc_dlsk: 2*units[-1]=100 != v contract in R^64: adding Dense(64) projection before the shared heads
2026-09-28 20:46:47 | src.models.heads               | INFO   | communication_head built: input_dim=64, units=128, M=2, params=8578
2026-09-28 20:46:47 | src.models.heads               | INFO   | sensing_head built: input_dim=264, units=32, output_units=2, params=8546
2026-09-28 20:46:49 | src.models.baselines           | INFO   | model 'mc_dlsk_baseline' built: backbone=27664 params, comm=8578 params, sensing=8546 params, TOTAL=44788 params
2026-09-28 20:46:49 | src.models.baselines           | INFO   | baseline 'mc_dlsk' built: input=(None, 100, 3), output=['comm', 'sensing'], params=44788
2026-09-28 20:46:49 | src.experiments.pipeline       | INFO   | Model 'mc_dlsk_baseline' built: 44788 trainable parameters.
2026-09-28 20:46:49 | src.experiments.pipeline       | INFO   | Training for 30 epochs, lambda_mse=2.0000
2026-09-28 20:46:49 | src.training.trainer           | INFO   | Sensing component weights: delay=1.000, f_doppler=1.000
2026-09-28 20:46:49 | src.training.trainer           | INFO   | Trainer initialized: lambda_mse = 2.0
2026-09-28 20:46:49 | src.training.trainer           | INFO   | Model compiled: loss_weights = {'comm': 1.0, 'sensing': 2}, lr=0.001000, optimizer=adam, label_smoothing=0.1, lr_schedule=cosine, sensing_range_penalty=1.0, sensing_component_weights=[1.0, 1.0]
2026-09-28 20:46:50 | src.training.trainer           | INFO   | Callbacks configured: 5
2026-09-28 20:46:50 | src.training.trainer           | INFO   | Starting training: epochs=30, batch_size=128
2026-09-28 21:01:03 | src.training.trainer           | INFO   | History saved to /content/drive/MyDrive/DHUC_RUN/mc_dlsk/full/jamming/mc_dlsk/logs/history.csv
2026-09-28 21:01:03 | src.training.trainer           | INFO   | Metadata saved to /content/drive/MyDrive/DHUC_RUN/mc_dlsk/full/jamming/mc_dlsk/logs/run_metadata.json
2026-09-28 21:01:03 | src.training.trainer           | INFO   | Training completed in 30 epochs. Best val_loss = 0.337088, best loss = 0.330969
2026-09-28 21:01:04 | src.training.trainer           | INFO   | Best weights reloaded from /content/drive/MyDrive/DHUC_RUN/mc_dlsk/full/jamming/mc_dlsk/logs/best_weights.weights.h5 before evaluation/saving
2026-09-28 21:01:04 | src.evaluation.evaluator       | INFO   | ONLINE evaluation over 14 SNR points (batch=100000, max_symbols=2000000, floor BER=2.5e-07)
2026-09-28 21:01:19 | src.evaluation.evaluator       | WARNING | SNR=-5.0 dB: 49/200000 sensing elements outside [0,1] (min=-0.2087, max=1.1907) -> clamped
2026-09-28 21:01:34 | src.evaluation.evaluator       | WARNING | SNR=-3.0 dB: 25/200000 sensing elements outside [0,1] (min=-0.0626, max=1.1764) -> clamped
2026-09-28 21:01:49 | src.evaluation.evaluator       | WARNING | SNR=-1.0 dB: 27/200000 sensing elements outside [0,1] (min=-0.0944, max=1.1322) -> clamped
2026-09-28 21:02:04 | src.evaluation.evaluator       | WARNING | SNR=1.0 dB: 52/200000 sensing elements outside [0,1] (min=-0.0548, max=1.0793) -> clamped
2026-09-28 21:02:35 | src.evaluation.evaluator       | WARNING | SNR=3.0 dB: 311/400000 sensing elements outside [0,1] (min=-0.0600, max=1.2447) -> clamped
2026-09-28 21:03:23 | src.evaluation.evaluator       | WARNING | SNR=5.0 dB: 743/600000 sensing elements outside [0,1] (min=-0.0915, max=1.1417) -> clamped
2026-09-28 21:04:09 | src.evaluation.evaluator       | WARNING | SNR=7.0 dB: 1230/600000 sensing elements outside [0,1] (min=-0.0841, max=1.1353) -> clamped
2026-09-28 21:05:12 | src.evaluation.evaluator       | WARNING | SNR=9.0 dB: 2637/800000 sensing elements outside [0,1] (min=-0.0922, max=1.1738) -> clamped
2026-09-28 21:06:14 | src.evaluation.evaluator       | WARNING | SNR=11.0 dB: 3501/800000 sensing elements outside [0,1] (min=-0.0920, max=1.1906) -> clamped
2026-09-28 21:07:32 | src.evaluation.evaluator       | WARNING | SNR=13.0 dB: 5756/1000000 sensing elements outside [0,1] (min=-0.0853, max=1.2646) -> clamped
2026-09-28 21:08:35 | src.evaluation.evaluator       | WARNING | SNR=15.0 dB: 5257/800000 sensing elements outside [0,1] (min=-0.0790, max=1.1657) -> clamped
2026-09-28 21:09:52 | src.evaluation.evaluator       | WARNING | SNR=17.0 dB: 7751/1000000 sensing elements outside [0,1] (min=-0.1147, max=1.1769) -> clamped
2026-09-28 21:11:10 | src.evaluation.evaluator       | WARNING | SNR=19.0 dB: 8723/1000000 sensing elements outside [0,1] (min=-0.1351, max=1.1806) -> clamped
2026-09-28 21:12:28 | src.evaluation.evaluator       | WARNING | SNR=21.0 dB: 9329/1000000 sensing elements outside [0,1] (min=-0.0848, max=1.2091) -> clamped
2026-09-28 21:12:28 | src.evaluation.evaluator       | INFO   | Online evaluation completed for 14 SNR points
2026-09-28 21:12:28 | src.experiments.pipeline       | INFO   | Metrics saved to /content/drive/MyDrive/DHUC_RUN/mc_dlsk/full/jamming/mc_dlsk/metrics.csv
2026-09-28 21:12:29 | src.evaluation.evaluator       | INFO   | BER plot saved to /content/drive/MyDrive/DHUC_RUN/mc_dlsk/full/jamming/mc_dlsk/plots/ber_vs_snr_mc_dlsk_baseline.pdf
2026-09-28 21:12:29 | src.experiments.pipeline       | INFO   | BER vs SNR plot saved to /content/drive/MyDrive/DHUC_RUN/mc_dlsk/full/jamming/mc_dlsk/plots/ber_vs_snr_mc_dlsk_baseline.pdf
2026-09-28 21:12:29 | src.experiments.pipeline       | INFO   | Model saved to /content/drive/MyDrive/DHUC_RUN/mc_dlsk/full/jamming/mc_dlsk/best_model.keras
2026-09-28 21:12:29 | src.utils.config_loader        | INFO   | config snapshot saved: /content/drive/MyDrive/DHUC_RUN/mc_dlsk/full/jamming/mc_dlsk/logs/config_used.yaml
2026-09-28 21:12:29 | src.evaluation.evaluator       | INFO   | ONLINE evaluation over 14 SNR points (batch=100000, max_symbols=2000000, floor BER=2.5e-07)
2026-09-28 21:12:43 | src.evaluation.evaluator       | WARNING | SNR=-5.0 dB: 49/200000 sensing elements outside [0,1] (min=-0.2087, max=1.1907) -> clamped
2026-09-28 21:12:58 | src.evaluation.evaluator       | WARNING | SNR=-3.0 dB: 25/200000 sensing elements outside [0,1] (min=-0.0626, max=1.1764) -> clamped
2026-09-28 21:13:12 | src.evaluation.evaluator       | WARNING | SNR=-1.0 dB: 27/200000 sensing elements outside [0,1] (min=-0.0944, max=1.1322) -> clamped
2026-09-28 21:13:27 | src.evaluation.evaluator       | WARNING | SNR=1.0 dB: 52/200000 sensing elements outside [0,1] (min=-0.0548, max=1.0793) -> clamped
2026-09-28 21:13:57 | src.evaluation.evaluator       | WARNING | SNR=3.0 dB: 311/400000 sensing elements outside [0,1] (min=-0.0600, max=1.2447) -> clamped
2026-09-28 21:14:43 | src.evaluation.evaluator       | WARNING | SNR=5.0 dB: 743/600000 sensing elements outside [0,1] (min=-0.0915, max=1.1417) -> clamped
2026-09-28 21:15:28 | src.evaluation.evaluator       | WARNING | SNR=7.0 dB: 1230/600000 sensing elements outside [0,1] (min=-0.0841, max=1.1353) -> clamped
2026-09-28 21:16:29 | src.evaluation.evaluator       | WARNING | SNR=9.0 dB: 2637/800000 sensing elements outside [0,1] (min=-0.0922, max=1.1738) -> clamped
2026-09-28 21:17:31 | src.evaluation.evaluator       | WARNING | SNR=11.0 dB: 3501/800000 sensing elements outside [0,1] (min=-0.0920, max=1.1906) -> clamped
2026-09-28 21:18:47 | src.evaluation.evaluator       | WARNING | SNR=13.0 dB: 5756/1000000 sensing elements outside [0,1] (min=-0.0853, max=1.2646) -> clamped
2026-09-28 21:19:49 | src.evaluation.evaluator       | WARNING | SNR=15.0 dB: 5257/800000 sensing elements outside [0,1] (min=-0.0790, max=1.1657) -> clamped
2026-09-28 21:21:04 | src.evaluation.evaluator       | WARNING | SNR=17.0 dB: 7751/1000000 sensing elements outside [0,1] (min=-0.1147, max=1.1769) -> clamped
2026-09-28 21:22:23 | src.evaluation.evaluator       | WARNING | SNR=19.0 dB: 8723/1000000 sensing elements outside [0,1] (min=-0.1351, max=1.1806) -> clamped
2026-09-28 21:23:40 | src.evaluation.evaluator       | WARNING | SNR=21.0 dB: 9329/1000000 sensing elements outside [0,1] (min=-0.0848, max=1.2091) -> clamped
2026-09-28 21:23:40 | src.evaluation.evaluator       | INFO   | Online evaluation completed for 14 SNR points
2026-09-28 21:23:40 | __main__                       | INFO   | Sensing OK: corr(tau) max = 0.951, MSE_tau high-SNR = 8.78
2026-09-28 21:23:40 | __main__                       | INFO   | Sensing head matches its peak picker: corr(tau) 0.951 vs 0.922, exact delay rate 0.264 vs 0.942
2026-09-28 21:23:40 | __main__                       | WARNING | fD is not resolvable from the current parameters (max corr(fD) = 0.003): the Doppler phase accumulated over N_seq=100 samples with max_doppler=8e-05 is ~0.05 rad (Cramer-Rao bound). Estimating fD requires longer windows or a larger max_doppler.
2026-09-28 21:23:40 | src.evaluation.evaluator       | INFO   | BER plot saved to /content/drive/MyDrive/DHUC_RUN/mc_dlsk/full/jamming/mc_dlsk/jamming/plots/ber_vs_snr_mc_dlsk_baseline.pdf
2026-09-28 21:23:40 | src.experiments.pipeline       | INFO   | Starting jamming evaluation for JSR = [-10.0, -8.0, -6.0, -4.0, -2.0, 0.0, 2.0, 4.0, 6.0, 8.0, 10.0], types = ['cw', 'barrage', 'partial_band'], max_symbols = 40000, realizations = 5
2026-09-28 21:23:40 | src.experiments.run_jamming    | INFO   | Running baseline evaluation...
2026-09-28 21:23:40 | src.evaluation.evaluator       | INFO   | Starting evaluation over 14 SNR points
2026-09-28 21:23:55 | src.evaluation.evaluator       | WARNING | SNR=-1.0 dB: 4/1024 sensing elements outside [0,1] (min=-0.0635, max=1.0217) -> clamped
2026-09-28 21:24:25 | src.evaluation.evaluator       | WARNING | SNR=1.0 dB: 40/9088 sensing elements outside [0,1] (min=-0.0909, max=1.1713) -> clamped
2026-09-28 21:24:55 | src.evaluation.evaluator       | WARNING | SNR=3.0 dB: 75/16128 sensing elements outside [0,1] (min=-0.0998, max=1.1136) -> clamped
2026-09-28 21:25:26 | src.evaluation.evaluator       | WARNING | SNR=5.0 dB: 98/21248 sensing elements outside [0,1] (min=-0.0942, max=1.1337) -> clamped
2026-09-28 21:25:56 | src.evaluation.evaluator       | WARNING | SNR=7.0 dB: 181/35584 sensing elements outside [0,1] (min=-0.0918, max=1.1196) -> clamped
2026-09-28 21:26:26 | src.evaluation.evaluator       | WARNING | SNR=9.0 dB: 251/43136 sensing elements outside [0,1] (min=-0.0953, max=1.1530) -> clamped
2026-09-28 21:26:56 | src.evaluation.evaluator       | WARNING | SNR=11.0 dB: 361/54528 sensing elements outside [0,1] (min=-0.0486, max=1.1840) -> clamped
2026-09-28 21:27:25 | src.evaluation.evaluator       | WARNING | SNR=13.0 dB: 444/62208 sensing elements outside [0,1] (min=-0.0616, max=1.1493) -> clamped
2026-09-28 21:27:55 | src.evaluation.evaluator       | WARNING | SNR=15.0 dB: 520/66304 sensing elements outside [0,1] (min=-0.0527, max=1.1651) -> clamped
2026-09-28 21:28:25 | src.evaluation.evaluator       | WARNING | SNR=17.0 dB: 600/69248 sensing elements outside [0,1] (min=-0.0510, max=1.1282) -> clamped
2026-09-28 21:28:57 | src.evaluation.evaluator       | WARNING | SNR=19.0 dB: 682/69760 sensing elements outside [0,1] (min=-0.0700, max=1.1784) -> clamped
2026-09-28 21:29:27 | src.evaluation.evaluator       | WARNING | SNR=21.0 dB: 706/71296 sensing elements outside [0,1] (min=-0.0588, max=1.1358) -> clamped
2026-09-28 21:29:27 | src.evaluation.evaluator       | INFO   | Evaluation completed for 14 SNR points
2026-09-28 21:29:27 | src.experiments.run_jamming    | INFO   | Baseline saved to /content/drive/MyDrive/DHUC_RUN/mc_dlsk/full/jamming/mc_dlsk/jamming/baseline_metrics.csv
2026-09-28 21:29:27 | src.experiments.run_jamming    | INFO   | Baseline mean BER = 0.009796
2026-09-28 21:29:27 | src.experiments.jamming_interpretability | INFO   | [jamming] test set thinned to 40000 of 560000 symbols per realization
2026-09-28 21:29:27 | src.experiments.run_jamming    | INFO   | Processing jamming: cw (5 realization(s))
2026-09-28 21:29:27 | src.evaluation.evaluator       | INFO   | Starting evaluation over 14 SNR points
2026-09-28 21:29:29 | src.evaluation.evaluator       | WARNING | SNR=-3.0 dB: 1/256 sensing elements outside [0,1] (min=0.2109, max=1.0745) -> clamped
2026-09-28 21:29:31 | src.evaluation.evaluator       | WARNING | SNR=-1.0 dB: 2/256 sensing elements outside [0,1] (min=0.1384, max=1.0885) -> clamped
2026-09-28 21:29:33 | src.evaluation.evaluator       | WARNING | SNR=1.0 dB: 5/1280 sensing elements outside [0,1] (min=-0.0709, max=1.0311) -> clamped
2026-09-28 21:29:35 | src.evaluation.evaluator       | WARNING | SNR=3.0 dB: 6/1280 sensing elements outside [0,1] (min=-0.0329, max=1.0452) -> clamped
2026-09-28 21:29:38 | src.evaluation.evaluator       | WARNING | SNR=5.0 dB: 6/1536 sensing elements outside [0,1] (min=0.1060, max=1.0555) -> clamped
2026-09-28 21:29:40 | src.evaluation.evaluator       | WARNING | SNR=7.0 dB: 10/2304 sensing elements outside [0,1] (min=-0.0051, max=1.0865) -> clamped
2026-09-28 21:29:43 | src.evaluation.evaluator       | WARNING | SNR=9.0 dB: 4/850 sensing elements outside [0,1] (min=0.0074, max=1.0510) -> clamped
2026-09-28 21:29:45 | src.evaluation.evaluator       | WARNING | SNR=11.0 dB: 12/2816 sensing elements outside [0,1] (min=0.0149, max=1.0778) -> clamped
2026-09-28 21:29:47 | src.evaluation.evaluator       | WARNING | SNR=13.0 dB: 17/3328 sensing elements outside [0,1] (min=-0.0034, max=1.0579) -> clamped
2026-09-28 21:29:49 | src.evaluation.evaluator       | WARNING | SNR=15.0 dB: 20/3072 sensing elements outside [0,1] (min=-0.0283, max=1.1333) -> clamped
2026-09-28 21:29:51 | src.evaluation.evaluator       | WARNING | SNR=17.0 dB: 15/3072 sensing elements outside [0,1] (min=-0.0277, max=1.0412) -> clamped
2026-09-28 21:29:54 | src.evaluation.evaluator       | WARNING | SNR=19.0 dB: 16/2560 sensing elements outside [0,1] (min=-0.0320, max=1.0718) -> clamped
2026-09-28 21:29:56 | src.evaluation.evaluator       | WARNING | SNR=21.0 dB: 14/2816 sensing elements outside [0,1] (min=0.0184, max=1.1880) -> clamped
2026-09-28 21:29:56 | src.evaluation.evaluator       | INFO   | Evaluation completed for 14 SNR points
2026-09-28 21:29:56 | src.experiments.run_jamming    | INFO   | jamming cw r=0 JSR=-10.0 dB | BER=0.02969
2026-09-28 21:29:56 | src.evaluation.evaluator       | INFO   | Starting evaluation over 14 SNR points
2026-09-28 21:29:57 | src.evaluation.evaluator       | WARNING | SNR=-3.0 dB: 1/256 sensing elements outside [0,1] (min=0.2513, max=1.0976) -> clamped
2026-09-28 21:29:59 | src.evaluation.evaluator       | WARNING | SNR=1.0 dB: 1/256 sensing elements outside [0,1] (min=-0.0608, max=0.8830) -> clamped
2026-09-28 21:30:01 | src.evaluation.evaluator       | WARNING | SNR=3.0 dB: 2/512 sensing elements outside [0,1] (min=0.0830, max=1.0445) -> clamped
2026-09-28 21:30:02 | src.evaluation.evaluator       | WARNING | SNR=5.0 dB: 4/1024 sensing elements outside [0,1] (min=0.1101, max=1.0460) -> clamped
2026-09-28 21:30:05 | src.evaluation.evaluator       | WARNING | SNR=7.0 dB: 6/1536 sensing elements outside [0,1] (min=-0.0006, max=1.0779) -> clamped
2026-09-28 21:30:07 | src.evaluation.evaluator       | WARNING | SNR=9.0 dB: 2/512 sensing elements outside [0,1] (min=0.0203, max=1.0149) -> clamped
2026-09-28 21:30:09 | src.evaluation.evaluator       | WARNING | SNR=11.0 dB: 9/2304 sensing elements outside [0,1] (min=0.0242, max=1.0843) -> clamped
2026-09-28 21:30:11 | src.evaluation.evaluator       | WARNING | SNR=13.0 dB: 10/2048 sensing elements outside [0,1] (min=0.0258, max=1.0584) -> clamped
2026-09-28 21:30:13 | src.evaluation.evaluator       | WARNING | SNR=15.0 dB: 11/1792 sensing elements outside [0,1] (min=-0.0289, max=1.1150) -> clamped
2026-09-28 21:30:15 | src.evaluation.evaluator       | WARNING | SNR=17.0 dB: 8/1792 sensing elements outside [0,1] (min=-0.0120, max=1.0341) -> clamped
2026-09-28 21:30:16 | src.evaluation.evaluator       | WARNING | SNR=19.0 dB: 11/1536 sensing elements outside [0,1] (min=-0.0060, max=1.0410) -> clamped
2026-09-28 21:30:18 | src.evaluation.evaluator       | WARNING | SNR=21.0 dB: 9/1792 sensing elements outside [0,1] (min=0.0289, max=1.1907) -> clamped
2026-09-28 21:30:18 | src.evaluation.evaluator       | INFO   | Evaluation completed for 14 SNR points
2026-09-28 21:30:18 | src.experiments.run_jamming    | INFO   | jamming cw r=0 JSR=-8.0 dB | BER=0.06143
2026-09-28 21:30:19 | src.evaluation.evaluator       | INFO   | Starting evaluation over 14 SNR points
2026-09-28 21:30:23 | src.evaluation.evaluator       | WARNING | SNR=7.0 dB: 1/256 sensing elements outside [0,1] (min=0.1972, max=1.0058) -> clamped
2026-09-28 21:30:25 | src.evaluation.evaluator       | WARNING | SNR=11.0 dB: 3/768 sensing elements outside [0,1] (min=0.0889, max=1.0859) -> clamped
2026-09-28 21:30:25 | src.evaluation.evaluator       | WARNING | SNR=13.0 dB: 3/512 sensing elements outside [0,1] (min=0.1095, max=1.0235) -> clamped
2026-09-28 21:30:26 | src.evaluation.evaluator       | WARNING | SNR=15.0 dB: 3/512 sensing elements outside [0,1] (min=0.1326, max=1.0413) -> clamped
2026-09-28 21:30:27 | src.evaluation.evaluator       | WARNING | SNR=17.0 dB: 3/768 sensing elements outside [0,1] (min=0.0336, max=1.0276) -> clamped
2026-09-28 21:30:27 | src.evaluation.evaluator       | WARNING | SNR=19.0 dB: 4/768 sensing elements outside [0,1] (min=0.0179, max=1.0126) -> clamped
2026-09-28 21:30:28 | src.evaluation.evaluator       | WARNING | SNR=21.0 dB: 1/256 sensing elements outside [0,1] (min=0.0827, max=1.0045) -> clamped
2026-09-28 21:30:28 | src.evaluation.evaluator       | INFO   | Evaluation completed for 14 SNR points
2026-09-28 21:30:28 | src.experiments.run_jamming    | INFO   | jamming cw r=0 JSR=-6.0 dB | BER=0.13287
2026-09-28 21:30:28 | src.evaluation.evaluator       | INFO   | Starting evaluation over 14 SNR points
2026-09-28 21:30:29 | src.evaluation.evaluator       | WARNING | SNR=-1.0 dB: 1/256 sensing elements outside [0,1] (min=0.1776, max=1.0060) -> clamped
2026-09-28 21:30:31 | src.evaluation.evaluator       | WARNING | SNR=11.0 dB: 1/256 sensing elements outside [0,1] (min=0.1370, max=1.0774) -> clamped
2026-09-28 21:30:32 | src.evaluation.evaluator       | WARNING | SNR=15.0 dB: 1/256 sensing elements outside [0,1] (min=0.1691, max=1.0246) -> clamped
2026-09-28 21:30:34 | src.evaluation.evaluator       | INFO   | Evaluation completed for 14 SNR points
2026-09-28 21:30:34 | src.experiments.run_jamming    | INFO   | jamming cw r=0 JSR=-4.0 dB | BER=0.25923
2026-09-28 21:30:34 | src.evaluation.evaluator       | INFO   | Starting evaluation over 14 SNR points
2026-09-28 21:30:34 | src.evaluation.evaluator       | WARNING | SNR=-5.0 dB: 1/256 sensing elements outside [0,1] (min=-0.0043, max=0.7523) -> clamped
2026-09-28 21:30:35 | src.evaluation.evaluator       | WARNING | SNR=-1.0 dB: 1/256 sensing elements outside [0,1] (min=0.0706, max=1.0036) -> clamped
2026-09-28 21:30:37 | src.evaluation.evaluator       | INFO   | Evaluation completed for 14 SNR points
2026-09-28 21:30:37 | src.experiments.run_jamming    | INFO   | jamming cw r=0 JSR=-2.0 dB | BER=0.40802
2026-09-28 21:30:37 | src.evaluation.evaluator       | INFO   | Starting evaluation over 14 SNR points
2026-09-28 21:30:37 | src.evaluation.evaluator       | WARNING | SNR=-5.0 dB: 1/256 sensing elements outside [0,1] (min=-0.0991, max=0.7935) -> clamped
2026-09-28 21:30:38 | src.evaluation.evaluator       | WARNING | SNR=-1.0 dB: 2/512 sensing elements outside [0,1] (min=-0.0548, max=0.9924) -> clamped
2026-09-28 21:30:39 | src.evaluation.evaluator       | WARNING | SNR=17.0 dB: 3/512 sensing elements outside [0,1] (min=-0.1041, max=0.9500) -> clamped
2026-09-28 21:30:39 | src.evaluation.evaluator       | WARNING | SNR=19.0 dB: 2/512 sensing elements outside [0,1] (min=-0.0510, max=0.9313) -> clamped
2026-09-28 21:30:40 | src.evaluation.evaluator       | INFO   | Evaluation completed for 14 SNR points
2026-09-28 21:30:40 | src.experiments.run_jamming    | INFO   | jamming cw r=0 JSR=0.0 dB | BER=0.49135
2026-09-28 21:30:40 | src.evaluation.evaluator       | INFO   | Starting evaluation over 14 SNR points
2026-09-28 21:30:40 | src.evaluation.evaluator       | WARNING | SNR=-5.0 dB: 4/512 sensing elements outside [0,1] (min=-0.2210, max=0.8845) -> clamped
2026-09-28 21:30:40 | src.evaluation.evaluator       | WARNING | SNR=-3.0 dB: 1/256 sensing elements outside [0,1] (min=-0.0101, max=0.8626) -> clamped
2026-09-28 21:30:40 | src.evaluation.evaluator       | WARNING | SNR=-1.0 dB: 4/512 sensing elements outside [0,1] (min=-0.1883, max=0.9786) -> clamped
2026-09-28 21:30:41 | src.evaluation.evaluator       | WARNING | SNR=3.0 dB: 1/256 sensing elements outside [0,1] (min=-0.0342, max=0.9133) -> clamped
2026-09-28 21:30:41 | src.evaluation.evaluator       | WARNING | SNR=5.0 dB: 3/512 sensing elements outside [0,1] (min=-0.1016, max=0.9212) -> clamped
2026-09-28 21:30:41 | src.evaluation.evaluator       | WARNING | SNR=7.0 dB: 6/512 sensing elements outside [0,1] (min=-0.0664, max=0.9103) -> clamped
2026-09-28 21:30:41 | src.evaluation.evaluator       | WARNING | SNR=9.0 dB: 3/512 sensing elements outside [0,1] (min=-0.0572, max=0.8411) -> clamped
2026-09-28 21:30:41 | src.evaluation.evaluator       | WARNING | SNR=11.0 dB: 1/256 sensing elements outside [0,1] (min=-0.0172, max=0.7908) -> clamped
2026-09-28 21:30:42 | src.evaluation.evaluator       | WARNING | SNR=13.0 dB: 1/256 sensing elements outside [0,1] (min=-0.0233, max=0.9260) -> clamped
2026-09-28 21:30:42 | src.evaluation.evaluator       | WARNING | SNR=15.0 dB: 1/256 sensing elements outside [0,1] (min=-0.0070, max=0.9081) -> clamped
2026-09-28 21:30:42 | src.evaluation.evaluator       | WARNING | SNR=17.0 dB: 6/512 sensing elements outside [0,1] (min=-0.2332, max=0.9517) -> clamped
2026-09-28 21:30:42 | src.evaluation.evaluator       | WARNING | SNR=19.0 dB: 4/512 sensing elements outside [0,1] (min=-0.1929, max=0.9098) -> clamped
2026-09-28 21:30:42 | src.evaluation.evaluator       | WARNING | SNR=21.0 dB: 1/256 sensing elements outside [0,1] (min=-0.0243, max=0.9071) -> clamped
2026-09-28 21:30:42 | src.evaluation.evaluator       | INFO   | Evaluation completed for 14 SNR points
2026-09-28 21:30:42 | src.experiments.run_jamming    | INFO   | jamming cw r=0 JSR=2.0 dB | BER=0.50921
2026-09-28 21:30:42 | src.evaluation.evaluator       | INFO   | Starting evaluation over 14 SNR points
2026-09-28 21:30:43 | src.evaluation.evaluator       | WARNING | SNR=-5.0 dB: 11/512 sensing elements outside [0,1] (min=-0.3695, max=0.8969) -> clamped
2026-09-28 21:30:43 | src.evaluation.evaluator       | WARNING | SNR=-3.0 dB: 7/512 sensing elements outside [0,1] (min=-0.1498, max=0.9016) -> clamped
2026-09-28 21:30:43 | src.evaluation.evaluator       | WARNING | SNR=-1.0 dB: 18/512 sensing elements outside [0,1] (min=-0.3339, max=0.9744) -> clamped
2026-09-28 21:30:43 | src.evaluation.evaluator       | WARNING | SNR=1.0 dB: 9/512 sensing elements outside [0,1] (min=-0.1023, max=0.8532) -> clamped
2026-09-28 21:30:43 | src.evaluation.evaluator       | WARNING | SNR=3.0 dB: 16/512 sensing elements outside [0,1] (min=-0.2291, max=0.9359) -> clamped
2026-09-28 21:30:43 | src.evaluation.evaluator       | WARNING | SNR=5.0 dB: 14/512 sensing elements outside [0,1] (min=-0.2298, max=0.9433) -> clamped
2026-09-28 21:30:44 | src.evaluation.evaluator       | WARNING | SNR=7.0 dB: 19/512 sensing elements outside [0,1] (min=-0.2832, max=0.9684) -> clamped
2026-09-28 21:30:44 | src.evaluation.evaluator       | WARNING | SNR=9.0 dB: 14/512 sensing elements outside [0,1] (min=-0.2193, max=0.8898) -> clamped
2026-09-28 21:30:44 | src.evaluation.evaluator       | WARNING | SNR=11.0 dB: 16/512 sensing elements outside [0,1] (min=-0.1576, max=0.9153) -> clamped
2026-09-28 21:30:44 | src.evaluation.evaluator       | WARNING | SNR=13.0 dB: 12/512 sensing elements outside [0,1] (min=-0.1824, max=0.8948) -> clamped
2026-09-28 21:30:44 | src.evaluation.evaluator       | WARNING | SNR=15.0 dB: 18/512 sensing elements outside [0,1] (min=-0.1168, max=0.8958) -> clamped
2026-09-28 21:30:45 | src.evaluation.evaluator       | WARNING | SNR=17.0 dB: 23/512 sensing elements outside [0,1] (min=-0.3742, max=0.9672) -> clamped
2026-09-28 21:30:45 | src.evaluation.evaluator       | WARNING | SNR=19.0 dB: 17/512 sensing elements outside [0,1] (min=-0.3502, max=0.9094) -> clamped
2026-09-28 21:30:45 | src.evaluation.evaluator       | WARNING | SNR=21.0 dB: 11/512 sensing elements outside [0,1] (min=-0.1883, max=0.9181) -> clamped
2026-09-28 21:30:45 | src.evaluation.evaluator       | INFO   | Evaluation completed for 14 SNR points
2026-09-28 21:30:45 | src.experiments.run_jamming    | INFO   | jamming cw r=0 JSR=4.0 dB | BER=0.51032
2026-09-28 21:30:45 | src.evaluation.evaluator       | INFO   | Starting evaluation over 14 SNR points
2026-09-28 21:30:45 | src.evaluation.evaluator       | WARNING | SNR=-5.0 dB: 36/512 sensing elements outside [0,1] (min=-0.5705, max=0.8994) -> clamped
2026-09-28 21:30:46 | src.evaluation.evaluator       | WARNING | SNR=-3.0 dB: 32/512 sensing elements outside [0,1] (min=-0.3147, max=0.8935) -> clamped
2026-09-28 21:30:46 | src.evaluation.evaluator       | WARNING | SNR=-1.0 dB: 47/512 sensing elements outside [0,1] (min=-0.5101, max=0.9896) -> clamped
2026-09-28 21:30:46 | src.evaluation.evaluator       | WARNING | SNR=1.0 dB: 39/512 sensing elements outside [0,1] (min=-0.2637, max=0.8465) -> clamped
2026-09-28 21:30:46 | src.evaluation.evaluator       | WARNING | SNR=3.0 dB: 41/512 sensing elements outside [0,1] (min=-0.4534, max=0.9891) -> clamped
2026-09-28 21:30:47 | src.evaluation.evaluator       | WARNING | SNR=5.0 dB: 64/512 sensing elements outside [0,1] (min=-0.3742, max=0.9896) -> clamped
2026-09-28 21:30:47 | src.evaluation.evaluator       | WARNING | SNR=7.0 dB: 51/512 sensing elements outside [0,1] (min=-0.5366, max=1.0422) -> clamped
2026-09-28 21:30:47 | src.evaluation.evaluator       | WARNING | SNR=9.0 dB: 49/512 sensing elements outside [0,1] (min=-0.4233, max=0.9716) -> clamped
2026-09-28 21:30:47 | src.evaluation.evaluator       | WARNING | SNR=11.0 dB: 44/512 sensing elements outside [0,1] (min=-0.3157, max=0.9583) -> clamped
2026-09-28 21:30:48 | src.evaluation.evaluator       | WARNING | SNR=13.0 dB: 54/512 sensing elements outside [0,1] (min=-0.3635, max=0.9115) -> clamped
2026-09-28 21:30:48 | src.evaluation.evaluator       | WARNING | SNR=15.0 dB: 50/512 sensing elements outside [0,1] (min=-0.2874, max=0.9057) -> clamped
2026-09-28 21:30:48 | src.evaluation.evaluator       | WARNING | SNR=17.0 dB: 52/512 sensing elements outside [0,1] (min=-0.5387, max=1.0033) -> clamped
2026-09-28 21:30:48 | src.evaluation.evaluator       | WARNING | SNR=19.0 dB: 42/512 sensing elements outside [0,1] (min=-0.5188, max=0.9638) -> clamped
2026-09-28 21:30:49 | src.evaluation.evaluator       | WARNING | SNR=21.0 dB: 41/512 sensing elements outside [0,1] (min=-0.3765, max=0.9437) -> clamped
2026-09-28 21:30:49 | src.evaluation.evaluator       | INFO   | Evaluation completed for 14 SNR points
2026-09-28 21:30:49 | src.experiments.run_jamming    | INFO   | jamming cw r=0 JSR=6.0 dB | BER=0.51032
2026-09-28 21:30:49 | src.evaluation.evaluator       | INFO   | Starting evaluation over 14 SNR points
2026-09-28 21:30:49 | src.evaluation.evaluator       | WARNING | SNR=-5.0 dB: 89/512 sensing elements outside [0,1] (min=-0.8327, max=0.9381) -> clamped
2026-09-28 21:30:49 | src.evaluation.evaluator       | WARNING | SNR=-3.0 dB: 81/512 sensing elements outside [0,1] (min=-0.4975, max=0.9246) -> clamped
2026-09-28 21:30:49 | src.evaluation.evaluator       | WARNING | SNR=-1.0 dB: 83/512 sensing elements outside [0,1] (min=-0.7199, max=1.0215) -> clamped
2026-09-28 21:30:49 | src.evaluation.evaluator       | WARNING | SNR=1.0 dB: 85/512 sensing elements outside [0,1] (min=-0.4462, max=0.9225) -> clamped
2026-09-28 21:30:50 | src.evaluation.evaluator       | WARNING | SNR=3.0 dB: 83/512 sensing elements outside [0,1] (min=-0.7149, max=1.0504) -> clamped
2026-09-28 21:30:50 | src.evaluation.evaluator       | WARNING | SNR=5.0 dB: 101/512 sensing elements outside [0,1] (min=-0.5499, max=1.0591) -> clamped
2026-09-28 21:30:50 | src.evaluation.evaluator       | WARNING | SNR=7.0 dB: 104/512 sensing elements outside [0,1] (min=-0.8134, max=1.1415) -> clamped
2026-09-28 21:30:50 | src.evaluation.evaluator       | WARNING | SNR=9.0 dB: 95/512 sensing elements outside [0,1] (min=-0.6577, max=1.0851) -> clamped
2026-09-28 21:30:50 | src.evaluation.evaluator       | WARNING | SNR=11.0 dB: 88/512 sensing elements outside [0,1] (min=-0.5035, max=1.0209) -> clamped
2026-09-28 21:30:51 | src.evaluation.evaluator       | WARNING | SNR=13.0 dB: 97/512 sensing elements outside [0,1] (min=-0.5655, max=0.9585) -> clamped
2026-09-28 21:30:51 | src.evaluation.evaluator       | WARNING | SNR=15.0 dB: 94/512 sensing elements outside [0,1] (min=-0.4789, max=0.9726) -> clamped
2026-09-28 21:30:51 | src.evaluation.evaluator       | WARNING | SNR=17.0 dB: 99/512 sensing elements outside [0,1] (min=-0.7106, max=1.0635) -> clamped
2026-09-28 21:30:51 | src.evaluation.evaluator       | WARNING | SNR=19.0 dB: 84/512 sensing elements outside [0,1] (min=-0.6900, max=1.0675) -> clamped
2026-09-28 21:30:51 | src.evaluation.evaluator       | WARNING | SNR=21.0 dB: 98/512 sensing elements outside [0,1] (min=-0.5973, max=0.9958) -> clamped
2026-09-28 21:30:51 | src.evaluation.evaluator       | INFO   | Evaluation completed for 14 SNR points
2026-09-28 21:30:51 | src.experiments.run_jamming    | INFO   | jamming cw r=0 JSR=8.0 dB | BER=0.51032
2026-09-28 21:30:51 | src.evaluation.evaluator       | INFO   | Starting evaluation over 14 SNR points
2026-09-28 21:30:52 | src.evaluation.evaluator       | WARNING | SNR=-5.0 dB: 146/512 sensing elements outside [0,1] (min=-1.1288, max=1.0415) -> clamped
2026-09-28 21:30:52 | src.evaluation.evaluator       | WARNING | SNR=-3.0 dB: 138/512 sensing elements outside [0,1] (min=-0.6954, max=1.0328) -> clamped
2026-09-28 21:30:52 | src.evaluation.evaluator       | WARNING | SNR=-1.0 dB: 142/512 sensing elements outside [0,1] (min=-0.9492, max=1.0941) -> clamped
2026-09-28 21:30:52 | src.evaluation.evaluator       | WARNING | SNR=1.0 dB: 139/512 sensing elements outside [0,1] (min=-0.6420, max=1.0376) -> clamped
2026-09-28 21:30:52 | src.evaluation.evaluator       | WARNING | SNR=3.0 dB: 153/512 sensing elements outside [0,1] (min=-1.0240, max=1.1120) -> clamped
2026-09-28 21:30:52 | src.evaluation.evaluator       | WARNING | SNR=5.0 dB: 157/512 sensing elements outside [0,1] (min=-0.7457, max=1.1512) -> clamped
2026-09-28 21:30:53 | src.evaluation.evaluator       | WARNING | SNR=7.0 dB: 147/512 sensing elements outside [0,1] (min=-1.1418, max=1.2812) -> clamped
2026-09-28 21:30:53 | src.evaluation.evaluator       | WARNING | SNR=9.0 dB: 156/512 sensing elements outside [0,1] (min=-0.9427, max=1.2373) -> clamped
2026-09-28 21:30:53 | src.evaluation.evaluator       | WARNING | SNR=11.0 dB: 151/512 sensing elements outside [0,1] (min=-0.7005, max=1.1166) -> clamped
2026-09-28 21:30:53 | src.evaluation.evaluator       | WARNING | SNR=13.0 dB: 153/512 sensing elements outside [0,1] (min=-0.7939, max=1.0607) -> clamped
2026-09-28 21:30:53 | src.evaluation.evaluator       | WARNING | SNR=15.0 dB: 147/512 sensing elements outside [0,1] (min=-0.6857, max=1.0694) -> clamped
2026-09-28 21:30:54 | src.evaluation.evaluator       | WARNING | SNR=17.0 dB: 156/512 sensing elements outside [0,1] (min=-0.9117, max=1.2004) -> clamped
2026-09-28 21:30:54 | src.evaluation.evaluator       | WARNING | SNR=19.0 dB: 142/512 sensing elements outside [0,1] (min=-0.8945, max=1.1668) -> clamped
2026-09-28 21:30:54 | src.evaluation.evaluator       | WARNING | SNR=21.0 dB: 160/512 sensing elements outside [0,1] (min=-0.8341, max=1.0629) -> clamped
2026-09-28 21:30:54 | src.evaluation.evaluator       | INFO   | Evaluation completed for 14 SNR points
2026-09-28 21:30:54 | src.experiments.run_jamming    | INFO   | jamming cw r=0 JSR=10.0 dB | BER=0.51032
2026-09-28 21:30:54 | src.evaluation.evaluator       | INFO   | Starting evaluation over 14 SNR points
2026-09-28 21:30:55 | src.evaluation.evaluator       | WARNING | SNR=-5.0 dB: 1/256 sensing elements outside [0,1] (min=-0.0074, max=0.8076) -> clamped
2026-09-28 21:30:58 | src.evaluation.evaluator       | WARNING | SNR=-1.0 dB: 1/256 sensing elements outside [0,1] (min=0.1003, max=1.0100) -> clamped
2026-09-28 21:31:01 | src.evaluation.evaluator       | WARNING | SNR=1.0 dB: 2/512 sensing elements outside [0,1] (min=-0.1043, max=1.0140) -> clamped
2026-09-28 21:31:03 | src.evaluation.evaluator       | WARNING | SNR=3.0 dB: 2/512 sensing elements outside [0,1] (min=-0.0564, max=0.9727) -> clamped
2026-09-28 21:31:06 | src.evaluation.evaluator       | WARNING | SNR=5.0 dB: 3/768 sensing elements outside [0,1] (min=-0.0178, max=1.0133) -> clamped
2026-09-28 21:31:08 | src.evaluation.evaluator       | WARNING | SNR=7.0 dB: 4/768 sensing elements outside [0,1] (min=-0.0339, max=1.0246) -> clamped
2026-09-28 21:31:10 | src.evaluation.evaluator       | WARNING | SNR=9.0 dB: 3/768 sensing elements outside [0,1] (min=0.0628, max=1.0035) -> clamped
2026-09-28 21:31:12 | src.evaluation.evaluator       | WARNING | SNR=11.0 dB: 7/1536 sensing elements outside [0,1] (min=-0.0278, max=1.1237) -> clamped
2026-09-28 21:31:14 | src.evaluation.evaluator       | WARNING | SNR=13.0 dB: 9/2048 sensing elements outside [0,1] (min=-0.0246, max=1.0769) -> clamped
2026-09-28 21:31:17 | src.evaluation.evaluator       | WARNING | SNR=15.0 dB: 11/2304 sensing elements outside [0,1] (min=-0.0430, max=1.1085) -> clamped
2026-09-28 21:31:19 | src.evaluation.evaluator       | WARNING | SNR=17.0 dB: 9/2304 sensing elements outside [0,1] (min=-0.0417, max=1.0242) -> clamped
2026-09-28 21:31:21 | src.evaluation.evaluator       | WARNING | SNR=19.0 dB: 10/1792 sensing elements outside [0,1] (min=-0.0549, max=1.0541) -> clamped
2026-09-28 21:31:23 | src.evaluation.evaluator       | WARNING | SNR=21.0 dB: 13/2816 sensing elements outside [0,1] (min=-0.0132, max=1.1080) -> clamped
2026-09-28 21:31:23 | src.evaluation.evaluator       | INFO   | Evaluation completed for 14 SNR points
2026-09-28 21:31:23 | src.experiments.run_jamming    | INFO   | jamming cw r=1 JSR=-10.0 dB | BER=0.01810
2026-09-28 21:31:23 | src.evaluation.evaluator       | INFO   | Starting evaluation over 14 SNR points
2026-09-28 21:31:24 | src.evaluation.evaluator       | WARNING | SNR=-5.0 dB: 1/256 sensing elements outside [0,1] (min=-0.0097, max=0.8069) -> clamped
2026-09-28 21:31:26 | src.evaluation.evaluator       | WARNING | SNR=-1.0 dB: 1/256 sensing elements outside [0,1] (min=0.1212, max=1.0023) -> clamped
2026-09-28 21:31:29 | src.evaluation.evaluator       | WARNING | SNR=1.0 dB: 1/256 sensing elements outside [0,1] (min=-0.1044, max=0.8960) -> clamped
2026-09-28 21:31:31 | src.evaluation.evaluator       | WARNING | SNR=3.0 dB: 2/512 sensing elements outside [0,1] (min=-0.0531, max=0.9663) -> clamped
2026-09-28 21:31:33 | src.evaluation.evaluator       | WARNING | SNR=5.0 dB: 2/512 sensing elements outside [0,1] (min=-0.0190, max=1.0127) -> clamped
2026-09-28 21:31:35 | src.evaluation.evaluator       | WARNING | SNR=7.0 dB: 3/768 sensing elements outside [0,1] (min=-0.0361, max=1.0063) -> clamped
2026-09-28 21:31:40 | src.evaluation.evaluator       | WARNING | SNR=11.0 dB: 6/1280 sensing elements outside [0,1] (min=-0.0378, max=1.1071) -> clamped
2026-09-28 21:31:42 | src.evaluation.evaluator       | WARNING | SNR=13.0 dB: 7/1792 sensing elements outside [0,1] (min=-0.0268, max=1.0614) -> clamped
2026-09-28 21:31:45 | src.evaluation.evaluator       | WARNING | SNR=15.0 dB: 5/1280 sensing elements outside [0,1] (min=-0.0509, max=1.0949) -> clamped
2026-09-28 21:31:47 | src.evaluation.evaluator       | WARNING | SNR=17.0 dB: 6/1536 sensing elements outside [0,1] (min=-0.0376, max=1.0152) -> clamped
2026-09-28 21:31:49 | src.evaluation.evaluator       | WARNING | SNR=19.0 dB: 7/1536 sensing elements outside [0,1] (min=-0.0617, max=1.0414) -> clamped
2026-09-28 21:31:51 | src.evaluation.evaluator       | WARNING | SNR=21.0 dB: 8/1536 sensing elements outside [0,1] (min=-0.0121, max=1.0912) -> clamped
2026-09-28 21:31:51 | src.evaluation.evaluator       | INFO   | Evaluation completed for 14 SNR points
2026-09-28 21:31:51 | src.experiments.run_jamming    | INFO   | jamming cw r=1 JSR=-8.0 dB | BER=0.03493
2026-09-28 21:31:51 | src.evaluation.evaluator       | INFO   | Starting evaluation over 14 SNR points
2026-09-28 21:31:52 | src.evaluation.evaluator       | WARNING | SNR=-5.0 dB: 1/256 sensing elements outside [0,1] (min=-0.0086, max=0.8041) -> clamped
2026-09-28 21:31:57 | src.evaluation.evaluator       | WARNING | SNR=5.0 dB: 1/256 sensing elements outside [0,1] (min=-0.0191, max=0.8984) -> clamped
2026-09-28 21:31:59 | src.evaluation.evaluator       | WARNING | SNR=7.0 dB: 1/256 sensing elements outside [0,1] (min=-0.0330, max=0.9474) -> clamped
2026-09-28 21:32:02 | src.evaluation.evaluator       | WARNING | SNR=11.0 dB: 4/1024 sensing elements outside [0,1] (min=-0.0184, max=1.0428) -> clamped
2026-09-28 21:32:03 | src.evaluation.evaluator       | WARNING | SNR=13.0 dB: 3/768 sensing elements outside [0,1] (min=-0.0222, max=1.0361) -> clamped
2026-09-28 21:32:04 | src.evaluation.evaluator       | WARNING | SNR=15.0 dB: 1/256 sensing elements outside [0,1] (min=-0.0589, max=0.9385) -> clamped
2026-09-28 21:32:06 | src.evaluation.evaluator       | WARNING | SNR=17.0 dB: 2/512 sensing elements outside [0,1] (min=-0.0415, max=1.0104) -> clamped
2026-09-28 21:32:07 | src.evaluation.evaluator       | WARNING | SNR=19.0 dB: 2/512 sensing elements outside [0,1] (min=-0.0280, max=1.0234) -> clamped
2026-09-28 21:32:09 | src.evaluation.evaluator       | WARNING | SNR=21.0 dB: 3/768 sensing elements outside [0,1] (min=-0.0107, max=1.0697) -> clamped
2026-09-28 21:32:09 | src.evaluation.evaluator       | INFO   | Evaluation completed for 14 SNR points
2026-09-28 21:32:09 | src.experiments.run_jamming    | INFO   | jamming cw r=1 JSR=-6.0 dB | BER=0.07608
2026-09-28 21:32:09 | src.evaluation.evaluator       | INFO   | Starting evaluation over 14 SNR points
2026-09-28 21:32:14 | src.evaluation.evaluator       | WARNING | SNR=11.0 dB: 1/256 sensing elements outside [0,1] (min=0.0774, max=1.0209) -> clamped
2026-09-28 21:32:15 | src.evaluation.evaluator       | WARNING | SNR=13.0 dB: 1/256 sensing elements outside [0,1] (min=-0.0100, max=0.9215) -> clamped
2026-09-28 21:32:17 | src.evaluation.evaluator       | WARNING | SNR=21.0 dB: 1/256 sensing elements outside [0,1] (min=0.0378, max=1.0028) -> clamped
2026-09-28 21:32:17 | src.evaluation.evaluator       | INFO   | Evaluation completed for 14 SNR points
2026-09-28 21:32:17 | src.experiments.run_jamming    | INFO   | jamming cw r=1 JSR=-4.0 dB | BER=0.16476
2026-09-28 21:32:17 | src.evaluation.evaluator       | INFO   | Starting evaluation over 14 SNR points
2026-09-28 21:32:18 | src.evaluation.evaluator       | WARNING | SNR=-1.0 dB: 1/256 sensing elements outside [0,1] (min=-0.0132, max=0.7930) -> clamped
2026-09-28 21:32:21 | src.evaluation.evaluator       | INFO   | Evaluation completed for 14 SNR points
2026-09-28 21:32:21 | src.experiments.run_jamming    | INFO   | jamming cw r=1 JSR=-2.0 dB | BER=0.31106
2026-09-28 21:32:21 | src.evaluation.evaluator       | INFO   | Starting evaluation over 14 SNR points
2026-09-28 21:32:21 | src.evaluation.evaluator       | WARNING | SNR=-5.0 dB: 1/256 sensing elements outside [0,1] (min=-0.0698, max=0.8138) -> clamped
2026-09-28 21:32:21 | src.evaluation.evaluator       | WARNING | SNR=-3.0 dB: 1/256 sensing elements outside [0,1] (min=-0.1020, max=0.6492) -> clamped
2026-09-28 21:32:21 | src.evaluation.evaluator       | WARNING | SNR=-1.0 dB: 1/256 sensing elements outside [0,1] (min=-0.1802, max=0.7367) -> clamped
2026-09-28 21:32:22 | src.evaluation.evaluator       | WARNING | SNR=7.0 dB: 2/512 sensing elements outside [0,1] (min=-0.0395, max=0.8526) -> clamped
2026-09-28 21:32:22 | src.evaluation.evaluator       | WARNING | SNR=9.0 dB: 1/256 sensing elements outside [0,1] (min=-0.0386, max=0.7881) -> clamped
2026-09-28 21:32:23 | src.evaluation.evaluator       | WARNING | SNR=15.0 dB: 2/512 sensing elements outside [0,1] (min=-0.0714, max=0.8328) -> clamped
2026-09-28 21:32:23 | src.evaluation.evaluator       | WARNING | SNR=17.0 dB: 1/256 sensing elements outside [0,1] (min=-0.0079, max=0.8337) -> clamped
2026-09-28 21:32:24 | src.evaluation.evaluator       | INFO   | Evaluation completed for 14 SNR points
2026-09-28 21:32:24 | src.experiments.run_jamming    | INFO   | jamming cw r=1 JSR=0.0 dB | BER=0.45554
2026-09-28 21:32:24 | src.evaluation.evaluator       | INFO   | Starting evaluation over 14 SNR points
2026-09-28 21:32:24 | src.evaluation.evaluator       | WARNING | SNR=-5.0 dB: 6/512 sensing elements outside [0,1] (min=-0.2005, max=0.7748) -> clamped
2026-09-28 21:32:25 | src.evaluation.evaluator       | WARNING | SNR=-3.0 dB: 3/512 sensing elements outside [0,1] (min=-0.2935, max=0.6717) -> clamped
2026-09-28 21:32:25 | src.evaluation.evaluator       | WARNING | SNR=-1.0 dB: 5/512 sensing elements outside [0,1] (min=-0.4065, max=0.7059) -> clamped
2026-09-28 21:32:25 | src.evaluation.evaluator       | WARNING | SNR=1.0 dB: 6/256 sensing elements outside [0,1] (min=-0.1062, max=0.7363) -> clamped
2026-09-28 21:32:25 | src.evaluation.evaluator       | WARNING | SNR=3.0 dB: 5/512 sensing elements outside [0,1] (min=-0.1818, max=0.7742) -> clamped
2026-09-28 21:32:26 | src.evaluation.evaluator       | WARNING | SNR=5.0 dB: 5/512 sensing elements outside [0,1] (min=-0.0674, max=0.8127) -> clamped
2026-09-28 21:32:26 | src.evaluation.evaluator       | WARNING | SNR=7.0 dB: 6/512 sensing elements outside [0,1] (min=-0.2172, max=0.8088) -> clamped
2026-09-28 21:32:26 | src.evaluation.evaluator       | WARNING | SNR=9.0 dB: 5/512 sensing elements outside [0,1] (min=-0.2233, max=0.7667) -> clamped
2026-09-28 21:32:26 | src.evaluation.evaluator       | WARNING | SNR=11.0 dB: 7/512 sensing elements outside [0,1] (min=-0.0968, max=0.8271) -> clamped
2026-09-28 21:32:26 | src.evaluation.evaluator       | WARNING | SNR=13.0 dB: 2/256 sensing elements outside [0,1] (min=-0.1204, max=0.7804) -> clamped
2026-09-28 21:32:27 | src.evaluation.evaluator       | WARNING | SNR=15.0 dB: 6/512 sensing elements outside [0,1] (min=-0.2489, max=0.8056) -> clamped
2026-09-28 21:32:27 | src.evaluation.evaluator       | WARNING | SNR=17.0 dB: 5/512 sensing elements outside [0,1] (min=-0.1814, max=0.7979) -> clamped
2026-09-28 21:32:27 | src.evaluation.evaluator       | WARNING | SNR=19.0 dB: 5/512 sensing elements outside [0,1] (min=-0.1250, max=0.8350) -> clamped
2026-09-28 21:32:27 | src.evaluation.evaluator       | WARNING | SNR=21.0 dB: 2/512 sensing elements outside [0,1] (min=-0.1060, max=0.8040) -> clamped
2026-09-28 21:32:27 | src.evaluation.evaluator       | INFO   | Evaluation completed for 14 SNR points
2026-09-28 21:32:27 | src.experiments.run_jamming    | INFO   | jamming cw r=1 JSR=2.0 dB | BER=0.50530
2026-09-28 21:32:27 | src.evaluation.evaluator       | INFO   | Starting evaluation over 14 SNR points
2026-09-28 21:32:27 | src.evaluation.evaluator       | WARNING | SNR=-5.0 dB: 20/512 sensing elements outside [0,1] (min=-0.3659, max=0.7672) -> clamped
2026-09-28 21:32:28 | src.evaluation.evaluator       | WARNING | SNR=-3.0 dB: 21/512 sensing elements outside [0,1] (min=-0.5406, max=0.6376) -> clamped
2026-09-28 21:32:28 | src.evaluation.evaluator       | WARNING | SNR=-1.0 dB: 19/512 sensing elements outside [0,1] (min=-0.6842, max=0.6877) -> clamped
2026-09-28 21:32:28 | src.evaluation.evaluator       | WARNING | SNR=1.0 dB: 26/512 sensing elements outside [0,1] (min=-0.3303, max=0.6737) -> clamped
2026-09-28 21:32:28 | src.evaluation.evaluator       | WARNING | SNR=3.0 dB: 15/512 sensing elements outside [0,1] (min=-0.4238, max=0.6952) -> clamped
2026-09-28 21:32:28 | src.evaluation.evaluator       | WARNING | SNR=5.0 dB: 23/512 sensing elements outside [0,1] (min=-0.2929, max=0.7287) -> clamped
2026-09-28 21:32:28 | src.evaluation.evaluator       | WARNING | SNR=7.0 dB: 26/512 sensing elements outside [0,1] (min=-0.4443, max=0.7441) -> clamped
2026-09-28 21:32:29 | src.evaluation.evaluator       | WARNING | SNR=9.0 dB: 20/512 sensing elements outside [0,1] (min=-0.4306, max=0.7296) -> clamped
2026-09-28 21:32:29 | src.evaluation.evaluator       | WARNING | SNR=11.0 dB: 23/512 sensing elements outside [0,1] (min=-0.3326, max=0.7779) -> clamped
2026-09-28 21:32:29 | src.evaluation.evaluator       | WARNING | SNR=13.0 dB: 15/512 sensing elements outside [0,1] (min=-0.3757, max=0.7326) -> clamped
2026-09-28 21:32:29 | src.evaluation.evaluator       | WARNING | SNR=15.0 dB: 34/512 sensing elements outside [0,1] (min=-0.4500, max=0.7381) -> clamped
2026-09-28 21:32:29 | src.evaluation.evaluator       | WARNING | SNR=17.0 dB: 19/512 sensing elements outside [0,1] (min=-0.4230, max=0.7185) -> clamped
2026-09-28 21:32:30 | src.evaluation.evaluator       | WARNING | SNR=19.0 dB: 16/512 sensing elements outside [0,1] (min=-0.4087, max=0.7582) -> clamped
2026-09-28 21:32:30 | src.evaluation.evaluator       | WARNING | SNR=21.0 dB: 11/512 sensing elements outside [0,1] (min=-0.3529, max=0.7414) -> clamped
2026-09-28 21:32:30 | src.evaluation.evaluator       | INFO   | Evaluation completed for 14 SNR points
2026-09-28 21:32:30 | src.experiments.run_jamming    | INFO   | jamming cw r=1 JSR=4.0 dB | BER=0.51032
2026-09-28 21:32:30 | src.evaluation.evaluator       | INFO   | Starting evaluation over 14 SNR points
2026-09-28 21:32:30 | src.evaluation.evaluator       | WARNING | SNR=-5.0 dB: 51/512 sensing elements outside [0,1] (min=-0.5555, max=0.7040) -> clamped
2026-09-28 21:32:30 | src.evaluation.evaluator       | WARNING | SNR=-3.0 dB: 58/512 sensing elements outside [0,1] (min=-0.8632, max=0.6084) -> clamped
2026-09-28 21:32:30 | src.evaluation.evaluator       | WARNING | SNR=-1.0 dB: 47/512 sensing elements outside [0,1] (min=-0.9963, max=0.6688) -> clamped
2026-09-28 21:32:31 | src.evaluation.evaluator       | WARNING | SNR=1.0 dB: 66/512 sensing elements outside [0,1] (min=-0.5680, max=0.6029) -> clamped
2026-09-28 21:32:31 | src.evaluation.evaluator       | WARNING | SNR=3.0 dB: 61/512 sensing elements outside [0,1] (min=-0.7000, max=0.6394) -> clamped
2026-09-28 21:32:31 | src.evaluation.evaluator       | WARNING | SNR=5.0 dB: 67/512 sensing elements outside [0,1] (min=-0.5500, max=0.6632) -> clamped
2026-09-28 21:32:31 | src.evaluation.evaluator       | WARNING | SNR=7.0 dB: 71/512 sensing elements outside [0,1] (min=-0.6882, max=0.7036) -> clamped
2026-09-28 21:32:31 | src.evaluation.evaluator       | WARNING | SNR=9.0 dB: 63/512 sensing elements outside [0,1] (min=-0.6728, max=0.6968) -> clamped
2026-09-28 21:32:31 | src.evaluation.evaluator       | WARNING | SNR=11.0 dB: 66/512 sensing elements outside [0,1] (min=-0.6525, max=0.7435) -> clamped
2026-09-28 21:32:32 | src.evaluation.evaluator       | WARNING | SNR=13.0 dB: 50/512 sensing elements outside [0,1] (min=-0.6932, max=0.6622) -> clamped
2026-09-28 21:32:32 | src.evaluation.evaluator       | WARNING | SNR=15.0 dB: 70/512 sensing elements outside [0,1] (min=-0.7235, max=0.6517) -> clamped
2026-09-28 21:32:32 | src.evaluation.evaluator       | WARNING | SNR=17.0 dB: 72/512 sensing elements outside [0,1] (min=-0.7481, max=0.6902) -> clamped
2026-09-28 21:32:32 | src.evaluation.evaluator       | WARNING | SNR=19.0 dB: 58/512 sensing elements outside [0,1] (min=-0.7296, max=0.6752) -> clamped
2026-09-28 21:32:32 | src.evaluation.evaluator       | WARNING | SNR=21.0 dB: 52/512 sensing elements outside [0,1] (min=-0.6275, max=0.6682) -> clamped
2026-09-28 21:32:32 | src.evaluation.evaluator       | INFO   | Evaluation completed for 14 SNR points
2026-09-28 21:32:32 | src.experiments.run_jamming    | INFO   | jamming cw r=1 JSR=6.0 dB | BER=0.51032
2026-09-28 21:32:32 | src.evaluation.evaluator       | INFO   | Starting evaluation over 14 SNR points
2026-09-28 21:32:33 | src.evaluation.evaluator       | WARNING | SNR=-5.0 dB: 115/512 sensing elements outside [0,1] (min=-0.8837, max=0.5851) -> clamped
2026-09-28 21:32:33 | src.evaluation.evaluator       | WARNING | SNR=-3.0 dB: 129/512 sensing elements outside [0,1] (min=-1.2396, max=0.6273) -> clamped
2026-09-28 21:32:33 | src.evaluation.evaluator       | WARNING | SNR=-1.0 dB: 134/512 sensing elements outside [0,1] (min=-1.3331, max=0.6610) -> clamped
2026-09-28 21:32:33 | src.evaluation.evaluator       | WARNING | SNR=1.0 dB: 137/512 sensing elements outside [0,1] (min=-0.8443, max=0.5777) -> clamped
2026-09-28 21:32:33 | src.evaluation.evaluator       | WARNING | SNR=3.0 dB: 160/512 sensing elements outside [0,1] (min=-0.9786, max=0.6159) -> clamped
2026-09-28 21:32:34 | src.evaluation.evaluator       | WARNING | SNR=5.0 dB: 156/512 sensing elements outside [0,1] (min=-0.8294, max=0.6232) -> clamped
2026-09-28 21:32:34 | src.evaluation.evaluator       | WARNING | SNR=7.0 dB: 155/512 sensing elements outside [0,1] (min=-0.9398, max=0.6840) -> clamped
2026-09-28 21:32:34 | src.evaluation.evaluator       | WARNING | SNR=9.0 dB: 155/512 sensing elements outside [0,1] (min=-1.0195, max=0.6629) -> clamped
2026-09-28 21:32:34 | src.evaluation.evaluator       | WARNING | SNR=11.0 dB: 154/512 sensing elements outside [0,1] (min=-0.9895, max=0.7252) -> clamped
2026-09-28 21:32:34 | src.evaluation.evaluator       | WARNING | SNR=13.0 dB: 163/512 sensing elements outside [0,1] (min=-1.0656, max=0.6097) -> clamped
2026-09-28 21:32:34 | src.evaluation.evaluator       | WARNING | SNR=15.0 dB: 154/512 sensing elements outside [0,1] (min=-1.0216, max=0.6181) -> clamped
2026-09-28 21:32:35 | src.evaluation.evaluator       | WARNING | SNR=17.0 dB: 151/512 sensing elements outside [0,1] (min=-1.0678, max=0.6804) -> clamped
2026-09-28 21:32:35 | src.evaluation.evaluator       | WARNING | SNR=19.0 dB: 150/512 sensing elements outside [0,1] (min=-1.0644, max=0.6296) -> clamped
2026-09-28 21:32:35 | src.evaluation.evaluator       | WARNING | SNR=21.0 dB: 135/512 sensing elements outside [0,1] (min=-0.9433, max=0.6191) -> clamped
2026-09-28 21:32:35 | src.evaluation.evaluator       | INFO   | Evaluation completed for 14 SNR points
2026-09-28 21:32:35 | src.experiments.run_jamming    | INFO   | jamming cw r=1 JSR=8.0 dB | BER=0.51032
2026-09-28 21:32:35 | src.evaluation.evaluator       | INFO   | Starting evaluation over 14 SNR points
2026-09-28 21:32:35 | src.evaluation.evaluator       | WARNING | SNR=-5.0 dB: 186/512 sensing elements outside [0,1] (min=-1.2366, max=0.6121) -> clamped
2026-09-28 21:32:35 | src.evaluation.evaluator       | WARNING | SNR=-3.0 dB: 209/512 sensing elements outside [0,1] (min=-1.6412, max=0.6454) -> clamped
2026-09-28 21:32:36 | src.evaluation.evaluator       | WARNING | SNR=-1.0 dB: 204/512 sensing elements outside [0,1] (min=-1.7595, max=0.6583) -> clamped
2026-09-28 21:32:36 | src.evaluation.evaluator       | WARNING | SNR=1.0 dB: 209/512 sensing elements outside [0,1] (min=-1.1714, max=0.5989) -> clamped
2026-09-28 21:32:36 | src.evaluation.evaluator       | WARNING | SNR=3.0 dB: 222/512 sensing elements outside [0,1] (min=-1.2816, max=0.5957) -> clamped
2026-09-28 21:32:36 | src.evaluation.evaluator       | WARNING | SNR=5.0 dB: 233/512 sensing elements outside [0,1] (min=-1.1126, max=0.6257) -> clamped
2026-09-28 21:32:37 | src.evaluation.evaluator       | WARNING | SNR=7.0 dB: 229/512 sensing elements outside [0,1] (min=-1.2518, max=0.6887) -> clamped
2026-09-28 21:32:37 | src.evaluation.evaluator       | WARNING | SNR=9.0 dB: 228/512 sensing elements outside [0,1] (min=-1.4259, max=0.6498) -> clamped
2026-09-28 21:32:37 | src.evaluation.evaluator       | WARNING | SNR=11.0 dB: 223/512 sensing elements outside [0,1] (min=-1.3867, max=0.7138) -> clamped
2026-09-28 21:32:37 | src.evaluation.evaluator       | WARNING | SNR=13.0 dB: 236/512 sensing elements outside [0,1] (min=-1.4788, max=0.6181) -> clamped
2026-09-28 21:32:38 | src.evaluation.evaluator       | WARNING | SNR=15.0 dB: 227/512 sensing elements outside [0,1] (min=-1.3899, max=0.6241) -> clamped
2026-09-28 21:32:38 | src.evaluation.evaluator       | WARNING | SNR=17.0 dB: 233/512 sensing elements outside [0,1] (min=-1.4189, max=0.6771) -> clamped
2026-09-28 21:32:38 | src.evaluation.evaluator       | WARNING | SNR=19.0 dB: 221/512 sensing elements outside [0,1] (min=-1.4179, max=0.6417) -> clamped
2026-09-28 21:32:38 | src.evaluation.evaluator       | WARNING | SNR=21.0 dB: 231/512 sensing elements outside [0,1] (min=-1.3040, max=0.6088) -> clamped
2026-09-28 21:32:38 | src.evaluation.evaluator       | INFO   | Evaluation completed for 14 SNR points
2026-09-28 21:32:38 | src.experiments.run_jamming    | INFO   | jamming cw r=1 JSR=10.0 dB | BER=0.51032
2026-09-28 21:32:38 | src.evaluation.evaluator       | INFO   | Starting evaluation over 14 SNR points
2026-09-28 21:32:42 | src.evaluation.evaluator       | WARNING | SNR=-3.0 dB: 1/256 sensing elements outside [0,1] (min=-0.0305, max=0.8214) -> clamped
2026-09-28 21:32:46 | src.evaluation.evaluator       | WARNING | SNR=1.0 dB: 3/768 sensing elements outside [0,1] (min=-0.1269, max=1.0505) -> clamped
2026-09-28 21:32:48 | src.evaluation.evaluator       | WARNING | SNR=3.0 dB: 3/768 sensing elements outside [0,1] (min=-0.0225, max=1.0185) -> clamped
2026-09-28 21:32:50 | src.evaluation.evaluator       | WARNING | SNR=5.0 dB: 5/1024 sensing elements outside [0,1] (min=0.0327, max=1.0296) -> clamped
2026-09-28 21:32:53 | src.evaluation.evaluator       | WARNING | SNR=7.0 dB: 8/2048 sensing elements outside [0,1] (min=-0.0318, max=1.0802) -> clamped
2026-09-28 21:32:55 | src.evaluation.evaluator       | WARNING | SNR=9.0 dB: 4/1024 sensing elements outside [0,1] (min=-0.0175, max=1.0367) -> clamped
2026-09-28 21:32:57 | src.evaluation.evaluator       | WARNING | SNR=11.0 dB: 7/1536 sensing elements outside [0,1] (min=-0.0000, max=1.1443) -> clamped
2026-09-28 21:32:59 | src.evaluation.evaluator       | WARNING | SNR=13.0 dB: 16/3072 sensing elements outside [0,1] (min=-0.0128, max=1.0579) -> clamped
2026-09-28 21:33:01 | src.evaluation.evaluator       | WARNING | SNR=15.0 dB: 17/2560 sensing elements outside [0,1] (min=-0.0306, max=1.1444) -> clamped
2026-09-28 21:33:03 | src.evaluation.evaluator       | WARNING | SNR=17.0 dB: 13/2304 sensing elements outside [0,1] (min=-0.0134, max=1.0310) -> clamped
2026-09-28 21:33:06 | src.evaluation.evaluator       | WARNING | SNR=19.0 dB: 13/2560 sensing elements outside [0,1] (min=-0.0460, max=1.0622) -> clamped
2026-09-28 21:33:09 | src.evaluation.evaluator       | WARNING | SNR=21.0 dB: 17/3412 sensing elements outside [0,1] (min=-0.0223, max=1.1449) -> clamped
2026-09-28 21:33:09 | src.evaluation.evaluator       | INFO   | Evaluation completed for 14 SNR points
2026-09-28 21:33:09 | src.experiments.run_jamming    | INFO   | jamming cw r=2 JSR=-10.0 dB | BER=0.01014
2026-09-28 21:33:09 | src.evaluation.evaluator       | INFO   | Starting evaluation over 14 SNR points
2026-09-28 21:33:11 | src.evaluation.evaluator       | WARNING | SNR=-3.0 dB: 1/256 sensing elements outside [0,1] (min=-0.0374, max=0.8155) -> clamped
2026-09-28 21:33:16 | src.evaluation.evaluator       | WARNING | SNR=1.0 dB: 2/512 sensing elements outside [0,1] (min=-0.1340, max=1.0519) -> clamped
2026-09-28 21:33:18 | src.evaluation.evaluator       | WARNING | SNR=3.0 dB: 1/256 sensing elements outside [0,1] (min=-0.0119, max=0.9686) -> clamped
2026-09-28 21:33:21 | src.evaluation.evaluator       | WARNING | SNR=5.0 dB: 3/768 sensing elements outside [0,1] (min=0.0446, max=1.0254) -> clamped
2026-09-28 21:33:23 | src.evaluation.evaluator       | WARNING | SNR=7.0 dB: 4/1024 sensing elements outside [0,1] (min=-0.0370, max=1.0777) -> clamped
2026-09-28 21:33:25 | src.evaluation.evaluator       | WARNING | SNR=9.0 dB: 4/1024 sensing elements outside [0,1] (min=-0.0176, max=1.0318) -> clamped
2026-09-28 21:33:27 | src.evaluation.evaluator       | WARNING | SNR=11.0 dB: 6/1280 sensing elements outside [0,1] (min=0.0305, max=1.1401) -> clamped
2026-09-28 21:33:29 | src.evaluation.evaluator       | WARNING | SNR=13.0 dB: 14/2560 sensing elements outside [0,1] (min=-0.0265, max=1.0499) -> clamped
2026-09-28 21:33:31 | src.evaluation.evaluator       | WARNING | SNR=15.0 dB: 14/2304 sensing elements outside [0,1] (min=-0.0244, max=1.1422) -> clamped
2026-09-28 21:33:34 | src.evaluation.evaluator       | WARNING | SNR=17.0 dB: 6/1280 sensing elements outside [0,1] (min=-0.0086, max=1.0256) -> clamped
2026-09-28 21:33:36 | src.evaluation.evaluator       | WARNING | SNR=19.0 dB: 9/1792 sensing elements outside [0,1] (min=-0.0316, max=1.0568) -> clamped
2026-09-28 21:33:38 | src.evaluation.evaluator       | WARNING | SNR=21.0 dB: 14/2644 sensing elements outside [0,1] (min=-0.0293, max=1.1455) -> clamped
2026-09-28 21:33:38 | src.evaluation.evaluator       | INFO   | Evaluation completed for 14 SNR points
2026-09-28 21:33:38 | src.experiments.run_jamming    | INFO   | jamming cw r=2 JSR=-8.0 dB | BER=0.01079
2026-09-28 21:33:38 | src.evaluation.evaluator       | INFO   | Starting evaluation over 14 SNR points
2026-09-28 21:33:41 | src.evaluation.evaluator       | WARNING | SNR=-3.0 dB: 1/256 sensing elements outside [0,1] (min=-0.0416, max=0.8085) -> clamped
2026-09-28 21:33:45 | src.evaluation.evaluator       | WARNING | SNR=1.0 dB: 2/512 sensing elements outside [0,1] (min=-0.1418, max=1.0530) -> clamped
2026-09-28 21:33:50 | src.evaluation.evaluator       | WARNING | SNR=5.0 dB: 3/768 sensing elements outside [0,1] (min=0.0643, max=1.0194) -> clamped
2026-09-28 21:33:53 | src.evaluation.evaluator       | WARNING | SNR=7.0 dB: 4/1024 sensing elements outside [0,1] (min=-0.0385, max=1.0692) -> clamped
2026-09-28 21:33:55 | src.evaluation.evaluator       | WARNING | SNR=9.0 dB: 3/768 sensing elements outside [0,1] (min=-0.0179, max=1.0230) -> clamped
2026-09-28 21:33:57 | src.evaluation.evaluator       | WARNING | SNR=11.0 dB: 4/768 sensing elements outside [0,1] (min=0.0386, max=1.1335) -> clamped
2026-09-28 21:33:59 | src.evaluation.evaluator       | WARNING | SNR=13.0 dB: 7/1536 sensing elements outside [0,1] (min=-0.0300, max=1.0429) -> clamped
2026-09-28 21:34:02 | src.evaluation.evaluator       | WARNING | SNR=15.0 dB: 11/2048 sensing elements outside [0,1] (min=-0.0266, max=1.1273) -> clamped
2026-09-28 21:34:04 | src.evaluation.evaluator       | WARNING | SNR=17.0 dB: 4/1024 sensing elements outside [0,1] (min=-0.0021, max=1.0168) -> clamped
2026-09-28 21:34:07 | src.evaluation.evaluator       | WARNING | SNR=19.0 dB: 6/1280 sensing elements outside [0,1] (min=-0.0136, max=1.0478) -> clamped
2026-09-28 21:34:09 | src.evaluation.evaluator       | WARNING | SNR=21.0 dB: 6/1536 sensing elements outside [0,1] (min=-0.0344, max=1.1400) -> clamped
2026-09-28 21:34:09 | src.evaluation.evaluator       | INFO   | Evaluation completed for 14 SNR points
2026-09-28 21:34:09 | src.experiments.run_jamming    | INFO   | jamming cw r=2 JSR=-6.0 dB | BER=0.01244
2026-09-28 21:34:09 | src.evaluation.evaluator       | INFO   | Starting evaluation over 14 SNR points
2026-09-28 21:34:11 | src.evaluation.evaluator       | WARNING | SNR=-3.0 dB: 1/256 sensing elements outside [0,1] (min=-0.0453, max=0.7996) -> clamped
2026-09-28 21:34:16 | src.evaluation.evaluator       | WARNING | SNR=1.0 dB: 2/512 sensing elements outside [0,1] (min=-0.1444, max=1.0505) -> clamped
2026-09-28 21:34:18 | src.evaluation.evaluator       | WARNING | SNR=3.0 dB: 1/256 sensing elements outside [0,1] (min=0.0659, max=1.0026) -> clamped
2026-09-28 21:34:21 | src.evaluation.evaluator       | WARNING | SNR=5.0 dB: 1/256 sensing elements outside [0,1] (min=0.0959, max=1.0095) -> clamped
2026-09-28 21:34:23 | src.evaluation.evaluator       | WARNING | SNR=7.0 dB: 3/768 sensing elements outside [0,1] (min=-0.0355, max=1.0580) -> clamped
2026-09-28 21:34:25 | src.evaluation.evaluator       | WARNING | SNR=9.0 dB: 3/768 sensing elements outside [0,1] (min=-0.0172, max=1.0078) -> clamped
2026-09-28 21:34:27 | src.evaluation.evaluator       | WARNING | SNR=11.0 dB: 4/768 sensing elements outside [0,1] (min=0.0422, max=1.1250) -> clamped
2026-09-28 21:34:30 | src.evaluation.evaluator       | WARNING | SNR=13.0 dB: 6/1280 sensing elements outside [0,1] (min=-0.0243, max=1.0346) -> clamped
2026-09-28 21:34:32 | src.evaluation.evaluator       | WARNING | SNR=15.0 dB: 8/1536 sensing elements outside [0,1] (min=-0.0290, max=1.0938) -> clamped
2026-09-28 21:34:35 | src.evaluation.evaluator       | WARNING | SNR=17.0 dB: 1/256 sensing elements outside [0,1] (min=0.0856, max=1.0010) -> clamped
2026-09-28 21:34:37 | src.evaluation.evaluator       | WARNING | SNR=19.0 dB: 3/768 sensing elements outside [0,1] (min=0.0108, max=1.0441) -> clamped
2026-09-28 21:34:39 | src.evaluation.evaluator       | WARNING | SNR=21.0 dB: 5/1280 sensing elements outside [0,1] (min=-0.0347, max=1.1304) -> clamped
2026-09-28 21:34:39 | src.evaluation.evaluator       | INFO   | Evaluation completed for 14 SNR points
2026-09-28 21:34:39 | src.experiments.run_jamming    | INFO   | jamming cw r=2 JSR=-4.0 dB | BER=0.01817
2026-09-28 21:34:39 | src.evaluation.evaluator       | INFO   | Starting evaluation over 14 SNR points
2026-09-28 21:34:40 | src.evaluation.evaluator       | WARNING | SNR=-5.0 dB: 1/256 sensing elements outside [0,1] (min=-0.0033, max=0.7750) -> clamped
2026-09-28 21:34:46 | src.evaluation.evaluator       | WARNING | SNR=1.0 dB: 2/512 sensing elements outside [0,1] (min=-0.1438, max=1.0426) -> clamped
2026-09-28 21:34:48 | src.evaluation.evaluator       | WARNING | SNR=3.0 dB: 1/256 sensing elements outside [0,1] (min=0.0777, max=1.0086) -> clamped
2026-09-28 21:34:52 | src.evaluation.evaluator       | WARNING | SNR=7.0 dB: 3/768 sensing elements outside [0,1] (min=-0.0264, max=1.0435) -> clamped
2026-09-28 21:34:55 | src.evaluation.evaluator       | WARNING | SNR=9.0 dB: 1/256 sensing elements outside [0,1] (min=-0.0139, max=0.9256) -> clamped
2026-09-28 21:34:57 | src.evaluation.evaluator       | WARNING | SNR=11.0 dB: 3/768 sensing elements outside [0,1] (min=0.0484, max=1.1134) -> clamped
2026-09-28 21:35:00 | src.evaluation.evaluator       | WARNING | SNR=13.0 dB: 3/512 sensing elements outside [0,1] (min=-0.0074, max=1.0236) -> clamped
2026-09-28 21:35:02 | src.evaluation.evaluator       | WARNING | SNR=15.0 dB: 5/1024 sensing elements outside [0,1] (min=-0.0293, max=1.0335) -> clamped
2026-09-28 21:35:06 | src.evaluation.evaluator       | WARNING | SNR=19.0 dB: 2/512 sensing elements outside [0,1] (min=0.0404, max=1.0441) -> clamped
2026-09-28 21:35:08 | src.evaluation.evaluator       | WARNING | SNR=21.0 dB: 4/1024 sensing elements outside [0,1] (min=-0.0268, max=1.1165) -> clamped
2026-09-28 21:35:08 | src.evaluation.evaluator       | INFO   | Evaluation completed for 14 SNR points
2026-09-28 21:35:08 | src.experiments.run_jamming    | INFO   | jamming cw r=2 JSR=-2.0 dB | BER=0.03261
2026-09-28 21:35:08 | src.evaluation.evaluator       | INFO   | Starting evaluation over 14 SNR points
2026-09-28 21:35:09 | src.evaluation.evaluator       | WARNING | SNR=-5.0 dB: 1/256 sensing elements outside [0,1] (min=-0.0311, max=0.7573) -> clamped
2026-09-28 21:35:16 | src.evaluation.evaluator       | WARNING | SNR=7.0 dB: 2/512 sensing elements outside [0,1] (min=-0.0125, max=1.0201) -> clamped
2026-09-28 21:35:17 | src.evaluation.evaluator       | WARNING | SNR=9.0 dB: 1/256 sensing elements outside [0,1] (min=-0.0059, max=0.9077) -> clamped
2026-09-28 21:35:21 | src.evaluation.evaluator       | WARNING | SNR=15.0 dB: 3/512 sensing elements outside [0,1] (min=-0.0292, max=1.0187) -> clamped
2026-09-28 21:35:26 | src.evaluation.evaluator       | WARNING | SNR=21.0 dB: 2/512 sensing elements outside [0,1] (min=0.1133, max=1.0927) -> clamped
2026-09-28 21:35:26 | src.evaluation.evaluator       | INFO   | Evaluation completed for 14 SNR points
2026-09-28 21:35:26 | src.experiments.run_jamming    | INFO   | jamming cw r=2 JSR=0.0 dB | BER=0.07332
2026-09-28 21:35:26 | src.evaluation.evaluator       | INFO   | Starting evaluation over 14 SNR points
2026-09-28 21:35:26 | src.evaluation.evaluator       | WARNING | SNR=-5.0 dB: 1/256 sensing elements outside [0,1] (min=-0.0683, max=0.7333) -> clamped
2026-09-28 21:35:29 | src.evaluation.evaluator       | WARNING | SNR=7.0 dB: 1/256 sensing elements outside [0,1] (min=-0.0320, max=0.7687) -> clamped
2026-09-28 21:35:31 | src.evaluation.evaluator       | WARNING | SNR=17.0 dB: 2/256 sensing elements outside [0,1] (min=-0.0372, max=0.8939) -> clamped
2026-09-28 21:35:32 | src.evaluation.evaluator       | INFO   | Evaluation completed for 14 SNR points
2026-09-28 21:35:32 | src.experiments.run_jamming    | INFO   | jamming cw r=2 JSR=2.0 dB | BER=0.17181
2026-09-28 21:35:32 | src.evaluation.evaluator       | INFO   | Starting evaluation over 14 SNR points
2026-09-28 21:35:33 | src.evaluation.evaluator       | WARNING | SNR=-5.0 dB: 2/512 sensing elements outside [0,1] (min=-0.1250, max=0.8675) -> clamped
2026-09-28 21:35:34 | src.evaluation.evaluator       | WARNING | SNR=7.0 dB: 1/256 sensing elements outside [0,1] (min=-0.0560, max=0.8381) -> clamped
2026-09-28 21:35:35 | src.evaluation.evaluator       | WARNING | SNR=9.0 dB: 1/256 sensing elements outside [0,1] (min=-0.0080, max=0.7777) -> clamped
2026-09-28 21:35:36 | src.evaluation.evaluator       | WARNING | SNR=17.0 dB: 4/256 sensing elements outside [0,1] (min=-0.1234, max=0.8548) -> clamped
2026-09-28 21:35:36 | src.evaluation.evaluator       | WARNING | SNR=19.0 dB: 1/256 sensing elements outside [0,1] (min=-0.1081, max=0.7040) -> clamped
2026-09-28 21:35:36 | src.evaluation.evaluator       | INFO   | Evaluation completed for 14 SNR points
2026-09-28 21:35:36 | src.experiments.run_jamming    | INFO   | jamming cw r=2 JSR=4.0 dB | BER=0.32608
2026-09-28 21:35:36 | src.evaluation.evaluator       | INFO   | Starting evaluation over 14 SNR points
2026-09-28 21:35:37 | src.evaluation.evaluator       | WARNING | SNR=-5.0 dB: 7/768 sensing elements outside [0,1] (min=-0.2169, max=0.8707) -> clamped
2026-09-28 21:35:37 | src.evaluation.evaluator       | WARNING | SNR=-3.0 dB: 1/256 sensing elements outside [0,1] (min=-0.0499, max=0.8118) -> clamped
2026-09-28 21:35:37 | src.evaluation.evaluator       | WARNING | SNR=1.0 dB: 1/256 sensing elements outside [0,1] (min=-0.0285, max=0.6729) -> clamped
2026-09-28 21:35:37 | src.evaluation.evaluator       | WARNING | SNR=3.0 dB: 4/512 sensing elements outside [0,1] (min=-0.0424, max=0.7361) -> clamped
2026-09-28 21:35:38 | src.evaluation.evaluator       | WARNING | SNR=5.0 dB: 2/512 sensing elements outside [0,1] (min=-0.0529, max=0.7083) -> clamped
2026-09-28 21:35:38 | src.evaluation.evaluator       | WARNING | SNR=7.0 dB: 2/512 sensing elements outside [0,1] (min=-0.1287, max=0.7774) -> clamped
2026-09-28 21:35:38 | src.evaluation.evaluator       | WARNING | SNR=9.0 dB: 2/256 sensing elements outside [0,1] (min=-0.1365, max=0.7428) -> clamped
2026-09-28 21:35:38 | src.evaluation.evaluator       | WARNING | SNR=11.0 dB: 3/256 sensing elements outside [0,1] (min=-0.1463, max=0.6840) -> clamped
2026-09-28 21:35:39 | src.evaluation.evaluator       | WARNING | SNR=15.0 dB: 4/512 sensing elements outside [0,1] (min=-0.0488, max=0.9323) -> clamped
2026-09-28 21:35:39 | src.evaluation.evaluator       | WARNING | SNR=17.0 dB: 6/256 sensing elements outside [0,1] (min=-0.2356, max=0.7939) -> clamped
2026-09-28 21:35:39 | src.evaluation.evaluator       | WARNING | SNR=19.0 dB: 6/512 sensing elements outside [0,1] (min=-0.2201, max=0.7011) -> clamped
2026-09-28 21:35:40 | src.evaluation.evaluator       | WARNING | SNR=21.0 dB: 4/512 sensing elements outside [0,1] (min=-0.0557, max=0.7043) -> clamped
2026-09-28 21:35:40 | src.evaluation.evaluator       | INFO   | Evaluation completed for 14 SNR points
2026-09-28 21:35:40 | src.experiments.run_jamming    | INFO   | jamming cw r=2 JSR=6.0 dB | BER=0.45443
2026-09-28 21:35:40 | src.evaluation.evaluator       | INFO   | Starting evaluation over 14 SNR points
2026-09-28 21:35:40 | src.evaluation.evaluator       | WARNING | SNR=-5.0 dB: 14/512 sensing elements outside [0,1] (min=-0.3402, max=0.8583) -> clamped
2026-09-28 21:35:40 | src.evaluation.evaluator       | WARNING | SNR=-3.0 dB: 12/512 sensing elements outside [0,1] (min=-0.2790, max=0.7520) -> clamped
2026-09-28 21:35:41 | src.evaluation.evaluator       | WARNING | SNR=-1.0 dB: 4/256 sensing elements outside [0,1] (min=-0.1388, max=0.7484) -> clamped
2026-09-28 21:35:41 | src.evaluation.evaluator       | WARNING | SNR=1.0 dB: 9/512 sensing elements outside [0,1] (min=-0.2376, max=0.7232) -> clamped
2026-09-28 21:35:41 | src.evaluation.evaluator       | WARNING | SNR=3.0 dB: 10/512 sensing elements outside [0,1] (min=-0.2188, max=0.7132) -> clamped
2026-09-28 21:35:41 | src.evaluation.evaluator       | WARNING | SNR=5.0 dB: 10/512 sensing elements outside [0,1] (min=-0.2134, max=0.7049) -> clamped
2026-09-28 21:35:41 | src.evaluation.evaluator       | WARNING | SNR=7.0 dB: 11/512 sensing elements outside [0,1] (min=-0.3421, max=0.7495) -> clamped
2026-09-28 21:35:42 | src.evaluation.evaluator       | WARNING | SNR=9.0 dB: 13/512 sensing elements outside [0,1] (min=-0.3658, max=0.6945) -> clamped
2026-09-28 21:35:42 | src.evaluation.evaluator       | WARNING | SNR=11.0 dB: 9/512 sensing elements outside [0,1] (min=-0.3601, max=0.6952) -> clamped
2026-09-28 21:35:42 | src.evaluation.evaluator       | WARNING | SNR=13.0 dB: 6/512 sensing elements outside [0,1] (min=-0.1613, max=0.7136) -> clamped
2026-09-28 21:35:42 | src.evaluation.evaluator       | WARNING | SNR=15.0 dB: 16/512 sensing elements outside [0,1] (min=-0.2225, max=0.8748) -> clamped
2026-09-28 21:35:42 | src.evaluation.evaluator       | WARNING | SNR=17.0 dB: 9/512 sensing elements outside [0,1] (min=-0.4317, max=0.7199) -> clamped
2026-09-28 21:35:42 | src.evaluation.evaluator       | WARNING | SNR=19.0 dB: 13/512 sensing elements outside [0,1] (min=-0.3963, max=0.6508) -> clamped
2026-09-28 21:35:43 | src.evaluation.evaluator       | WARNING | SNR=21.0 dB: 11/512 sensing elements outside [0,1] (min=-0.2300, max=0.6481) -> clamped
2026-09-28 21:35:43 | src.evaluation.evaluator       | INFO   | Evaluation completed for 14 SNR points
2026-09-28 21:35:43 | src.experiments.run_jamming    | INFO   | jamming cw r=2 JSR=8.0 dB | BER=0.49972
2026-09-28 21:35:43 | src.evaluation.evaluator       | INFO   | Starting evaluation over 14 SNR points
2026-09-28 21:35:43 | src.evaluation.evaluator       | WARNING | SNR=-5.0 dB: 30/512 sensing elements outside [0,1] (min=-0.5586, max=0.8415) -> clamped
2026-09-28 21:35:43 | src.evaluation.evaluator       | WARNING | SNR=-3.0 dB: 33/512 sensing elements outside [0,1] (min=-0.6139, max=0.7425) -> clamped
2026-09-28 21:35:43 | src.evaluation.evaluator       | WARNING | SNR=-1.0 dB: 30/512 sensing elements outside [0,1] (min=-0.4288, max=0.6661) -> clamped
2026-09-28 21:35:43 | src.evaluation.evaluator       | WARNING | SNR=1.0 dB: 30/512 sensing elements outside [0,1] (min=-0.5530, max=0.7089) -> clamped
2026-09-28 21:35:44 | src.evaluation.evaluator       | WARNING | SNR=3.0 dB: 33/512 sensing elements outside [0,1] (min=-0.4544, max=0.6697) -> clamped
2026-09-28 21:35:44 | src.evaluation.evaluator       | WARNING | SNR=5.0 dB: 29/512 sensing elements outside [0,1] (min=-0.5063, max=0.6711) -> clamped
2026-09-28 21:35:44 | src.evaluation.evaluator       | WARNING | SNR=7.0 dB: 31/512 sensing elements outside [0,1] (min=-0.6628, max=0.6997) -> clamped
2026-09-28 21:35:44 | src.evaluation.evaluator       | WARNING | SNR=9.0 dB: 40/512 sensing elements outside [0,1] (min=-0.7094, max=0.6520) -> clamped
2026-09-28 21:35:44 | src.evaluation.evaluator       | WARNING | SNR=11.0 dB: 25/512 sensing elements outside [0,1] (min=-0.6191, max=0.6948) -> clamped
2026-09-28 21:35:45 | src.evaluation.evaluator       | WARNING | SNR=13.0 dB: 28/512 sensing elements outside [0,1] (min=-0.4097, max=0.6600) -> clamped
2026-09-28 21:35:45 | src.evaluation.evaluator       | WARNING | SNR=15.0 dB: 38/512 sensing elements outside [0,1] (min=-0.4688, max=0.7832) -> clamped
2026-09-28 21:35:45 | src.evaluation.evaluator       | WARNING | SNR=17.0 dB: 30/512 sensing elements outside [0,1] (min=-0.7347, max=0.6176) -> clamped
2026-09-28 21:35:45 | src.evaluation.evaluator       | WARNING | SNR=19.0 dB: 36/512 sensing elements outside [0,1] (min=-0.6980, max=0.6139) -> clamped
2026-09-28 21:35:45 | src.evaluation.evaluator       | WARNING | SNR=21.0 dB: 34/512 sensing elements outside [0,1] (min=-0.4893, max=0.6279) -> clamped
2026-09-28 21:35:45 | src.evaluation.evaluator       | INFO   | Evaluation completed for 14 SNR points
2026-09-28 21:35:45 | src.experiments.run_jamming    | INFO   | jamming cw r=2 JSR=10.0 dB | BER=0.50781
2026-09-28 21:35:45 | src.evaluation.evaluator       | INFO   | Starting evaluation over 14 SNR points
2026-09-28 21:35:49 | src.evaluation.evaluator       | WARNING | SNR=-1.0 dB: 1/256 sensing elements outside [0,1] (min=0.0900, max=1.0089) -> clamped
2026-09-28 21:35:51 | src.evaluation.evaluator       | WARNING | SNR=1.0 dB: 3/768 sensing elements outside [0,1] (min=-0.0764, max=1.0724) -> clamped
2026-09-28 21:35:54 | src.evaluation.evaluator       | WARNING | SNR=3.0 dB: 4/1024 sensing elements outside [0,1] (min=-0.0688, max=1.0160) -> clamped
2026-09-28 21:35:56 | src.evaluation.evaluator       | WARNING | SNR=5.0 dB: 4/1024 sensing elements outside [0,1] (min=-0.0299, max=1.0578) -> clamped
2026-09-28 21:35:58 | src.evaluation.evaluator       | WARNING | SNR=7.0 dB: 5/1024 sensing elements outside [0,1] (min=-0.0460, max=1.0279) -> clamped
2026-09-28 21:36:00 | src.evaluation.evaluator       | WARNING | SNR=9.0 dB: 6/1106 sensing elements outside [0,1] (min=-0.0174, max=1.0318) -> clamped
2026-09-28 21:36:02 | src.evaluation.evaluator       | WARNING | SNR=11.0 dB: 10/1792 sensing elements outside [0,1] (min=-0.0060, max=1.1620) -> clamped
2026-09-28 21:36:04 | src.evaluation.evaluator       | WARNING | SNR=13.0 dB: 19/3328 sensing elements outside [0,1] (min=-0.0265, max=1.0902) -> clamped
2026-09-28 21:36:07 | src.evaluation.evaluator       | WARNING | SNR=15.0 dB: 10/2560 sensing elements outside [0,1] (min=0.0002, max=1.1137) -> clamped
2026-09-28 21:36:09 | src.evaluation.evaluator       | WARNING | SNR=17.0 dB: 19/3328 sensing elements outside [0,1] (min=-0.0360, max=1.0522) -> clamped
2026-09-28 21:36:11 | src.evaluation.evaluator       | WARNING | SNR=19.0 dB: 18/3584 sensing elements outside [0,1] (min=-0.0383, max=1.0806) -> clamped
2026-09-28 21:36:13 | src.evaluation.evaluator       | WARNING | SNR=21.0 dB: 14/3156 sensing elements outside [0,1] (min=-0.0218, max=1.1398) -> clamped
2026-09-28 21:36:13 | src.evaluation.evaluator       | INFO   | Evaluation completed for 14 SNR points
2026-09-28 21:36:13 | src.experiments.run_jamming    | INFO   | jamming cw r=3 JSR=-10.0 dB | BER=0.03436
2026-09-28 21:36:14 | src.evaluation.evaluator       | INFO   | Starting evaluation over 14 SNR points
2026-09-28 21:36:17 | src.evaluation.evaluator       | WARNING | SNR=1.0 dB: 1/256 sensing elements outside [0,1] (min=-0.0121, max=0.9072) -> clamped
2026-09-28 21:36:18 | src.evaluation.evaluator       | WARNING | SNR=3.0 dB: 1/256 sensing elements outside [0,1] (min=0.0785, max=1.0097) -> clamped
2026-09-28 21:36:19 | src.evaluation.evaluator       | WARNING | SNR=5.0 dB: 2/512 sensing elements outside [0,1] (min=0.0570, max=1.0652) -> clamped
2026-09-28 21:36:21 | src.evaluation.evaluator       | WARNING | SNR=7.0 dB: 2/512 sensing elements outside [0,1] (min=0.0537, max=1.0105) -> clamped
2026-09-28 21:36:22 | src.evaluation.evaluator       | WARNING | SNR=9.0 dB: 2/512 sensing elements outside [0,1] (min=-0.0128, max=1.0052) -> clamped
2026-09-28 21:36:24 | src.evaluation.evaluator       | WARNING | SNR=11.0 dB: 3/768 sensing elements outside [0,1] (min=0.0131, max=1.0184) -> clamped
2026-09-28 21:36:25 | src.evaluation.evaluator       | WARNING | SNR=13.0 dB: 10/2304 sensing elements outside [0,1] (min=-0.0215, max=1.0969) -> clamped
2026-09-28 21:36:26 | src.evaluation.evaluator       | WARNING | SNR=15.0 dB: 4/768 sensing elements outside [0,1] (min=-0.0029, max=1.0678) -> clamped
2026-09-28 21:36:28 | src.evaluation.evaluator       | WARNING | SNR=17.0 dB: 9/1792 sensing elements outside [0,1] (min=-0.0447, max=1.0154) -> clamped
2026-09-28 21:36:29 | src.evaluation.evaluator       | WARNING | SNR=19.0 dB: 8/1792 sensing elements outside [0,1] (min=-0.0300, max=1.0247) -> clamped
2026-09-28 21:36:30 | src.evaluation.evaluator       | WARNING | SNR=21.0 dB: 6/1280 sensing elements outside [0,1] (min=-0.0322, max=1.1438) -> clamped
2026-09-28 21:36:30 | src.evaluation.evaluator       | INFO   | Evaluation completed for 14 SNR points
2026-09-28 21:36:30 | src.experiments.run_jamming    | INFO   | jamming cw r=3 JSR=-8.0 dB | BER=0.07288
2026-09-28 21:36:30 | src.evaluation.evaluator       | INFO   | Starting evaluation over 14 SNR points
2026-09-28 21:36:31 | src.evaluation.evaluator       | WARNING | SNR=-5.0 dB: 1/256 sensing elements outside [0,1] (min=-0.0028, max=0.7797) -> clamped
2026-09-28 21:36:34 | src.evaluation.evaluator       | WARNING | SNR=7.0 dB: 1/256 sensing elements outside [0,1] (min=0.0489, max=1.0212) -> clamped
2026-09-28 21:36:35 | src.evaluation.evaluator       | WARNING | SNR=9.0 dB: 1/256 sensing elements outside [0,1] (min=0.1345, max=1.0099) -> clamped
2026-09-28 21:36:35 | src.evaluation.evaluator       | WARNING | SNR=11.0 dB: 1/256 sensing elements outside [0,1] (min=0.0202, max=1.0157) -> clamped
2026-09-28 21:36:36 | src.evaluation.evaluator       | WARNING | SNR=13.0 dB: 2/512 sensing elements outside [0,1] (min=0.0756, max=1.0520) -> clamped
2026-09-28 21:36:37 | src.evaluation.evaluator       | WARNING | SNR=15.0 dB: 3/512 sensing elements outside [0,1] (min=0.0782, max=1.0551) -> clamped
2026-09-28 21:36:37 | src.evaluation.evaluator       | WARNING | SNR=17.0 dB: 1/256 sensing elements outside [0,1] (min=0.0831, max=1.0035) -> clamped
2026-09-28 21:36:38 | src.evaluation.evaluator       | WARNING | SNR=19.0 dB: 2/512 sensing elements outside [0,1] (min=0.1098, max=1.0083) -> clamped
2026-09-28 21:36:38 | src.evaluation.evaluator       | WARNING | SNR=21.0 dB: 1/256 sensing elements outside [0,1] (min=0.0510, max=1.0478) -> clamped
2026-09-28 21:36:38 | src.evaluation.evaluator       | INFO   | Evaluation completed for 14 SNR points
2026-09-28 21:36:38 | src.experiments.run_jamming    | INFO   | jamming cw r=3 JSR=-6.0 dB | BER=0.15732
2026-09-28 21:36:38 | src.evaluation.evaluator       | INFO   | Starting evaluation over 14 SNR points
2026-09-28 21:36:40 | src.evaluation.evaluator       | WARNING | SNR=7.0 dB: 1/256 sensing elements outside [0,1] (min=0.0563, max=1.0304) -> clamped
2026-09-28 21:36:41 | src.evaluation.evaluator       | WARNING | SNR=9.0 dB: 1/256 sensing elements outside [0,1] (min=-0.0169, max=0.9518) -> clamped
2026-09-28 21:36:41 | src.evaluation.evaluator       | WARNING | SNR=11.0 dB: 1/256 sensing elements outside [0,1] (min=0.0408, max=1.0288) -> clamped
2026-09-28 21:36:41 | src.evaluation.evaluator       | WARNING | SNR=13.0 dB: 1/256 sensing elements outside [0,1] (min=0.0295, max=1.0165) -> clamped
2026-09-28 21:36:42 | src.evaluation.evaluator       | WARNING | SNR=17.0 dB: 1/256 sensing elements outside [0,1] (min=0.0805, max=1.0130) -> clamped
2026-09-28 21:36:42 | src.evaluation.evaluator       | WARNING | SNR=19.0 dB: 1/256 sensing elements outside [0,1] (min=0.1118, max=1.0122) -> clamped
2026-09-28 21:36:42 | src.evaluation.evaluator       | INFO   | Evaluation completed for 14 SNR points
2026-09-28 21:36:42 | src.experiments.run_jamming    | INFO   | jamming cw r=3 JSR=-4.0 dB | BER=0.30264
2026-09-28 21:36:42 | src.evaluation.evaluator       | INFO   | Starting evaluation over 14 SNR points
2026-09-28 21:36:44 | src.evaluation.evaluator       | WARNING | SNR=9.0 dB: 1/256 sensing elements outside [0,1] (min=-0.0215, max=0.9550) -> clamped
2026-09-28 21:36:44 | src.evaluation.evaluator       | WARNING | SNR=11.0 dB: 1/256 sensing elements outside [0,1] (min=0.0985, max=1.0453) -> clamped
2026-09-28 21:36:44 | src.evaluation.evaluator       | WARNING | SNR=13.0 dB: 1/256 sensing elements outside [0,1] (min=0.0342, max=1.0199) -> clamped
2026-09-28 21:36:44 | src.evaluation.evaluator       | WARNING | SNR=15.0 dB: 1/256 sensing elements outside [0,1] (min=0.1590, max=1.0186) -> clamped
2026-09-28 21:36:44 | src.evaluation.evaluator       | WARNING | SNR=17.0 dB: 1/256 sensing elements outside [0,1] (min=0.1078, max=1.0266) -> clamped
2026-09-28 21:36:45 | src.evaluation.evaluator       | WARNING | SNR=19.0 dB: 1/256 sensing elements outside [0,1] (min=0.1068, max=1.0195) -> clamped
2026-09-28 21:36:45 | src.evaluation.evaluator       | INFO   | Evaluation completed for 14 SNR points
2026-09-28 21:36:45 | src.experiments.run_jamming    | INFO   | jamming cw r=3 JSR=-2.0 dB | BER=0.43573
2026-09-28 21:36:45 | src.evaluation.evaluator       | INFO   | Starting evaluation over 14 SNR points
2026-09-28 21:36:45 | src.evaluation.evaluator       | WARNING | SNR=-5.0 dB: 2/512 sensing elements outside [0,1] (min=-0.0310, max=0.9508) -> clamped
2026-09-28 21:36:45 | src.evaluation.evaluator       | WARNING | SNR=-3.0 dB: 2/512 sensing elements outside [0,1] (min=-0.0990, max=0.9116) -> clamped
2026-09-28 21:36:46 | src.evaluation.evaluator       | WARNING | SNR=3.0 dB: 1/256 sensing elements outside [0,1] (min=-0.0013, max=0.8343) -> clamped
2026-09-28 21:36:46 | src.evaluation.evaluator       | WARNING | SNR=5.0 dB: 1/256 sensing elements outside [0,1] (min=-0.0526, max=0.9701) -> clamped
2026-09-28 21:36:47 | src.evaluation.evaluator       | WARNING | SNR=9.0 dB: 1/256 sensing elements outside [0,1] (min=-0.0176, max=0.9461) -> clamped
2026-09-28 21:36:47 | src.evaluation.evaluator       | WARNING | SNR=11.0 dB: 1/256 sensing elements outside [0,1] (min=0.0225, max=1.0552) -> clamped
2026-09-28 21:36:47 | src.evaluation.evaluator       | WARNING | SNR=13.0 dB: 2/256 sensing elements outside [0,1] (min=-0.0845, max=1.0295) -> clamped
2026-09-28 21:36:47 | src.evaluation.evaluator       | WARNING | SNR=15.0 dB: 1/256 sensing elements outside [0,1] (min=0.1835, max=1.0256) -> clamped
2026-09-28 21:36:48 | src.evaluation.evaluator       | WARNING | SNR=17.0 dB: 1/256 sensing elements outside [0,1] (min=0.1021, max=1.0005) -> clamped
2026-09-28 21:36:48 | src.evaluation.evaluator       | WARNING | SNR=19.0 dB: 2/256 sensing elements outside [0,1] (min=-0.0526, max=1.0193) -> clamped
2026-09-28 21:36:48 | src.evaluation.evaluator       | INFO   | Evaluation completed for 14 SNR points
2026-09-28 21:36:48 | src.experiments.run_jamming    | INFO   | jamming cw r=3 JSR=0.0 dB | BER=0.48242
2026-09-28 21:36:48 | src.evaluation.evaluator       | INFO   | Starting evaluation over 14 SNR points
2026-09-28 21:36:48 | src.evaluation.evaluator       | WARNING | SNR=-5.0 dB: 6/512 sensing elements outside [0,1] (min=-0.1292, max=0.9691) -> clamped
2026-09-28 21:36:49 | src.evaluation.evaluator       | WARNING | SNR=-3.0 dB: 4/512 sensing elements outside [0,1] (min=-0.2434, max=0.9209) -> clamped
2026-09-28 21:36:49 | src.evaluation.evaluator       | WARNING | SNR=-1.0 dB: 2/256 sensing elements outside [0,1] (min=-0.0143, max=0.7533) -> clamped
2026-09-28 21:36:49 | src.evaluation.evaluator       | WARNING | SNR=3.0 dB: 3/256 sensing elements outside [0,1] (min=-0.2350, max=0.8512) -> clamped
2026-09-28 21:36:50 | src.evaluation.evaluator       | WARNING | SNR=5.0 dB: 2/256 sensing elements outside [0,1] (min=-0.2963, max=0.9474) -> clamped
2026-09-28 21:36:50 | src.evaluation.evaluator       | WARNING | SNR=7.0 dB: 4/512 sensing elements outside [0,1] (min=-0.1530, max=0.9496) -> clamped
2026-09-28 21:36:50 | src.evaluation.evaluator       | WARNING | SNR=9.0 dB: 1/256 sensing elements outside [0,1] (min=-0.0062, max=0.9120) -> clamped
2026-09-28 21:36:50 | src.evaluation.evaluator       | WARNING | SNR=11.0 dB: 5/512 sensing elements outside [0,1] (min=-0.1711, max=1.0504) -> clamped
2026-09-28 21:36:51 | src.evaluation.evaluator       | WARNING | SNR=13.0 dB: 3/512 sensing elements outside [0,1] (min=-0.3150, max=1.0289) -> clamped
2026-09-28 21:36:51 | src.evaluation.evaluator       | WARNING | SNR=15.0 dB: 1/256 sensing elements outside [0,1] (min=0.0862, max=1.0257) -> clamped
2026-09-28 21:36:51 | src.evaluation.evaluator       | WARNING | SNR=19.0 dB: 7/256 sensing elements outside [0,1] (min=-0.2681, max=1.0138) -> clamped
2026-09-28 21:36:51 | src.evaluation.evaluator       | INFO   | Evaluation completed for 14 SNR points
2026-09-28 21:36:51 | src.experiments.run_jamming    | INFO   | jamming cw r=3 JSR=2.0 dB | BER=0.48856
2026-09-28 21:36:51 | src.evaluation.evaluator       | INFO   | Starting evaluation over 14 SNR points
2026-09-28 21:36:52 | src.evaluation.evaluator       | WARNING | SNR=-5.0 dB: 10/512 sensing elements outside [0,1] (min=-0.2846, max=1.0245) -> clamped
2026-09-28 21:36:52 | src.evaluation.evaluator       | WARNING | SNR=-3.0 dB: 10/512 sensing elements outside [0,1] (min=-0.4209, max=0.9327) -> clamped
2026-09-28 21:36:52 | src.evaluation.evaluator       | WARNING | SNR=-1.0 dB: 7/512 sensing elements outside [0,1] (min=-0.1947, max=0.9144) -> clamped
2026-09-28 21:36:52 | src.evaluation.evaluator       | WARNING | SNR=1.0 dB: 3/512 sensing elements outside [0,1] (min=-0.2113, max=0.8952) -> clamped
2026-09-28 21:36:52 | src.evaluation.evaluator       | WARNING | SNR=3.0 dB: 8/512 sensing elements outside [0,1] (min=-0.5373, max=0.9347) -> clamped
2026-09-28 21:36:52 | src.evaluation.evaluator       | WARNING | SNR=5.0 dB: 7/512 sensing elements outside [0,1] (min=-0.6219, max=0.9079) -> clamped
2026-09-28 21:36:53 | src.evaluation.evaluator       | WARNING | SNR=7.0 dB: 6/512 sensing elements outside [0,1] (min=-0.3820, max=0.9577) -> clamped
2026-09-28 21:36:53 | src.evaluation.evaluator       | WARNING | SNR=9.0 dB: 3/512 sensing elements outside [0,1] (min=-0.1451, max=0.8866) -> clamped
2026-09-28 21:36:53 | src.evaluation.evaluator       | WARNING | SNR=11.0 dB: 11/512 sensing elements outside [0,1] (min=-0.4465, max=1.0331) -> clamped
2026-09-28 21:36:53 | src.evaluation.evaluator       | WARNING | SNR=13.0 dB: 10/512 sensing elements outside [0,1] (min=-0.6202, max=1.0236) -> clamped
2026-09-28 21:36:53 | src.evaluation.evaluator       | WARNING | SNR=15.0 dB: 11/512 sensing elements outside [0,1] (min=-0.1482, max=1.0285) -> clamped
2026-09-28 21:36:53 | src.evaluation.evaluator       | WARNING | SNR=17.0 dB: 5/512 sensing elements outside [0,1] (min=-0.0535, max=0.9178) -> clamped
2026-09-28 21:36:54 | src.evaluation.evaluator       | WARNING | SNR=19.0 dB: 15/512 sensing elements outside [0,1] (min=-0.5731, max=0.9924) -> clamped
2026-09-28 21:36:54 | src.evaluation.evaluator       | WARNING | SNR=21.0 dB: 3/512 sensing elements outside [0,1] (min=-0.0839, max=1.0019) -> clamped
2026-09-28 21:36:54 | src.evaluation.evaluator       | INFO   | Evaluation completed for 14 SNR points
2026-09-28 21:36:54 | src.experiments.run_jamming    | INFO   | jamming cw r=3 JSR=4.0 dB | BER=0.48968
2026-09-28 21:36:54 | src.evaluation.evaluator       | INFO   | Starting evaluation over 14 SNR points
2026-09-28 21:36:54 | src.evaluation.evaluator       | WARNING | SNR=-5.0 dB: 13/512 sensing elements outside [0,1] (min=-0.5087, max=1.0466) -> clamped
2026-09-28 21:36:54 | src.evaluation.evaluator       | WARNING | SNR=-3.0 dB: 21/512 sensing elements outside [0,1] (min=-0.6880, max=0.9468) -> clamped
2026-09-28 21:36:54 | src.evaluation.evaluator       | WARNING | SNR=-1.0 dB: 18/512 sensing elements outside [0,1] (min=-0.4247, max=0.9235) -> clamped
2026-09-28 21:36:55 | src.evaluation.evaluator       | WARNING | SNR=1.0 dB: 10/512 sensing elements outside [0,1] (min=-0.5118, max=0.8999) -> clamped
2026-09-28 21:36:55 | src.evaluation.evaluator       | WARNING | SNR=3.0 dB: 18/512 sensing elements outside [0,1] (min=-0.9254, max=0.9608) -> clamped
2026-09-28 21:36:55 | src.evaluation.evaluator       | WARNING | SNR=5.0 dB: 20/512 sensing elements outside [0,1] (min=-1.0479, max=0.8855) -> clamped
2026-09-28 21:36:55 | src.evaluation.evaluator       | WARNING | SNR=7.0 dB: 14/512 sensing elements outside [0,1] (min=-0.6740, max=0.9693) -> clamped
2026-09-28 21:36:55 | src.evaluation.evaluator       | WARNING | SNR=9.0 dB: 11/512 sensing elements outside [0,1] (min=-0.3953, max=0.9022) -> clamped
2026-09-28 21:36:55 | src.evaluation.evaluator       | WARNING | SNR=11.0 dB: 26/512 sensing elements outside [0,1] (min=-0.7995, max=1.0132) -> clamped
2026-09-28 21:36:56 | src.evaluation.evaluator       | WARNING | SNR=13.0 dB: 18/512 sensing elements outside [0,1] (min=-1.0251, max=0.9952) -> clamped
2026-09-28 21:36:56 | src.evaluation.evaluator       | WARNING | SNR=15.0 dB: 24/512 sensing elements outside [0,1] (min=-0.3647, max=1.0237) -> clamped
2026-09-28 21:36:56 | src.evaluation.evaluator       | WARNING | SNR=17.0 dB: 14/512 sensing elements outside [0,1] (min=-0.2852, max=0.9348) -> clamped
2026-09-28 21:36:56 | src.evaluation.evaluator       | WARNING | SNR=19.0 dB: 22/512 sensing elements outside [0,1] (min=-0.9693, max=0.9616) -> clamped
2026-09-28 21:36:56 | src.evaluation.evaluator       | WARNING | SNR=21.0 dB: 13/512 sensing elements outside [0,1] (min=-0.3564, max=1.0176) -> clamped
2026-09-28 21:36:56 | src.evaluation.evaluator       | INFO   | Evaluation completed for 14 SNR points
2026-09-28 21:36:56 | src.experiments.run_jamming    | INFO   | jamming cw r=3 JSR=6.0 dB | BER=0.48968
2026-09-28 21:36:56 | src.evaluation.evaluator       | INFO   | Starting evaluation over 14 SNR points
2026-09-28 21:36:57 | src.evaluation.evaluator       | WARNING | SNR=-5.0 dB: 31/512 sensing elements outside [0,1] (min=-0.9363, max=1.0476) -> clamped
2026-09-28 21:36:57 | src.evaluation.evaluator       | WARNING | SNR=-3.0 dB: 50/512 sensing elements outside [0,1] (min=-1.0827, max=0.9606) -> clamped
2026-09-28 21:36:57 | src.evaluation.evaluator       | WARNING | SNR=-1.0 dB: 35/512 sensing elements outside [0,1] (min=-0.7345, max=0.9343) -> clamped
2026-09-28 21:36:57 | src.evaluation.evaluator       | WARNING | SNR=1.0 dB: 26/512 sensing elements outside [0,1] (min=-0.8997, max=0.9079) -> clamped
2026-09-28 21:36:57 | src.evaluation.evaluator       | WARNING | SNR=3.0 dB: 36/512 sensing elements outside [0,1] (min=-1.4193, max=0.9872) -> clamped
2026-09-28 21:36:58 | src.evaluation.evaluator       | WARNING | SNR=5.0 dB: 39/512 sensing elements outside [0,1] (min=-1.6063, max=0.8772) -> clamped
2026-09-28 21:36:58 | src.evaluation.evaluator       | WARNING | SNR=7.0 dB: 31/512 sensing elements outside [0,1] (min=-1.0492, max=0.9840) -> clamped
2026-09-28 21:36:58 | src.evaluation.evaluator       | WARNING | SNR=9.0 dB: 31/512 sensing elements outside [0,1] (min=-0.7448, max=0.9077) -> clamped
2026-09-28 21:36:58 | src.evaluation.evaluator       | WARNING | SNR=11.0 dB: 38/512 sensing elements outside [0,1] (min=-1.2634, max=0.9845) -> clamped
2026-09-28 21:36:58 | src.evaluation.evaluator       | WARNING | SNR=13.0 dB: 31/512 sensing elements outside [0,1] (min=-1.5399, max=0.9589) -> clamped
2026-09-28 21:36:58 | src.evaluation.evaluator       | WARNING | SNR=15.0 dB: 31/512 sensing elements outside [0,1] (min=-0.7221, max=1.0568) -> clamped
2026-09-28 21:36:59 | src.evaluation.evaluator       | WARNING | SNR=17.0 dB: 26/512 sensing elements outside [0,1] (min=-0.6651, max=0.9515) -> clamped
2026-09-28 21:36:59 | src.evaluation.evaluator       | WARNING | SNR=19.0 dB: 33/512 sensing elements outside [0,1] (min=-1.4751, max=0.9205) -> clamped
2026-09-28 21:36:59 | src.evaluation.evaluator       | WARNING | SNR=21.0 dB: 27/512 sensing elements outside [0,1] (min=-0.7351, max=1.0200) -> clamped
2026-09-28 21:36:59 | src.evaluation.evaluator       | INFO   | Evaluation completed for 14 SNR points
2026-09-28 21:36:59 | src.experiments.run_jamming    | INFO   | jamming cw r=3 JSR=8.0 dB | BER=0.48968
2026-09-28 21:36:59 | src.evaluation.evaluator       | INFO   | Starting evaluation over 14 SNR points
2026-09-28 21:36:59 | src.evaluation.evaluator       | WARNING | SNR=-5.0 dB: 54/512 sensing elements outside [0,1] (min=-1.4805, max=1.0228) -> clamped
2026-09-28 21:36:59 | src.evaluation.evaluator       | WARNING | SNR=-3.0 dB: 80/512 sensing elements outside [0,1] (min=-1.5991, max=0.9775) -> clamped
2026-09-28 21:37:00 | src.evaluation.evaluator       | WARNING | SNR=-1.0 dB: 59/512 sensing elements outside [0,1] (min=-1.1649, max=0.9854) -> clamped
2026-09-28 21:37:00 | src.evaluation.evaluator       | WARNING | SNR=1.0 dB: 47/512 sensing elements outside [0,1] (min=-1.3937, max=0.9268) -> clamped
2026-09-28 21:37:00 | src.evaluation.evaluator       | WARNING | SNR=3.0 dB: 62/512 sensing elements outside [0,1] (min=-2.0501, max=0.9918) -> clamped
2026-09-28 21:37:00 | src.evaluation.evaluator       | WARNING | SNR=5.0 dB: 65/512 sensing elements outside [0,1] (min=-2.3492, max=0.8801) -> clamped
2026-09-28 21:37:00 | src.evaluation.evaluator       | WARNING | SNR=7.0 dB: 55/512 sensing elements outside [0,1] (min=-1.6028, max=0.9995) -> clamped
2026-09-28 21:37:01 | src.evaluation.evaluator       | WARNING | SNR=9.0 dB: 55/512 sensing elements outside [0,1] (min=-1.2251, max=0.8880) -> clamped
2026-09-28 21:37:01 | src.evaluation.evaluator       | WARNING | SNR=11.0 dB: 66/512 sensing elements outside [0,1] (min=-1.8628, max=0.9122) -> clamped
2026-09-28 21:37:01 | src.evaluation.evaluator       | WARNING | SNR=13.0 dB: 57/512 sensing elements outside [0,1] (min=-2.2207, max=0.9161) -> clamped
2026-09-28 21:37:01 | src.evaluation.evaluator       | WARNING | SNR=15.0 dB: 55/512 sensing elements outside [0,1] (min=-1.1948, max=1.0941) -> clamped
2026-09-28 21:37:02 | src.evaluation.evaluator       | WARNING | SNR=17.0 dB: 44/512 sensing elements outside [0,1] (min=-1.1416, max=0.9723) -> clamped
2026-09-28 21:37:02 | src.evaluation.evaluator       | WARNING | SNR=19.0 dB: 56/512 sensing elements outside [0,1] (min=-2.1506, max=0.8740) -> clamped
2026-09-28 21:37:02 | src.evaluation.evaluator       | WARNING | SNR=21.0 dB: 52/512 sensing elements outside [0,1] (min=-1.2338, max=1.0219) -> clamped
2026-09-28 21:37:02 | src.evaluation.evaluator       | INFO   | Evaluation completed for 14 SNR points
2026-09-28 21:37:02 | src.experiments.run_jamming    | INFO   | jamming cw r=3 JSR=10.0 dB | BER=0.48968
2026-09-28 21:37:02 | src.evaluation.evaluator       | INFO   | Starting evaluation over 14 SNR points
2026-09-28 21:37:07 | src.evaluation.evaluator       | WARNING | SNR=-1.0 dB: 1/256 sensing elements outside [0,1] (min=0.0847, max=1.0226) -> clamped
2026-09-28 21:37:09 | src.evaluation.evaluator       | WARNING | SNR=1.0 dB: 2/512 sensing elements outside [0,1] (min=-0.0724, max=1.0877) -> clamped
2026-09-28 21:37:11 | src.evaluation.evaluator       | WARNING | SNR=3.0 dB: 3/768 sensing elements outside [0,1] (min=-0.0635, max=1.0412) -> clamped
2026-09-28 21:37:13 | src.evaluation.evaluator       | WARNING | SNR=5.0 dB: 10/2560 sensing elements outside [0,1] (min=0.0070, max=1.0460) -> clamped
2026-09-28 21:37:15 | src.evaluation.evaluator       | WARNING | SNR=7.0 dB: 9/2304 sensing elements outside [0,1] (min=-0.0504, max=1.0831) -> clamped
2026-09-28 21:37:18 | src.evaluation.evaluator       | WARNING | SNR=9.0 dB: 9/1618 sensing elements outside [0,1] (min=-0.0074, max=1.0292) -> clamped
2026-09-28 21:37:20 | src.evaluation.evaluator       | WARNING | SNR=11.0 dB: 11/2304 sensing elements outside [0,1] (min=-0.0332, max=1.1679) -> clamped
2026-09-28 21:37:22 | src.evaluation.evaluator       | WARNING | SNR=13.0 dB: 25/4096 sensing elements outside [0,1] (min=-0.0329, max=1.0792) -> clamped
2026-09-28 21:37:24 | src.evaluation.evaluator       | WARNING | SNR=15.0 dB: 16/3328 sensing elements outside [0,1] (min=-0.0124, max=1.1063) -> clamped
2026-09-28 21:37:26 | src.evaluation.evaluator       | WARNING | SNR=17.0 dB: 25/3840 sensing elements outside [0,1] (min=-0.0366, max=1.0852) -> clamped
2026-09-28 21:37:28 | src.evaluation.evaluator       | WARNING | SNR=19.0 dB: 26/3584 sensing elements outside [0,1] (min=-0.0750, max=1.0796) -> clamped
2026-09-28 21:37:31 | src.evaluation.evaluator       | WARNING | SNR=21.0 dB: 28/4096 sensing elements outside [0,1] (min=-0.0214, max=1.1405) -> clamped
2026-09-28 21:37:31 | src.evaluation.evaluator       | INFO   | Evaluation completed for 14 SNR points
2026-09-28 21:37:31 | src.experiments.run_jamming    | INFO   | jamming cw r=4 JSR=-10.0 dB | BER=0.02675
2026-09-28 21:37:31 | src.evaluation.evaluator       | INFO   | Starting evaluation over 14 SNR points
2026-09-28 21:37:35 | src.evaluation.evaluator       | WARNING | SNR=1.0 dB: 1/256 sensing elements outside [0,1] (min=-0.0667, max=0.9650) -> clamped
2026-09-28 21:37:37 | src.evaluation.evaluator       | WARNING | SNR=3.0 dB: 3/768 sensing elements outside [0,1] (min=-0.0676, max=1.0400) -> clamped
2026-09-28 21:37:38 | src.evaluation.evaluator       | WARNING | SNR=5.0 dB: 6/1536 sensing elements outside [0,1] (min=0.0045, max=1.0488) -> clamped
2026-09-28 21:37:40 | src.evaluation.evaluator       | WARNING | SNR=7.0 dB: 11/2304 sensing elements outside [0,1] (min=-0.0571, max=1.0828) -> clamped
2026-09-28 21:37:42 | src.evaluation.evaluator       | WARNING | SNR=9.0 dB: 8/1536 sensing elements outside [0,1] (min=-0.0106, max=1.0374) -> clamped
2026-09-28 21:37:45 | src.evaluation.evaluator       | WARNING | SNR=11.0 dB: 12/2560 sensing elements outside [0,1] (min=-0.0427, max=1.1820) -> clamped
2026-09-28 21:37:47 | src.evaluation.evaluator       | WARNING | SNR=13.0 dB: 18/3072 sensing elements outside [0,1] (min=-0.0300, max=1.0977) -> clamped
2026-09-28 21:37:49 | src.evaluation.evaluator       | WARNING | SNR=15.0 dB: 6/1280 sensing elements outside [0,1] (min=-0.0120, max=1.0780) -> clamped
2026-09-28 21:37:50 | src.evaluation.evaluator       | WARNING | SNR=17.0 dB: 24/3584 sensing elements outside [0,1] (min=-0.0326, max=1.0902) -> clamped
2026-09-28 21:37:52 | src.evaluation.evaluator       | WARNING | SNR=19.0 dB: 24/3328 sensing elements outside [0,1] (min=-0.0812, max=1.1000) -> clamped
2026-09-28 21:37:54 | src.evaluation.evaluator       | WARNING | SNR=21.0 dB: 20/3328 sensing elements outside [0,1] (min=-0.0194, max=1.1425) -> clamped
2026-09-28 21:37:54 | src.evaluation.evaluator       | INFO   | Evaluation completed for 14 SNR points
2026-09-28 21:37:54 | src.experiments.run_jamming    | INFO   | jamming cw r=4 JSR=-8.0 dB | BER=0.05332
2026-09-28 21:37:54 | src.evaluation.evaluator       | INFO   | Starting evaluation over 14 SNR points
2026-09-28 21:37:58 | src.evaluation.evaluator       | WARNING | SNR=3.0 dB: 1/256 sensing elements outside [0,1] (min=0.1615, max=1.0404) -> clamped
2026-09-28 21:37:59 | src.evaluation.evaluator       | WARNING | SNR=5.0 dB: 2/512 sensing elements outside [0,1] (min=0.1381, max=1.0442) -> clamped
2026-09-28 21:38:00 | src.evaluation.evaluator       | WARNING | SNR=9.0 dB: 3/512 sensing elements outside [0,1] (min=-0.0143, max=1.0050) -> clamped
2026-09-28 21:38:01 | src.evaluation.evaluator       | WARNING | SNR=11.0 dB: 5/768 sensing elements outside [0,1] (min=0.1091, max=1.0436) -> clamped
2026-09-28 21:38:02 | src.evaluation.evaluator       | WARNING | SNR=13.0 dB: 8/1280 sensing elements outside [0,1] (min=-0.0433, max=1.0469) -> clamped
2026-09-28 21:38:02 | src.evaluation.evaluator       | WARNING | SNR=15.0 dB: 3/512 sensing elements outside [0,1] (min=-0.0019, max=1.0655) -> clamped
2026-09-28 21:38:03 | src.evaluation.evaluator       | WARNING | SNR=17.0 dB: 11/1280 sensing elements outside [0,1] (min=-0.0351, max=1.0783) -> clamped
2026-09-28 21:38:04 | src.evaluation.evaluator       | WARNING | SNR=19.0 dB: 8/1280 sensing elements outside [0,1] (min=-0.0180, max=1.0722) -> clamped
2026-09-28 21:38:05 | src.evaluation.evaluator       | WARNING | SNR=21.0 dB: 2/512 sensing elements outside [0,1] (min=0.0710, max=1.0425) -> clamped
2026-09-28 21:38:05 | src.evaluation.evaluator       | INFO   | Evaluation completed for 14 SNR points
2026-09-28 21:38:05 | src.experiments.run_jamming    | INFO   | jamming cw r=4 JSR=-6.0 dB | BER=0.11618
2026-09-28 21:38:05 | src.evaluation.evaluator       | INFO   | Starting evaluation over 14 SNR points
2026-09-28 21:38:06 | src.evaluation.evaluator       | WARNING | SNR=3.0 dB: 2/256 sensing elements outside [0,1] (min=0.1489, max=1.0381) -> clamped
2026-09-28 21:38:07 | src.evaluation.evaluator       | WARNING | SNR=5.0 dB: 2/512 sensing elements outside [0,1] (min=0.1338, max=1.0506) -> clamped
2026-09-28 21:38:07 | src.evaluation.evaluator       | WARNING | SNR=9.0 dB: 1/256 sensing elements outside [0,1] (min=0.1229, max=1.0187) -> clamped
2026-09-28 21:38:07 | src.evaluation.evaluator       | WARNING | SNR=11.0 dB: 2/512 sensing elements outside [0,1] (min=-0.0077, max=1.0167) -> clamped
2026-09-28 21:38:08 | src.evaluation.evaluator       | WARNING | SNR=13.0 dB: 3/768 sensing elements outside [0,1] (min=-0.0322, max=1.0496) -> clamped
2026-09-28 21:38:08 | src.evaluation.evaluator       | WARNING | SNR=15.0 dB: 2/256 sensing elements outside [0,1] (min=-0.0114, max=1.0127) -> clamped
2026-09-28 21:38:09 | src.evaluation.evaluator       | WARNING | SNR=17.0 dB: 1/256 sensing elements outside [0,1] (min=-0.0452, max=0.9846) -> clamped
2026-09-28 21:38:09 | src.evaluation.evaluator       | WARNING | SNR=19.0 dB: 3/512 sensing elements outside [0,1] (min=0.0319, max=1.0954) -> clamped
2026-09-28 21:38:09 | src.evaluation.evaluator       | WARNING | SNR=21.0 dB: 3/512 sensing elements outside [0,1] (min=0.0008, max=1.0562) -> clamped
2026-09-28 21:38:09 | src.evaluation.evaluator       | INFO   | Evaluation completed for 14 SNR points
2026-09-28 21:38:09 | src.experiments.run_jamming    | INFO   | jamming cw r=4 JSR=-4.0 dB | BER=0.23633
2026-09-28 21:38:09 | src.evaluation.evaluator       | INFO   | Starting evaluation over 14 SNR points
2026-09-28 21:38:10 | src.evaluation.evaluator       | WARNING | SNR=-5.0 dB: 1/256 sensing elements outside [0,1] (min=0.0386, max=1.0177) -> clamped
2026-09-28 21:38:11 | src.evaluation.evaluator       | WARNING | SNR=3.0 dB: 2/256 sensing elements outside [0,1] (min=0.1468, max=1.0280) -> clamped
2026-09-28 21:38:11 | src.evaluation.evaluator       | WARNING | SNR=5.0 dB: 1/256 sensing elements outside [0,1] (min=0.1520, max=1.0488) -> clamped
2026-09-28 21:38:12 | src.evaluation.evaluator       | WARNING | SNR=9.0 dB: 1/256 sensing elements outside [0,1] (min=0.0039, max=1.0149) -> clamped
2026-09-28 21:38:12 | src.evaluation.evaluator       | WARNING | SNR=11.0 dB: 1/256 sensing elements outside [0,1] (min=-0.0234, max=0.9866) -> clamped
2026-09-28 21:38:12 | src.evaluation.evaluator       | WARNING | SNR=13.0 dB: 4/768 sensing elements outside [0,1] (min=-0.0572, max=1.0539) -> clamped
2026-09-28 21:38:13 | src.evaluation.evaluator       | WARNING | SNR=17.0 dB: 4/512 sensing elements outside [0,1] (min=-0.0538, max=1.0067) -> clamped
2026-09-28 21:38:13 | src.evaluation.evaluator       | WARNING | SNR=19.0 dB: 4/512 sensing elements outside [0,1] (min=0.0530, max=1.0299) -> clamped
2026-09-28 21:38:14 | src.evaluation.evaluator       | WARNING | SNR=21.0 dB: 3/512 sensing elements outside [0,1] (min=0.0314, max=1.0703) -> clamped
2026-09-28 21:38:14 | src.evaluation.evaluator       | INFO   | Evaluation completed for 14 SNR points
2026-09-28 21:38:14 | src.experiments.run_jamming    | INFO   | jamming cw r=4 JSR=-2.0 dB | BER=0.39146
2026-09-28 21:38:14 | src.evaluation.evaluator       | INFO   | Starting evaluation over 14 SNR points
2026-09-28 21:38:14 | src.evaluation.evaluator       | WARNING | SNR=-5.0 dB: 1/256 sensing elements outside [0,1] (min=0.0483, max=1.0426) -> clamped
2026-09-28 21:38:14 | src.evaluation.evaluator       | WARNING | SNR=1.0 dB: 1/256 sensing elements outside [0,1] (min=0.1918, max=1.0016) -> clamped
2026-09-28 21:38:15 | src.evaluation.evaluator       | WARNING | SNR=3.0 dB: 2/256 sensing elements outside [0,1] (min=0.1505, max=1.0312) -> clamped
2026-09-28 21:38:15 | src.evaluation.evaluator       | WARNING | SNR=5.0 dB: 1/256 sensing elements outside [0,1] (min=0.1707, max=1.0385) -> clamped
2026-09-28 21:38:15 | src.evaluation.evaluator       | WARNING | SNR=9.0 dB: 1/256 sensing elements outside [0,1] (min=0.0234, max=1.0170) -> clamped
2026-09-28 21:38:15 | src.evaluation.evaluator       | WARNING | SNR=11.0 dB: 1/256 sensing elements outside [0,1] (min=-0.0281, max=0.9699) -> clamped
2026-09-28 21:38:15 | src.evaluation.evaluator       | WARNING | SNR=13.0 dB: 4/512 sensing elements outside [0,1] (min=-0.0778, max=1.0768) -> clamped
2026-09-28 21:38:16 | src.evaluation.evaluator       | WARNING | SNR=17.0 dB: 4/512 sensing elements outside [0,1] (min=-0.0562, max=1.0333) -> clamped
2026-09-28 21:38:16 | src.evaluation.evaluator       | WARNING | SNR=19.0 dB: 3/512 sensing elements outside [0,1] (min=0.0300, max=1.0317) -> clamped
2026-09-28 21:38:16 | src.evaluation.evaluator       | WARNING | SNR=21.0 dB: 2/256 sensing elements outside [0,1] (min=0.1186, max=1.0869) -> clamped
2026-09-28 21:38:16 | src.evaluation.evaluator       | INFO   | Evaluation completed for 14 SNR points
2026-09-28 21:38:16 | src.experiments.run_jamming    | INFO   | jamming cw r=4 JSR=0.0 dB | BER=0.47126
2026-09-28 21:38:16 | src.evaluation.evaluator       | INFO   | Starting evaluation over 14 SNR points
2026-09-28 21:38:16 | src.evaluation.evaluator       | WARNING | SNR=-5.0 dB: 1/256 sensing elements outside [0,1] (min=0.0809, max=1.0896) -> clamped
2026-09-28 21:38:17 | src.evaluation.evaluator       | WARNING | SNR=1.0 dB: 1/256 sensing elements outside [0,1] (min=0.1515, max=1.0038) -> clamped
2026-09-28 21:38:17 | src.evaluation.evaluator       | WARNING | SNR=3.0 dB: 2/512 sensing elements outside [0,1] (min=0.1718, max=1.0517) -> clamped
2026-09-28 21:38:17 | src.evaluation.evaluator       | WARNING | SNR=5.0 dB: 1/256 sensing elements outside [0,1] (min=0.1616, max=1.0411) -> clamped
2026-09-28 21:38:18 | src.evaluation.evaluator       | WARNING | SNR=9.0 dB: 1/256 sensing elements outside [0,1] (min=0.0488, max=1.0138) -> clamped
2026-09-28 21:38:18 | src.evaluation.evaluator       | WARNING | SNR=11.0 dB: 1/256 sensing elements outside [0,1] (min=-0.0274, max=0.9751) -> clamped
2026-09-28 21:38:18 | src.evaluation.evaluator       | WARNING | SNR=13.0 dB: 4/512 sensing elements outside [0,1] (min=-0.0829, max=1.0978) -> clamped
2026-09-28 21:38:18 | src.evaluation.evaluator       | WARNING | SNR=17.0 dB: 4/512 sensing elements outside [0,1] (min=-0.0655, max=1.0670) -> clamped
2026-09-28 21:38:19 | src.evaluation.evaluator       | WARNING | SNR=19.0 dB: 3/512 sensing elements outside [0,1] (min=0.0190, max=1.0381) -> clamped
2026-09-28 21:38:19 | src.evaluation.evaluator       | WARNING | SNR=21.0 dB: 3/512 sensing elements outside [0,1] (min=0.0487, max=1.1072) -> clamped
2026-09-28 21:38:19 | src.evaluation.evaluator       | INFO   | Evaluation completed for 14 SNR points
2026-09-28 21:38:19 | src.experiments.run_jamming    | INFO   | jamming cw r=4 JSR=2.0 dB | BER=0.48856
2026-09-28 21:38:19 | src.evaluation.evaluator       | INFO   | Starting evaluation over 14 SNR points
2026-09-28 21:38:19 | src.evaluation.evaluator       | WARNING | SNR=-5.0 dB: 1/256 sensing elements outside [0,1] (min=0.1188, max=1.1678) -> clamped
2026-09-28 21:38:19 | src.evaluation.evaluator       | WARNING | SNR=1.0 dB: 1/256 sensing elements outside [0,1] (min=0.1268, max=1.0075) -> clamped
2026-09-28 21:38:20 | src.evaluation.evaluator       | WARNING | SNR=3.0 dB: 2/512 sensing elements outside [0,1] (min=0.1496, max=1.0972) -> clamped
2026-09-28 21:38:20 | src.evaluation.evaluator       | WARNING | SNR=5.0 dB: 1/256 sensing elements outside [0,1] (min=0.1571, max=1.0248) -> clamped
2026-09-28 21:38:20 | src.evaluation.evaluator       | WARNING | SNR=9.0 dB: 1/256 sensing elements outside [0,1] (min=0.0241, max=1.0526) -> clamped
2026-09-28 21:38:20 | src.evaluation.evaluator       | WARNING | SNR=11.0 dB: 3/256 sensing elements outside [0,1] (min=-0.0173, max=1.0097) -> clamped
2026-09-28 21:38:21 | src.evaluation.evaluator       | WARNING | SNR=13.0 dB: 5/512 sensing elements outside [0,1] (min=-0.0794, max=1.1190) -> clamped
2026-09-28 21:38:21 | src.evaluation.evaluator       | WARNING | SNR=15.0 dB: 1/256 sensing elements outside [0,1] (min=0.1063, max=1.0165) -> clamped
2026-09-28 21:38:21 | src.evaluation.evaluator       | WARNING | SNR=17.0 dB: 7/512 sensing elements outside [0,1] (min=-0.0590, max=1.1080) -> clamped
2026-09-28 21:38:21 | src.evaluation.evaluator       | WARNING | SNR=19.0 dB: 5/512 sensing elements outside [0,1] (min=0.0241, max=1.0473) -> clamped
2026-09-28 21:38:21 | src.evaluation.evaluator       | WARNING | SNR=21.0 dB: 6/512 sensing elements outside [0,1] (min=0.0689, max=1.1157) -> clamped
2026-09-28 21:38:21 | src.evaluation.evaluator       | INFO   | Evaluation completed for 14 SNR points
2026-09-28 21:38:21 | src.experiments.run_jamming    | INFO   | jamming cw r=4 JSR=4.0 dB | BER=0.48968
2026-09-28 21:38:21 | src.evaluation.evaluator       | INFO   | Starting evaluation over 14 SNR points
2026-09-28 21:38:22 | src.evaluation.evaluator       | WARNING | SNR=-5.0 dB: 1/256 sensing elements outside [0,1] (min=0.1453, max=1.2254) -> clamped
2026-09-28 21:38:22 | src.evaluation.evaluator       | WARNING | SNR=-1.0 dB: 3/512 sensing elements outside [0,1] (min=0.1082, max=1.0483) -> clamped
2026-09-28 21:38:22 | src.evaluation.evaluator       | WARNING | SNR=1.0 dB: 1/256 sensing elements outside [0,1] (min=0.1125, max=1.0515) -> clamped
2026-09-28 21:38:22 | src.evaluation.evaluator       | WARNING | SNR=3.0 dB: 6/512 sensing elements outside [0,1] (min=0.1282, max=1.2065) -> clamped
2026-09-28 21:38:22 | src.evaluation.evaluator       | WARNING | SNR=5.0 dB: 7/512 sensing elements outside [0,1] (min=0.0637, max=1.0667) -> clamped
2026-09-28 21:38:23 | src.evaluation.evaluator       | WARNING | SNR=7.0 dB: 2/512 sensing elements outside [0,1] (min=0.0332, max=1.0745) -> clamped
2026-09-28 21:38:23 | src.evaluation.evaluator       | WARNING | SNR=9.0 dB: 6/512 sensing elements outside [0,1] (min=0.0082, max=1.1138) -> clamped
2026-09-28 21:38:23 | src.evaluation.evaluator       | WARNING | SNR=11.0 dB: 8/512 sensing elements outside [0,1] (min=-0.0029, max=1.0909) -> clamped
2026-09-28 21:38:23 | src.evaluation.evaluator       | WARNING | SNR=13.0 dB: 8/512 sensing elements outside [0,1] (min=-0.0614, max=1.1475) -> clamped
2026-09-28 21:38:23 | src.evaluation.evaluator       | WARNING | SNR=15.0 dB: 7/512 sensing elements outside [0,1] (min=0.0670, max=1.0833) -> clamped
2026-09-28 21:38:24 | src.evaluation.evaluator       | WARNING | SNR=17.0 dB: 10/512 sensing elements outside [0,1] (min=-0.0418, max=1.1613) -> clamped
2026-09-28 21:38:24 | src.evaluation.evaluator       | WARNING | SNR=19.0 dB: 8/512 sensing elements outside [0,1] (min=0.0210, max=1.0584) -> clamped
2026-09-28 21:38:24 | src.evaluation.evaluator       | WARNING | SNR=21.0 dB: 9/512 sensing elements outside [0,1] (min=0.0666, max=1.1703) -> clamped
2026-09-28 21:38:24 | src.evaluation.evaluator       | INFO   | Evaluation completed for 14 SNR points
2026-09-28 21:38:24 | src.experiments.run_jamming    | INFO   | jamming cw r=4 JSR=6.0 dB | BER=0.48968
2026-09-28 21:38:24 | src.evaluation.evaluator       | INFO   | Starting evaluation over 14 SNR points
2026-09-28 21:38:25 | src.evaluation.evaluator       | WARNING | SNR=-5.0 dB: 8/512 sensing elements outside [0,1] (min=0.0374, max=1.2385) -> clamped
2026-09-28 21:38:25 | src.evaluation.evaluator       | WARNING | SNR=-3.0 dB: 2/512 sensing elements outside [0,1] (min=-0.0235, max=1.0467) -> clamped
2026-09-28 21:38:25 | src.evaluation.evaluator       | WARNING | SNR=-1.0 dB: 7/512 sensing elements outside [0,1] (min=0.0418, max=1.1433) -> clamped
2026-09-28 21:38:25 | src.evaluation.evaluator       | WARNING | SNR=1.0 dB: 10/512 sensing elements outside [0,1] (min=0.0380, max=1.1440) -> clamped
2026-09-28 21:38:25 | src.evaluation.evaluator       | WARNING | SNR=3.0 dB: 19/512 sensing elements outside [0,1] (min=0.0564, max=1.3497) -> clamped
2026-09-28 21:38:26 | src.evaluation.evaluator       | WARNING | SNR=5.0 dB: 22/512 sensing elements outside [0,1] (min=-0.1193, max=1.1834) -> clamped
2026-09-28 21:38:26 | src.evaluation.evaluator       | WARNING | SNR=7.0 dB: 19/512 sensing elements outside [0,1] (min=0.0282, max=1.1885) -> clamped
2026-09-28 21:38:26 | src.evaluation.evaluator       | WARNING | SNR=9.0 dB: 17/512 sensing elements outside [0,1] (min=0.0001, max=1.1934) -> clamped
2026-09-28 21:38:26 | src.evaluation.evaluator       | WARNING | SNR=11.0 dB: 18/512 sensing elements outside [0,1] (min=0.0200, max=1.2156) -> clamped
2026-09-28 21:38:27 | src.evaluation.evaluator       | WARNING | SNR=13.0 dB: 16/512 sensing elements outside [0,1] (min=-0.0228, max=1.1867) -> clamped
2026-09-28 21:38:27 | src.evaluation.evaluator       | WARNING | SNR=15.0 dB: 23/512 sensing elements outside [0,1] (min=0.0118, max=1.2050) -> clamped
2026-09-28 21:38:27 | src.evaluation.evaluator       | WARNING | SNR=17.0 dB: 21/512 sensing elements outside [0,1] (min=-0.0042, max=1.2363) -> clamped
2026-09-28 21:38:27 | src.evaluation.evaluator       | WARNING | SNR=19.0 dB: 20/512 sensing elements outside [0,1] (min=0.0396, max=1.1347) -> clamped
2026-09-28 21:38:27 | src.evaluation.evaluator       | WARNING | SNR=21.0 dB: 22/512 sensing elements outside [0,1] (min=0.0636, max=1.3214) -> clamped
2026-09-28 21:38:27 | src.evaluation.evaluator       | INFO   | Evaluation completed for 14 SNR points
2026-09-28 21:38:27 | src.experiments.run_jamming    | INFO   | jamming cw r=4 JSR=8.0 dB | BER=0.48968
2026-09-28 21:38:27 | src.evaluation.evaluator       | INFO   | Starting evaluation over 14 SNR points
2026-09-28 21:38:28 | src.evaluation.evaluator       | WARNING | SNR=-5.0 dB: 19/512 sensing elements outside [0,1] (min=-0.0930, max=1.2702) -> clamped
2026-09-28 21:38:28 | src.evaluation.evaluator       | WARNING | SNR=-3.0 dB: 12/512 sensing elements outside [0,1] (min=-0.0735, max=1.1830) -> clamped
2026-09-28 21:38:28 | src.evaluation.evaluator       | WARNING | SNR=-1.0 dB: 25/512 sensing elements outside [0,1] (min=-0.0054, max=1.2985) -> clamped
2026-09-28 21:38:28 | src.evaluation.evaluator       | WARNING | SNR=1.0 dB: 25/512 sensing elements outside [0,1] (min=-0.0871, max=1.2984) -> clamped
2026-09-28 21:38:28 | src.evaluation.evaluator       | WARNING | SNR=3.0 dB: 38/512 sensing elements outside [0,1] (min=-0.0355, max=1.5267) -> clamped
2026-09-28 21:38:29 | src.evaluation.evaluator       | WARNING | SNR=5.0 dB: 40/512 sensing elements outside [0,1] (min=-0.4299, max=1.3910) -> clamped
2026-09-28 21:38:29 | src.evaluation.evaluator       | WARNING | SNR=7.0 dB: 40/512 sensing elements outside [0,1] (min=0.0119, max=1.3149) -> clamped
2026-09-28 21:38:29 | src.evaluation.evaluator       | WARNING | SNR=9.0 dB: 40/512 sensing elements outside [0,1] (min=-0.1043, max=1.3211) -> clamped
2026-09-28 21:38:29 | src.evaluation.evaluator       | WARNING | SNR=11.0 dB: 32/512 sensing elements outside [0,1] (min=0.0061, max=1.3454) -> clamped
2026-09-28 21:38:29 | src.evaluation.evaluator       | WARNING | SNR=13.0 dB: 37/512 sensing elements outside [0,1] (min=-0.0854, max=1.2713) -> clamped
2026-09-28 21:38:29 | src.evaluation.evaluator       | WARNING | SNR=15.0 dB: 48/512 sensing elements outside [0,1] (min=-0.1501, max=1.3498) -> clamped
2026-09-28 21:38:30 | src.evaluation.evaluator       | WARNING | SNR=17.0 dB: 40/512 sensing elements outside [0,1] (min=-0.0552, max=1.3177) -> clamped
2026-09-28 21:38:30 | src.evaluation.evaluator       | WARNING | SNR=19.0 dB: 48/512 sensing elements outside [0,1] (min=-0.0075, max=1.2590) -> clamped
2026-09-28 21:38:30 | src.evaluation.evaluator       | WARNING | SNR=21.0 dB: 37/512 sensing elements outside [0,1] (min=0.0167, max=1.5107) -> clamped
2026-09-28 21:38:30 | src.evaluation.evaluator       | INFO   | Evaluation completed for 14 SNR points
2026-09-28 21:38:30 | src.experiments.run_jamming    | INFO   | jamming cw r=4 JSR=10.0 dB | BER=0.48968
2026-09-28 21:38:30 | src.experiments.run_jamming    | INFO   | Results for cw saved to /content/drive/MyDrive/DHUC_RUN/mc_dlsk/full/jamming/mc_dlsk/jamming/jamming_results_cw.csv
2026-09-28 21:38:30 | src.experiments.run_jamming    | INFO   | Per-realization results for cw saved to /content/drive/MyDrive/DHUC_RUN/mc_dlsk/full/jamming/mc_dlsk/jamming/jamming_realizations_cw.csv
2026-09-28 21:38:30 | src.experiments.run_jamming    | INFO   | Processing jamming: barrage (5 realization(s))
2026-09-28 21:38:30 | src.evaluation.evaluator       | INFO   | Starting evaluation over 14 SNR points
2026-09-28 21:38:31 | src.evaluation.evaluator       | WARNING | SNR=-5.0 dB: 1/256 sensing elements outside [0,1] (min=-0.0002, max=0.7997) -> clamped
2026-09-28 21:38:33 | src.evaluation.evaluator       | WARNING | SNR=-3.0 dB: 2/512 sensing elements outside [0,1] (min=-0.0142, max=0.9018) -> clamped
2026-09-28 21:38:37 | src.evaluation.evaluator       | WARNING | SNR=1.0 dB: 3/768 sensing elements outside [0,1] (min=-0.1424, max=1.0284) -> clamped
2026-09-28 21:38:39 | src.evaluation.evaluator       | WARNING | SNR=3.0 dB: 3/512 sensing elements outside [0,1] (min=-0.0166, max=1.0268) -> clamped
2026-09-28 21:38:42 | src.evaluation.evaluator       | WARNING | SNR=5.0 dB: 1/256 sensing elements outside [0,1] (min=-0.0229, max=0.9289) -> clamped
2026-09-28 21:38:44 | src.evaluation.evaluator       | WARNING | SNR=7.0 dB: 7/1280 sensing elements outside [0,1] (min=-0.0135, max=1.0501) -> clamped
2026-09-28 21:38:46 | src.evaluation.evaluator       | WARNING | SNR=9.0 dB: 5/1106 sensing elements outside [0,1] (min=-0.0193, max=1.0403) -> clamped
2026-09-28 21:38:48 | src.evaluation.evaluator       | WARNING | SNR=11.0 dB: 11/2048 sensing elements outside [0,1] (min=-0.0205, max=1.1842) -> clamped
2026-09-28 21:38:50 | src.evaluation.evaluator       | WARNING | SNR=13.0 dB: 15/2560 sensing elements outside [0,1] (min=-0.0385, max=1.0380) -> clamped
2026-09-28 21:38:53 | src.evaluation.evaluator       | WARNING | SNR=15.0 dB: 6/1536 sensing elements outside [0,1] (min=0.0365, max=1.0829) -> clamped
2026-09-28 21:38:56 | src.evaluation.evaluator       | WARNING | SNR=17.0 dB: 15/2816 sensing elements outside [0,1] (min=-0.0243, max=1.0557) -> clamped
2026-09-28 21:38:58 | src.evaluation.evaluator       | WARNING | SNR=19.0 dB: 12/2304 sensing elements outside [0,1] (min=-0.0398, max=1.0696) -> clamped
2026-09-28 21:39:00 | src.evaluation.evaluator       | WARNING | SNR=21.0 dB: 10/1792 sensing elements outside [0,1] (min=-0.0114, max=1.1742) -> clamped
2026-09-28 21:39:00 | src.evaluation.evaluator       | INFO   | Evaluation completed for 14 SNR points
2026-09-28 21:39:00 | src.experiments.run_jamming    | INFO   | jamming barrage r=0 JSR=-10.0 dB | BER=0.01258
2026-09-28 21:39:00 | src.evaluation.evaluator       | INFO   | Starting evaluation over 14 SNR points
2026-09-28 21:39:02 | src.evaluation.evaluator       | WARNING | SNR=-3.0 dB: 2/512 sensing elements outside [0,1] (min=-0.0134, max=0.9046) -> clamped
2026-09-28 21:39:07 | src.evaluation.evaluator       | WARNING | SNR=1.0 dB: 2/512 sensing elements outside [0,1] (min=-0.1516, max=1.0212) -> clamped
2026-09-28 21:39:09 | src.evaluation.evaluator       | WARNING | SNR=3.0 dB: 2/256 sensing elements outside [0,1] (min=-0.0351, max=1.0346) -> clamped
2026-09-28 21:39:11 | src.evaluation.evaluator       | WARNING | SNR=5.0 dB: 1/256 sensing elements outside [0,1] (min=-0.0117, max=0.9171) -> clamped
2026-09-28 21:39:13 | src.evaluation.evaluator       | WARNING | SNR=7.0 dB: 5/1024 sensing elements outside [0,1] (min=-0.0021, max=1.0508) -> clamped
2026-09-28 21:39:15 | src.evaluation.evaluator       | WARNING | SNR=9.0 dB: 4/850 sensing elements outside [0,1] (min=-0.0184, max=1.0425) -> clamped
2026-09-28 21:39:17 | src.evaluation.evaluator       | WARNING | SNR=11.0 dB: 8/1536 sensing elements outside [0,1] (min=-0.0200, max=1.1828) -> clamped
2026-09-28 21:39:20 | src.evaluation.evaluator       | WARNING | SNR=13.0 dB: 7/1536 sensing elements outside [0,1] (min=-0.0357, max=1.0093) -> clamped
2026-09-28 21:39:23 | src.evaluation.evaluator       | WARNING | SNR=15.0 dB: 4/1024 sensing elements outside [0,1] (min=0.0613, max=1.0682) -> clamped
2026-09-28 21:39:25 | src.evaluation.evaluator       | WARNING | SNR=17.0 dB: 10/2048 sensing elements outside [0,1] (min=-0.0303, max=1.0544) -> clamped
2026-09-28 21:39:27 | src.evaluation.evaluator       | WARNING | SNR=19.0 dB: 7/1280 sensing elements outside [0,1] (min=-0.0342, max=1.0686) -> clamped
2026-09-28 21:39:29 | src.evaluation.evaluator       | WARNING | SNR=21.0 dB: 6/1536 sensing elements outside [0,1] (min=-0.0080, max=1.1664) -> clamped
2026-09-28 21:39:29 | src.evaluation.evaluator       | INFO   | Evaluation completed for 14 SNR points
2026-09-28 21:39:29 | src.experiments.run_jamming    | INFO   | jamming barrage r=0 JSR=-8.0 dB | BER=0.01400
2026-09-28 21:39:29 | src.evaluation.evaluator       | INFO   | Starting evaluation over 14 SNR points
2026-09-28 21:39:29 | src.evaluation.evaluator       | WARNING | SNR=-5.0 dB: 1/256 sensing elements outside [0,1] (min=-0.0176, max=0.9143) -> clamped
2026-09-28 21:39:31 | src.evaluation.evaluator       | WARNING | SNR=-3.0 dB: 1/256 sensing elements outside [0,1] (min=-0.0191, max=0.9040) -> clamped
2026-09-28 21:39:36 | src.evaluation.evaluator       | WARNING | SNR=1.0 dB: 3/768 sensing elements outside [0,1] (min=-0.1587, max=1.0101) -> clamped
2026-09-28 21:39:38 | src.evaluation.evaluator       | WARNING | SNR=3.0 dB: 2/256 sensing elements outside [0,1] (min=-0.0475, max=1.0405) -> clamped
2026-09-28 21:39:42 | src.evaluation.evaluator       | WARNING | SNR=7.0 dB: 3/512 sensing elements outside [0,1] (min=0.0949, max=1.0505) -> clamped
2026-09-28 21:39:44 | src.evaluation.evaluator       | WARNING | SNR=9.0 dB: 3/768 sensing elements outside [0,1] (min=-0.0133, max=1.0386) -> clamped
2026-09-28 21:39:46 | src.evaluation.evaluator       | WARNING | SNR=11.0 dB: 6/1280 sensing elements outside [0,1] (min=-0.0138, max=1.1787) -> clamped
2026-09-28 21:39:49 | src.evaluation.evaluator       | WARNING | SNR=13.0 dB: 3/768 sensing elements outside [0,1] (min=-0.0444, max=0.9805) -> clamped
2026-09-28 21:39:51 | src.evaluation.evaluator       | WARNING | SNR=15.0 dB: 3/768 sensing elements outside [0,1] (min=0.0910, max=1.0481) -> clamped
2026-09-28 21:39:53 | src.evaluation.evaluator       | WARNING | SNR=17.0 dB: 5/1280 sensing elements outside [0,1] (min=-0.0318, max=1.0524) -> clamped
2026-09-28 21:39:55 | src.evaluation.evaluator       | WARNING | SNR=19.0 dB: 3/768 sensing elements outside [0,1] (min=-0.0437, max=1.0635) -> clamped
2026-09-28 21:39:57 | src.evaluation.evaluator       | WARNING | SNR=21.0 dB: 5/1280 sensing elements outside [0,1] (min=0.0419, max=1.1525) -> clamped
2026-09-28 21:39:57 | src.evaluation.evaluator       | INFO   | Evaluation completed for 14 SNR points
2026-09-28 21:39:57 | src.experiments.run_jamming    | INFO   | jamming barrage r=0 JSR=-6.0 dB | BER=0.01731
2026-09-28 21:39:57 | src.evaluation.evaluator       | INFO   | Starting evaluation over 14 SNR points
2026-09-28 21:39:58 | src.evaluation.evaluator       | WARNING | SNR=-5.0 dB: 1/256 sensing elements outside [0,1] (min=-0.0503, max=0.8868) -> clamped
2026-09-28 21:39:59 | src.evaluation.evaluator       | WARNING | SNR=-3.0 dB: 1/256 sensing elements outside [0,1] (min=-0.0208, max=0.9036) -> clamped
2026-09-28 21:40:04 | src.evaluation.evaluator       | WARNING | SNR=1.0 dB: 3/768 sensing elements outside [0,1] (min=-0.1621, max=1.0202) -> clamped
2026-09-28 21:40:06 | src.evaluation.evaluator       | WARNING | SNR=3.0 dB: 2/256 sensing elements outside [0,1] (min=-0.0518, max=1.0405) -> clamped
2026-09-28 21:40:08 | src.evaluation.evaluator       | WARNING | SNR=5.0 dB: 1/256 sensing elements outside [0,1] (min=-0.0059, max=0.8430) -> clamped
2026-09-28 21:40:10 | src.evaluation.evaluator       | WARNING | SNR=7.0 dB: 1/256 sensing elements outside [0,1] (min=0.0961, max=1.0440) -> clamped
2026-09-28 21:40:12 | src.evaluation.evaluator       | WARNING | SNR=9.0 dB: 3/768 sensing elements outside [0,1] (min=-0.0026, max=1.0241) -> clamped
2026-09-28 21:40:15 | src.evaluation.evaluator       | WARNING | SNR=11.0 dB: 3/512 sensing elements outside [0,1] (min=-0.0013, max=1.1760) -> clamped
2026-09-28 21:40:17 | src.evaluation.evaluator       | WARNING | SNR=13.0 dB: 2/512 sensing elements outside [0,1] (min=-0.0517, max=0.8957) -> clamped
2026-09-28 21:40:19 | src.evaluation.evaluator       | WARNING | SNR=15.0 dB: 2/512 sensing elements outside [0,1] (min=0.0952, max=1.0187) -> clamped
2026-09-28 21:40:22 | src.evaluation.evaluator       | WARNING | SNR=17.0 dB: 4/1024 sensing elements outside [0,1] (min=-0.0260, max=1.0527) -> clamped
2026-09-28 21:40:24 | src.evaluation.evaluator       | WARNING | SNR=19.0 dB: 2/512 sensing elements outside [0,1] (min=-0.0476, max=1.0486) -> clamped
2026-09-28 21:40:26 | src.evaluation.evaluator       | WARNING | SNR=21.0 dB: 3/768 sensing elements outside [0,1] (min=0.0599, max=1.1315) -> clamped
2026-09-28 21:40:26 | src.evaluation.evaluator       | INFO   | Evaluation completed for 14 SNR points
2026-09-28 21:40:26 | src.experiments.run_jamming    | INFO   | jamming barrage r=0 JSR=-4.0 dB | BER=0.02425
2026-09-28 21:40:26 | src.evaluation.evaluator       | INFO   | Starting evaluation over 14 SNR points
2026-09-28 21:40:26 | src.evaluation.evaluator       | WARNING | SNR=-5.0 dB: 1/256 sensing elements outside [0,1] (min=-0.1003, max=0.8780) -> clamped
2026-09-28 21:40:27 | src.evaluation.evaluator       | WARNING | SNR=-3.0 dB: 1/256 sensing elements outside [0,1] (min=-0.0253, max=0.9033) -> clamped
2026-09-28 21:40:31 | src.evaluation.evaluator       | WARNING | SNR=1.0 dB: 2/512 sensing elements outside [0,1] (min=-0.1498, max=0.9622) -> clamped
2026-09-28 21:40:33 | src.evaluation.evaluator       | WARNING | SNR=3.0 dB: 3/512 sensing elements outside [0,1] (min=-0.0455, max=1.0276) -> clamped
2026-09-28 21:40:37 | src.evaluation.evaluator       | WARNING | SNR=7.0 dB: 2/512 sensing elements outside [0,1] (min=0.1235, max=1.0281) -> clamped
2026-09-28 21:40:42 | src.evaluation.evaluator       | WARNING | SNR=11.0 dB: 1/256 sensing elements outside [0,1] (min=0.0192, max=1.1748) -> clamped
2026-09-28 21:40:44 | src.evaluation.evaluator       | WARNING | SNR=13.0 dB: 2/512 sensing elements outside [0,1] (min=-0.0588, max=0.8661) -> clamped
2026-09-28 21:40:49 | src.evaluation.evaluator       | WARNING | SNR=17.0 dB: 2/512 sensing elements outside [0,1] (min=-0.0131, max=1.0525) -> clamped
2026-09-28 21:40:51 | src.evaluation.evaluator       | WARNING | SNR=19.0 dB: 2/512 sensing elements outside [0,1] (min=-0.0473, max=1.0052) -> clamped
2026-09-28 21:40:53 | src.evaluation.evaluator       | WARNING | SNR=21.0 dB: 2/512 sensing elements outside [0,1] (min=0.0481, max=1.1026) -> clamped
2026-09-28 21:40:53 | src.evaluation.evaluator       | INFO   | Evaluation completed for 14 SNR points
2026-09-28 21:40:53 | src.experiments.run_jamming    | INFO   | jamming barrage r=0 JSR=-2.0 dB | BER=0.03832
2026-09-28 21:40:53 | src.evaluation.evaluator       | INFO   | Starting evaluation over 14 SNR points
2026-09-28 21:40:53 | src.evaluation.evaluator       | WARNING | SNR=-5.0 dB: 2/512 sensing elements outside [0,1] (min=-0.1630, max=0.8688) -> clamped
2026-09-28 21:40:54 | src.evaluation.evaluator       | WARNING | SNR=-3.0 dB: 1/256 sensing elements outside [0,1] (min=-0.0360, max=0.9032) -> clamped
2026-09-28 21:40:57 | src.evaluation.evaluator       | WARNING | SNR=3.0 dB: 1/256 sensing elements outside [0,1] (min=-0.0115, max=0.9874) -> clamped
2026-09-28 21:41:01 | src.evaluation.evaluator       | WARNING | SNR=7.0 dB: 2/512 sensing elements outside [0,1] (min=-0.0201, max=1.0209) -> clamped
2026-09-28 21:41:06 | src.evaluation.evaluator       | WARNING | SNR=13.0 dB: 2/512 sensing elements outside [0,1] (min=-0.0602, max=0.8215) -> clamped
2026-09-28 21:41:10 | src.evaluation.evaluator       | WARNING | SNR=17.0 dB: 1/256 sensing elements outside [0,1] (min=0.1964, max=1.0373) -> clamped
2026-09-28 21:41:12 | src.evaluation.evaluator       | WARNING | SNR=19.0 dB: 1/256 sensing elements outside [0,1] (min=-0.0108, max=0.8407) -> clamped
2026-09-28 21:41:14 | src.evaluation.evaluator       | WARNING | SNR=21.0 dB: 1/256 sensing elements outside [0,1] (min=0.2197, max=1.0552) -> clamped
2026-09-28 21:41:14 | src.evaluation.evaluator       | INFO   | Evaluation completed for 14 SNR points
2026-09-28 21:41:14 | src.experiments.run_jamming    | INFO   | jamming barrage r=0 JSR=0.0 dB | BER=0.06574
2026-09-28 21:41:14 | src.evaluation.evaluator       | INFO   | Starting evaluation over 14 SNR points
2026-09-28 21:41:15 | src.evaluation.evaluator       | WARNING | SNR=-5.0 dB: 2/512 sensing elements outside [0,1] (min=-0.2422, max=0.8461) -> clamped
2026-09-28 21:41:15 | src.evaluation.evaluator       | WARNING | SNR=-3.0 dB: 1/256 sensing elements outside [0,1] (min=-0.0556, max=0.8897) -> clamped
2026-09-28 21:41:18 | src.evaluation.evaluator       | WARNING | SNR=7.0 dB: 3/768 sensing elements outside [0,1] (min=-0.1495, max=1.0350) -> clamped
2026-09-28 21:41:23 | src.evaluation.evaluator       | WARNING | SNR=19.0 dB: 1/256 sensing elements outside [0,1] (min=-0.0251, max=0.8470) -> clamped
2026-09-28 21:41:25 | src.evaluation.evaluator       | INFO   | Evaluation completed for 14 SNR points
2026-09-28 21:41:25 | src.experiments.run_jamming    | INFO   | jamming barrage r=0 JSR=2.0 dB | BER=0.11540
2026-09-28 21:41:25 | src.evaluation.evaluator       | INFO   | Starting evaluation over 14 SNR points
2026-09-28 21:41:25 | src.evaluation.evaluator       | WARNING | SNR=-5.0 dB: 1/256 sensing elements outside [0,1] (min=-0.3443, max=0.8503) -> clamped
2026-09-28 21:41:26 | src.evaluation.evaluator       | WARNING | SNR=-3.0 dB: 1/256 sensing elements outside [0,1] (min=-0.0799, max=0.8614) -> clamped
2026-09-28 21:41:27 | src.evaluation.evaluator       | WARNING | SNR=3.0 dB: 1/256 sensing elements outside [0,1] (min=-0.0824, max=0.8917) -> clamped
2026-09-28 21:41:27 | src.evaluation.evaluator       | WARNING | SNR=5.0 dB: 2/512 sensing elements outside [0,1] (min=0.1457, max=1.0599) -> clamped
2026-09-28 21:41:28 | src.evaluation.evaluator       | WARNING | SNR=7.0 dB: 2/512 sensing elements outside [0,1] (min=0.1832, max=1.0963) -> clamped
2026-09-28 21:41:29 | src.evaluation.evaluator       | WARNING | SNR=13.0 dB: 1/256 sensing elements outside [0,1] (min=0.1723, max=1.0116) -> clamped
2026-09-28 21:41:30 | src.evaluation.evaluator       | WARNING | SNR=15.0 dB: 2/256 sensing elements outside [0,1] (min=-0.0063, max=1.0013) -> clamped
2026-09-28 21:41:31 | src.evaluation.evaluator       | WARNING | SNR=19.0 dB: 1/256 sensing elements outside [0,1] (min=-0.0426, max=0.8650) -> clamped
2026-09-28 21:41:31 | src.evaluation.evaluator       | INFO   | Evaluation completed for 14 SNR points
2026-09-28 21:41:31 | src.experiments.run_jamming    | INFO   | jamming barrage r=0 JSR=4.0 dB | BER=0.19192
2026-09-28 21:41:31 | src.evaluation.evaluator       | INFO   | Starting evaluation over 14 SNR points
2026-09-28 21:41:31 | src.evaluation.evaluator       | WARNING | SNR=-5.0 dB: 4/512 sensing elements outside [0,1] (min=-0.4851, max=0.9030) -> clamped
2026-09-28 21:41:32 | src.evaluation.evaluator       | WARNING | SNR=-3.0 dB: 2/512 sensing elements outside [0,1] (min=-0.1209, max=0.8717) -> clamped
2026-09-28 21:41:32 | src.evaluation.evaluator       | WARNING | SNR=1.0 dB: 2/256 sensing elements outside [0,1] (min=-0.1036, max=0.7755) -> clamped
2026-09-28 21:41:32 | src.evaluation.evaluator       | WARNING | SNR=3.0 dB: 1/256 sensing elements outside [0,1] (min=-0.2385, max=0.9332) -> clamped
2026-09-28 21:41:33 | src.evaluation.evaluator       | WARNING | SNR=5.0 dB: 2/512 sensing elements outside [0,1] (min=-0.0225, max=1.1542) -> clamped
2026-09-28 21:41:33 | src.evaluation.evaluator       | WARNING | SNR=7.0 dB: 2/512 sensing elements outside [0,1] (min=-0.0045, max=1.1459) -> clamped
2026-09-28 21:41:34 | src.evaluation.evaluator       | WARNING | SNR=9.0 dB: 2/512 sensing elements outside [0,1] (min=-0.0975, max=0.8471) -> clamped
2026-09-28 21:41:34 | src.evaluation.evaluator       | WARNING | SNR=11.0 dB: 4/512 sensing elements outside [0,1] (min=-0.1534, max=0.8884) -> clamped
2026-09-28 21:41:34 | src.evaluation.evaluator       | WARNING | SNR=13.0 dB: 4/768 sensing elements outside [0,1] (min=-0.0800, max=1.0898) -> clamped
2026-09-28 21:41:34 | src.evaluation.evaluator       | WARNING | SNR=15.0 dB: 2/512 sensing elements outside [0,1] (min=-0.0164, max=0.8984) -> clamped
2026-09-28 21:41:35 | src.evaluation.evaluator       | WARNING | SNR=17.0 dB: 1/256 sensing elements outside [0,1] (min=-0.0837, max=0.8844) -> clamped
2026-09-28 21:41:35 | src.evaluation.evaluator       | WARNING | SNR=19.0 dB: 2/256 sensing elements outside [0,1] (min=-0.0676, max=0.9660) -> clamped
2026-09-28 21:41:35 | src.evaluation.evaluator       | INFO   | Evaluation completed for 14 SNR points
2026-09-28 21:41:35 | src.experiments.run_jamming    | INFO   | jamming barrage r=0 JSR=6.0 dB | BER=0.27260
2026-09-28 21:41:36 | src.evaluation.evaluator       | INFO   | Starting evaluation over 14 SNR points
2026-09-28 21:41:36 | src.evaluation.evaluator       | WARNING | SNR=-5.0 dB: 10/768 sensing elements outside [0,1] (min=-0.6573, max=0.9465) -> clamped
2026-09-28 21:41:36 | src.evaluation.evaluator       | WARNING | SNR=-3.0 dB: 7/768 sensing elements outside [0,1] (min=-0.3037, max=0.9813) -> clamped
2026-09-28 21:41:36 | src.evaluation.evaluator       | WARNING | SNR=-1.0 dB: 4/512 sensing elements outside [0,1] (min=-0.0573, max=0.9349) -> clamped
2026-09-28 21:41:37 | src.evaluation.evaluator       | WARNING | SNR=1.0 dB: 4/256 sensing elements outside [0,1] (min=-0.2552, max=0.8701) -> clamped
2026-09-28 21:41:37 | src.evaluation.evaluator       | WARNING | SNR=3.0 dB: 4/768 sensing elements outside [0,1] (min=-0.4258, max=0.9917) -> clamped
2026-09-28 21:41:37 | src.evaluation.evaluator       | WARNING | SNR=5.0 dB: 7/768 sensing elements outside [0,1] (min=-0.2526, max=1.2356) -> clamped
2026-09-28 21:41:38 | src.evaluation.evaluator       | WARNING | SNR=7.0 dB: 6/768 sensing elements outside [0,1] (min=-0.1815, max=1.2427) -> clamped
2026-09-28 21:41:38 | src.evaluation.evaluator       | WARNING | SNR=9.0 dB: 9/768 sensing elements outside [0,1] (min=-0.3122, max=0.8595) -> clamped
2026-09-28 21:41:39 | src.evaluation.evaluator       | WARNING | SNR=11.0 dB: 13/768 sensing elements outside [0,1] (min=-0.3755, max=1.0718) -> clamped
2026-09-28 21:41:39 | src.evaluation.evaluator       | WARNING | SNR=13.0 dB: 8/768 sensing elements outside [0,1] (min=-0.2807, max=1.1791) -> clamped
2026-09-28 21:41:39 | src.evaluation.evaluator       | WARNING | SNR=15.0 dB: 8/768 sensing elements outside [0,1] (min=-0.1938, max=0.9837) -> clamped
2026-09-28 21:41:40 | src.evaluation.evaluator       | WARNING | SNR=17.0 dB: 9/768 sensing elements outside [0,1] (min=-0.1467, max=1.0330) -> clamped
2026-09-28 21:41:40 | src.evaluation.evaluator       | WARNING | SNR=19.0 dB: 5/768 sensing elements outside [0,1] (min=-0.1521, max=0.9255) -> clamped
2026-09-28 21:41:40 | src.evaluation.evaluator       | WARNING | SNR=21.0 dB: 8/768 sensing elements outside [0,1] (min=-0.1173, max=0.9465) -> clamped
2026-09-28 21:41:40 | src.evaluation.evaluator       | INFO   | Evaluation completed for 14 SNR points
2026-09-28 21:41:40 | src.experiments.run_jamming    | INFO   | jamming barrage r=0 JSR=8.0 dB | BER=0.35231
2026-09-28 21:41:40 | src.evaluation.evaluator       | INFO   | Starting evaluation over 14 SNR points
2026-09-28 21:41:41 | src.evaluation.evaluator       | WARNING | SNR=-5.0 dB: 17/512 sensing elements outside [0,1] (min=-0.8704, max=0.9749) -> clamped
2026-09-28 21:41:41 | src.evaluation.evaluator       | WARNING | SNR=-3.0 dB: 26/768 sensing elements outside [0,1] (min=-0.5436, max=1.1055) -> clamped
2026-09-28 21:41:41 | src.evaluation.evaluator       | WARNING | SNR=-1.0 dB: 25/768 sensing elements outside [0,1] (min=-0.2383, max=1.0100) -> clamped
2026-09-28 21:41:41 | src.evaluation.evaluator       | WARNING | SNR=1.0 dB: 12/512 sensing elements outside [0,1] (min=-0.4162, max=1.0128) -> clamped
2026-09-28 21:41:42 | src.evaluation.evaluator       | WARNING | SNR=3.0 dB: 14/512 sensing elements outside [0,1] (min=-0.2747, max=0.9942) -> clamped
2026-09-28 21:41:42 | src.evaluation.evaluator       | WARNING | SNR=5.0 dB: 12/512 sensing elements outside [0,1] (min=-0.5612, max=0.9234) -> clamped
2026-09-28 21:41:42 | src.evaluation.evaluator       | WARNING | SNR=7.0 dB: 27/768 sensing elements outside [0,1] (min=-0.4037, max=1.3560) -> clamped
2026-09-28 21:41:42 | src.evaluation.evaluator       | WARNING | SNR=9.0 dB: 14/512 sensing elements outside [0,1] (min=-0.6147, max=0.8846) -> clamped
2026-09-28 21:41:42 | src.evaluation.evaluator       | WARNING | SNR=11.0 dB: 36/768 sensing elements outside [0,1] (min=-0.6687, max=1.1944) -> clamped
2026-09-28 21:41:43 | src.evaluation.evaluator       | WARNING | SNR=13.0 dB: 15/512 sensing elements outside [0,1] (min=-0.5234, max=0.9752) -> clamped
2026-09-28 21:41:43 | src.evaluation.evaluator       | WARNING | SNR=15.0 dB: 18/512 sensing elements outside [0,1] (min=-0.4145, max=1.0903) -> clamped
2026-09-28 21:41:43 | src.evaluation.evaluator       | WARNING | SNR=17.0 dB: 20/768 sensing elements outside [0,1] (min=-0.3754, max=1.1254) -> clamped
2026-09-28 21:41:43 | src.evaluation.evaluator       | WARNING | SNR=19.0 dB: 18/768 sensing elements outside [0,1] (min=-0.3763, max=1.0009) -> clamped
2026-09-28 21:41:43 | src.evaluation.evaluator       | WARNING | SNR=21.0 dB: 17/512 sensing elements outside [0,1] (min=-0.3463, max=1.0441) -> clamped
2026-09-28 21:41:43 | src.evaluation.evaluator       | INFO   | Evaluation completed for 14 SNR points
2026-09-28 21:41:43 | src.experiments.run_jamming    | INFO   | jamming barrage r=0 JSR=10.0 dB | BER=0.39853
2026-09-28 21:41:44 | src.evaluation.evaluator       | INFO   | Starting evaluation over 14 SNR points
2026-09-28 21:41:44 | src.evaluation.evaluator       | WARNING | SNR=-5.0 dB: 1/256 sensing elements outside [0,1] (min=-0.0357, max=0.8704) -> clamped
2026-09-28 21:41:46 | src.evaluation.evaluator       | WARNING | SNR=-3.0 dB: 1/256 sensing elements outside [0,1] (min=0.1812, max=1.0254) -> clamped
2026-09-28 21:41:48 | src.evaluation.evaluator       | WARNING | SNR=-1.0 dB: 2/512 sensing elements outside [0,1] (min=0.1327, max=1.0726) -> clamped
2026-09-28 21:41:51 | src.evaluation.evaluator       | WARNING | SNR=1.0 dB: 2/512 sensing elements outside [0,1] (min=-0.1554, max=1.0044) -> clamped
2026-09-28 21:41:54 | src.evaluation.evaluator       | WARNING | SNR=3.0 dB: 4/1024 sensing elements outside [0,1] (min=-0.0459, max=1.0438) -> clamped
2026-09-28 21:41:56 | src.evaluation.evaluator       | WARNING | SNR=5.0 dB: 4/1024 sensing elements outside [0,1] (min=-0.0267, max=1.0359) -> clamped
2026-09-28 21:41:58 | src.evaluation.evaluator       | WARNING | SNR=7.0 dB: 5/1280 sensing elements outside [0,1] (min=0.0651, max=1.0617) -> clamped
2026-09-28 21:42:00 | src.evaluation.evaluator       | WARNING | SNR=9.0 dB: 3/768 sensing elements outside [0,1] (min=0.0338, max=1.0348) -> clamped
2026-09-28 21:42:02 | src.evaluation.evaluator       | WARNING | SNR=11.0 dB: 8/2048 sensing elements outside [0,1] (min=0.0052, max=1.1274) -> clamped
2026-09-28 21:42:04 | src.evaluation.evaluator       | WARNING | SNR=13.0 dB: 19/3328 sensing elements outside [0,1] (min=-0.0865, max=1.1180) -> clamped
2026-09-28 21:42:07 | src.evaluation.evaluator       | WARNING | SNR=15.0 dB: 9/2304 sensing elements outside [0,1] (min=-0.0079, max=1.0739) -> clamped
2026-09-28 21:42:09 | src.evaluation.evaluator       | WARNING | SNR=17.0 dB: 14/2816 sensing elements outside [0,1] (min=-0.0487, max=1.0621) -> clamped
2026-09-28 21:42:11 | src.evaluation.evaluator       | WARNING | SNR=19.0 dB: 12/2304 sensing elements outside [0,1] (min=-0.0267, max=1.0881) -> clamped
2026-09-28 21:42:13 | src.evaluation.evaluator       | WARNING | SNR=21.0 dB: 12/2816 sensing elements outside [0,1] (min=0.0247, max=1.1189) -> clamped
2026-09-28 21:42:13 | src.evaluation.evaluator       | INFO   | Evaluation completed for 14 SNR points
2026-09-28 21:42:13 | src.experiments.run_jamming    | INFO   | jamming barrage r=1 JSR=-10.0 dB | BER=0.01295
2026-09-28 21:42:14 | src.evaluation.evaluator       | INFO   | Starting evaluation over 14 SNR points
2026-09-28 21:42:14 | src.evaluation.evaluator       | WARNING | SNR=-5.0 dB: 1/256 sensing elements outside [0,1] (min=-0.0669, max=0.8709) -> clamped
2026-09-28 21:42:16 | src.evaluation.evaluator       | WARNING | SNR=-3.0 dB: 1/256 sensing elements outside [0,1] (min=0.1760, max=1.0283) -> clamped
2026-09-28 21:42:18 | src.evaluation.evaluator       | WARNING | SNR=-1.0 dB: 2/512 sensing elements outside [0,1] (min=0.1534, max=1.0874) -> clamped
2026-09-28 21:42:21 | src.evaluation.evaluator       | WARNING | SNR=1.0 dB: 1/256 sensing elements outside [0,1] (min=-0.1663, max=0.9068) -> clamped
2026-09-28 21:42:23 | src.evaluation.evaluator       | WARNING | SNR=3.0 dB: 3/768 sensing elements outside [0,1] (min=-0.0364, max=1.0598) -> clamped
2026-09-28 21:42:25 | src.evaluation.evaluator       | WARNING | SNR=5.0 dB: 2/512 sensing elements outside [0,1] (min=-0.0294, max=1.0280) -> clamped
2026-09-28 21:42:27 | src.evaluation.evaluator       | WARNING | SNR=7.0 dB: 3/768 sensing elements outside [0,1] (min=0.0816, max=1.0360) -> clamped
2026-09-28 21:42:29 | src.evaluation.evaluator       | WARNING | SNR=9.0 dB: 1/256 sensing elements outside [0,1] (min=0.1670, max=1.0323) -> clamped
2026-09-28 21:42:31 | src.evaluation.evaluator       | WARNING | SNR=11.0 dB: 6/1536 sensing elements outside [0,1] (min=0.0042, max=1.1129) -> clamped
2026-09-28 21:42:34 | src.evaluation.evaluator       | WARNING | SNR=13.0 dB: 11/1792 sensing elements outside [0,1] (min=-0.0868, max=1.1212) -> clamped
2026-09-28 21:42:36 | src.evaluation.evaluator       | WARNING | SNR=15.0 dB: 5/1280 sensing elements outside [0,1] (min=0.0236, max=1.0681) -> clamped
2026-09-28 21:42:38 | src.evaluation.evaluator       | WARNING | SNR=17.0 dB: 10/2048 sensing elements outside [0,1] (min=-0.0486, max=1.0618) -> clamped
2026-09-28 21:42:40 | src.evaluation.evaluator       | WARNING | SNR=19.0 dB: 8/1792 sensing elements outside [0,1] (min=-0.0246, max=1.0877) -> clamped
2026-09-28 21:42:42 | src.evaluation.evaluator       | WARNING | SNR=21.0 dB: 8/2048 sensing elements outside [0,1] (min=0.0273, max=1.1073) -> clamped
2026-09-28 21:42:42 | src.evaluation.evaluator       | INFO   | Evaluation completed for 14 SNR points
2026-09-28 21:42:42 | src.experiments.run_jamming    | INFO   | jamming barrage r=1 JSR=-8.0 dB | BER=0.01422
2026-09-28 21:42:42 | src.evaluation.evaluator       | INFO   | Starting evaluation over 14 SNR points
2026-09-28 21:42:43 | src.evaluation.evaluator       | WARNING | SNR=-5.0 dB: 1/256 sensing elements outside [0,1] (min=-0.1062, max=0.8701) -> clamped
2026-09-28 21:42:44 | src.evaluation.evaluator       | WARNING | SNR=-3.0 dB: 3/768 sensing elements outside [0,1] (min=-0.0009, max=1.0329) -> clamped
2026-09-28 21:42:46 | src.evaluation.evaluator       | WARNING | SNR=-1.0 dB: 2/512 sensing elements outside [0,1] (min=0.1465, max=1.0946) -> clamped
2026-09-28 21:42:49 | src.evaluation.evaluator       | WARNING | SNR=1.0 dB: 1/256 sensing elements outside [0,1] (min=-0.1777, max=0.9038) -> clamped
2026-09-28 21:42:51 | src.evaluation.evaluator       | WARNING | SNR=3.0 dB: 4/1024 sensing elements outside [0,1] (min=-0.0277, max=1.0736) -> clamped
2026-09-28 21:42:53 | src.evaluation.evaluator       | WARNING | SNR=5.0 dB: 2/512 sensing elements outside [0,1] (min=-0.0297, max=1.0137) -> clamped
2026-09-28 21:42:55 | src.evaluation.evaluator       | WARNING | SNR=7.0 dB: 1/256 sensing elements outside [0,1] (min=0.1397, max=1.0329) -> clamped
2026-09-28 21:42:57 | src.evaluation.evaluator       | WARNING | SNR=9.0 dB: 2/512 sensing elements outside [0,1] (min=-0.0067, max=1.0245) -> clamped
2026-09-28 21:42:59 | src.evaluation.evaluator       | WARNING | SNR=11.0 dB: 4/1024 sensing elements outside [0,1] (min=0.0085, max=1.0928) -> clamped
2026-09-28 21:43:02 | src.evaluation.evaluator       | WARNING | SNR=13.0 dB: 10/2048 sensing elements outside [0,1] (min=-0.0809, max=1.1211) -> clamped
2026-09-28 21:43:04 | src.evaluation.evaluator       | WARNING | SNR=15.0 dB: 2/512 sensing elements outside [0,1] (min=0.0320, max=1.0583) -> clamped
2026-09-28 21:43:06 | src.evaluation.evaluator       | WARNING | SNR=17.0 dB: 5/1280 sensing elements outside [0,1] (min=-0.0350, max=1.0590) -> clamped
2026-09-28 21:43:08 | src.evaluation.evaluator       | WARNING | SNR=19.0 dB: 5/768 sensing elements outside [0,1] (min=-0.0215, max=1.0853) -> clamped
2026-09-28 21:43:10 | src.evaluation.evaluator       | WARNING | SNR=21.0 dB: 4/1024 sensing elements outside [0,1] (min=0.0623, max=1.0928) -> clamped
2026-09-28 21:43:10 | src.evaluation.evaluator       | INFO   | Evaluation completed for 14 SNR points
2026-09-28 21:43:10 | src.experiments.run_jamming    | INFO   | jamming barrage r=1 JSR=-6.0 dB | BER=0.01696
2026-09-28 21:43:11 | src.evaluation.evaluator       | INFO   | Starting evaluation over 14 SNR points
2026-09-28 21:43:11 | src.evaluation.evaluator       | WARNING | SNR=-5.0 dB: 2/512 sensing elements outside [0,1] (min=-0.1587, max=1.0105) -> clamped
2026-09-28 21:43:12 | src.evaluation.evaluator       | WARNING | SNR=-3.0 dB: 2/512 sensing elements outside [0,1] (min=-0.0088, max=1.0180) -> clamped
2026-09-28 21:43:14 | src.evaluation.evaluator       | WARNING | SNR=-1.0 dB: 2/512 sensing elements outside [0,1] (min=0.1328, max=1.0893) -> clamped
2026-09-28 21:43:17 | src.evaluation.evaluator       | WARNING | SNR=1.0 dB: 1/256 sensing elements outside [0,1] (min=-0.1955, max=0.8905) -> clamped
2026-09-28 21:43:19 | src.evaluation.evaluator       | WARNING | SNR=3.0 dB: 3/768 sensing elements outside [0,1] (min=-0.0164, max=1.0796) -> clamped
2026-09-28 21:43:21 | src.evaluation.evaluator       | WARNING | SNR=5.0 dB: 1/256 sensing elements outside [0,1] (min=-0.0255, max=0.8585) -> clamped
2026-09-28 21:43:23 | src.evaluation.evaluator       | WARNING | SNR=7.0 dB: 1/256 sensing elements outside [0,1] (min=0.1613, max=1.0249) -> clamped
2026-09-28 21:43:25 | src.evaluation.evaluator       | WARNING | SNR=9.0 dB: 2/512 sensing elements outside [0,1] (min=-0.0202, max=1.0079) -> clamped
2026-09-28 21:43:27 | src.evaluation.evaluator       | WARNING | SNR=11.0 dB: 3/768 sensing elements outside [0,1] (min=0.0215, max=1.0595) -> clamped
2026-09-28 21:43:30 | src.evaluation.evaluator       | WARNING | SNR=13.0 dB: 5/1280 sensing elements outside [0,1] (min=-0.0695, max=1.1112) -> clamped
2026-09-28 21:43:32 | src.evaluation.evaluator       | WARNING | SNR=15.0 dB: 2/512 sensing elements outside [0,1] (min=0.0431, max=1.0398) -> clamped
2026-09-28 21:43:34 | src.evaluation.evaluator       | WARNING | SNR=17.0 dB: 3/768 sensing elements outside [0,1] (min=-0.0086, max=1.0507) -> clamped
2026-09-28 21:43:36 | src.evaluation.evaluator       | WARNING | SNR=19.0 dB: 3/768 sensing elements outside [0,1] (min=-0.0005, max=1.0807) -> clamped
2026-09-28 21:43:38 | src.evaluation.evaluator       | WARNING | SNR=21.0 dB: 2/512 sensing elements outside [0,1] (min=0.1215, max=1.0699) -> clamped
2026-09-28 21:43:38 | src.evaluation.evaluator       | INFO   | Evaluation completed for 14 SNR points
2026-09-28 21:43:38 | src.experiments.run_jamming    | INFO   | jamming barrage r=1 JSR=-4.0 dB | BER=0.02291
2026-09-28 21:43:39 | src.evaluation.evaluator       | INFO   | Starting evaluation over 14 SNR points
2026-09-28 21:43:39 | src.evaluation.evaluator       | WARNING | SNR=-5.0 dB: 2/512 sensing elements outside [0,1] (min=-0.2277, max=1.0200) -> clamped
2026-09-28 21:43:40 | src.evaluation.evaluator       | WARNING | SNR=-3.0 dB: 1/256 sensing elements outside [0,1] (min=-0.0144, max=0.7106) -> clamped
2026-09-28 21:43:41 | src.evaluation.evaluator       | WARNING | SNR=-1.0 dB: 2/512 sensing elements outside [0,1] (min=0.1142, max=1.0787) -> clamped
2026-09-28 21:43:44 | src.evaluation.evaluator       | WARNING | SNR=1.0 dB: 1/256 sensing elements outside [0,1] (min=-0.2127, max=0.8679) -> clamped
2026-09-28 21:43:46 | src.evaluation.evaluator       | WARNING | SNR=3.0 dB: 3/768 sensing elements outside [0,1] (min=-0.0022, max=1.0698) -> clamped
2026-09-28 21:43:48 | src.evaluation.evaluator       | WARNING | SNR=5.0 dB: 1/256 sensing elements outside [0,1] (min=-0.0183, max=0.8465) -> clamped
2026-09-28 21:43:50 | src.evaluation.evaluator       | WARNING | SNR=7.0 dB: 1/256 sensing elements outside [0,1] (min=0.1981, max=1.0120) -> clamped
2026-09-28 21:43:52 | src.evaluation.evaluator       | WARNING | SNR=9.0 dB: 1/256 sensing elements outside [0,1] (min=-0.0307, max=0.9258) -> clamped
2026-09-28 21:43:55 | src.evaluation.evaluator       | WARNING | SNR=11.0 dB: 3/768 sensing elements outside [0,1] (min=0.0495, max=1.0236) -> clamped
2026-09-28 21:43:57 | src.evaluation.evaluator       | WARNING | SNR=13.0 dB: 3/768 sensing elements outside [0,1] (min=-0.0543, max=1.0920) -> clamped
2026-09-28 21:44:00 | src.evaluation.evaluator       | WARNING | SNR=15.0 dB: 1/256 sensing elements outside [0,1] (min=0.0610, max=1.0266) -> clamped
2026-09-28 21:44:02 | src.evaluation.evaluator       | WARNING | SNR=17.0 dB: 2/512 sensing elements outside [0,1] (min=0.0591, max=1.0332) -> clamped
2026-09-28 21:44:04 | src.evaluation.evaluator       | WARNING | SNR=19.0 dB: 3/768 sensing elements outside [0,1] (min=0.0258, max=1.0726) -> clamped
2026-09-28 21:44:06 | src.evaluation.evaluator       | WARNING | SNR=21.0 dB: 3/768 sensing elements outside [0,1] (min=0.1009, max=1.0251) -> clamped
2026-09-28 21:44:06 | src.evaluation.evaluator       | INFO   | Evaluation completed for 14 SNR points
2026-09-28 21:44:06 | src.experiments.run_jamming    | INFO   | jamming barrage r=1 JSR=-2.0 dB | BER=0.03515
2026-09-28 21:44:06 | src.evaluation.evaluator       | INFO   | Starting evaluation over 14 SNR points
2026-09-28 21:44:06 | src.evaluation.evaluator       | WARNING | SNR=-5.0 dB: 4/1024 sensing elements outside [0,1] (min=-0.3072, max=1.0550) -> clamped
2026-09-28 21:44:07 | src.evaluation.evaluator       | WARNING | SNR=-3.0 dB: 1/256 sensing elements outside [0,1] (min=-0.0142, max=0.7120) -> clamped
2026-09-28 21:44:11 | src.evaluation.evaluator       | WARNING | SNR=3.0 dB: 1/256 sensing elements outside [0,1] (min=0.2901, max=1.0400) -> clamped
2026-09-28 21:44:12 | src.evaluation.evaluator       | WARNING | SNR=5.0 dB: 1/256 sensing elements outside [0,1] (min=-0.0106, max=0.8202) -> clamped
2026-09-28 21:44:14 | src.evaluation.evaluator       | WARNING | SNR=7.0 dB: 1/256 sensing elements outside [0,1] (min=0.0092, max=1.0040) -> clamped
2026-09-28 21:44:16 | src.evaluation.evaluator       | WARNING | SNR=9.0 dB: 1/256 sensing elements outside [0,1] (min=-0.0396, max=0.9317) -> clamped
2026-09-28 21:44:18 | src.evaluation.evaluator       | WARNING | SNR=11.0 dB: 1/256 sensing elements outside [0,1] (min=0.2684, max=1.0378) -> clamped
2026-09-28 21:44:19 | src.evaluation.evaluator       | WARNING | SNR=13.0 dB: 3/768 sensing elements outside [0,1] (min=-0.0362, max=1.0598) -> clamped
2026-09-28 21:44:21 | src.evaluation.evaluator       | WARNING | SNR=15.0 dB: 1/256 sensing elements outside [0,1] (min=0.0657, max=1.0236) -> clamped
2026-09-28 21:44:26 | src.evaluation.evaluator       | WARNING | SNR=19.0 dB: 2/512 sensing elements outside [0,1] (min=0.1482, max=1.0541) -> clamped
2026-09-28 21:44:28 | src.evaluation.evaluator       | WARNING | SNR=21.0 dB: 1/256 sensing elements outside [0,1] (min=0.1282, max=1.0064) -> clamped
2026-09-28 21:44:28 | src.evaluation.evaluator       | INFO   | Evaluation completed for 14 SNR points
2026-09-28 21:44:28 | src.experiments.run_jamming    | INFO   | jamming barrage r=1 JSR=0.0 dB | BER=0.06337
2026-09-28 21:44:28 | src.evaluation.evaluator       | INFO   | Starting evaluation over 14 SNR points
2026-09-28 21:44:28 | src.evaluation.evaluator       | WARNING | SNR=-5.0 dB: 3/768 sensing elements outside [0,1] (min=-0.4106, max=1.1245) -> clamped
2026-09-28 21:44:34 | src.evaluation.evaluator       | WARNING | SNR=11.0 dB: 1/256 sensing elements outside [0,1] (min=0.2642, max=1.0930) -> clamped
2026-09-28 21:44:35 | src.evaluation.evaluator       | WARNING | SNR=13.0 dB: 1/256 sensing elements outside [0,1] (min=0.2266, max=1.0319) -> clamped
2026-09-28 21:44:36 | src.evaluation.evaluator       | WARNING | SNR=15.0 dB: 1/256 sensing elements outside [0,1] (min=0.0862, max=1.0289) -> clamped
2026-09-28 21:44:38 | src.evaluation.evaluator       | WARNING | SNR=19.0 dB: 1/256 sensing elements outside [0,1] (min=0.2014, max=1.0226) -> clamped
2026-09-28 21:44:39 | src.evaluation.evaluator       | INFO   | Evaluation completed for 14 SNR points
2026-09-28 21:44:39 | src.experiments.run_jamming    | INFO   | jamming barrage r=1 JSR=2.0 dB | BER=0.11165
2026-09-28 21:44:39 | src.evaluation.evaluator       | INFO   | Starting evaluation over 14 SNR points
2026-09-28 21:44:40 | src.evaluation.evaluator       | WARNING | SNR=-5.0 dB: 2/512 sensing elements outside [0,1] (min=-0.5447, max=1.0428) -> clamped
2026-09-28 21:44:40 | src.evaluation.evaluator       | WARNING | SNR=-1.0 dB: 1/256 sensing elements outside [0,1] (min=-0.0007, max=0.7560) -> clamped
2026-09-28 21:44:43 | src.evaluation.evaluator       | WARNING | SNR=11.0 dB: 1/256 sensing elements outside [0,1] (min=0.1782, max=1.1644) -> clamped
2026-09-28 21:44:44 | src.evaluation.evaluator       | WARNING | SNR=15.0 dB: 1/256 sensing elements outside [0,1] (min=-0.0164, max=0.7111) -> clamped
2026-09-28 21:44:45 | src.evaluation.evaluator       | INFO   | Evaluation completed for 14 SNR points
2026-09-28 21:44:45 | src.experiments.run_jamming    | INFO   | jamming barrage r=1 JSR=4.0 dB | BER=0.19164
2026-09-28 21:44:45 | src.evaluation.evaluator       | INFO   | Starting evaluation over 14 SNR points
2026-09-28 21:44:46 | src.evaluation.evaluator       | WARNING | SNR=-5.0 dB: 4/512 sensing elements outside [0,1] (min=-0.7360, max=1.0697) -> clamped
2026-09-28 21:44:46 | src.evaluation.evaluator       | WARNING | SNR=-1.0 dB: 4/512 sensing elements outside [0,1] (min=-0.1437, max=0.9278) -> clamped
2026-09-28 21:44:46 | src.evaluation.evaluator       | WARNING | SNR=1.0 dB: 1/256 sensing elements outside [0,1] (min=-0.0596, max=0.8831) -> clamped
2026-09-28 21:44:47 | src.evaluation.evaluator       | WARNING | SNR=5.0 dB: 1/256 sensing elements outside [0,1] (min=0.1704, max=1.0041) -> clamped
2026-09-28 21:44:47 | src.evaluation.evaluator       | WARNING | SNR=9.0 dB: 1/256 sensing elements outside [0,1] (min=-0.0638, max=0.8583) -> clamped
2026-09-28 21:44:48 | src.evaluation.evaluator       | WARNING | SNR=11.0 dB: 2/512 sensing elements outside [0,1] (min=-0.0252, max=1.2513) -> clamped
2026-09-28 21:44:48 | src.evaluation.evaluator       | WARNING | SNR=13.0 dB: 2/512 sensing elements outside [0,1] (min=-0.0578, max=1.0529) -> clamped
2026-09-28 21:44:49 | src.evaluation.evaluator       | WARNING | SNR=15.0 dB: 3/512 sensing elements outside [0,1] (min=-0.1486, max=1.0394) -> clamped
2026-09-28 21:44:49 | src.evaluation.evaluator       | WARNING | SNR=17.0 dB: 3/512 sensing elements outside [0,1] (min=-0.0141, max=1.0190) -> clamped
2026-09-28 21:44:49 | src.evaluation.evaluator       | WARNING | SNR=19.0 dB: 2/256 sensing elements outside [0,1] (min=-0.0242, max=0.7616) -> clamped
2026-09-28 21:44:50 | src.evaluation.evaluator       | WARNING | SNR=21.0 dB: 3/768 sensing elements outside [0,1] (min=-0.0994, max=0.8202) -> clamped
2026-09-28 21:44:50 | src.evaluation.evaluator       | INFO   | Evaluation completed for 14 SNR points
2026-09-28 21:44:50 | src.experiments.run_jamming    | INFO   | jamming barrage r=1 JSR=6.0 dB | BER=0.26753
2026-09-28 21:44:50 | src.evaluation.evaluator       | INFO   | Starting evaluation over 14 SNR points
2026-09-28 21:44:50 | src.evaluation.evaluator       | WARNING | SNR=-5.0 dB: 12/768 sensing elements outside [0,1] (min=-0.9807, max=1.1040) -> clamped
2026-09-28 21:44:50 | src.evaluation.evaluator       | WARNING | SNR=-3.0 dB: 2/512 sensing elements outside [0,1] (min=-0.1158, max=0.8464) -> clamped
2026-09-28 21:44:51 | src.evaluation.evaluator       | WARNING | SNR=-1.0 dB: 6/512 sensing elements outside [0,1] (min=-0.3582, max=0.9947) -> clamped
2026-09-28 21:44:51 | src.evaluation.evaluator       | WARNING | SNR=1.0 dB: 6/512 sensing elements outside [0,1] (min=-0.2524, max=0.9132) -> clamped
2026-09-28 21:44:52 | src.evaluation.evaluator       | WARNING | SNR=3.0 dB: 7/768 sensing elements outside [0,1] (min=-0.1861, max=1.0047) -> clamped
2026-09-28 21:44:52 | src.evaluation.evaluator       | WARNING | SNR=5.0 dB: 5/768 sensing elements outside [0,1] (min=-0.1336, max=1.0767) -> clamped
2026-09-28 21:44:52 | src.evaluation.evaluator       | WARNING | SNR=7.0 dB: 3/256 sensing elements outside [0,1] (min=-0.0779, max=0.8599) -> clamped
2026-09-28 21:44:53 | src.evaluation.evaluator       | WARNING | SNR=9.0 dB: 10/768 sensing elements outside [0,1] (min=-0.2235, max=0.9495) -> clamped
2026-09-28 21:44:53 | src.evaluation.evaluator       | WARNING | SNR=11.0 dB: 4/512 sensing elements outside [0,1] (min=-0.2048, max=1.3777) -> clamped
2026-09-28 21:44:53 | src.evaluation.evaluator       | WARNING | SNR=13.0 dB: 4/512 sensing elements outside [0,1] (min=-0.2559, max=1.1328) -> clamped
2026-09-28 21:44:54 | src.evaluation.evaluator       | WARNING | SNR=15.0 dB: 3/512 sensing elements outside [0,1] (min=-0.0970, max=1.1062) -> clamped
2026-09-28 21:44:54 | src.evaluation.evaluator       | WARNING | SNR=17.0 dB: 7/768 sensing elements outside [0,1] (min=-0.2136, max=1.0981) -> clamped
2026-09-28 21:44:54 | src.evaluation.evaluator       | WARNING | SNR=19.0 dB: 5/768 sensing elements outside [0,1] (min=-0.2176, max=0.9685) -> clamped
2026-09-28 21:44:54 | src.evaluation.evaluator       | WARNING | SNR=21.0 dB: 10/768 sensing elements outside [0,1] (min=-0.3420, max=0.9036) -> clamped
2026-09-28 21:44:54 | src.evaluation.evaluator       | INFO   | Evaluation completed for 14 SNR points
2026-09-28 21:44:54 | src.experiments.run_jamming    | INFO   | jamming barrage r=1 JSR=8.0 dB | BER=0.34096
2026-09-28 21:44:54 | src.evaluation.evaluator       | INFO   | Starting evaluation over 14 SNR points
2026-09-28 21:44:55 | src.evaluation.evaluator       | WARNING | SNR=-5.0 dB: 23/512 sensing elements outside [0,1] (min=-0.3514, max=1.1413) -> clamped
2026-09-28 21:44:55 | src.evaluation.evaluator       | WARNING | SNR=-3.0 dB: 24/512 sensing elements outside [0,1] (min=-0.3144, max=0.9474) -> clamped
2026-09-28 21:44:55 | src.evaluation.evaluator       | WARNING | SNR=-1.0 dB: 27/768 sensing elements outside [0,1] (min=-0.6660, max=1.0709) -> clamped
2026-09-28 21:44:55 | src.evaluation.evaluator       | WARNING | SNR=1.0 dB: 26/768 sensing elements outside [0,1] (min=-0.5072, max=0.9652) -> clamped
2026-09-28 21:44:55 | src.evaluation.evaluator       | WARNING | SNR=3.0 dB: 17/512 sensing elements outside [0,1] (min=-0.4336, max=1.1349) -> clamped
2026-09-28 21:44:56 | src.evaluation.evaluator       | WARNING | SNR=5.0 dB: 17/512 sensing elements outside [0,1] (min=-0.3265, max=1.1599) -> clamped
2026-09-28 21:44:56 | src.evaluation.evaluator       | WARNING | SNR=7.0 dB: 20/768 sensing elements outside [0,1] (min=-0.2771, max=0.9812) -> clamped
2026-09-28 21:44:56 | src.evaluation.evaluator       | WARNING | SNR=9.0 dB: 19/512 sensing elements outside [0,1] (min=-0.4102, max=1.0239) -> clamped
2026-09-28 21:44:56 | src.evaluation.evaluator       | WARNING | SNR=11.0 dB: 11/512 sensing elements outside [0,1] (min=-0.4259, max=0.8623) -> clamped
2026-09-28 21:44:56 | src.evaluation.evaluator       | WARNING | SNR=13.0 dB: 7/512 sensing elements outside [0,1] (min=-0.2216, max=1.2173) -> clamped
2026-09-28 21:44:57 | src.evaluation.evaluator       | WARNING | SNR=15.0 dB: 9/512 sensing elements outside [0,1] (min=-0.2880, max=1.2097) -> clamped
2026-09-28 21:44:57 | src.evaluation.evaluator       | WARNING | SNR=17.0 dB: 27/768 sensing elements outside [0,1] (min=-0.4393, max=1.1764) -> clamped
2026-09-28 21:44:57 | src.evaluation.evaluator       | WARNING | SNR=19.0 dB: 22/768 sensing elements outside [0,1] (min=-0.4340, max=1.0691) -> clamped
2026-09-28 21:44:57 | src.evaluation.evaluator       | WARNING | SNR=21.0 dB: 26/768 sensing elements outside [0,1] (min=-0.6475, max=1.0464) -> clamped
2026-09-28 21:44:57 | src.evaluation.evaluator       | INFO   | Evaluation completed for 14 SNR points
2026-09-28 21:44:57 | src.experiments.run_jamming    | INFO   | jamming barrage r=1 JSR=10.0 dB | BER=0.40095
2026-09-28 21:44:58 | src.evaluation.evaluator       | INFO   | Starting evaluation over 14 SNR points
2026-09-28 21:45:02 | src.evaluation.evaluator       | WARNING | SNR=-1.0 dB: 1/256 sensing elements outside [0,1] (min=0.1221, max=1.0248) -> clamped
2026-09-28 21:45:05 | src.evaluation.evaluator       | WARNING | SNR=1.0 dB: 2/512 sensing elements outside [0,1] (min=-0.0836, max=1.0995) -> clamped
2026-09-28 21:45:07 | src.evaluation.evaluator       | WARNING | SNR=3.0 dB: 2/512 sensing elements outside [0,1] (min=-0.0483, max=1.0349) -> clamped
2026-09-28 21:45:09 | src.evaluation.evaluator       | WARNING | SNR=5.0 dB: 4/1024 sensing elements outside [0,1] (min=0.0319, max=1.0516) -> clamped
2026-09-28 21:45:11 | src.evaluation.evaluator       | WARNING | SNR=7.0 dB: 5/1280 sensing elements outside [0,1] (min=0.0393, max=1.0663) -> clamped
2026-09-28 21:45:14 | src.evaluation.evaluator       | WARNING | SNR=9.0 dB: 6/1106 sensing elements outside [0,1] (min=0.0401, max=1.0645) -> clamped
2026-09-28 21:45:16 | src.evaluation.evaluator       | WARNING | SNR=11.0 dB: 8/1792 sensing elements outside [0,1] (min=-0.0187, max=1.1157) -> clamped
2026-09-28 21:45:18 | src.evaluation.evaluator       | WARNING | SNR=13.0 dB: 18/3328 sensing elements outside [0,1] (min=-0.0076, max=1.0603) -> clamped
2026-09-28 21:45:21 | src.evaluation.evaluator       | WARNING | SNR=15.0 dB: 11/2304 sensing elements outside [0,1] (min=-0.0017, max=1.0817) -> clamped
2026-09-28 21:45:23 | src.evaluation.evaluator       | WARNING | SNR=17.0 dB: 14/2816 sensing elements outside [0,1] (min=-0.0503, max=1.0708) -> clamped
2026-09-28 21:45:25 | src.evaluation.evaluator       | WARNING | SNR=19.0 dB: 12/1792 sensing elements outside [0,1] (min=-0.0368, max=1.0878) -> clamped
2026-09-28 21:45:27 | src.evaluation.evaluator       | WARNING | SNR=21.0 dB: 12/3072 sensing elements outside [0,1] (min=0.0165, max=1.1349) -> clamped
2026-09-28 21:45:27 | src.evaluation.evaluator       | INFO   | Evaluation completed for 14 SNR points
2026-09-28 21:45:27 | src.experiments.run_jamming    | INFO   | jamming barrage r=2 JSR=-10.0 dB | BER=0.01276
2026-09-28 21:45:27 | src.evaluation.evaluator       | INFO   | Starting evaluation over 14 SNR points
2026-09-28 21:45:31 | src.evaluation.evaluator       | WARNING | SNR=-1.0 dB: 1/256 sensing elements outside [0,1] (min=0.1071, max=1.0108) -> clamped
2026-09-28 21:45:34 | src.evaluation.evaluator       | WARNING | SNR=1.0 dB: 2/512 sensing elements outside [0,1] (min=-0.0782, max=1.0976) -> clamped
2026-09-28 21:45:36 | src.evaluation.evaluator       | WARNING | SNR=3.0 dB: 2/512 sensing elements outside [0,1] (min=-0.0435, max=1.0301) -> clamped
2026-09-28 21:45:38 | src.evaluation.evaluator       | WARNING | SNR=5.0 dB: 3/768 sensing elements outside [0,1] (min=0.0286, max=1.0508) -> clamped
2026-09-28 21:45:41 | src.evaluation.evaluator       | WARNING | SNR=7.0 dB: 5/1280 sensing elements outside [0,1] (min=0.0610, max=1.0605) -> clamped
2026-09-28 21:45:43 | src.evaluation.evaluator       | WARNING | SNR=9.0 dB: 3/768 sensing elements outside [0,1] (min=0.0529, max=1.0633) -> clamped
2026-09-28 21:45:45 | src.evaluation.evaluator       | WARNING | SNR=11.0 dB: 5/1024 sensing elements outside [0,1] (min=-0.0273, max=1.1027) -> clamped
2026-09-28 21:45:47 | src.evaluation.evaluator       | WARNING | SNR=13.0 dB: 8/2048 sensing elements outside [0,1] (min=0.0126, max=1.0620) -> clamped
2026-09-28 21:45:50 | src.evaluation.evaluator       | WARNING | SNR=15.0 dB: 7/1536 sensing elements outside [0,1] (min=0.0121, max=1.0725) -> clamped
2026-09-28 21:45:52 | src.evaluation.evaluator       | WARNING | SNR=17.0 dB: 8/1792 sensing elements outside [0,1] (min=-0.0469, max=1.0731) -> clamped
2026-09-28 21:45:54 | src.evaluation.evaluator       | WARNING | SNR=19.0 dB: 10/1536 sensing elements outside [0,1] (min=-0.0465, max=1.0888) -> clamped
2026-09-28 21:45:56 | src.evaluation.evaluator       | WARNING | SNR=21.0 dB: 5/1280 sensing elements outside [0,1] (min=0.0176, max=1.1297) -> clamped
2026-09-28 21:45:56 | src.evaluation.evaluator       | INFO   | Evaluation completed for 14 SNR points
2026-09-28 21:45:56 | src.experiments.run_jamming    | INFO   | jamming barrage r=2 JSR=-8.0 dB | BER=0.01464
2026-09-28 21:45:56 | src.evaluation.evaluator       | INFO   | Starting evaluation over 14 SNR points
2026-09-28 21:46:03 | src.evaluation.evaluator       | WARNING | SNR=1.0 dB: 2/512 sensing elements outside [0,1] (min=-0.0691, max=1.0826) -> clamped
2026-09-28 21:46:05 | src.evaluation.evaluator       | WARNING | SNR=3.0 dB: 2/512 sensing elements outside [0,1] (min=-0.0350, max=1.0192) -> clamped
2026-09-28 21:46:07 | src.evaluation.evaluator       | WARNING | SNR=5.0 dB: 3/768 sensing elements outside [0,1] (min=0.0291, max=1.0426) -> clamped
2026-09-28 21:46:09 | src.evaluation.evaluator       | WARNING | SNR=7.0 dB: 4/1024 sensing elements outside [0,1] (min=0.0798, max=1.0505) -> clamped
2026-09-28 21:46:12 | src.evaluation.evaluator       | WARNING | SNR=9.0 dB: 3/768 sensing elements outside [0,1] (min=0.0644, max=1.0589) -> clamped
2026-09-28 21:46:14 | src.evaluation.evaluator       | WARNING | SNR=11.0 dB: 4/768 sensing elements outside [0,1] (min=-0.0376, max=1.0756) -> clamped
2026-09-28 21:46:17 | src.evaluation.evaluator       | WARNING | SNR=13.0 dB: 3/768 sensing elements outside [0,1] (min=0.0330, max=1.0650) -> clamped
2026-09-28 21:46:19 | src.evaluation.evaluator       | WARNING | SNR=15.0 dB: 4/1024 sensing elements outside [0,1] (min=0.0350, max=1.0937) -> clamped
2026-09-28 21:46:22 | src.evaluation.evaluator       | WARNING | SNR=17.0 dB: 4/1024 sensing elements outside [0,1] (min=-0.0392, max=1.0761) -> clamped
2026-09-28 21:46:24 | src.evaluation.evaluator       | WARNING | SNR=19.0 dB: 4/1024 sensing elements outside [0,1] (min=-0.0568, max=1.0747) -> clamped
2026-09-28 21:46:26 | src.evaluation.evaluator       | WARNING | SNR=21.0 dB: 4/1024 sensing elements outside [0,1] (min=0.0338, max=1.1210) -> clamped
2026-09-28 21:46:26 | src.evaluation.evaluator       | INFO   | Evaluation completed for 14 SNR points
2026-09-28 21:46:26 | src.experiments.run_jamming    | INFO   | jamming barrage r=2 JSR=-6.0 dB | BER=0.01735
2026-09-28 21:46:26 | src.evaluation.evaluator       | INFO   | Starting evaluation over 14 SNR points
2026-09-28 21:46:27 | src.evaluation.evaluator       | WARNING | SNR=-5.0 dB: 1/256 sensing elements outside [0,1] (min=-0.0085, max=0.8639) -> clamped
2026-09-28 21:46:33 | src.evaluation.evaluator       | WARNING | SNR=1.0 dB: 2/512 sensing elements outside [0,1] (min=-0.0501, max=1.0570) -> clamped
2026-09-28 21:46:35 | src.evaluation.evaluator       | WARNING | SNR=3.0 dB: 2/512 sensing elements outside [0,1] (min=-0.0198, max=1.0009) -> clamped
2026-09-28 21:46:37 | src.evaluation.evaluator       | WARNING | SNR=5.0 dB: 1/256 sensing elements outside [0,1] (min=0.1043, max=1.0126) -> clamped
2026-09-28 21:46:39 | src.evaluation.evaluator       | WARNING | SNR=7.0 dB: 1/256 sensing elements outside [0,1] (min=0.0981, max=1.0296) -> clamped
2026-09-28 21:46:42 | src.evaluation.evaluator       | WARNING | SNR=9.0 dB: 1/256 sensing elements outside [0,1] (min=0.0622, max=1.0455) -> clamped
2026-09-28 21:46:45 | src.evaluation.evaluator       | WARNING | SNR=11.0 dB: 2/256 sensing elements outside [0,1] (min=-0.0460, max=1.0422) -> clamped
2026-09-28 21:46:47 | src.evaluation.evaluator       | WARNING | SNR=13.0 dB: 2/512 sensing elements outside [0,1] (min=0.1300, max=1.0759) -> clamped
2026-09-28 21:46:49 | src.evaluation.evaluator       | WARNING | SNR=15.0 dB: 2/512 sensing elements outside [0,1] (min=0.1045, max=1.1193) -> clamped
2026-09-28 21:46:52 | src.evaluation.evaluator       | WARNING | SNR=17.0 dB: 4/1024 sensing elements outside [0,1] (min=-0.0239, max=1.0724) -> clamped
2026-09-28 21:46:54 | src.evaluation.evaluator       | WARNING | SNR=19.0 dB: 3/768 sensing elements outside [0,1] (min=-0.0564, max=1.0322) -> clamped
2026-09-28 21:46:57 | src.evaluation.evaluator       | WARNING | SNR=21.0 dB: 3/768 sensing elements outside [0,1] (min=0.0623, max=1.1072) -> clamped
2026-09-28 21:46:57 | src.evaluation.evaluator       | INFO   | Evaluation completed for 14 SNR points
2026-09-28 21:46:57 | src.experiments.run_jamming    | INFO   | jamming barrage r=2 JSR=-4.0 dB | BER=0.02328
2026-09-28 21:46:57 | src.evaluation.evaluator       | INFO   | Starting evaluation over 14 SNR points
2026-09-28 21:46:57 | src.evaluation.evaluator       | WARNING | SNR=-5.0 dB: 2/512 sensing elements outside [0,1] (min=-0.0269, max=0.9982) -> clamped
2026-09-28 21:47:02 | src.evaluation.evaluator       | WARNING | SNR=1.0 dB: 2/512 sensing elements outside [0,1] (min=-0.0223, max=1.0240) -> clamped
2026-09-28 21:47:04 | src.evaluation.evaluator       | WARNING | SNR=3.0 dB: 1/256 sensing elements outside [0,1] (min=-0.0019, max=0.7810) -> clamped
2026-09-28 21:47:11 | src.evaluation.evaluator       | WARNING | SNR=9.0 dB: 2/512 sensing elements outside [0,1] (min=0.0544, max=1.0181) -> clamped
2026-09-28 21:47:14 | src.evaluation.evaluator       | WARNING | SNR=11.0 dB: 1/256 sensing elements outside [0,1] (min=-0.0522, max=0.9955) -> clamped
2026-09-28 21:47:16 | src.evaluation.evaluator       | WARNING | SNR=13.0 dB: 2/512 sensing elements outside [0,1] (min=0.1859, max=1.1290) -> clamped
2026-09-28 21:47:18 | src.evaluation.evaluator       | WARNING | SNR=15.0 dB: 1/256 sensing elements outside [0,1] (min=0.1597, max=1.1594) -> clamped
2026-09-28 21:47:20 | src.evaluation.evaluator       | WARNING | SNR=17.0 dB: 2/512 sensing elements outside [0,1] (min=0.1034, max=1.0471) -> clamped
2026-09-28 21:47:22 | src.evaluation.evaluator       | WARNING | SNR=19.0 dB: 2/512 sensing elements outside [0,1] (min=-0.0512, max=1.0269) -> clamped
2026-09-28 21:47:25 | src.evaluation.evaluator       | WARNING | SNR=21.0 dB: 2/512 sensing elements outside [0,1] (min=0.1325, max=1.0851) -> clamped
2026-09-28 21:47:25 | src.evaluation.evaluator       | INFO   | Evaluation completed for 14 SNR points
2026-09-28 21:47:25 | src.experiments.run_jamming    | INFO   | jamming barrage r=2 JSR=-2.0 dB | BER=0.03545
2026-09-28 21:47:25 | src.evaluation.evaluator       | INFO   | Starting evaluation over 14 SNR points
2026-09-28 21:47:26 | src.evaluation.evaluator       | WARNING | SNR=-5.0 dB: 3/512 sensing elements outside [0,1] (min=-0.0569, max=1.0118) -> clamped
2026-09-28 21:47:33 | src.evaluation.evaluator       | WARNING | SNR=7.0 dB: 1/256 sensing elements outside [0,1] (min=0.2468, max=1.0055) -> clamped
2026-09-28 21:47:35 | src.evaluation.evaluator       | WARNING | SNR=9.0 dB: 2/512 sensing elements outside [0,1] (min=-0.0011, max=1.0358) -> clamped
2026-09-28 21:47:39 | src.evaluation.evaluator       | WARNING | SNR=13.0 dB: 2/512 sensing elements outside [0,1] (min=0.2474, max=1.2016) -> clamped
2026-09-28 21:47:41 | src.evaluation.evaluator       | WARNING | SNR=15.0 dB: 1/256 sensing elements outside [0,1] (min=0.1561, max=1.2216) -> clamped
2026-09-28 21:47:43 | src.evaluation.evaluator       | WARNING | SNR=17.0 dB: 1/256 sensing elements outside [0,1] (min=0.2054, max=1.0448) -> clamped
2026-09-28 21:47:44 | src.evaluation.evaluator       | WARNING | SNR=19.0 dB: 1/256 sensing elements outside [0,1] (min=0.1102, max=1.0203) -> clamped
2026-09-28 21:47:46 | src.evaluation.evaluator       | WARNING | SNR=21.0 dB: 1/256 sensing elements outside [0,1] (min=0.1536, max=1.0390) -> clamped
2026-09-28 21:47:46 | src.evaluation.evaluator       | INFO   | Evaluation completed for 14 SNR points
2026-09-28 21:47:46 | src.experiments.run_jamming    | INFO   | jamming barrage r=2 JSR=0.0 dB | BER=0.06469
2026-09-28 21:47:46 | src.evaluation.evaluator       | INFO   | Starting evaluation over 14 SNR points
2026-09-28 21:47:46 | src.evaluation.evaluator       | WARNING | SNR=-5.0 dB: 5/768 sensing elements outside [0,1] (min=-0.0989, max=1.0202) -> clamped
2026-09-28 21:47:51 | src.evaluation.evaluator       | WARNING | SNR=9.0 dB: 2/512 sensing elements outside [0,1] (min=-0.0550, max=1.0648) -> clamped
2026-09-28 21:47:53 | src.evaluation.evaluator       | WARNING | SNR=11.0 dB: 1/256 sensing elements outside [0,1] (min=-0.0237, max=0.7691) -> clamped
2026-09-28 21:47:57 | src.evaluation.evaluator       | INFO   | Evaluation completed for 14 SNR points
2026-09-28 21:47:57 | src.experiments.run_jamming    | INFO   | jamming barrage r=2 JSR=2.0 dB | BER=0.11367
2026-09-28 21:47:57 | src.evaluation.evaluator       | INFO   | Starting evaluation over 14 SNR points
2026-09-28 21:47:58 | src.evaluation.evaluator       | WARNING | SNR=-5.0 dB: 6/768 sensing elements outside [0,1] (min=-0.1734, max=1.0576) -> clamped
2026-09-28 21:47:58 | src.evaluation.evaluator       | WARNING | SNR=-1.0 dB: 1/256 sensing elements outside [0,1] (min=-0.0366, max=0.8429) -> clamped
2026-09-28 21:47:59 | src.evaluation.evaluator       | WARNING | SNR=1.0 dB: 1/256 sensing elements outside [0,1] (min=0.2212, max=1.0443) -> clamped
2026-09-28 21:47:59 | src.evaluation.evaluator       | WARNING | SNR=5.0 dB: 1/256 sensing elements outside [0,1] (min=-0.0043, max=0.7137) -> clamped
2026-09-28 21:48:00 | src.evaluation.evaluator       | WARNING | SNR=7.0 dB: 1/256 sensing elements outside [0,1] (min=0.1969, max=1.0032) -> clamped
2026-09-28 21:48:00 | src.evaluation.evaluator       | WARNING | SNR=9.0 dB: 1/256 sensing elements outside [0,1] (min=-0.0215, max=0.7198) -> clamped
2026-09-28 21:48:01 | src.evaluation.evaluator       | WARNING | SNR=11.0 dB: 1/256 sensing elements outside [0,1] (min=-0.0399, max=0.9092) -> clamped
2026-09-28 21:48:01 | src.evaluation.evaluator       | WARNING | SNR=13.0 dB: 1/256 sensing elements outside [0,1] (min=0.1654, max=1.0122) -> clamped
2026-09-28 21:48:02 | src.evaluation.evaluator       | WARNING | SNR=15.0 dB: 2/512 sensing elements outside [0,1] (min=-0.0456, max=0.9281) -> clamped
2026-09-28 21:48:02 | src.evaluation.evaluator       | WARNING | SNR=17.0 dB: 1/256 sensing elements outside [0,1] (min=-0.0626, max=0.7607) -> clamped
2026-09-28 21:48:03 | src.evaluation.evaluator       | WARNING | SNR=19.0 dB: 1/256 sensing elements outside [0,1] (min=-0.0097, max=0.7490) -> clamped
2026-09-28 21:48:03 | src.evaluation.evaluator       | INFO   | Evaluation completed for 14 SNR points
2026-09-28 21:48:03 | src.experiments.run_jamming    | INFO   | jamming barrage r=2 JSR=4.0 dB | BER=0.18431
2026-09-28 21:48:03 | src.evaluation.evaluator       | INFO   | Starting evaluation over 14 SNR points
2026-09-28 21:48:04 | src.evaluation.evaluator       | WARNING | SNR=-5.0 dB: 7/768 sensing elements outside [0,1] (min=-0.2610, max=1.1034) -> clamped
2026-09-28 21:48:04 | src.evaluation.evaluator       | WARNING | SNR=-3.0 dB: 1/256 sensing elements outside [0,1] (min=-0.0393, max=0.9514) -> clamped
2026-09-28 21:48:04 | src.evaluation.evaluator       | WARNING | SNR=-1.0 dB: 3/512 sensing elements outside [0,1] (min=-0.2041, max=0.8967) -> clamped
2026-09-28 21:48:05 | src.evaluation.evaluator       | WARNING | SNR=1.0 dB: 2/512 sensing elements outside [0,1] (min=-0.1191, max=1.1494) -> clamped
2026-09-28 21:48:06 | src.evaluation.evaluator       | WARNING | SNR=5.0 dB: 1/256 sensing elements outside [0,1] (min=-0.1674, max=0.7319) -> clamped
2026-09-28 21:48:06 | src.evaluation.evaluator       | WARNING | SNR=7.0 dB: 2/512 sensing elements outside [0,1] (min=-0.0875, max=0.8302) -> clamped
2026-09-28 21:48:06 | src.evaluation.evaluator       | WARNING | SNR=9.0 dB: 3/512 sensing elements outside [0,1] (min=-0.1826, max=0.7722) -> clamped
2026-09-28 21:48:07 | src.evaluation.evaluator       | WARNING | SNR=11.0 dB: 2/512 sensing elements outside [0,1] (min=-0.1645, max=0.9670) -> clamped
2026-09-28 21:48:07 | src.evaluation.evaluator       | WARNING | SNR=13.0 dB: 1/256 sensing elements outside [0,1] (min=0.1109, max=1.0494) -> clamped
2026-09-28 21:48:07 | src.evaluation.evaluator       | WARNING | SNR=15.0 dB: 1/256 sensing elements outside [0,1] (min=-0.1562, max=0.7980) -> clamped
2026-09-28 21:48:08 | src.evaluation.evaluator       | WARNING | SNR=17.0 dB: 1/256 sensing elements outside [0,1] (min=-0.0222, max=0.8142) -> clamped
2026-09-28 21:48:08 | src.evaluation.evaluator       | WARNING | SNR=19.0 dB: 1/256 sensing elements outside [0,1] (min=-0.1441, max=0.7163) -> clamped
2026-09-28 21:48:09 | src.evaluation.evaluator       | INFO   | Evaluation completed for 14 SNR points
2026-09-28 21:48:09 | src.experiments.run_jamming    | INFO   | jamming barrage r=2 JSR=6.0 dB | BER=0.26981
2026-09-28 21:48:09 | src.evaluation.evaluator       | INFO   | Starting evaluation over 14 SNR points
2026-09-28 21:48:09 | src.evaluation.evaluator       | WARNING | SNR=-5.0 dB: 19/768 sensing elements outside [0,1] (min=-0.3872, max=1.1554) -> clamped
2026-09-28 21:48:09 | src.evaluation.evaluator       | WARNING | SNR=-3.0 dB: 7/512 sensing elements outside [0,1] (min=-0.1806, max=0.9851) -> clamped
2026-09-28 21:48:10 | src.evaluation.evaluator       | WARNING | SNR=-1.0 dB: 13/768 sensing elements outside [0,1] (min=-0.3899, max=0.9316) -> clamped
2026-09-28 21:48:10 | src.evaluation.evaluator       | WARNING | SNR=1.0 dB: 11/768 sensing elements outside [0,1] (min=-0.3247, max=1.2684) -> clamped
2026-09-28 21:48:10 | src.evaluation.evaluator       | WARNING | SNR=3.0 dB: 1/256 sensing elements outside [0,1] (min=-0.0031, max=0.8604) -> clamped
2026-09-28 21:48:10 | src.evaluation.evaluator       | WARNING | SNR=5.0 dB: 3/512 sensing elements outside [0,1] (min=-0.3693, max=0.9721) -> clamped
2026-09-28 21:48:11 | src.evaluation.evaluator       | WARNING | SNR=7.0 dB: 6/512 sensing elements outside [0,1] (min=-0.2658, max=0.8980) -> clamped
2026-09-28 21:48:11 | src.evaluation.evaluator       | WARNING | SNR=9.0 dB: 8/768 sensing elements outside [0,1] (min=-0.3755, max=0.8331) -> clamped
2026-09-28 21:48:11 | src.evaluation.evaluator       | WARNING | SNR=11.0 dB: 11/768 sensing elements outside [0,1] (min=-0.3292, max=1.0055) -> clamped
2026-09-28 21:48:11 | src.evaluation.evaluator       | WARNING | SNR=13.0 dB: 6/768 sensing elements outside [0,1] (min=-0.0859, max=1.0899) -> clamped
2026-09-28 21:48:12 | src.evaluation.evaluator       | WARNING | SNR=15.0 dB: 6/512 sensing elements outside [0,1] (min=-0.3575, max=1.0325) -> clamped
2026-09-28 21:48:12 | src.evaluation.evaluator       | WARNING | SNR=17.0 dB: 4/512 sensing elements outside [0,1] (min=-0.1853, max=0.8499) -> clamped
2026-09-28 21:48:12 | src.evaluation.evaluator       | WARNING | SNR=19.0 dB: 7/768 sensing elements outside [0,1] (min=-0.3021, max=0.9189) -> clamped
2026-09-28 21:48:12 | src.evaluation.evaluator       | WARNING | SNR=21.0 dB: 3/512 sensing elements outside [0,1] (min=-0.1718, max=0.9823) -> clamped
2026-09-28 21:48:12 | src.evaluation.evaluator       | INFO   | Evaluation completed for 14 SNR points
2026-09-28 21:48:12 | src.experiments.run_jamming    | INFO   | jamming barrage r=2 JSR=8.0 dB | BER=0.34998
2026-09-28 21:48:13 | src.evaluation.evaluator       | INFO   | Starting evaluation over 14 SNR points
2026-09-28 21:48:13 | src.evaluation.evaluator       | WARNING | SNR=-5.0 dB: 40/768 sensing elements outside [0,1] (min=-0.6027, max=1.2411) -> clamped
2026-09-28 21:48:13 | src.evaluation.evaluator       | WARNING | SNR=-3.0 dB: 20/512 sensing elements outside [0,1] (min=-0.3562, max=1.0388) -> clamped
2026-09-28 21:48:13 | src.evaluation.evaluator       | WARNING | SNR=-1.0 dB: 26/512 sensing elements outside [0,1] (min=-0.6573, max=0.9689) -> clamped
2026-09-28 21:48:13 | src.evaluation.evaluator       | WARNING | SNR=1.0 dB: 41/768 sensing elements outside [0,1] (min=-0.5679, max=1.4185) -> clamped
2026-09-28 21:48:14 | src.evaluation.evaluator       | WARNING | SNR=3.0 dB: 17/768 sensing elements outside [0,1] (min=-0.1574, max=0.9948) -> clamped
2026-09-28 21:48:14 | src.evaluation.evaluator       | WARNING | SNR=5.0 dB: 10/512 sensing elements outside [0,1] (min=-0.6090, max=0.9471) -> clamped
2026-09-28 21:48:14 | src.evaluation.evaluator       | WARNING | SNR=7.0 dB: 13/512 sensing elements outside [0,1] (min=-0.4947, max=0.9394) -> clamped
2026-09-28 21:48:14 | src.evaluation.evaluator       | WARNING | SNR=9.0 dB: 23/512 sensing elements outside [0,1] (min=-0.6119, max=0.9378) -> clamped
2026-09-28 21:48:14 | src.evaluation.evaluator       | WARNING | SNR=11.0 dB: 17/512 sensing elements outside [0,1] (min=-0.3607, max=0.8642) -> clamped
2026-09-28 21:48:15 | src.evaluation.evaluator       | WARNING | SNR=13.0 dB: 18/512 sensing elements outside [0,1] (min=-0.2521, max=1.1382) -> clamped
2026-09-28 21:48:15 | src.evaluation.evaluator       | WARNING | SNR=15.0 dB: 14/512 sensing elements outside [0,1] (min=-0.1648, max=1.1475) -> clamped
2026-09-28 21:48:15 | src.evaluation.evaluator       | WARNING | SNR=17.0 dB: 26/768 sensing elements outside [0,1] (min=-0.4061, max=0.8873) -> clamped
2026-09-28 21:48:15 | src.evaluation.evaluator       | WARNING | SNR=19.0 dB: 26/768 sensing elements outside [0,1] (min=-0.4816, max=0.9508) -> clamped
2026-09-28 21:48:16 | src.evaluation.evaluator       | WARNING | SNR=21.0 dB: 11/512 sensing elements outside [0,1] (min=-0.3274, max=0.9701) -> clamped
2026-09-28 21:48:16 | src.evaluation.evaluator       | INFO   | Evaluation completed for 14 SNR points
2026-09-28 21:48:16 | src.experiments.run_jamming    | INFO   | jamming barrage r=2 JSR=10.0 dB | BER=0.40448
2026-09-28 21:48:16 | src.evaluation.evaluator       | INFO   | Starting evaluation over 14 SNR points
2026-09-28 21:48:18 | src.evaluation.evaluator       | WARNING | SNR=-3.0 dB: 2/512 sensing elements outside [0,1] (min=-0.0013, max=1.0128) -> clamped
2026-09-28 21:48:24 | src.evaluation.evaluator       | WARNING | SNR=1.0 dB: 5/1280 sensing elements outside [0,1] (min=-0.1017, max=1.0520) -> clamped
2026-09-28 21:48:26 | src.evaluation.evaluator       | WARNING | SNR=3.0 dB: 3/768 sensing elements outside [0,1] (min=-0.0666, max=1.0163) -> clamped
2026-09-28 21:48:28 | src.evaluation.evaluator       | WARNING | SNR=5.0 dB: 6/1280 sensing elements outside [0,1] (min=0.0439, max=1.0704) -> clamped
2026-09-28 21:48:30 | src.evaluation.evaluator       | WARNING | SNR=7.0 dB: 2/512 sensing elements outside [0,1] (min=-0.0476, max=1.0172) -> clamped
2026-09-28 21:48:32 | src.evaluation.evaluator       | WARNING | SNR=9.0 dB: 2/338 sensing elements outside [0,1] (min=0.1004, max=1.0491) -> clamped
2026-09-28 21:48:34 | src.evaluation.evaluator       | WARNING | SNR=11.0 dB: 6/1536 sensing elements outside [0,1] (min=-0.0007, max=1.1630) -> clamped
2026-09-28 21:48:37 | src.evaluation.evaluator       | WARNING | SNR=13.0 dB: 17/3072 sensing elements outside [0,1] (min=-0.0597, max=1.1035) -> clamped
2026-09-28 21:48:39 | src.evaluation.evaluator       | WARNING | SNR=15.0 dB: 6/1536 sensing elements outside [0,1] (min=0.0121, max=1.1091) -> clamped
2026-09-28 21:48:41 | src.evaluation.evaluator       | WARNING | SNR=17.0 dB: 14/2560 sensing elements outside [0,1] (min=-0.0564, max=1.0355) -> clamped
2026-09-28 21:48:43 | src.evaluation.evaluator       | WARNING | SNR=19.0 dB: 14/2048 sensing elements outside [0,1] (min=-0.0506, max=1.0187) -> clamped
2026-09-28 21:48:45 | src.evaluation.evaluator       | WARNING | SNR=21.0 dB: 12/3072 sensing elements outside [0,1] (min=-0.0339, max=1.1581) -> clamped
2026-09-28 21:48:45 | src.evaluation.evaluator       | INFO   | Evaluation completed for 14 SNR points
2026-09-28 21:48:45 | src.experiments.run_jamming    | INFO   | jamming barrage r=3 JSR=-10.0 dB | BER=0.01239
2026-09-28 21:48:45 | src.evaluation.evaluator       | INFO   | Starting evaluation over 14 SNR points
2026-09-28 21:48:48 | src.evaluation.evaluator       | WARNING | SNR=-3.0 dB: 1/256 sensing elements outside [0,1] (min=-0.0053, max=0.7971) -> clamped
2026-09-28 21:48:53 | src.evaluation.evaluator       | WARNING | SNR=1.0 dB: 5/1280 sensing elements outside [0,1] (min=-0.1012, max=1.0469) -> clamped
2026-09-28 21:48:55 | src.evaluation.evaluator       | WARNING | SNR=3.0 dB: 2/512 sensing elements outside [0,1] (min=-0.0653, max=0.9525) -> clamped
2026-09-28 21:48:57 | src.evaluation.evaluator       | WARNING | SNR=5.0 dB: 4/768 sensing elements outside [0,1] (min=0.0951, max=1.0543) -> clamped
2026-09-28 21:48:59 | src.evaluation.evaluator       | WARNING | SNR=7.0 dB: 2/512 sensing elements outside [0,1] (min=-0.0477, max=1.0172) -> clamped
2026-09-28 21:49:01 | src.evaluation.evaluator       | WARNING | SNR=9.0 dB: 2/338 sensing elements outside [0,1] (min=0.1241, max=1.0447) -> clamped
2026-09-28 21:49:04 | src.evaluation.evaluator       | WARNING | SNR=11.0 dB: 3/768 sensing elements outside [0,1] (min=0.0249, max=1.1690) -> clamped
2026-09-28 21:49:06 | src.evaluation.evaluator       | WARNING | SNR=13.0 dB: 9/1792 sensing elements outside [0,1] (min=-0.0543, max=1.1077) -> clamped
2026-09-28 21:49:08 | src.evaluation.evaluator       | WARNING | SNR=15.0 dB: 4/1024 sensing elements outside [0,1] (min=0.0280, max=1.0993) -> clamped
2026-09-28 21:49:10 | src.evaluation.evaluator       | WARNING | SNR=17.0 dB: 12/2560 sensing elements outside [0,1] (min=-0.0514, max=1.0324) -> clamped
2026-09-28 21:49:12 | src.evaluation.evaluator       | WARNING | SNR=19.0 dB: 7/1024 sensing elements outside [0,1] (min=-0.0479, max=1.0167) -> clamped
2026-09-28 21:49:15 | src.evaluation.evaluator       | WARNING | SNR=21.0 dB: 8/2048 sensing elements outside [0,1] (min=-0.0281, max=1.1593) -> clamped
2026-09-28 21:49:15 | src.evaluation.evaluator       | INFO   | Evaluation completed for 14 SNR points
2026-09-28 21:49:15 | src.experiments.run_jamming    | INFO   | jamming barrage r=3 JSR=-8.0 dB | BER=0.01441
2026-09-28 21:49:15 | src.evaluation.evaluator       | INFO   | Starting evaluation over 14 SNR points
2026-09-28 21:49:17 | src.evaluation.evaluator       | WARNING | SNR=-3.0 dB: 1/256 sensing elements outside [0,1] (min=-0.0112, max=0.7547) -> clamped
2026-09-28 21:49:22 | src.evaluation.evaluator       | WARNING | SNR=1.0 dB: 3/768 sensing elements outside [0,1] (min=-0.0925, max=1.0398) -> clamped
2026-09-28 21:49:24 | src.evaluation.evaluator       | WARNING | SNR=3.0 dB: 2/512 sensing elements outside [0,1] (min=-0.0587, max=0.9425) -> clamped
2026-09-28 21:49:26 | src.evaluation.evaluator       | WARNING | SNR=5.0 dB: 4/768 sensing elements outside [0,1] (min=0.1030, max=1.0250) -> clamped
2026-09-28 21:49:28 | src.evaluation.evaluator       | WARNING | SNR=7.0 dB: 3/512 sensing elements outside [0,1] (min=-0.0394, max=1.0097) -> clamped
2026-09-28 21:49:31 | src.evaluation.evaluator       | WARNING | SNR=9.0 dB: 1/82 sensing elements outside [0,1] (min=0.1686, max=1.0290) -> clamped
2026-09-28 21:49:33 | src.evaluation.evaluator       | WARNING | SNR=11.0 dB: 2/512 sensing elements outside [0,1] (min=0.0446, max=1.1785) -> clamped
2026-09-28 21:49:35 | src.evaluation.evaluator       | WARNING | SNR=13.0 dB: 4/1024 sensing elements outside [0,1] (min=-0.0415, max=1.1122) -> clamped
2026-09-28 21:49:38 | src.evaluation.evaluator       | WARNING | SNR=15.0 dB: 4/1024 sensing elements outside [0,1] (min=0.0488, max=1.0847) -> clamped
2026-09-28 21:49:40 | src.evaluation.evaluator       | WARNING | SNR=17.0 dB: 5/1280 sensing elements outside [0,1] (min=-0.0438, max=1.0258) -> clamped
2026-09-28 21:49:42 | src.evaluation.evaluator       | WARNING | SNR=19.0 dB: 3/768 sensing elements outside [0,1] (min=-0.0391, max=1.0055) -> clamped
2026-09-28 21:49:45 | src.evaluation.evaluator       | WARNING | SNR=21.0 dB: 4/1024 sensing elements outside [0,1] (min=-0.0152, max=1.1532) -> clamped
2026-09-28 21:49:45 | src.evaluation.evaluator       | INFO   | Evaluation completed for 14 SNR points
2026-09-28 21:49:45 | src.experiments.run_jamming    | INFO   | jamming barrage r=3 JSR=-6.0 dB | BER=0.01722
2026-09-28 21:49:45 | src.evaluation.evaluator       | INFO   | Starting evaluation over 14 SNR points
2026-09-28 21:49:47 | src.evaluation.evaluator       | WARNING | SNR=-3.0 dB: 1/256 sensing elements outside [0,1] (min=-0.0272, max=0.7264) -> clamped
2026-09-28 21:49:51 | src.evaluation.evaluator       | WARNING | SNR=1.0 dB: 3/768 sensing elements outside [0,1] (min=-0.0694, max=1.0260) -> clamped
2026-09-28 21:49:53 | src.evaluation.evaluator       | WARNING | SNR=3.0 dB: 1/256 sensing elements outside [0,1] (min=-0.0437, max=0.8487) -> clamped
2026-09-28 21:49:55 | src.evaluation.evaluator       | WARNING | SNR=5.0 dB: 2/512 sensing elements outside [0,1] (min=0.0957, max=1.0147) -> clamped
2026-09-28 21:49:58 | src.evaluation.evaluator       | WARNING | SNR=7.0 dB: 2/256 sensing elements outside [0,1] (min=-0.0316, max=0.9665) -> clamped
2026-09-28 21:50:03 | src.evaluation.evaluator       | WARNING | SNR=11.0 dB: 2/512 sensing elements outside [0,1] (min=0.0608, max=1.1817) -> clamped
2026-09-28 21:50:05 | src.evaluation.evaluator       | WARNING | SNR=13.0 dB: 4/1024 sensing elements outside [0,1] (min=-0.0211, max=1.1134) -> clamped
2026-09-28 21:50:07 | src.evaluation.evaluator       | WARNING | SNR=15.0 dB: 2/512 sensing elements outside [0,1] (min=0.0728, max=1.0666) -> clamped
2026-09-28 21:50:09 | src.evaluation.evaluator       | WARNING | SNR=17.0 dB: 2/512 sensing elements outside [0,1] (min=-0.0305, max=1.0110) -> clamped
2026-09-28 21:50:12 | src.evaluation.evaluator       | WARNING | SNR=19.0 dB: 1/256 sensing elements outside [0,1] (min=-0.0204, max=0.9035) -> clamped
2026-09-28 21:50:14 | src.evaluation.evaluator       | WARNING | SNR=21.0 dB: 3/768 sensing elements outside [0,1] (min=0.1150, max=1.1413) -> clamped
2026-09-28 21:50:14 | src.evaluation.evaluator       | INFO   | Evaluation completed for 14 SNR points
2026-09-28 21:50:14 | src.experiments.run_jamming    | INFO   | jamming barrage r=3 JSR=-4.0 dB | BER=0.02301
2026-09-28 21:50:14 | src.evaluation.evaluator       | INFO   | Starting evaluation over 14 SNR points
2026-09-28 21:50:15 | src.evaluation.evaluator       | WARNING | SNR=-5.0 dB: 1/256 sensing elements outside [0,1] (min=-0.0196, max=0.8339) -> clamped
2026-09-28 21:50:16 | src.evaluation.evaluator       | WARNING | SNR=-3.0 dB: 1/256 sensing elements outside [0,1] (min=-0.0454, max=0.7297) -> clamped
2026-09-28 21:50:19 | src.evaluation.evaluator       | WARNING | SNR=1.0 dB: 2/512 sensing elements outside [0,1] (min=-0.0378, max=1.0135) -> clamped
2026-09-28 21:50:21 | src.evaluation.evaluator       | WARNING | SNR=3.0 dB: 2/512 sensing elements outside [0,1] (min=-0.0078, max=1.0338) -> clamped
2026-09-28 21:50:27 | src.evaluation.evaluator       | WARNING | SNR=7.0 dB: 1/256 sensing elements outside [0,1] (min=-0.0530, max=0.9786) -> clamped
2026-09-28 21:50:31 | src.evaluation.evaluator       | WARNING | SNR=11.0 dB: 2/512 sensing elements outside [0,1] (min=0.0768, max=1.1743) -> clamped
2026-09-28 21:50:33 | src.evaluation.evaluator       | WARNING | SNR=13.0 dB: 2/512 sensing elements outside [0,1] (min=0.1311, max=1.0924) -> clamped
2026-09-28 21:50:35 | src.evaluation.evaluator       | WARNING | SNR=15.0 dB: 1/256 sensing elements outside [0,1] (min=0.0824, max=1.0353) -> clamped
2026-09-28 21:50:38 | src.evaluation.evaluator       | WARNING | SNR=17.0 dB: 1/256 sensing elements outside [0,1] (min=-0.0044, max=0.9101) -> clamped
2026-09-28 21:50:43 | src.evaluation.evaluator       | WARNING | SNR=21.0 dB: 2/512 sensing elements outside [0,1] (min=0.1697, max=1.1249) -> clamped
2026-09-28 21:50:43 | src.evaluation.evaluator       | INFO   | Evaluation completed for 14 SNR points
2026-09-28 21:50:43 | src.experiments.run_jamming    | INFO   | jamming barrage r=3 JSR=-2.0 dB | BER=0.03668
2026-09-28 21:50:43 | src.evaluation.evaluator       | INFO   | Starting evaluation over 14 SNR points
2026-09-28 21:50:43 | src.evaluation.evaluator       | WARNING | SNR=-5.0 dB: 1/256 sensing elements outside [0,1] (min=-0.0786, max=0.8498) -> clamped
2026-09-28 21:50:44 | src.evaluation.evaluator       | WARNING | SNR=-3.0 dB: 1/256 sensing elements outside [0,1] (min=-0.0708, max=0.7622) -> clamped
2026-09-28 21:50:51 | src.evaluation.evaluator       | WARNING | SNR=7.0 dB: 1/256 sensing elements outside [0,1] (min=-0.0698, max=0.9793) -> clamped
2026-09-28 21:50:57 | src.evaluation.evaluator       | WARNING | SNR=13.0 dB: 2/512 sensing elements outside [0,1] (min=0.1484, max=1.0957) -> clamped
2026-09-28 21:51:04 | src.evaluation.evaluator       | WARNING | SNR=21.0 dB: 2/512 sensing elements outside [0,1] (min=0.1748, max=1.0884) -> clamped
2026-09-28 21:51:04 | src.evaluation.evaluator       | INFO   | Evaluation completed for 14 SNR points
2026-09-28 21:51:04 | src.experiments.run_jamming    | INFO   | jamming barrage r=3 JSR=0.0 dB | BER=0.06470
2026-09-28 21:51:04 | src.evaluation.evaluator       | INFO   | Starting evaluation over 14 SNR points
2026-09-28 21:51:04 | src.evaluation.evaluator       | WARNING | SNR=-5.0 dB: 1/256 sensing elements outside [0,1] (min=-0.1518, max=0.8542) -> clamped
2026-09-28 21:51:05 | src.evaluation.evaluator       | WARNING | SNR=-3.0 dB: 2/512 sensing elements outside [0,1] (min=-0.1136, max=0.7890) -> clamped
2026-09-28 21:51:08 | src.evaluation.evaluator       | WARNING | SNR=5.0 dB: 1/256 sensing elements outside [0,1] (min=0.1819, max=1.0642) -> clamped
2026-09-28 21:51:14 | src.evaluation.evaluator       | WARNING | SNR=19.0 dB: 1/256 sensing elements outside [0,1] (min=0.2347, max=1.0101) -> clamped
2026-09-28 21:51:15 | src.evaluation.evaluator       | WARNING | SNR=21.0 dB: 1/256 sensing elements outside [0,1] (min=0.1643, max=1.0642) -> clamped
2026-09-28 21:51:15 | src.evaluation.evaluator       | INFO   | Evaluation completed for 14 SNR points
2026-09-28 21:51:15 | src.experiments.run_jamming    | INFO   | jamming barrage r=3 JSR=2.0 dB | BER=0.11504
2026-09-28 21:51:15 | src.evaluation.evaluator       | INFO   | Starting evaluation over 14 SNR points
2026-09-28 21:51:15 | src.evaluation.evaluator       | WARNING | SNR=-5.0 dB: 1/256 sensing elements outside [0,1] (min=-0.0289, max=0.9290) -> clamped
2026-09-28 21:51:16 | src.evaluation.evaluator       | WARNING | SNR=-3.0 dB: 2/512 sensing elements outside [0,1] (min=-0.1927, max=0.8117) -> clamped
2026-09-28 21:51:16 | src.evaluation.evaluator       | WARNING | SNR=-1.0 dB: 1/256 sensing elements outside [0,1] (min=-0.0909, max=0.9103) -> clamped
2026-09-28 21:51:16 | src.evaluation.evaluator       | WARNING | SNR=1.0 dB: 1/256 sensing elements outside [0,1] (min=-0.0169, max=0.8306) -> clamped
2026-09-28 21:51:17 | src.evaluation.evaluator       | WARNING | SNR=5.0 dB: 1/256 sensing elements outside [0,1] (min=0.1775, max=1.1485) -> clamped
2026-09-28 21:51:22 | src.evaluation.evaluator       | INFO   | Evaluation completed for 14 SNR points
2026-09-28 21:51:22 | src.experiments.run_jamming    | INFO   | jamming barrage r=3 JSR=4.0 dB | BER=0.18838
2026-09-28 21:51:22 | src.evaluation.evaluator       | INFO   | Starting evaluation over 14 SNR points
2026-09-28 21:51:23 | src.evaluation.evaluator       | WARNING | SNR=-5.0 dB: 2/512 sensing elements outside [0,1] (min=-0.0925, max=1.0454) -> clamped
2026-09-28 21:51:23 | src.evaluation.evaluator       | WARNING | SNR=-3.0 dB: 1/256 sensing elements outside [0,1] (min=-0.4073, max=0.8522) -> clamped
2026-09-28 21:51:23 | src.evaluation.evaluator       | WARNING | SNR=-1.0 dB: 2/512 sensing elements outside [0,1] (min=-0.3078, max=0.9588) -> clamped
2026-09-28 21:51:23 | src.evaluation.evaluator       | WARNING | SNR=1.0 dB: 2/256 sensing elements outside [0,1] (min=-0.1628, max=0.9223) -> clamped
2026-09-28 21:51:24 | src.evaluation.evaluator       | WARNING | SNR=3.0 dB: 2/512 sensing elements outside [0,1] (min=-0.0452, max=0.7895) -> clamped
2026-09-28 21:51:24 | src.evaluation.evaluator       | WARNING | SNR=5.0 dB: 2/512 sensing elements outside [0,1] (min=-0.0752, max=1.2519) -> clamped
2026-09-28 21:51:25 | src.evaluation.evaluator       | WARNING | SNR=11.0 dB: 2/512 sensing elements outside [0,1] (min=-0.1231, max=0.8075) -> clamped
2026-09-28 21:51:25 | src.evaluation.evaluator       | WARNING | SNR=13.0 dB: 4/768 sensing elements outside [0,1] (min=-0.1361, max=1.0880) -> clamped
2026-09-28 21:51:26 | src.evaluation.evaluator       | WARNING | SNR=15.0 dB: 1/256 sensing elements outside [0,1] (min=-0.0679, max=0.8110) -> clamped
2026-09-28 21:51:26 | src.evaluation.evaluator       | WARNING | SNR=17.0 dB: 2/512 sensing elements outside [0,1] (min=-0.0876, max=0.8733) -> clamped
2026-09-28 21:51:26 | src.evaluation.evaluator       | WARNING | SNR=19.0 dB: 2/512 sensing elements outside [0,1] (min=-0.1296, max=0.8065) -> clamped
2026-09-28 21:51:27 | src.evaluation.evaluator       | INFO   | Evaluation completed for 14 SNR points
2026-09-28 21:51:27 | src.experiments.run_jamming    | INFO   | jamming barrage r=3 JSR=6.0 dB | BER=0.26632
2026-09-28 21:51:27 | src.evaluation.evaluator       | INFO   | Starting evaluation over 14 SNR points
2026-09-28 21:51:27 | src.evaluation.evaluator       | WARNING | SNR=-5.0 dB: 8/512 sensing elements outside [0,1] (min=-0.1573, max=1.1938) -> clamped
2026-09-28 21:51:27 | src.evaluation.evaluator       | WARNING | SNR=-3.0 dB: 7/768 sensing elements outside [0,1] (min=-0.6825, max=1.0902) -> clamped
2026-09-28 21:51:27 | src.evaluation.evaluator       | WARNING | SNR=-1.0 dB: 7/768 sensing elements outside [0,1] (min=-0.5870, max=1.0078) -> clamped
2026-09-28 21:51:28 | src.evaluation.evaluator       | WARNING | SNR=1.0 dB: 4/256 sensing elements outside [0,1] (min=-0.3408, max=0.9912) -> clamped
2026-09-28 21:51:28 | src.evaluation.evaluator       | WARNING | SNR=3.0 dB: 5/768 sensing elements outside [0,1] (min=-0.1786, max=0.8642) -> clamped
2026-09-28 21:51:28 | src.evaluation.evaluator       | WARNING | SNR=5.0 dB: 5/768 sensing elements outside [0,1] (min=-0.2639, max=0.9506) -> clamped
2026-09-28 21:51:29 | src.evaluation.evaluator       | WARNING | SNR=7.0 dB: 4/256 sensing elements outside [0,1] (min=-0.1361, max=0.8392) -> clamped
2026-09-28 21:51:29 | src.evaluation.evaluator       | WARNING | SNR=9.0 dB: 4/512 sensing elements outside [0,1] (min=-0.0823, max=0.8497) -> clamped
2026-09-28 21:51:29 | src.evaluation.evaluator       | WARNING | SNR=11.0 dB: 8/768 sensing elements outside [0,1] (min=-0.3028, max=0.8648) -> clamped
2026-09-28 21:51:29 | src.evaluation.evaluator       | WARNING | SNR=13.0 dB: 10/768 sensing elements outside [0,1] (min=-0.3776, max=1.1907) -> clamped
2026-09-28 21:51:30 | src.evaluation.evaluator       | WARNING | SNR=15.0 dB: 9/768 sensing elements outside [0,1] (min=-0.2335, max=0.9226) -> clamped
2026-09-28 21:51:30 | src.evaluation.evaluator       | WARNING | SNR=17.0 dB: 9/768 sensing elements outside [0,1] (min=-0.2271, max=0.9158) -> clamped
2026-09-28 21:51:30 | src.evaluation.evaluator       | WARNING | SNR=19.0 dB: 8/768 sensing elements outside [0,1] (min=-0.2942, max=0.9893) -> clamped
2026-09-28 21:51:30 | src.evaluation.evaluator       | WARNING | SNR=21.0 dB: 5/768 sensing elements outside [0,1] (min=-0.1629, max=0.9909) -> clamped
2026-09-28 21:51:30 | src.evaluation.evaluator       | INFO   | Evaluation completed for 14 SNR points
2026-09-28 21:51:30 | src.experiments.run_jamming    | INFO   | jamming barrage r=3 JSR=8.0 dB | BER=0.33305
2026-09-28 21:51:31 | src.evaluation.evaluator       | INFO   | Starting evaluation over 14 SNR points
2026-09-28 21:51:31 | src.evaluation.evaluator       | WARNING | SNR=-5.0 dB: 22/512 sensing elements outside [0,1] (min=-0.3402, max=1.3776) -> clamped
2026-09-28 21:51:31 | src.evaluation.evaluator       | WARNING | SNR=-3.0 dB: 20/512 sensing elements outside [0,1] (min=-1.0180, max=1.2485) -> clamped
2026-09-28 21:51:31 | src.evaluation.evaluator       | WARNING | SNR=-1.0 dB: 33/768 sensing elements outside [0,1] (min=-0.9390, max=1.0774) -> clamped
2026-09-28 21:51:31 | src.evaluation.evaluator       | WARNING | SNR=1.0 dB: 22/768 sensing elements outside [0,1] (min=-0.5638, max=1.0949) -> clamped
2026-09-28 21:51:32 | src.evaluation.evaluator       | WARNING | SNR=3.0 dB: 14/512 sensing elements outside [0,1] (min=-0.2471, max=0.8682) -> clamped
2026-09-28 21:51:32 | src.evaluation.evaluator       | WARNING | SNR=5.0 dB: 13/512 sensing elements outside [0,1] (min=-0.4266, max=1.0075) -> clamped
2026-09-28 21:51:32 | src.evaluation.evaluator       | WARNING | SNR=7.0 dB: 11/512 sensing elements outside [0,1] (min=-0.2085, max=0.9655) -> clamped
2026-09-28 21:51:32 | src.evaluation.evaluator       | WARNING | SNR=9.0 dB: 23/768 sensing elements outside [0,1] (min=-0.2793, max=1.0613) -> clamped
2026-09-28 21:51:33 | src.evaluation.evaluator       | WARNING | SNR=11.0 dB: 16/768 sensing elements outside [0,1] (min=-0.5192, max=0.9152) -> clamped
2026-09-28 21:51:33 | src.evaluation.evaluator       | WARNING | SNR=13.0 dB: 23/512 sensing elements outside [0,1] (min=-0.6629, max=1.0983) -> clamped
2026-09-28 21:51:33 | src.evaluation.evaluator       | WARNING | SNR=15.0 dB: 32/768 sensing elements outside [0,1] (min=-0.4509, max=0.9383) -> clamped
2026-09-28 21:51:34 | src.evaluation.evaluator       | WARNING | SNR=17.0 dB: 32/768 sensing elements outside [0,1] (min=-0.4672, max=0.9671) -> clamped
2026-09-28 21:51:34 | src.evaluation.evaluator       | WARNING | SNR=19.0 dB: 24/768 sensing elements outside [0,1] (min=-0.4921, max=1.0862) -> clamped
2026-09-28 21:51:34 | src.evaluation.evaluator       | WARNING | SNR=21.0 dB: 14/512 sensing elements outside [0,1] (min=-0.3903, max=0.8649) -> clamped
2026-09-28 21:51:34 | src.evaluation.evaluator       | INFO   | Evaluation completed for 14 SNR points
2026-09-28 21:51:34 | src.experiments.run_jamming    | INFO   | jamming barrage r=3 JSR=10.0 dB | BER=0.39267
2026-09-28 21:51:35 | src.evaluation.evaluator       | INFO   | Starting evaluation over 14 SNR points
2026-09-28 21:51:37 | src.evaluation.evaluator       | WARNING | SNR=-3.0 dB: 2/512 sensing elements outside [0,1] (min=-0.0011, max=1.0124) -> clamped
2026-09-28 21:51:39 | src.evaluation.evaluator       | WARNING | SNR=-1.0 dB: 1/256 sensing elements outside [0,1] (min=0.0824, max=1.0447) -> clamped
2026-09-28 21:51:41 | src.evaluation.evaluator       | WARNING | SNR=1.0 dB: 4/1024 sensing elements outside [0,1] (min=-0.0540, max=1.0565) -> clamped
2026-09-28 21:51:43 | src.evaluation.evaluator       | WARNING | SNR=3.0 dB: 5/1024 sensing elements outside [0,1] (min=-0.0241, max=1.0404) -> clamped
2026-09-28 21:51:46 | src.evaluation.evaluator       | WARNING | SNR=5.0 dB: 3/768 sensing elements outside [0,1] (min=-0.0421, max=1.0202) -> clamped
2026-09-28 21:51:48 | src.evaluation.evaluator       | WARNING | SNR=7.0 dB: 5/1280 sensing elements outside [0,1] (min=-0.0258, max=1.0975) -> clamped
2026-09-28 21:51:51 | src.evaluation.evaluator       | WARNING | SNR=9.0 dB: 1/256 sensing elements outside [0,1] (min=0.1469, max=1.0065) -> clamped
2026-09-28 21:51:53 | src.evaluation.evaluator       | WARNING | SNR=11.0 dB: 7/1792 sensing elements outside [0,1] (min=-0.0008, max=1.1281) -> clamped
2026-09-28 21:51:55 | src.evaluation.evaluator       | WARNING | SNR=13.0 dB: 11/2048 sensing elements outside [0,1] (min=-0.0036, max=1.0724) -> clamped
2026-09-28 21:51:57 | src.evaluation.evaluator       | WARNING | SNR=15.0 dB: 10/2048 sensing elements outside [0,1] (min=0.0038, max=1.1234) -> clamped
2026-09-28 21:51:59 | src.evaluation.evaluator       | WARNING | SNR=17.0 dB: 9/2048 sensing elements outside [0,1] (min=-0.0023, max=1.0400) -> clamped
2026-09-28 21:52:02 | src.evaluation.evaluator       | WARNING | SNR=19.0 dB: 10/2304 sensing elements outside [0,1] (min=-0.0286, max=1.0729) -> clamped
2026-09-28 21:52:04 | src.evaluation.evaluator       | WARNING | SNR=21.0 dB: 14/2816 sensing elements outside [0,1] (min=-0.0220, max=1.1999) -> clamped
2026-09-28 21:52:04 | src.evaluation.evaluator       | INFO   | Evaluation completed for 14 SNR points
2026-09-28 21:52:04 | src.experiments.run_jamming    | INFO   | jamming barrage r=4 JSR=-10.0 dB | BER=0.01219
2026-09-28 21:52:04 | src.evaluation.evaluator       | INFO   | Starting evaluation over 14 SNR points
2026-09-28 21:52:07 | src.evaluation.evaluator       | WARNING | SNR=-3.0 dB: 1/256 sensing elements outside [0,1] (min=0.1394, max=1.0320) -> clamped
2026-09-28 21:52:09 | src.evaluation.evaluator       | WARNING | SNR=-1.0 dB: 1/256 sensing elements outside [0,1] (min=0.0956, max=1.0508) -> clamped
2026-09-28 21:52:11 | src.evaluation.evaluator       | WARNING | SNR=1.0 dB: 3/768 sensing elements outside [0,1] (min=-0.0440, max=1.0590) -> clamped
2026-09-28 21:52:13 | src.evaluation.evaluator       | WARNING | SNR=3.0 dB: 4/768 sensing elements outside [0,1] (min=-0.0201, max=1.0355) -> clamped
2026-09-28 21:52:15 | src.evaluation.evaluator       | WARNING | SNR=5.0 dB: 1/256 sensing elements outside [0,1] (min=-0.0429, max=0.9700) -> clamped
2026-09-28 21:52:18 | src.evaluation.evaluator       | WARNING | SNR=7.0 dB: 4/1024 sensing elements outside [0,1] (min=-0.0248, max=1.0968) -> clamped
2026-09-28 21:52:22 | src.evaluation.evaluator       | WARNING | SNR=11.0 dB: 4/1024 sensing elements outside [0,1] (min=0.0111, max=1.1151) -> clamped
2026-09-28 21:52:24 | src.evaluation.evaluator       | WARNING | SNR=13.0 dB: 5/1024 sensing elements outside [0,1] (min=-0.0017, max=1.0607) -> clamped
2026-09-28 21:52:26 | src.evaluation.evaluator       | WARNING | SNR=15.0 dB: 7/1536 sensing elements outside [0,1] (min=0.0143, max=1.1286) -> clamped
2026-09-28 21:52:29 | src.evaluation.evaluator       | WARNING | SNR=17.0 dB: 6/1280 sensing elements outside [0,1] (min=0.0145, max=1.0406) -> clamped
2026-09-28 21:52:32 | src.evaluation.evaluator       | WARNING | SNR=19.0 dB: 7/1536 sensing elements outside [0,1] (min=-0.0192, max=1.0659) -> clamped
2026-09-28 21:52:34 | src.evaluation.evaluator       | WARNING | SNR=21.0 dB: 9/2048 sensing elements outside [0,1] (min=-0.0150, max=1.2151) -> clamped
2026-09-28 21:52:34 | src.evaluation.evaluator       | INFO   | Evaluation completed for 14 SNR points
2026-09-28 21:52:34 | src.experiments.run_jamming    | INFO   | jamming barrage r=4 JSR=-8.0 dB | BER=0.01343
2026-09-28 21:52:34 | src.evaluation.evaluator       | INFO   | Starting evaluation over 14 SNR points
2026-09-28 21:52:36 | src.evaluation.evaluator       | WARNING | SNR=-3.0 dB: 1/256 sensing elements outside [0,1] (min=0.1263, max=1.0556) -> clamped
2026-09-28 21:52:38 | src.evaluation.evaluator       | WARNING | SNR=-1.0 dB: 1/256 sensing elements outside [0,1] (min=0.1248, max=1.0582) -> clamped
2026-09-28 21:52:40 | src.evaluation.evaluator       | WARNING | SNR=1.0 dB: 3/768 sensing elements outside [0,1] (min=-0.0332, max=1.0561) -> clamped
2026-09-28 21:52:42 | src.evaluation.evaluator       | WARNING | SNR=3.0 dB: 4/768 sensing elements outside [0,1] (min=-0.0283, max=1.0468) -> clamped
2026-09-28 21:52:45 | src.evaluation.evaluator       | WARNING | SNR=5.0 dB: 1/256 sensing elements outside [0,1] (min=-0.0250, max=0.9537) -> clamped
2026-09-28 21:52:47 | src.evaluation.evaluator       | WARNING | SNR=7.0 dB: 3/768 sensing elements outside [0,1] (min=-0.0184, max=1.0919) -> clamped
2026-09-28 21:52:51 | src.evaluation.evaluator       | WARNING | SNR=11.0 dB: 3/768 sensing elements outside [0,1] (min=0.0089, max=1.0870) -> clamped
2026-09-28 21:52:53 | src.evaluation.evaluator       | WARNING | SNR=13.0 dB: 1/256 sensing elements outside [0,1] (min=0.1757, max=1.0394) -> clamped
2026-09-28 21:52:55 | src.evaluation.evaluator       | WARNING | SNR=15.0 dB: 3/768 sensing elements outside [0,1] (min=0.0514, max=1.1406) -> clamped
2026-09-28 21:52:58 | src.evaluation.evaluator       | WARNING | SNR=17.0 dB: 4/1024 sensing elements outside [0,1] (min=0.0710, max=1.0404) -> clamped
2026-09-28 21:53:01 | src.evaluation.evaluator       | WARNING | SNR=19.0 dB: 4/1024 sensing elements outside [0,1] (min=-0.0091, max=1.0529) -> clamped
2026-09-28 21:53:03 | src.evaluation.evaluator       | WARNING | SNR=21.0 dB: 4/1024 sensing elements outside [0,1] (min=0.0027, max=1.2309) -> clamped
2026-09-28 21:53:03 | src.evaluation.evaluator       | INFO   | Evaluation completed for 14 SNR points
2026-09-28 21:53:03 | src.experiments.run_jamming    | INFO   | jamming barrage r=4 JSR=-6.0 dB | BER=0.01599
2026-09-28 21:53:03 | src.evaluation.evaluator       | INFO   | Starting evaluation over 14 SNR points
2026-09-28 21:53:04 | src.evaluation.evaluator       | WARNING | SNR=-3.0 dB: 1/256 sensing elements outside [0,1] (min=0.1204, max=1.0850) -> clamped
2026-09-28 21:53:06 | src.evaluation.evaluator       | WARNING | SNR=-1.0 dB: 1/256 sensing elements outside [0,1] (min=0.1732, max=1.0649) -> clamped
2026-09-28 21:53:08 | src.evaluation.evaluator       | WARNING | SNR=1.0 dB: 2/512 sensing elements outside [0,1] (min=-0.0215, max=1.0388) -> clamped
2026-09-28 21:53:11 | src.evaluation.evaluator       | WARNING | SNR=3.0 dB: 3/512 sensing elements outside [0,1] (min=-0.0221, max=1.0667) -> clamped
2026-09-28 21:53:16 | src.evaluation.evaluator       | WARNING | SNR=7.0 dB: 3/768 sensing elements outside [0,1] (min=-0.0039, max=1.0820) -> clamped
2026-09-28 21:53:20 | src.evaluation.evaluator       | WARNING | SNR=11.0 dB: 1/256 sensing elements outside [0,1] (min=0.0066, max=1.0277) -> clamped
2026-09-28 21:53:22 | src.evaluation.evaluator       | WARNING | SNR=13.0 dB: 2/512 sensing elements outside [0,1] (min=0.1314, max=1.0116) -> clamped
2026-09-28 21:53:24 | src.evaluation.evaluator       | WARNING | SNR=15.0 dB: 3/768 sensing elements outside [0,1] (min=0.0518, max=1.1485) -> clamped
2026-09-28 21:53:27 | src.evaluation.evaluator       | WARNING | SNR=17.0 dB: 1/256 sensing elements outside [0,1] (min=0.1438, max=1.0376) -> clamped
2026-09-28 21:53:29 | src.evaluation.evaluator       | WARNING | SNR=19.0 dB: 1/256 sensing elements outside [0,1] (min=0.1140, max=1.0302) -> clamped
2026-09-28 21:53:31 | src.evaluation.evaluator       | WARNING | SNR=21.0 dB: 2/512 sensing elements outside [0,1] (min=0.1166, max=1.2491) -> clamped
2026-09-28 21:53:31 | src.evaluation.evaluator       | INFO   | Evaluation completed for 14 SNR points
2026-09-28 21:53:31 | src.experiments.run_jamming    | INFO   | jamming barrage r=4 JSR=-4.0 dB | BER=0.02308
2026-09-28 21:53:31 | src.evaluation.evaluator       | INFO   | Starting evaluation over 14 SNR points
2026-09-28 21:53:32 | src.evaluation.evaluator       | WARNING | SNR=-5.0 dB: 2/512 sensing elements outside [0,1] (min=-0.0153, max=0.8288) -> clamped
2026-09-28 21:53:32 | src.evaluation.evaluator       | WARNING | SNR=-3.0 dB: 1/256 sensing elements outside [0,1] (min=0.1174, max=1.1221) -> clamped
2026-09-28 21:53:34 | src.evaluation.evaluator       | WARNING | SNR=-1.0 dB: 1/256 sensing elements outside [0,1] (min=0.2128, max=1.0657) -> clamped
2026-09-28 21:53:36 | src.evaluation.evaluator       | WARNING | SNR=1.0 dB: 1/256 sensing elements outside [0,1] (min=0.2475, max=1.0004) -> clamped
2026-09-28 21:53:38 | src.evaluation.evaluator       | WARNING | SNR=3.0 dB: 3/512 sensing elements outside [0,1] (min=-0.0078, max=1.0935) -> clamped
2026-09-28 21:53:41 | src.evaluation.evaluator       | WARNING | SNR=5.0 dB: 1/256 sensing elements outside [0,1] (min=-0.0032, max=0.8081) -> clamped
2026-09-28 21:53:43 | src.evaluation.evaluator       | WARNING | SNR=7.0 dB: 2/512 sensing elements outside [0,1] (min=0.1046, max=1.0757) -> clamped
2026-09-28 21:53:45 | src.evaluation.evaluator       | WARNING | SNR=9.0 dB: 1/256 sensing elements outside [0,1] (min=0.1255, max=1.0285) -> clamped
2026-09-28 21:53:49 | src.evaluation.evaluator       | WARNING | SNR=13.0 dB: 1/256 sensing elements outside [0,1] (min=0.1190, max=1.0500) -> clamped
2026-09-28 21:53:52 | src.evaluation.evaluator       | WARNING | SNR=15.0 dB: 2/512 sensing elements outside [0,1] (min=0.1022, max=1.1514) -> clamped
2026-09-28 21:53:55 | src.evaluation.evaluator       | WARNING | SNR=17.0 dB: 2/512 sensing elements outside [0,1] (min=0.0986, max=1.0214) -> clamped
2026-09-28 21:53:59 | src.evaluation.evaluator       | WARNING | SNR=21.0 dB: 1/256 sensing elements outside [0,1] (min=0.1378, max=1.2692) -> clamped
2026-09-28 21:53:59 | src.evaluation.evaluator       | INFO   | Evaluation completed for 14 SNR points
2026-09-28 21:53:59 | src.experiments.run_jamming    | INFO   | jamming barrage r=4 JSR=-2.0 dB | BER=0.03465
2026-09-28 21:53:59 | src.evaluation.evaluator       | INFO   | Starting evaluation over 14 SNR points
2026-09-28 21:54:00 | src.evaluation.evaluator       | WARNING | SNR=-5.0 dB: 2/512 sensing elements outside [0,1] (min=-0.0707, max=0.8398) -> clamped
2026-09-28 21:54:00 | src.evaluation.evaluator       | WARNING | SNR=-3.0 dB: 1/256 sensing elements outside [0,1] (min=0.1143, max=1.1545) -> clamped
2026-09-28 21:54:02 | src.evaluation.evaluator       | WARNING | SNR=1.0 dB: 1/256 sensing elements outside [0,1] (min=0.2610, max=1.0348) -> clamped
2026-09-28 21:54:03 | src.evaluation.evaluator       | WARNING | SNR=3.0 dB: 1/256 sensing elements outside [0,1] (min=0.0176, max=1.1278) -> clamped
2026-09-28 21:54:05 | src.evaluation.evaluator       | WARNING | SNR=5.0 dB: 1/256 sensing elements outside [0,1] (min=-0.0172, max=0.8079) -> clamped
2026-09-28 21:54:07 | src.evaluation.evaluator       | WARNING | SNR=7.0 dB: 1/256 sensing elements outside [0,1] (min=0.1972, max=1.0626) -> clamped
2026-09-28 21:54:11 | src.evaluation.evaluator       | WARNING | SNR=11.0 dB: 1/256 sensing elements outside [0,1] (min=0.1162, max=1.0174) -> clamped
2026-09-28 21:54:13 | src.evaluation.evaluator       | WARNING | SNR=13.0 dB: 1/256 sensing elements outside [0,1] (min=0.0867, max=1.0967) -> clamped
2026-09-28 21:54:15 | src.evaluation.evaluator       | WARNING | SNR=15.0 dB: 3/768 sensing elements outside [0,1] (min=-0.0023, max=1.1482) -> clamped
2026-09-28 21:54:17 | src.evaluation.evaluator       | WARNING | SNR=17.0 dB: 1/256 sensing elements outside [0,1] (min=0.0992, max=1.0112) -> clamped
2026-09-28 21:54:19 | src.evaluation.evaluator       | WARNING | SNR=19.0 dB: 1/256 sensing elements outside [0,1] (min=0.1008, max=1.0307) -> clamped
2026-09-28 21:54:21 | src.evaluation.evaluator       | WARNING | SNR=21.0 dB: 1/256 sensing elements outside [0,1] (min=0.1745, max=1.2831) -> clamped
2026-09-28 21:54:21 | src.evaluation.evaluator       | INFO   | Evaluation completed for 14 SNR points
2026-09-28 21:54:21 | src.experiments.run_jamming    | INFO   | jamming barrage r=4 JSR=0.0 dB | BER=0.06282
2026-09-28 21:54:21 | src.evaluation.evaluator       | INFO   | Starting evaluation over 14 SNR points
2026-09-28 21:54:22 | src.evaluation.evaluator       | WARNING | SNR=-5.0 dB: 2/512 sensing elements outside [0,1] (min=-0.1509, max=0.8465) -> clamped
2026-09-28 21:54:23 | src.evaluation.evaluator       | WARNING | SNR=-3.0 dB: 2/256 sensing elements outside [0,1] (min=0.1180, max=1.1814) -> clamped
2026-09-28 21:54:23 | src.evaluation.evaluator       | WARNING | SNR=-1.0 dB: 1/256 sensing elements outside [0,1] (min=0.1913, max=1.0031) -> clamped
2026-09-28 21:54:24 | src.evaluation.evaluator       | WARNING | SNR=1.0 dB: 1/256 sensing elements outside [0,1] (min=0.2794, max=1.0682) -> clamped
2026-09-28 21:54:25 | src.evaluation.evaluator       | WARNING | SNR=5.0 dB: 1/256 sensing elements outside [0,1] (min=-0.0559, max=0.7984) -> clamped
2026-09-28 21:54:29 | src.evaluation.evaluator       | WARNING | SNR=13.0 dB: 1/256 sensing elements outside [0,1] (min=0.0634, max=1.1374) -> clamped
2026-09-28 21:54:30 | src.evaluation.evaluator       | WARNING | SNR=15.0 dB: 2/512 sensing elements outside [0,1] (min=-0.0295, max=1.0630) -> clamped
2026-09-28 21:54:31 | src.evaluation.evaluator       | WARNING | SNR=17.0 dB: 1/256 sensing elements outside [0,1] (min=-0.1048, max=0.9613) -> clamped
2026-09-28 21:54:32 | src.evaluation.evaluator       | INFO   | Evaluation completed for 14 SNR points
2026-09-28 21:54:32 | src.experiments.run_jamming    | INFO   | jamming barrage r=4 JSR=2.0 dB | BER=0.11131
2026-09-28 21:54:32 | src.evaluation.evaluator       | INFO   | Starting evaluation over 14 SNR points
2026-09-28 21:54:33 | src.evaluation.evaluator       | WARNING | SNR=-5.0 dB: 2/512 sensing elements outside [0,1] (min=-0.2650, max=0.8405) -> clamped
2026-09-28 21:54:34 | src.evaluation.evaluator       | WARNING | SNR=-1.0 dB: 3/768 sensing elements outside [0,1] (min=-0.0449, max=1.1002) -> clamped
2026-09-28 21:54:34 | src.evaluation.evaluator       | WARNING | SNR=1.0 dB: 2/256 sensing elements outside [0,1] (min=0.2190, max=1.0914) -> clamped
2026-09-28 21:54:35 | src.evaluation.evaluator       | WARNING | SNR=3.0 dB: 1/256 sensing elements outside [0,1] (min=-0.0357, max=0.9044) -> clamped
2026-09-28 21:54:36 | src.evaluation.evaluator       | WARNING | SNR=5.0 dB: 1/256 sensing elements outside [0,1] (min=-0.1158, max=0.7833) -> clamped
2026-09-28 21:54:38 | src.evaluation.evaluator       | WARNING | SNR=13.0 dB: 1/256 sensing elements outside [0,1] (min=0.0373, max=1.1547) -> clamped
2026-09-28 21:54:38 | src.evaluation.evaluator       | WARNING | SNR=15.0 dB: 1/256 sensing elements outside [0,1] (min=-0.0697, max=0.9979) -> clamped
2026-09-28 21:54:40 | src.evaluation.evaluator       | WARNING | SNR=21.0 dB: 1/256 sensing elements outside [0,1] (min=0.2437, max=1.0111) -> clamped
2026-09-28 21:54:40 | src.evaluation.evaluator       | INFO   | Evaluation completed for 14 SNR points
2026-09-28 21:54:40 | src.experiments.run_jamming    | INFO   | jamming barrage r=4 JSR=4.0 dB | BER=0.17923
2026-09-28 21:54:40 | src.evaluation.evaluator       | INFO   | Starting evaluation over 14 SNR points
2026-09-28 21:54:40 | src.evaluation.evaluator       | WARNING | SNR=-5.0 dB: 5/512 sensing elements outside [0,1] (min=-0.0882, max=0.8055) -> clamped
2026-09-28 21:54:40 | src.evaluation.evaluator       | WARNING | SNR=-3.0 dB: 1/256 sensing elements outside [0,1] (min=-0.0082, max=0.9089) -> clamped
2026-09-28 21:54:41 | src.evaluation.evaluator       | WARNING | SNR=-1.0 dB: 7/768 sensing elements outside [0,1] (min=-0.1475, max=1.2106) -> clamped
2026-09-28 21:54:41 | src.evaluation.evaluator       | WARNING | SNR=1.0 dB: 4/512 sensing elements outside [0,1] (min=-0.0659, max=1.1234) -> clamped
2026-09-28 21:54:41 | src.evaluation.evaluator       | WARNING | SNR=3.0 dB: 3/512 sensing elements outside [0,1] (min=-0.1393, max=0.9950) -> clamped
2026-09-28 21:54:42 | src.evaluation.evaluator       | WARNING | SNR=5.0 dB: 3/512 sensing elements outside [0,1] (min=-0.1905, max=1.0803) -> clamped
2026-09-28 21:54:42 | src.evaluation.evaluator       | WARNING | SNR=7.0 dB: 2/512 sensing elements outside [0,1] (min=-0.0974, max=0.8597) -> clamped
2026-09-28 21:54:42 | src.evaluation.evaluator       | WARNING | SNR=9.0 dB: 3/256 sensing elements outside [0,1] (min=-0.0832, max=0.9436) -> clamped
2026-09-28 21:54:43 | src.evaluation.evaluator       | WARNING | SNR=13.0 dB: 3/768 sensing elements outside [0,1] (min=-0.0789, max=1.1578) -> clamped
2026-09-28 21:54:43 | src.evaluation.evaluator       | WARNING | SNR=15.0 dB: 2/512 sensing elements outside [0,1] (min=-0.0761, max=1.0240) -> clamped
2026-09-28 21:54:44 | src.evaluation.evaluator       | WARNING | SNR=19.0 dB: 1/256 sensing elements outside [0,1] (min=-0.0613, max=0.7339) -> clamped
2026-09-28 21:54:44 | src.evaluation.evaluator       | WARNING | SNR=21.0 dB: 2/512 sensing elements outside [0,1] (min=-0.0270, max=1.0492) -> clamped
2026-09-28 21:54:44 | src.evaluation.evaluator       | INFO   | Evaluation completed for 14 SNR points
2026-09-28 21:54:44 | src.experiments.run_jamming    | INFO   | jamming barrage r=4 JSR=6.0 dB | BER=0.26432
2026-09-28 21:54:44 | src.evaluation.evaluator       | INFO   | Starting evaluation over 14 SNR points
2026-09-28 21:54:45 | src.evaluation.evaluator       | WARNING | SNR=-5.0 dB: 13/768 sensing elements outside [0,1] (min=-0.2738, max=0.8726) -> clamped
2026-09-28 21:54:45 | src.evaluation.evaluator       | WARNING | SNR=-3.0 dB: 4/768 sensing elements outside [0,1] (min=-0.0536, max=0.9919) -> clamped
2026-09-28 21:54:45 | src.evaluation.evaluator       | WARNING | SNR=-1.0 dB: 15/768 sensing elements outside [0,1] (min=-0.3653, max=1.3268) -> clamped
2026-09-28 21:54:45 | src.evaluation.evaluator       | WARNING | SNR=1.0 dB: 11/768 sensing elements outside [0,1] (min=-0.1784, max=1.1958) -> clamped
2026-09-28 21:54:46 | src.evaluation.evaluator       | WARNING | SNR=3.0 dB: 9/768 sensing elements outside [0,1] (min=-0.3508, max=1.1001) -> clamped
2026-09-28 21:54:46 | src.evaluation.evaluator       | WARNING | SNR=5.0 dB: 9/768 sensing elements outside [0,1] (min=-0.2044, max=1.2389) -> clamped
2026-09-28 21:54:46 | src.evaluation.evaluator       | WARNING | SNR=7.0 dB: 5/512 sensing elements outside [0,1] (min=-0.3143, max=0.8848) -> clamped
2026-09-28 21:54:46 | src.evaluation.evaluator       | WARNING | SNR=9.0 dB: 6/768 sensing elements outside [0,1] (min=-0.0994, max=1.0501) -> clamped
2026-09-28 21:54:47 | src.evaluation.evaluator       | WARNING | SNR=11.0 dB: 9/768 sensing elements outside [0,1] (min=-0.1874, max=0.9928) -> clamped
2026-09-28 21:54:47 | src.evaluation.evaluator       | WARNING | SNR=13.0 dB: 7/768 sensing elements outside [0,1] (min=-0.1831, max=1.1664) -> clamped
2026-09-28 21:54:47 | src.evaluation.evaluator       | WARNING | SNR=15.0 dB: 8/512 sensing elements outside [0,1] (min=-0.1787, max=1.1136) -> clamped
2026-09-28 21:54:48 | src.evaluation.evaluator       | WARNING | SNR=17.0 dB: 3/512 sensing elements outside [0,1] (min=-0.1369, max=0.9614) -> clamped
2026-09-28 21:54:48 | src.evaluation.evaluator       | WARNING | SNR=19.0 dB: 3/512 sensing elements outside [0,1] (min=-0.0602, max=0.8053) -> clamped
2026-09-28 21:54:49 | src.evaluation.evaluator       | WARNING | SNR=21.0 dB: 6/768 sensing elements outside [0,1] (min=-0.1916, max=1.1038) -> clamped
2026-09-28 21:54:49 | src.evaluation.evaluator       | INFO   | Evaluation completed for 14 SNR points
2026-09-28 21:54:49 | src.experiments.run_jamming    | INFO   | jamming barrage r=4 JSR=8.0 dB | BER=0.34254
2026-09-28 21:54:49 | src.evaluation.evaluator       | INFO   | Starting evaluation over 14 SNR points
2026-09-28 21:54:49 | src.evaluation.evaluator       | WARNING | SNR=-5.0 dB: 22/512 sensing elements outside [0,1] (min=-0.5551, max=0.9586) -> clamped
2026-09-28 21:54:49 | src.evaluation.evaluator       | WARNING | SNR=-3.0 dB: 23/768 sensing elements outside [0,1] (min=-0.2220, max=1.0378) -> clamped
2026-09-28 21:54:50 | src.evaluation.evaluator       | WARNING | SNR=-1.0 dB: 22/512 sensing elements outside [0,1] (min=-0.6226, max=1.3158) -> clamped
2026-09-28 21:54:50 | src.evaluation.evaluator       | WARNING | SNR=1.0 dB: 20/512 sensing elements outside [0,1] (min=-0.3235, max=1.3804) -> clamped
2026-09-28 21:54:50 | src.evaluation.evaluator       | WARNING | SNR=3.0 dB: 17/512 sensing elements outside [0,1] (min=-0.6137, max=1.2571) -> clamped
2026-09-28 21:54:50 | src.evaluation.evaluator       | WARNING | SNR=5.0 dB: 13/512 sensing elements outside [0,1] (min=-0.4469, max=1.4270) -> clamped
2026-09-28 21:54:51 | src.evaluation.evaluator       | WARNING | SNR=7.0 dB: 22/512 sensing elements outside [0,1] (min=-0.5803, max=0.9020) -> clamped
2026-09-28 21:54:51 | src.evaluation.evaluator       | WARNING | SNR=9.0 dB: 22/768 sensing elements outside [0,1] (min=-0.3004, max=1.1795) -> clamped
2026-09-28 21:54:51 | src.evaluation.evaluator       | WARNING | SNR=11.0 dB: 25/768 sensing elements outside [0,1] (min=-0.5168, max=1.0596) -> clamped
2026-09-28 21:54:51 | src.evaluation.evaluator       | WARNING | SNR=13.0 dB: 31/768 sensing elements outside [0,1] (min=-0.3827, max=1.1940) -> clamped
2026-09-28 21:54:52 | src.evaluation.evaluator       | WARNING | SNR=15.0 dB: 17/512 sensing elements outside [0,1] (min=-0.3557, max=1.2546) -> clamped
2026-09-28 21:54:52 | src.evaluation.evaluator       | WARNING | SNR=17.0 dB: 14/512 sensing elements outside [0,1] (min=-0.4251, max=1.0328) -> clamped
2026-09-28 21:54:52 | src.evaluation.evaluator       | WARNING | SNR=19.0 dB: 19/768 sensing elements outside [0,1] (min=-0.3063, max=1.0113) -> clamped
2026-09-28 21:54:52 | src.evaluation.evaluator       | WARNING | SNR=21.0 dB: 20/512 sensing elements outside [0,1] (min=-0.4004, max=1.1355) -> clamped
2026-09-28 21:54:52 | src.evaluation.evaluator       | INFO   | Evaluation completed for 14 SNR points
2026-09-28 21:54:52 | src.experiments.run_jamming    | INFO   | jamming barrage r=4 JSR=10.0 dB | BER=0.40039
2026-09-28 21:54:52 | src.experiments.run_jamming    | INFO   | Results for barrage saved to /content/drive/MyDrive/DHUC_RUN/mc_dlsk/full/jamming/mc_dlsk/jamming/jamming_results_barrage.csv
2026-09-28 21:54:52 | src.experiments.run_jamming    | INFO   | Per-realization results for barrage saved to /content/drive/MyDrive/DHUC_RUN/mc_dlsk/full/jamming/mc_dlsk/jamming/jamming_realizations_barrage.csv
2026-09-28 21:54:52 | src.experiments.run_jamming    | INFO   | Processing jamming: partial_band (5 realization(s))
2026-09-28 21:54:53 | src.evaluation.evaluator       | INFO   | Starting evaluation over 14 SNR points
2026-09-28 21:54:53 | src.evaluation.evaluator       | WARNING | SNR=-5.0 dB: 1/256 sensing elements outside [0,1] (min=-0.0269, max=0.8214) -> clamped
2026-09-28 21:54:55 | src.evaluation.evaluator       | WARNING | SNR=-3.0 dB: 1/256 sensing elements outside [0,1] (min=0.1789, max=1.0097) -> clamped
2026-09-28 21:54:59 | src.evaluation.evaluator       | WARNING | SNR=1.0 dB: 2/512 sensing elements outside [0,1] (min=-0.0566, max=1.0654) -> clamped
2026-09-28 21:55:02 | src.evaluation.evaluator       | WARNING | SNR=3.0 dB: 2/512 sensing elements outside [0,1] (min=-0.0124, max=1.0179) -> clamped
2026-09-28 21:55:04 | src.evaluation.evaluator       | WARNING | SNR=5.0 dB: 3/768 sensing elements outside [0,1] (min=-0.0186, max=1.0214) -> clamped
2026-09-28 21:55:06 | src.evaluation.evaluator       | WARNING | SNR=7.0 dB: 5/1024 sensing elements outside [0,1] (min=0.0390, max=1.0309) -> clamped
2026-09-28 21:55:09 | src.evaluation.evaluator       | WARNING | SNR=9.0 dB: 3/594 sensing elements outside [0,1] (min=0.0782, max=1.0381) -> clamped
2026-09-28 21:55:11 | src.evaluation.evaluator       | WARNING | SNR=11.0 dB: 8/1792 sensing elements outside [0,1] (min=-0.0033, max=1.1560) -> clamped
2026-09-28 21:55:13 | src.evaluation.evaluator       | WARNING | SNR=13.0 dB: 10/1792 sensing elements outside [0,1] (min=-0.0456, max=1.0564) -> clamped
2026-09-28 21:55:15 | src.evaluation.evaluator       | WARNING | SNR=15.0 dB: 9/2304 sensing elements outside [0,1] (min=0.0002, max=1.0751) -> clamped
2026-09-28 21:55:18 | src.evaluation.evaluator       | WARNING | SNR=17.0 dB: 12/2048 sensing elements outside [0,1] (min=-0.0652, max=1.0404) -> clamped
2026-09-28 21:55:20 | src.evaluation.evaluator       | WARNING | SNR=19.0 dB: 19/3584 sensing elements outside [0,1] (min=-0.0388, max=1.0479) -> clamped
2026-09-28 21:55:22 | src.evaluation.evaluator       | WARNING | SNR=21.0 dB: 17/3412 sensing elements outside [0,1] (min=-0.0159, max=1.1248) -> clamped
2026-09-28 21:55:22 | src.evaluation.evaluator       | INFO   | Evaluation completed for 14 SNR points
2026-09-28 21:55:22 | src.experiments.run_jamming    | INFO   | jamming partial_band r=0 JSR=-10.0 dB | BER=0.01387
2026-09-28 21:55:22 | src.evaluation.evaluator       | INFO   | Starting evaluation over 14 SNR points
2026-09-28 21:55:23 | src.evaluation.evaluator       | WARNING | SNR=-5.0 dB: 1/256 sensing elements outside [0,1] (min=-0.0294, max=0.8422) -> clamped
2026-09-28 21:55:24 | src.evaluation.evaluator       | WARNING | SNR=-3.0 dB: 1/256 sensing elements outside [0,1] (min=0.1734, max=1.0139) -> clamped
2026-09-28 21:55:29 | src.evaluation.evaluator       | WARNING | SNR=1.0 dB: 2/512 sensing elements outside [0,1] (min=-0.0421, max=1.0646) -> clamped
2026-09-28 21:55:32 | src.evaluation.evaluator       | WARNING | SNR=3.0 dB: 1/256 sensing elements outside [0,1] (min=0.1494, max=1.0042) -> clamped
2026-09-28 21:55:34 | src.evaluation.evaluator       | WARNING | SNR=5.0 dB: 2/512 sensing elements outside [0,1] (min=-0.0179, max=1.0040) -> clamped
2026-09-28 21:55:36 | src.evaluation.evaluator       | WARNING | SNR=7.0 dB: 2/512 sensing elements outside [0,1] (min=0.0936, max=1.0244) -> clamped
2026-09-28 21:55:38 | src.evaluation.evaluator       | WARNING | SNR=9.0 dB: 1/82 sensing elements outside [0,1] (min=0.1762, max=1.0273) -> clamped
2026-09-28 21:55:40 | src.evaluation.evaluator       | WARNING | SNR=11.0 dB: 5/1280 sensing elements outside [0,1] (min=0.0487, max=1.1464) -> clamped
2026-09-28 21:55:42 | src.evaluation.evaluator       | WARNING | SNR=13.0 dB: 8/1280 sensing elements outside [0,1] (min=-0.0398, max=1.0418) -> clamped
2026-09-28 21:55:45 | src.evaluation.evaluator       | WARNING | SNR=15.0 dB: 4/1024 sensing elements outside [0,1] (min=0.0083, max=1.0534) -> clamped
2026-09-28 21:55:47 | src.evaluation.evaluator       | WARNING | SNR=17.0 dB: 9/1792 sensing elements outside [0,1] (min=-0.0616, max=1.0288) -> clamped
2026-09-28 21:55:49 | src.evaluation.evaluator       | WARNING | SNR=19.0 dB: 12/2048 sensing elements outside [0,1] (min=-0.0266, max=1.0390) -> clamped
2026-09-28 21:55:52 | src.evaluation.evaluator       | WARNING | SNR=21.0 dB: 11/2388 sensing elements outside [0,1] (min=-0.0205, max=1.1182) -> clamped
2026-09-28 21:55:52 | src.evaluation.evaluator       | INFO   | Evaluation completed for 14 SNR points
2026-09-28 21:55:52 | src.experiments.run_jamming    | INFO   | jamming partial_band r=0 JSR=-8.0 dB | BER=0.01944
2026-09-28 21:55:52 | src.evaluation.evaluator       | INFO   | Starting evaluation over 14 SNR points
2026-09-28 21:55:52 | src.evaluation.evaluator       | WARNING | SNR=-5.0 dB: 1/256 sensing elements outside [0,1] (min=-0.0302, max=0.8582) -> clamped
2026-09-28 21:55:53 | src.evaluation.evaluator       | WARNING | SNR=-3.0 dB: 1/256 sensing elements outside [0,1] (min=0.1705, max=1.0198) -> clamped
2026-09-28 21:55:57 | src.evaluation.evaluator       | WARNING | SNR=1.0 dB: 2/512 sensing elements outside [0,1] (min=-0.0166, max=1.0609) -> clamped
2026-09-28 21:56:02 | src.evaluation.evaluator       | WARNING | SNR=5.0 dB: 1/256 sensing elements outside [0,1] (min=-0.0131, max=0.8878) -> clamped
2026-09-28 21:56:04 | src.evaluation.evaluator       | WARNING | SNR=7.0 dB: 1/256 sensing elements outside [0,1] (min=0.1316, max=1.0131) -> clamped
2026-09-28 21:56:06 | src.evaluation.evaluator       | WARNING | SNR=9.0 dB: 1/82 sensing elements outside [0,1] (min=0.1903, max=1.0058) -> clamped
2026-09-28 21:56:08 | src.evaluation.evaluator       | WARNING | SNR=11.0 dB: 2/512 sensing elements outside [0,1] (min=0.0565, max=1.1265) -> clamped
2026-09-28 21:56:11 | src.evaluation.evaluator       | WARNING | SNR=13.0 dB: 6/1280 sensing elements outside [0,1] (min=-0.0318, max=1.0203) -> clamped
2026-09-28 21:56:13 | src.evaluation.evaluator       | WARNING | SNR=15.0 dB: 3/768 sensing elements outside [0,1] (min=0.0200, max=1.0057) -> clamped
2026-09-28 21:56:16 | src.evaluation.evaluator       | WARNING | SNR=17.0 dB: 5/1280 sensing elements outside [0,1] (min=-0.0536, max=1.0078) -> clamped
2026-09-28 21:56:18 | src.evaluation.evaluator       | WARNING | SNR=19.0 dB: 7/1280 sensing elements outside [0,1] (min=-0.0078, max=1.0308) -> clamped
2026-09-28 21:56:20 | src.evaluation.evaluator       | WARNING | SNR=21.0 dB: 6/1364 sensing elements outside [0,1] (min=-0.0229, max=1.1101) -> clamped
2026-09-28 21:56:20 | src.evaluation.evaluator       | INFO   | Evaluation completed for 14 SNR points
2026-09-28 21:56:20 | src.experiments.run_jamming    | INFO   | jamming partial_band r=0 JSR=-6.0 dB | BER=0.03523
2026-09-28 21:56:20 | src.evaluation.evaluator       | INFO   | Starting evaluation over 14 SNR points
2026-09-28 21:56:20 | src.evaluation.evaluator       | WARNING | SNR=-5.0 dB: 1/256 sensing elements outside [0,1] (min=-0.0259, max=0.8668) -> clamped
2026-09-28 21:56:21 | src.evaluation.evaluator       | WARNING | SNR=-3.0 dB: 1/256 sensing elements outside [0,1] (min=0.1708, max=1.0314) -> clamped
2026-09-28 21:56:32 | src.evaluation.evaluator       | WARNING | SNR=13.0 dB: 1/256 sensing elements outside [0,1] (min=-0.0257, max=0.9336) -> clamped
2026-09-28 21:56:35 | src.evaluation.evaluator       | WARNING | SNR=19.0 dB: 2/512 sensing elements outside [0,1] (min=0.0834, max=1.0117) -> clamped
2026-09-28 21:56:37 | src.evaluation.evaluator       | WARNING | SNR=21.0 dB: 3/768 sensing elements outside [0,1] (min=0.1138, max=1.0985) -> clamped
2026-09-28 21:56:37 | src.evaluation.evaluator       | INFO   | Evaluation completed for 14 SNR points
2026-09-28 21:56:37 | src.experiments.run_jamming    | INFO   | jamming partial_band r=0 JSR=-4.0 dB | BER=0.07459
2026-09-28 21:56:37 | src.evaluation.evaluator       | INFO   | Starting evaluation over 14 SNR points
2026-09-28 21:56:37 | src.evaluation.evaluator       | WARNING | SNR=-5.0 dB: 2/512 sensing elements outside [0,1] (min=-0.0152, max=0.8685) -> clamped
2026-09-28 21:56:45 | src.evaluation.evaluator       | INFO   | Evaluation completed for 14 SNR points
2026-09-28 21:56:45 | src.experiments.run_jamming    | INFO   | jamming partial_band r=0 JSR=-2.0 dB | BER=0.15802
2026-09-28 21:56:45 | src.evaluation.evaluator       | INFO   | Starting evaluation over 14 SNR points
2026-09-28 21:56:46 | src.evaluation.evaluator       | WARNING | SNR=-5.0 dB: 1/256 sensing elements outside [0,1] (min=-0.0651, max=0.8256) -> clamped
2026-09-28 21:56:49 | src.evaluation.evaluator       | INFO   | Evaluation completed for 14 SNR points
2026-09-28 21:56:49 | src.experiments.run_jamming    | INFO   | jamming partial_band r=0 JSR=0.0 dB | BER=0.28385
2026-09-28 21:56:49 | src.evaluation.evaluator       | INFO   | Starting evaluation over 14 SNR points
2026-09-28 21:56:50 | src.evaluation.evaluator       | WARNING | SNR=-5.0 dB: 2/512 sensing elements outside [0,1] (min=-0.1312, max=0.8116) -> clamped
2026-09-28 21:56:52 | src.evaluation.evaluator       | INFO   | Evaluation completed for 14 SNR points
2026-09-28 21:56:52 | src.experiments.run_jamming    | INFO   | jamming partial_band r=0 JSR=2.0 dB | BER=0.41797
2026-09-28 21:56:53 | src.evaluation.evaluator       | INFO   | Starting evaluation over 14 SNR points
2026-09-28 21:56:53 | src.evaluation.evaluator       | WARNING | SNR=-5.0 dB: 4/512 sensing elements outside [0,1] (min=-0.1979, max=0.7527) -> clamped
2026-09-28 21:56:53 | src.evaluation.evaluator       | WARNING | SNR=-3.0 dB: 1/256 sensing elements outside [0,1] (min=-0.0363, max=0.6800) -> clamped
2026-09-28 21:56:53 | src.evaluation.evaluator       | WARNING | SNR=-1.0 dB: 1/256 sensing elements outside [0,1] (min=-0.1441, max=0.6819) -> clamped
2026-09-28 21:56:54 | src.evaluation.evaluator       | WARNING | SNR=1.0 dB: 2/512 sensing elements outside [0,1] (min=-0.0954, max=0.7805) -> clamped
2026-09-28 21:56:54 | src.evaluation.evaluator       | WARNING | SNR=3.0 dB: 1/256 sensing elements outside [0,1] (min=-0.0481, max=0.7104) -> clamped
2026-09-28 21:56:54 | src.evaluation.evaluator       | WARNING | SNR=5.0 dB: 3/512 sensing elements outside [0,1] (min=-0.1031, max=0.7803) -> clamped
2026-09-28 21:56:54 | src.evaluation.evaluator       | WARNING | SNR=7.0 dB: 2/512 sensing elements outside [0,1] (min=-0.0716, max=0.7176) -> clamped
2026-09-28 21:56:55 | src.evaluation.evaluator       | WARNING | SNR=9.0 dB: 3/512 sensing elements outside [0,1] (min=-0.0279, max=0.7526) -> clamped
2026-09-28 21:56:55 | src.evaluation.evaluator       | WARNING | SNR=13.0 dB: 1/256 sensing elements outside [0,1] (min=-0.0034, max=0.7679) -> clamped
2026-09-28 21:56:55 | src.evaluation.evaluator       | WARNING | SNR=15.0 dB: 1/256 sensing elements outside [0,1] (min=-0.0304, max=0.7780) -> clamped
2026-09-28 21:56:56 | src.evaluation.evaluator       | WARNING | SNR=17.0 dB: 1/256 sensing elements outside [0,1] (min=-0.0381, max=0.8616) -> clamped
2026-09-28 21:56:56 | src.evaluation.evaluator       | INFO   | Evaluation completed for 14 SNR points
2026-09-28 21:56:56 | src.experiments.run_jamming    | INFO   | jamming partial_band r=0 JSR=4.0 dB | BER=0.48661
2026-09-28 21:56:56 | src.evaluation.evaluator       | INFO   | Starting evaluation over 14 SNR points
2026-09-28 21:56:56 | src.evaluation.evaluator       | WARNING | SNR=-5.0 dB: 10/512 sensing elements outside [0,1] (min=-0.3329, max=0.7170) -> clamped
2026-09-28 21:56:56 | src.evaluation.evaluator       | WARNING | SNR=-3.0 dB: 4/512 sensing elements outside [0,1] (min=-0.1975, max=0.7937) -> clamped
2026-09-28 21:56:57 | src.evaluation.evaluator       | WARNING | SNR=-1.0 dB: 6/512 sensing elements outside [0,1] (min=-0.3472, max=0.7080) -> clamped
2026-09-28 21:56:57 | src.evaluation.evaluator       | WARNING | SNR=1.0 dB: 10/512 sensing elements outside [0,1] (min=-0.2576, max=0.7819) -> clamped
2026-09-28 21:56:57 | src.evaluation.evaluator       | WARNING | SNR=3.0 dB: 7/512 sensing elements outside [0,1] (min=-0.1545, max=0.7534) -> clamped
2026-09-28 21:56:57 | src.evaluation.evaluator       | WARNING | SNR=5.0 dB: 8/512 sensing elements outside [0,1] (min=-0.2815, max=0.7407) -> clamped
2026-09-28 21:56:57 | src.evaluation.evaluator       | WARNING | SNR=7.0 dB: 10/512 sensing elements outside [0,1] (min=-0.2410, max=0.6816) -> clamped
2026-09-28 21:56:57 | src.evaluation.evaluator       | WARNING | SNR=9.0 dB: 4/512 sensing elements outside [0,1] (min=-0.1998, max=0.7270) -> clamped
2026-09-28 21:56:58 | src.evaluation.evaluator       | WARNING | SNR=11.0 dB: 4/512 sensing elements outside [0,1] (min=-0.0952, max=0.7109) -> clamped
2026-09-28 21:56:58 | src.evaluation.evaluator       | WARNING | SNR=13.0 dB: 3/512 sensing elements outside [0,1] (min=-0.1702, max=0.7940) -> clamped
2026-09-28 21:56:58 | src.evaluation.evaluator       | WARNING | SNR=15.0 dB: 9/512 sensing elements outside [0,1] (min=-0.1919, max=0.7527) -> clamped
2026-09-28 21:56:58 | src.evaluation.evaluator       | WARNING | SNR=17.0 dB: 9/512 sensing elements outside [0,1] (min=-0.1875, max=0.8783) -> clamped
2026-09-28 21:56:58 | src.evaluation.evaluator       | WARNING | SNR=19.0 dB: 5/512 sensing elements outside [0,1] (min=-0.0414, max=0.8548) -> clamped
2026-09-28 21:56:59 | src.evaluation.evaluator       | WARNING | SNR=21.0 dB: 5/512 sensing elements outside [0,1] (min=-0.1277, max=0.7251) -> clamped
2026-09-28 21:56:59 | src.evaluation.evaluator       | INFO   | Evaluation completed for 14 SNR points
2026-09-28 21:56:59 | src.experiments.run_jamming    | INFO   | jamming partial_band r=0 JSR=6.0 dB | BER=0.50725
2026-09-28 21:56:59 | src.evaluation.evaluator       | INFO   | Starting evaluation over 14 SNR points
2026-09-28 21:56:59 | src.evaluation.evaluator       | WARNING | SNR=-5.0 dB: 25/512 sensing elements outside [0,1] (min=-0.5186, max=0.7137) -> clamped
2026-09-28 21:56:59 | src.evaluation.evaluator       | WARNING | SNR=-3.0 dB: 14/512 sensing elements outside [0,1] (min=-0.3765, max=0.8243) -> clamped
2026-09-28 21:56:59 | src.evaluation.evaluator       | WARNING | SNR=-1.0 dB: 16/512 sensing elements outside [0,1] (min=-0.5596, max=0.7495) -> clamped
2026-09-28 21:56:59 | src.evaluation.evaluator       | WARNING | SNR=1.0 dB: 17/512 sensing elements outside [0,1] (min=-0.4230, max=0.7570) -> clamped
2026-09-28 21:57:00 | src.evaluation.evaluator       | WARNING | SNR=3.0 dB: 17/512 sensing elements outside [0,1] (min=-0.3366, max=0.6857) -> clamped
2026-09-28 21:57:00 | src.evaluation.evaluator       | WARNING | SNR=5.0 dB: 20/512 sensing elements outside [0,1] (min=-0.4771, max=0.7153) -> clamped
2026-09-28 21:57:00 | src.evaluation.evaluator       | WARNING | SNR=7.0 dB: 20/512 sensing elements outside [0,1] (min=-0.4298, max=0.6925) -> clamped
2026-09-28 21:57:00 | src.evaluation.evaluator       | WARNING | SNR=9.0 dB: 22/512 sensing elements outside [0,1] (min=-0.4222, max=0.6901) -> clamped
2026-09-28 21:57:00 | src.evaluation.evaluator       | WARNING | SNR=11.0 dB: 23/512 sensing elements outside [0,1] (min=-0.2248, max=0.7417) -> clamped
2026-09-28 21:57:01 | src.evaluation.evaluator       | WARNING | SNR=13.0 dB: 21/512 sensing elements outside [0,1] (min=-0.3543, max=0.7964) -> clamped
2026-09-28 21:57:01 | src.evaluation.evaluator       | WARNING | SNR=15.0 dB: 26/512 sensing elements outside [0,1] (min=-0.3869, max=0.7782) -> clamped
2026-09-28 21:57:01 | src.evaluation.evaluator       | WARNING | SNR=17.0 dB: 18/512 sensing elements outside [0,1] (min=-0.3966, max=0.9054) -> clamped
2026-09-28 21:57:01 | src.evaluation.evaluator       | WARNING | SNR=19.0 dB: 20/512 sensing elements outside [0,1] (min=-0.2003, max=0.8354) -> clamped
2026-09-28 21:57:01 | src.evaluation.evaluator       | WARNING | SNR=21.0 dB: 19/512 sensing elements outside [0,1] (min=-0.2733, max=0.6911) -> clamped
2026-09-28 21:57:01 | src.evaluation.evaluator       | INFO   | Evaluation completed for 14 SNR points
2026-09-28 21:57:01 | src.experiments.run_jamming    | INFO   | jamming partial_band r=0 JSR=8.0 dB | BER=0.51032
2026-09-28 21:57:01 | src.evaluation.evaluator       | INFO   | Starting evaluation over 14 SNR points
2026-09-28 21:57:01 | src.evaluation.evaluator       | WARNING | SNR=-5.0 dB: 49/512 sensing elements outside [0,1] (min=-0.7165, max=0.7302) -> clamped
2026-09-28 21:57:02 | src.evaluation.evaluator       | WARNING | SNR=-3.0 dB: 39/512 sensing elements outside [0,1] (min=-0.5867, max=0.8668) -> clamped
2026-09-28 21:57:02 | src.evaluation.evaluator       | WARNING | SNR=-1.0 dB: 45/512 sensing elements outside [0,1] (min=-0.7762, max=0.8040) -> clamped
2026-09-28 21:57:02 | src.evaluation.evaluator       | WARNING | SNR=1.0 dB: 47/512 sensing elements outside [0,1] (min=-0.6064, max=0.7666) -> clamped
2026-09-28 21:57:02 | src.evaluation.evaluator       | WARNING | SNR=3.0 dB: 46/512 sensing elements outside [0,1] (min=-0.5582, max=0.7208) -> clamped
2026-09-28 21:57:02 | src.evaluation.evaluator       | WARNING | SNR=5.0 dB: 49/512 sensing elements outside [0,1] (min=-0.6955, max=0.7425) -> clamped
2026-09-28 21:57:03 | src.evaluation.evaluator       | WARNING | SNR=7.0 dB: 52/512 sensing elements outside [0,1] (min=-0.6485, max=0.7515) -> clamped
2026-09-28 21:57:03 | src.evaluation.evaluator       | WARNING | SNR=9.0 dB: 43/512 sensing elements outside [0,1] (min=-0.6874, max=0.7153) -> clamped
2026-09-28 21:57:03 | src.evaluation.evaluator       | WARNING | SNR=11.0 dB: 48/512 sensing elements outside [0,1] (min=-0.3855, max=0.7657) -> clamped
2026-09-28 21:57:03 | src.evaluation.evaluator       | WARNING | SNR=13.0 dB: 37/512 sensing elements outside [0,1] (min=-0.5469, max=0.7918) -> clamped
2026-09-28 21:57:03 | src.evaluation.evaluator       | WARNING | SNR=15.0 dB: 50/512 sensing elements outside [0,1] (min=-0.6227, max=0.8003) -> clamped
2026-09-28 21:57:03 | src.evaluation.evaluator       | WARNING | SNR=17.0 dB: 50/512 sensing elements outside [0,1] (min=-0.6219, max=0.9463) -> clamped
2026-09-28 21:57:04 | src.evaluation.evaluator       | WARNING | SNR=19.0 dB: 41/512 sensing elements outside [0,1] (min=-0.4017, max=0.8204) -> clamped
2026-09-28 21:57:04 | src.evaluation.evaluator       | WARNING | SNR=21.0 dB: 43/512 sensing elements outside [0,1] (min=-0.4426, max=0.7336) -> clamped
2026-09-28 21:57:04 | src.evaluation.evaluator       | INFO   | Evaluation completed for 14 SNR points
2026-09-28 21:57:04 | src.experiments.run_jamming    | INFO   | jamming partial_band r=0 JSR=10.0 dB | BER=0.51032
2026-09-28 21:57:04 | src.evaluation.evaluator       | INFO   | Starting evaluation over 14 SNR points
2026-09-28 21:57:10 | src.evaluation.evaluator       | WARNING | SNR=-1.0 dB: 1/256 sensing elements outside [0,1] (min=0.1571, max=1.0100) -> clamped
2026-09-28 21:57:12 | src.evaluation.evaluator       | WARNING | SNR=1.0 dB: 2/512 sensing elements outside [0,1] (min=-0.1291, max=1.0917) -> clamped
2026-09-28 21:57:14 | src.evaluation.evaluator       | WARNING | SNR=3.0 dB: 2/512 sensing elements outside [0,1] (min=-0.0360, max=0.9709) -> clamped
2026-09-28 21:57:16 | src.evaluation.evaluator       | WARNING | SNR=5.0 dB: 4/1024 sensing elements outside [0,1] (min=0.0782, max=1.0269) -> clamped
2026-09-28 21:57:18 | src.evaluation.evaluator       | WARNING | SNR=7.0 dB: 7/1536 sensing elements outside [0,1] (min=-0.0485, max=1.0598) -> clamped
2026-09-28 21:57:20 | src.evaluation.evaluator       | WARNING | SNR=9.0 dB: 7/1618 sensing elements outside [0,1] (min=0.0146, max=1.0380) -> clamped
2026-09-28 21:57:23 | src.evaluation.evaluator       | WARNING | SNR=11.0 dB: 7/1536 sensing elements outside [0,1] (min=-0.0188, max=1.1497) -> clamped
2026-09-28 21:57:25 | src.evaluation.evaluator       | WARNING | SNR=13.0 dB: 20/2560 sensing elements outside [0,1] (min=-0.0141, max=1.1036) -> clamped
2026-09-28 21:57:27 | src.evaluation.evaluator       | WARNING | SNR=15.0 dB: 12/2304 sensing elements outside [0,1] (min=-0.0015, max=1.1325) -> clamped
2026-09-28 21:57:29 | src.evaluation.evaluator       | WARNING | SNR=17.0 dB: 13/2304 sensing elements outside [0,1] (min=-0.0433, max=1.0578) -> clamped
2026-09-28 21:57:31 | src.evaluation.evaluator       | WARNING | SNR=19.0 dB: 16/3072 sensing elements outside [0,1] (min=-0.0476, max=1.1015) -> clamped
2026-09-28 21:57:33 | src.evaluation.evaluator       | WARNING | SNR=21.0 dB: 17/3328 sensing elements outside [0,1] (min=-0.0112, max=1.1399) -> clamped
2026-09-28 21:57:33 | src.evaluation.evaluator       | INFO   | Evaluation completed for 14 SNR points
2026-09-28 21:57:33 | src.experiments.run_jamming    | INFO   | jamming partial_band r=1 JSR=-10.0 dB | BER=0.01809
2026-09-28 21:57:34 | src.evaluation.evaluator       | INFO   | Starting evaluation over 14 SNR points
2026-09-28 21:57:34 | src.evaluation.evaluator       | WARNING | SNR=-5.0 dB: 1/256 sensing elements outside [0,1] (min=0.0849, max=1.0016) -> clamped
2026-09-28 21:57:38 | src.evaluation.evaluator       | WARNING | SNR=-1.0 dB: 1/256 sensing elements outside [0,1] (min=0.1567, max=1.0233) -> clamped
2026-09-28 21:57:40 | src.evaluation.evaluator       | WARNING | SNR=1.0 dB: 2/512 sensing elements outside [0,1] (min=-0.1361, max=1.1003) -> clamped
2026-09-28 21:57:42 | src.evaluation.evaluator       | WARNING | SNR=3.0 dB: 4/1024 sensing elements outside [0,1] (min=-0.0196, max=1.0117) -> clamped
2026-09-28 21:57:44 | src.evaluation.evaluator       | WARNING | SNR=5.0 dB: 2/512 sensing elements outside [0,1] (min=0.0939, max=1.0218) -> clamped
2026-09-28 21:57:46 | src.evaluation.evaluator       | WARNING | SNR=7.0 dB: 7/1536 sensing elements outside [0,1] (min=-0.0487, max=1.0533) -> clamped
2026-09-28 21:57:49 | src.evaluation.evaluator       | WARNING | SNR=9.0 dB: 5/1106 sensing elements outside [0,1] (min=0.0264, max=1.0275) -> clamped
2026-09-28 21:57:52 | src.evaluation.evaluator       | WARNING | SNR=11.0 dB: 4/768 sensing elements outside [0,1] (min=-0.0225, max=1.1553) -> clamped
2026-09-28 21:57:54 | src.evaluation.evaluator       | WARNING | SNR=13.0 dB: 14/2304 sensing elements outside [0,1] (min=-0.0016, max=1.1106) -> clamped
2026-09-28 21:57:56 | src.evaluation.evaluator       | WARNING | SNR=15.0 dB: 9/2048 sensing elements outside [0,1] (min=-0.0029, max=1.1347) -> clamped
2026-09-28 21:57:58 | src.evaluation.evaluator       | WARNING | SNR=17.0 dB: 11/2304 sensing elements outside [0,1] (min=-0.0372, max=1.0445) -> clamped
2026-09-28 21:58:00 | src.evaluation.evaluator       | WARNING | SNR=19.0 dB: 12/2560 sensing elements outside [0,1] (min=-0.0403, max=1.1126) -> clamped
2026-09-28 21:58:02 | src.evaluation.evaluator       | WARNING | SNR=21.0 dB: 12/2560 sensing elements outside [0,1] (min=-0.0063, max=1.1397) -> clamped
2026-09-28 21:58:02 | src.evaluation.evaluator       | INFO   | Evaluation completed for 14 SNR points
2026-09-28 21:58:02 | src.experiments.run_jamming    | INFO   | jamming partial_band r=1 JSR=-8.0 dB | BER=0.03036
2026-09-28 21:58:03 | src.evaluation.evaluator       | INFO   | Starting evaluation over 14 SNR points
2026-09-28 21:58:03 | src.evaluation.evaluator       | WARNING | SNR=-5.0 dB: 1/256 sensing elements outside [0,1] (min=0.0626, max=1.0037) -> clamped
2026-09-28 21:58:07 | src.evaluation.evaluator       | WARNING | SNR=1.0 dB: 1/256 sensing elements outside [0,1] (min=-0.1456, max=0.9145) -> clamped
2026-09-28 21:58:08 | src.evaluation.evaluator       | WARNING | SNR=3.0 dB: 3/768 sensing elements outside [0,1] (min=-0.0101, max=1.0152) -> clamped
2026-09-28 21:58:09 | src.evaluation.evaluator       | WARNING | SNR=5.0 dB: 1/256 sensing elements outside [0,1] (min=0.1381, max=1.0233) -> clamped
2026-09-28 21:58:11 | src.evaluation.evaluator       | WARNING | SNR=7.0 dB: 6/1024 sensing elements outside [0,1] (min=-0.0208, max=1.0468) -> clamped
2026-09-28 21:58:13 | src.evaluation.evaluator       | WARNING | SNR=9.0 dB: 1/256 sensing elements outside [0,1] (min=0.0829, max=1.0013) -> clamped
2026-09-28 21:58:14 | src.evaluation.evaluator       | WARNING | SNR=11.0 dB: 2/512 sensing elements outside [0,1] (min=0.0920, max=1.0128) -> clamped
2026-09-28 21:58:16 | src.evaluation.evaluator       | WARNING | SNR=13.0 dB: 7/1536 sensing elements outside [0,1] (min=0.0061, max=1.1218) -> clamped
2026-09-28 21:58:19 | src.evaluation.evaluator       | WARNING | SNR=15.0 dB: 5/1024 sensing elements outside [0,1] (min=-0.0031, max=1.0440) -> clamped
2026-09-28 21:58:21 | src.evaluation.evaluator       | WARNING | SNR=17.0 dB: 6/1536 sensing elements outside [0,1] (min=-0.0233, max=1.0249) -> clamped
2026-09-28 21:58:22 | src.evaluation.evaluator       | WARNING | SNR=19.0 dB: 4/1024 sensing elements outside [0,1] (min=-0.0274, max=1.0314) -> clamped
2026-09-28 21:58:24 | src.evaluation.evaluator       | WARNING | SNR=21.0 dB: 6/1280 sensing elements outside [0,1] (min=-0.0016, max=1.1380) -> clamped
2026-09-28 21:58:24 | src.evaluation.evaluator       | INFO   | Evaluation completed for 14 SNR points
2026-09-28 21:58:24 | src.experiments.run_jamming    | INFO   | jamming partial_band r=1 JSR=-6.0 dB | BER=0.06133
2026-09-28 21:58:24 | src.evaluation.evaluator       | INFO   | Starting evaluation over 14 SNR points
2026-09-28 21:58:24 | src.evaluation.evaluator       | WARNING | SNR=-5.0 dB: 1/256 sensing elements outside [0,1] (min=0.0300, max=1.0030) -> clamped
2026-09-28 21:58:30 | src.evaluation.evaluator       | WARNING | SNR=13.0 dB: 1/256 sensing elements outside [0,1] (min=0.0724, max=1.0905) -> clamped
2026-09-28 21:58:31 | src.evaluation.evaluator       | WARNING | SNR=15.0 dB: 2/512 sensing elements outside [0,1] (min=0.0904, max=1.0476) -> clamped
2026-09-28 21:58:33 | src.evaluation.evaluator       | WARNING | SNR=19.0 dB: 1/256 sensing elements outside [0,1] (min=0.0779, max=1.0138) -> clamped
2026-09-28 21:58:34 | src.evaluation.evaluator       | WARNING | SNR=21.0 dB: 1/256 sensing elements outside [0,1] (min=0.0468, max=1.0110) -> clamped
2026-09-28 21:58:34 | src.evaluation.evaluator       | INFO   | Evaluation completed for 14 SNR points
2026-09-28 21:58:34 | src.experiments.run_jamming    | INFO   | jamming partial_band r=1 JSR=-4.0 dB | BER=0.12475
2026-09-28 21:58:34 | src.evaluation.evaluator       | INFO   | Starting evaluation over 14 SNR points
2026-09-28 21:58:34 | src.evaluation.evaluator       | WARNING | SNR=-5.0 dB: 1/256 sensing elements outside [0,1] (min=-0.0062, max=0.9961) -> clamped
2026-09-28 21:58:37 | src.evaluation.evaluator       | WARNING | SNR=13.0 dB: 1/256 sensing elements outside [0,1] (min=0.1027, max=1.0906) -> clamped
2026-09-28 21:58:38 | src.evaluation.evaluator       | WARNING | SNR=19.0 dB: 1/256 sensing elements outside [0,1] (min=0.1080, max=1.0262) -> clamped
2026-09-28 21:58:38 | src.evaluation.evaluator       | WARNING | SNR=21.0 dB: 1/256 sensing elements outside [0,1] (min=0.0813, max=1.0157) -> clamped
2026-09-28 21:58:38 | src.evaluation.evaluator       | INFO   | Evaluation completed for 14 SNR points
2026-09-28 21:58:38 | src.experiments.run_jamming    | INFO   | jamming partial_band r=1 JSR=-2.0 dB | BER=0.23930
2026-09-28 21:58:38 | src.evaluation.evaluator       | INFO   | Starting evaluation over 14 SNR points
2026-09-28 21:58:38 | src.evaluation.evaluator       | WARNING | SNR=-5.0 dB: 1/256 sensing elements outside [0,1] (min=-0.0437, max=0.9892) -> clamped
2026-09-28 21:58:39 | src.evaluation.evaluator       | WARNING | SNR=-3.0 dB: 1/256 sensing elements outside [0,1] (min=-0.0204, max=0.8089) -> clamped
2026-09-28 21:58:39 | src.evaluation.evaluator       | WARNING | SNR=1.0 dB: 1/256 sensing elements outside [0,1] (min=-0.0332, max=0.8416) -> clamped
2026-09-28 21:58:41 | src.evaluation.evaluator       | WARNING | SNR=13.0 dB: 1/256 sensing elements outside [0,1] (min=-0.0185, max=0.7839) -> clamped
2026-09-28 21:58:41 | src.evaluation.evaluator       | WARNING | SNR=19.0 dB: 1/256 sensing elements outside [0,1] (min=0.1570, max=1.0442) -> clamped
2026-09-28 21:58:42 | src.evaluation.evaluator       | INFO   | Evaluation completed for 14 SNR points
2026-09-28 21:58:42 | src.experiments.run_jamming    | INFO   | jamming partial_band r=1 JSR=0.0 dB | BER=0.37695
2026-09-28 21:58:42 | src.evaluation.evaluator       | INFO   | Starting evaluation over 14 SNR points
2026-09-28 21:58:42 | src.evaluation.evaluator       | WARNING | SNR=-5.0 dB: 3/512 sensing elements outside [0,1] (min=-0.0719, max=1.0023) -> clamped
2026-09-28 21:58:42 | src.evaluation.evaluator       | WARNING | SNR=1.0 dB: 1/256 sensing elements outside [0,1] (min=-0.1855, max=0.8674) -> clamped
2026-09-28 21:58:43 | src.evaluation.evaluator       | WARNING | SNR=9.0 dB: 1/256 sensing elements outside [0,1] (min=-0.0226, max=0.8081) -> clamped
2026-09-28 21:58:43 | src.evaluation.evaluator       | WARNING | SNR=11.0 dB: 1/256 sensing elements outside [0,1] (min=-0.0739, max=0.8600) -> clamped
2026-09-28 21:58:44 | src.evaluation.evaluator       | WARNING | SNR=13.0 dB: 1/256 sensing elements outside [0,1] (min=-0.1983, max=0.7485) -> clamped
2026-09-28 21:58:44 | src.evaluation.evaluator       | WARNING | SNR=15.0 dB: 1/256 sensing elements outside [0,1] (min=-0.1294, max=0.8873) -> clamped
2026-09-28 21:58:44 | src.evaluation.evaluator       | WARNING | SNR=19.0 dB: 1/256 sensing elements outside [0,1] (min=0.1302, max=1.0492) -> clamped
2026-09-28 21:58:45 | src.evaluation.evaluator       | WARNING | SNR=21.0 dB: 1/256 sensing elements outside [0,1] (min=-0.1747, max=0.9158) -> clamped
2026-09-28 21:58:45 | src.evaluation.evaluator       | INFO   | Evaluation completed for 14 SNR points
2026-09-28 21:58:45 | src.experiments.run_jamming    | INFO   | jamming partial_band r=1 JSR=2.0 dB | BER=0.45117
2026-09-28 21:58:45 | src.evaluation.evaluator       | INFO   | Starting evaluation over 14 SNR points
2026-09-28 21:58:45 | src.evaluation.evaluator       | WARNING | SNR=-5.0 dB: 4/512 sensing elements outside [0,1] (min=-0.1108, max=1.0234) -> clamped
2026-09-28 21:58:45 | src.evaluation.evaluator       | WARNING | SNR=-3.0 dB: 1/256 sensing elements outside [0,1] (min=-0.0208, max=0.9613) -> clamped
2026-09-28 21:58:46 | src.evaluation.evaluator       | WARNING | SNR=-1.0 dB: 1/256 sensing elements outside [0,1] (min=-0.0285, max=0.9059) -> clamped
2026-09-28 21:58:46 | src.evaluation.evaluator       | WARNING | SNR=1.0 dB: 1/256 sensing elements outside [0,1] (min=-0.3846, max=0.8989) -> clamped
2026-09-28 21:58:46 | src.evaluation.evaluator       | WARNING | SNR=3.0 dB: 1/256 sensing elements outside [0,1] (min=-0.1868, max=0.9150) -> clamped
2026-09-28 21:58:47 | src.evaluation.evaluator       | WARNING | SNR=7.0 dB: 1/256 sensing elements outside [0,1] (min=-0.0025, max=0.7865) -> clamped
2026-09-28 21:58:47 | src.evaluation.evaluator       | WARNING | SNR=9.0 dB: 2/256 sensing elements outside [0,1] (min=-0.2387, max=0.7859) -> clamped
2026-09-28 21:58:47 | src.evaluation.evaluator       | WARNING | SNR=11.0 dB: 4/256 sensing elements outside [0,1] (min=-0.3107, max=0.8088) -> clamped
2026-09-28 21:58:47 | src.evaluation.evaluator       | WARNING | SNR=13.0 dB: 3/512 sensing elements outside [0,1] (min=-0.4321, max=0.9104) -> clamped
2026-09-28 21:58:47 | src.evaluation.evaluator       | WARNING | SNR=15.0 dB: 3/256 sensing elements outside [0,1] (min=-0.3492, max=0.8766) -> clamped
2026-09-28 21:58:47 | src.evaluation.evaluator       | WARNING | SNR=17.0 dB: 2/512 sensing elements outside [0,1] (min=-0.0529, max=0.8491) -> clamped
2026-09-28 21:58:48 | src.evaluation.evaluator       | WARNING | SNR=19.0 dB: 2/256 sensing elements outside [0,1] (min=-0.0506, max=1.0340) -> clamped
2026-09-28 21:58:48 | src.evaluation.evaluator       | WARNING | SNR=21.0 dB: 1/256 sensing elements outside [0,1] (min=-0.4048, max=0.9434) -> clamped
2026-09-28 21:58:48 | src.evaluation.evaluator       | INFO   | Evaluation completed for 14 SNR points
2026-09-28 21:58:48 | src.experiments.run_jamming    | INFO   | jamming partial_band r=1 JSR=4.0 dB | BER=0.48410
2026-09-28 21:58:48 | src.evaluation.evaluator       | INFO   | Starting evaluation over 14 SNR points
2026-09-28 21:58:48 | src.evaluation.evaluator       | WARNING | SNR=-5.0 dB: 7/512 sensing elements outside [0,1] (min=-0.1890, max=1.0417) -> clamped
2026-09-28 21:58:48 | src.evaluation.evaluator       | WARNING | SNR=-3.0 dB: 5/512 sensing elements outside [0,1] (min=-0.2187, max=0.9478) -> clamped
2026-09-28 21:58:48 | src.evaluation.evaluator       | WARNING | SNR=-1.0 dB: 3/512 sensing elements outside [0,1] (min=-0.1917, max=0.9067) -> clamped
2026-09-28 21:58:49 | src.evaluation.evaluator       | WARNING | SNR=1.0 dB: 5/512 sensing elements outside [0,1] (min=-0.6387, max=0.9422) -> clamped
2026-09-28 21:58:49 | src.evaluation.evaluator       | WARNING | SNR=3.0 dB: 6/512 sensing elements outside [0,1] (min=-0.4294, max=0.9729) -> clamped
2026-09-28 21:58:49 | src.evaluation.evaluator       | WARNING | SNR=5.0 dB: 3/512 sensing elements outside [0,1] (min=-0.0821, max=0.8828) -> clamped
2026-09-28 21:58:49 | src.evaluation.evaluator       | WARNING | SNR=7.0 dB: 4/512 sensing elements outside [0,1] (min=-0.2098, max=0.8508) -> clamped
2026-09-28 21:58:49 | src.evaluation.evaluator       | WARNING | SNR=9.0 dB: 5/512 sensing elements outside [0,1] (min=-0.5154, max=0.9393) -> clamped
2026-09-28 21:58:49 | src.evaluation.evaluator       | WARNING | SNR=11.0 dB: 5/512 sensing elements outside [0,1] (min=-0.6175, max=0.8460) -> clamped
2026-09-28 21:58:50 | src.evaluation.evaluator       | WARNING | SNR=13.0 dB: 6/512 sensing elements outside [0,1] (min=-0.7157, max=0.9084) -> clamped
2026-09-28 21:58:50 | src.evaluation.evaluator       | WARNING | SNR=15.0 dB: 4/512 sensing elements outside [0,1] (min=-0.6211, max=0.9276) -> clamped
2026-09-28 21:58:50 | src.evaluation.evaluator       | WARNING | SNR=17.0 dB: 3/512 sensing elements outside [0,1] (min=-0.2615, max=0.8614) -> clamped
2026-09-28 21:58:50 | src.evaluation.evaluator       | WARNING | SNR=19.0 dB: 8/512 sensing elements outside [0,1] (min=-0.2696, max=1.0098) -> clamped
2026-09-28 21:58:50 | src.evaluation.evaluator       | WARNING | SNR=21.0 dB: 2/512 sensing elements outside [0,1] (min=-0.6986, max=0.9722) -> clamped
2026-09-28 21:58:50 | src.evaluation.evaluator       | INFO   | Evaluation completed for 14 SNR points
2026-09-28 21:58:50 | src.experiments.run_jamming    | INFO   | jamming partial_band r=1 JSR=6.0 dB | BER=0.48912
2026-09-28 21:58:50 | src.evaluation.evaluator       | INFO   | Starting evaluation over 14 SNR points
2026-09-28 21:58:51 | src.evaluation.evaluator       | WARNING | SNR=-5.0 dB: 12/512 sensing elements outside [0,1] (min=-0.3509, max=1.0558) -> clamped
2026-09-28 21:58:51 | src.evaluation.evaluator       | WARNING | SNR=-3.0 dB: 16/512 sensing elements outside [0,1] (min=-0.4600, max=0.9682) -> clamped
2026-09-28 21:58:51 | src.evaluation.evaluator       | WARNING | SNR=-1.0 dB: 10/512 sensing elements outside [0,1] (min=-0.5137, max=0.9032) -> clamped
2026-09-28 21:58:51 | src.evaluation.evaluator       | WARNING | SNR=1.0 dB: 11/512 sensing elements outside [0,1] (min=-0.9597, max=0.9737) -> clamped
2026-09-28 21:58:51 | src.evaluation.evaluator       | WARNING | SNR=3.0 dB: 13/512 sensing elements outside [0,1] (min=-0.7489, max=1.0161) -> clamped
2026-09-28 21:58:52 | src.evaluation.evaluator       | WARNING | SNR=5.0 dB: 11/512 sensing elements outside [0,1] (min=-0.2880, max=0.9113) -> clamped
2026-09-28 21:58:52 | src.evaluation.evaluator       | WARNING | SNR=7.0 dB: 15/512 sensing elements outside [0,1] (min=-0.5217, max=0.8858) -> clamped
2026-09-28 21:58:52 | src.evaluation.evaluator       | WARNING | SNR=9.0 dB: 14/512 sensing elements outside [0,1] (min=-0.8651, max=0.9515) -> clamped
2026-09-28 21:58:52 | src.evaluation.evaluator       | WARNING | SNR=11.0 dB: 11/512 sensing elements outside [0,1] (min=-1.0069, max=0.8680) -> clamped
2026-09-28 21:58:52 | src.evaluation.evaluator       | WARNING | SNR=13.0 dB: 15/512 sensing elements outside [0,1] (min=-1.0696, max=0.8973) -> clamped
2026-09-28 21:58:52 | src.evaluation.evaluator       | WARNING | SNR=15.0 dB: 13/512 sensing elements outside [0,1] (min=-0.9606, max=0.9621) -> clamped
2026-09-28 21:58:53 | src.evaluation.evaluator       | WARNING | SNR=17.0 dB: 10/512 sensing elements outside [0,1] (min=-0.5465, max=0.8574) -> clamped
2026-09-28 21:58:53 | src.evaluation.evaluator       | WARNING | SNR=19.0 dB: 17/512 sensing elements outside [0,1] (min=-0.5480, max=0.9830) -> clamped
2026-09-28 21:58:53 | src.evaluation.evaluator       | WARNING | SNR=21.0 dB: 10/512 sensing elements outside [0,1] (min=-1.0846, max=1.0001) -> clamped
2026-09-28 21:58:53 | src.evaluation.evaluator       | INFO   | Evaluation completed for 14 SNR points
2026-09-28 21:58:53 | src.experiments.run_jamming    | INFO   | jamming partial_band r=1 JSR=8.0 dB | BER=0.48940
2026-09-28 21:58:53 | src.evaluation.evaluator       | INFO   | Starting evaluation over 14 SNR points
2026-09-28 21:58:53 | src.evaluation.evaluator       | WARNING | SNR=-5.0 dB: 34/512 sensing elements outside [0,1] (min=-0.5872, max=1.1952) -> clamped
2026-09-28 21:58:53 | src.evaluation.evaluator       | WARNING | SNR=-3.0 dB: 38/512 sensing elements outside [0,1] (min=-0.7738, max=1.0976) -> clamped
2026-09-28 21:58:54 | src.evaluation.evaluator       | WARNING | SNR=-1.0 dB: 27/512 sensing elements outside [0,1] (min=-0.9199, max=0.9103) -> clamped
2026-09-28 21:58:54 | src.evaluation.evaluator       | WARNING | SNR=1.0 dB: 20/512 sensing elements outside [0,1] (min=-1.3992, max=0.9966) -> clamped
2026-09-28 21:58:54 | src.evaluation.evaluator       | WARNING | SNR=3.0 dB: 40/512 sensing elements outside [0,1] (min=-1.1600, max=1.0556) -> clamped
2026-09-28 21:58:54 | src.evaluation.evaluator       | WARNING | SNR=5.0 dB: 26/512 sensing elements outside [0,1] (min=-0.5299, max=0.9408) -> clamped
2026-09-28 21:58:54 | src.evaluation.evaluator       | WARNING | SNR=7.0 dB: 31/512 sensing elements outside [0,1] (min=-0.9096, max=0.9291) -> clamped
2026-09-28 21:58:55 | src.evaluation.evaluator       | WARNING | SNR=9.0 dB: 33/512 sensing elements outside [0,1] (min=-1.3024, max=1.0273) -> clamped
2026-09-28 21:58:55 | src.evaluation.evaluator       | WARNING | SNR=11.0 dB: 23/512 sensing elements outside [0,1] (min=-1.5081, max=0.9191) -> clamped
2026-09-28 21:58:55 | src.evaluation.evaluator       | WARNING | SNR=13.0 dB: 40/512 sensing elements outside [0,1] (min=-1.5176, max=0.9422) -> clamped
2026-09-28 21:58:55 | src.evaluation.evaluator       | WARNING | SNR=15.0 dB: 38/512 sensing elements outside [0,1] (min=-1.3998, max=1.0054) -> clamped
2026-09-28 21:58:55 | src.evaluation.evaluator       | WARNING | SNR=17.0 dB: 24/512 sensing elements outside [0,1] (min=-0.9100, max=0.9193) -> clamped
2026-09-28 21:58:55 | src.evaluation.evaluator       | WARNING | SNR=19.0 dB: 47/512 sensing elements outside [0,1] (min=-0.9196, max=0.9487) -> clamped
2026-09-28 21:58:56 | src.evaluation.evaluator       | WARNING | SNR=21.0 dB: 33/512 sensing elements outside [0,1] (min=-1.5838, max=1.0701) -> clamped
2026-09-28 21:58:56 | src.evaluation.evaluator       | INFO   | Evaluation completed for 14 SNR points
2026-09-28 21:58:56 | src.experiments.run_jamming    | INFO   | jamming partial_band r=1 JSR=10.0 dB | BER=0.48968
2026-09-28 21:58:56 | src.evaluation.evaluator       | INFO   | Starting evaluation over 14 SNR points
2026-09-28 21:59:01 | src.evaluation.evaluator       | WARNING | SNR=-1.0 dB: 1/256 sensing elements outside [0,1] (min=0.0863, max=1.0010) -> clamped
2026-09-28 21:59:03 | src.evaluation.evaluator       | WARNING | SNR=1.0 dB: 2/512 sensing elements outside [0,1] (min=-0.1088, max=1.1008) -> clamped
2026-09-28 21:59:05 | src.evaluation.evaluator       | WARNING | SNR=3.0 dB: 5/1024 sensing elements outside [0,1] (min=-0.0342, max=1.0199) -> clamped
2026-09-28 21:59:07 | src.evaluation.evaluator       | WARNING | SNR=5.0 dB: 6/1280 sensing elements outside [0,1] (min=0.0202, max=1.0266) -> clamped
2026-09-28 21:59:09 | src.evaluation.evaluator       | WARNING | SNR=7.0 dB: 6/1536 sensing elements outside [0,1] (min=-0.0181, max=1.0400) -> clamped
2026-09-28 21:59:11 | src.evaluation.evaluator       | WARNING | SNR=9.0 dB: 7/1792 sensing elements outside [0,1] (min=0.0091, max=1.0412) -> clamped
2026-09-28 21:59:14 | src.evaluation.evaluator       | WARNING | SNR=11.0 dB: 8/2048 sensing elements outside [0,1] (min=-0.0026, max=1.2071) -> clamped
2026-09-28 21:59:16 | src.evaluation.evaluator       | WARNING | SNR=13.0 dB: 17/3840 sensing elements outside [0,1] (min=-0.0238, max=1.0750) -> clamped
2026-09-28 21:59:18 | src.evaluation.evaluator       | WARNING | SNR=15.0 dB: 12/2816 sensing elements outside [0,1] (min=-0.0294, max=1.0686) -> clamped
2026-09-28 21:59:20 | src.evaluation.evaluator       | WARNING | SNR=17.0 dB: 18/3410 sensing elements outside [0,1] (min=-0.0278, max=1.0547) -> clamped
2026-09-28 21:59:22 | src.evaluation.evaluator       | WARNING | SNR=19.0 dB: 16/2560 sensing elements outside [0,1] (min=-0.0660, max=1.0928) -> clamped
2026-09-28 21:59:25 | src.evaluation.evaluator       | WARNING | SNR=21.0 dB: 18/3840 sensing elements outside [0,1] (min=-0.0150, max=1.1355) -> clamped
2026-09-28 21:59:25 | src.evaluation.evaluator       | INFO   | Evaluation completed for 14 SNR points
2026-09-28 21:59:25 | src.experiments.run_jamming    | INFO   | jamming partial_band r=2 JSR=-10.0 dB | BER=0.03032
2026-09-28 21:59:25 | src.evaluation.evaluator       | INFO   | Starting evaluation over 14 SNR points
2026-09-28 21:59:29 | src.evaluation.evaluator       | WARNING | SNR=1.0 dB: 1/256 sensing elements outside [0,1] (min=-0.1123, max=0.8441) -> clamped
2026-09-28 21:59:31 | src.evaluation.evaluator       | WARNING | SNR=3.0 dB: 3/768 sensing elements outside [0,1] (min=-0.0476, max=1.0031) -> clamped
2026-09-28 21:59:32 | src.evaluation.evaluator       | WARNING | SNR=5.0 dB: 4/768 sensing elements outside [0,1] (min=0.0391, max=1.0339) -> clamped
2026-09-28 21:59:34 | src.evaluation.evaluator       | WARNING | SNR=7.0 dB: 4/1024 sensing elements outside [0,1] (min=-0.0215, max=1.0096) -> clamped
2026-09-28 21:59:36 | src.evaluation.evaluator       | WARNING | SNR=9.0 dB: 4/1024 sensing elements outside [0,1] (min=0.0592, max=1.0376) -> clamped
2026-09-28 21:59:37 | src.evaluation.evaluator       | WARNING | SNR=11.0 dB: 5/1280 sensing elements outside [0,1] (min=-0.0026, max=1.2219) -> clamped
2026-09-28 21:59:39 | src.evaluation.evaluator       | WARNING | SNR=13.0 dB: 10/2048 sensing elements outside [0,1] (min=-0.0179, max=1.0624) -> clamped
2026-09-28 21:59:42 | src.evaluation.evaluator       | WARNING | SNR=15.0 dB: 7/1536 sensing elements outside [0,1] (min=-0.0331, max=1.0635) -> clamped
2026-09-28 21:59:44 | src.evaluation.evaluator       | WARNING | SNR=17.0 dB: 11/2560 sensing elements outside [0,1] (min=-0.0324, max=1.0426) -> clamped
2026-09-28 21:59:45 | src.evaluation.evaluator       | WARNING | SNR=19.0 dB: 8/1536 sensing elements outside [0,1] (min=-0.0672, max=1.1168) -> clamped
2026-09-28 21:59:47 | src.evaluation.evaluator       | WARNING | SNR=21.0 dB: 12/2560 sensing elements outside [0,1] (min=-0.0169, max=1.1386) -> clamped
2026-09-28 21:59:47 | src.evaluation.evaluator       | INFO   | Evaluation completed for 14 SNR points
2026-09-28 21:59:47 | src.experiments.run_jamming    | INFO   | jamming partial_band r=2 JSR=-8.0 dB | BER=0.05786
2026-09-28 21:59:47 | src.evaluation.evaluator       | INFO   | Starting evaluation over 14 SNR points
2026-09-28 21:59:50 | src.evaluation.evaluator       | WARNING | SNR=5.0 dB: 1/256 sensing elements outside [0,1] (min=0.1405, max=1.0055) -> clamped
2026-09-28 21:59:53 | src.evaluation.evaluator       | WARNING | SNR=13.0 dB: 4/1024 sensing elements outside [0,1] (min=0.0358, max=1.0137) -> clamped
2026-09-28 21:59:54 | src.evaluation.evaluator       | WARNING | SNR=15.0 dB: 3/768 sensing elements outside [0,1] (min=-0.0118, max=1.0571) -> clamped
2026-09-28 21:59:55 | src.evaluation.evaluator       | WARNING | SNR=17.0 dB: 3/768 sensing elements outside [0,1] (min=-0.0353, max=1.0101) -> clamped
2026-09-28 21:59:56 | src.evaluation.evaluator       | WARNING | SNR=19.0 dB: 2/512 sensing elements outside [0,1] (min=0.0775, max=1.0126) -> clamped
2026-09-28 21:59:57 | src.evaluation.evaluator       | WARNING | SNR=21.0 dB: 2/512 sensing elements outside [0,1] (min=0.0163, max=1.0115) -> clamped
2026-09-28 21:59:57 | src.evaluation.evaluator       | INFO   | Evaluation completed for 14 SNR points
2026-09-28 21:59:57 | src.experiments.run_jamming    | INFO   | jamming partial_band r=2 JSR=-6.0 dB | BER=0.12329
2026-09-28 21:59:57 | src.evaluation.evaluator       | INFO   | Starting evaluation over 14 SNR points
2026-09-28 22:00:01 | src.evaluation.evaluator       | WARNING | SNR=17.0 dB: 1/256 sensing elements outside [0,1] (min=-0.0438, max=0.9468) -> clamped
2026-09-28 22:00:01 | src.evaluation.evaluator       | WARNING | SNR=19.0 dB: 1/256 sensing elements outside [0,1] (min=0.0837, max=1.0033) -> clamped
2026-09-28 22:00:01 | src.evaluation.evaluator       | INFO   | Evaluation completed for 14 SNR points
2026-09-28 22:00:01 | src.experiments.run_jamming    | INFO   | jamming partial_band r=2 JSR=-4.0 dB | BER=0.23805
2026-09-28 22:00:01 | src.evaluation.evaluator       | INFO   | Starting evaluation over 14 SNR points
2026-09-28 22:00:02 | src.evaluation.evaluator       | WARNING | SNR=1.0 dB: 1/256 sensing elements outside [0,1] (min=0.0612, max=1.0110) -> clamped
2026-09-28 22:00:03 | src.evaluation.evaluator       | WARNING | SNR=3.0 dB: 1/256 sensing elements outside [0,1] (min=0.1595, max=1.0083) -> clamped
2026-09-28 22:00:04 | src.evaluation.evaluator       | WARNING | SNR=17.0 dB: 1/256 sensing elements outside [0,1] (min=-0.0429, max=0.9531) -> clamped
2026-09-28 22:00:05 | src.evaluation.evaluator       | INFO   | Evaluation completed for 14 SNR points
2026-09-28 22:00:05 | src.experiments.run_jamming    | INFO   | jamming partial_band r=2 JSR=-2.0 dB | BER=0.37919
2026-09-28 22:00:05 | src.evaluation.evaluator       | INFO   | Starting evaluation over 14 SNR points
2026-09-28 22:00:05 | src.evaluation.evaluator       | WARNING | SNR=1.0 dB: 1/256 sensing elements outside [0,1] (min=0.0642, max=1.0537) -> clamped
2026-09-28 22:00:06 | src.evaluation.evaluator       | WARNING | SNR=3.0 dB: 1/256 sensing elements outside [0,1] (min=0.1590, max=1.0083) -> clamped
2026-09-28 22:00:06 | src.evaluation.evaluator       | WARNING | SNR=5.0 dB: 1/256 sensing elements outside [0,1] (min=0.1876, max=1.0086) -> clamped
2026-09-28 22:00:07 | src.evaluation.evaluator       | WARNING | SNR=17.0 dB: 1/256 sensing elements outside [0,1] (min=-0.0201, max=0.9654) -> clamped
2026-09-28 22:00:08 | src.evaluation.evaluator       | INFO   | Evaluation completed for 14 SNR points
2026-09-28 22:00:08 | src.experiments.run_jamming    | INFO   | jamming partial_band r=2 JSR=0.0 dB | BER=0.45452
2026-09-28 22:00:08 | src.evaluation.evaluator       | INFO   | Starting evaluation over 14 SNR points
2026-09-28 22:00:09 | src.evaluation.evaluator       | WARNING | SNR=1.0 dB: 1/256 sensing elements outside [0,1] (min=0.0641, max=1.0992) -> clamped
2026-09-28 22:00:09 | src.evaluation.evaluator       | WARNING | SNR=3.0 dB: 1/256 sensing elements outside [0,1] (min=0.1225, max=1.0135) -> clamped
2026-09-28 22:00:10 | src.evaluation.evaluator       | WARNING | SNR=5.0 dB: 2/512 sensing elements outside [0,1] (min=0.0942, max=1.0320) -> clamped
2026-09-28 22:00:11 | src.evaluation.evaluator       | WARNING | SNR=19.0 dB: 1/256 sensing elements outside [0,1] (min=0.0890, max=1.0088) -> clamped
2026-09-28 22:00:11 | src.evaluation.evaluator       | INFO   | Evaluation completed for 14 SNR points
2026-09-28 22:00:11 | src.experiments.run_jamming    | INFO   | jamming partial_band r=2 JSR=2.0 dB | BER=0.48493
2026-09-28 22:00:11 | src.evaluation.evaluator       | INFO   | Starting evaluation over 14 SNR points
2026-09-28 22:00:12 | src.evaluation.evaluator       | WARNING | SNR=1.0 dB: 2/256 sensing elements outside [0,1] (min=-0.0277, max=1.1326) -> clamped
2026-09-28 22:00:12 | src.evaluation.evaluator       | WARNING | SNR=3.0 dB: 2/512 sensing elements outside [0,1] (min=-0.0715, max=1.0481) -> clamped
2026-09-28 22:00:12 | src.evaluation.evaluator       | WARNING | SNR=5.0 dB: 3/512 sensing elements outside [0,1] (min=0.1082, max=1.0500) -> clamped
2026-09-28 22:00:12 | src.evaluation.evaluator       | WARNING | SNR=7.0 dB: 1/256 sensing elements outside [0,1] (min=-0.0375, max=0.9393) -> clamped
2026-09-28 22:00:13 | src.evaluation.evaluator       | WARNING | SNR=17.0 dB: 1/256 sensing elements outside [0,1] (min=0.1175, max=1.0389) -> clamped
2026-09-28 22:00:13 | src.evaluation.evaluator       | WARNING | SNR=19.0 dB: 1/256 sensing elements outside [0,1] (min=0.0915, max=1.0545) -> clamped
2026-09-28 22:00:14 | src.evaluation.evaluator       | INFO   | Evaluation completed for 14 SNR points
2026-09-28 22:00:14 | src.experiments.run_jamming    | INFO   | jamming partial_band r=2 JSR=4.0 dB | BER=0.48912
2026-09-28 22:00:14 | src.evaluation.evaluator       | INFO   | Starting evaluation over 14 SNR points
2026-09-28 22:00:14 | src.evaluation.evaluator       | WARNING | SNR=-5.0 dB: 1/256 sensing elements outside [0,1] (min=0.1699, max=1.0109) -> clamped
2026-09-28 22:00:14 | src.evaluation.evaluator       | WARNING | SNR=-3.0 dB: 1/256 sensing elements outside [0,1] (min=0.1196, max=1.0600) -> clamped
2026-09-28 22:00:14 | src.evaluation.evaluator       | WARNING | SNR=-1.0 dB: 2/256 sensing elements outside [0,1] (min=-0.0534, max=1.0929) -> clamped
2026-09-28 22:00:14 | src.evaluation.evaluator       | WARNING | SNR=1.0 dB: 2/256 sensing elements outside [0,1] (min=-0.2201, max=1.1694) -> clamped
2026-09-28 22:00:15 | src.evaluation.evaluator       | WARNING | SNR=3.0 dB: 3/512 sensing elements outside [0,1] (min=-0.3422, max=1.0842) -> clamped
2026-09-28 22:00:15 | src.evaluation.evaluator       | WARNING | SNR=5.0 dB: 4/512 sensing elements outside [0,1] (min=0.0880, max=1.0933) -> clamped
2026-09-28 22:00:15 | src.evaluation.evaluator       | WARNING | SNR=7.0 dB: 4/512 sensing elements outside [0,1] (min=-0.2286, max=1.0367) -> clamped
2026-09-28 22:00:15 | src.evaluation.evaluator       | WARNING | SNR=11.0 dB: 1/256 sensing elements outside [0,1] (min=0.1199, max=1.0301) -> clamped
2026-09-28 22:00:15 | src.evaluation.evaluator       | WARNING | SNR=13.0 dB: 4/512 sensing elements outside [0,1] (min=-0.0635, max=1.0973) -> clamped
2026-09-28 22:00:16 | src.evaluation.evaluator       | WARNING | SNR=17.0 dB: 2/256 sensing elements outside [0,1] (min=-0.0171, max=1.1074) -> clamped
2026-09-28 22:00:16 | src.evaluation.evaluator       | WARNING | SNR=19.0 dB: 5/256 sensing elements outside [0,1] (min=-0.0388, max=1.0766) -> clamped
2026-09-28 22:00:16 | src.evaluation.evaluator       | WARNING | SNR=21.0 dB: 3/512 sensing elements outside [0,1] (min=-0.0499, max=1.0425) -> clamped
2026-09-28 22:00:16 | src.evaluation.evaluator       | INFO   | Evaluation completed for 14 SNR points
2026-09-28 22:00:16 | src.experiments.run_jamming    | INFO   | jamming partial_band r=2 JSR=6.0 dB | BER=0.48968
2026-09-28 22:00:16 | src.evaluation.evaluator       | INFO   | Starting evaluation over 14 SNR points
2026-09-28 22:00:16 | src.evaluation.evaluator       | WARNING | SNR=-5.0 dB: 7/512 sensing elements outside [0,1] (min=-0.1079, max=1.0980) -> clamped
2026-09-28 22:00:17 | src.evaluation.evaluator       | WARNING | SNR=-3.0 dB: 6/512 sensing elements outside [0,1] (min=-0.0158, max=1.1897) -> clamped
2026-09-28 22:00:17 | src.evaluation.evaluator       | WARNING | SNR=-1.0 dB: 6/512 sensing elements outside [0,1] (min=-0.2631, max=1.2130) -> clamped
2026-09-28 22:00:17 | src.evaluation.evaluator       | WARNING | SNR=1.0 dB: 5/256 sensing elements outside [0,1] (min=-0.4718, max=1.2173) -> clamped
2026-09-28 22:00:17 | src.evaluation.evaluator       | WARNING | SNR=3.0 dB: 12/512 sensing elements outside [0,1] (min=-0.6731, max=1.1088) -> clamped
2026-09-28 22:00:17 | src.evaluation.evaluator       | WARNING | SNR=5.0 dB: 8/512 sensing elements outside [0,1] (min=0.0142, max=1.2186) -> clamped
2026-09-28 22:00:18 | src.evaluation.evaluator       | WARNING | SNR=7.0 dB: 6/512 sensing elements outside [0,1] (min=-0.4802, max=1.1338) -> clamped
2026-09-28 22:00:18 | src.evaluation.evaluator       | WARNING | SNR=9.0 dB: 5/512 sensing elements outside [0,1] (min=-0.1637, max=1.0141) -> clamped
2026-09-28 22:00:18 | src.evaluation.evaluator       | WARNING | SNR=11.0 dB: 3/512 sensing elements outside [0,1] (min=-0.0774, max=1.0973) -> clamped
2026-09-28 22:00:18 | src.evaluation.evaluator       | WARNING | SNR=13.0 dB: 5/512 sensing elements outside [0,1] (min=-0.1608, max=1.2236) -> clamped
2026-09-28 22:00:18 | src.evaluation.evaluator       | WARNING | SNR=15.0 dB: 5/512 sensing elements outside [0,1] (min=-0.2239, max=0.9822) -> clamped
2026-09-28 22:00:18 | src.evaluation.evaluator       | WARNING | SNR=17.0 dB: 6/512 sensing elements outside [0,1] (min=-0.2227, max=1.1981) -> clamped
2026-09-28 22:00:19 | src.evaluation.evaluator       | WARNING | SNR=19.0 dB: 14/512 sensing elements outside [0,1] (min=-0.2735, max=1.1545) -> clamped
2026-09-28 22:00:19 | src.evaluation.evaluator       | WARNING | SNR=21.0 dB: 8/512 sensing elements outside [0,1] (min=-0.2513, max=1.0983) -> clamped
2026-09-28 22:00:19 | src.evaluation.evaluator       | INFO   | Evaluation completed for 14 SNR points
2026-09-28 22:00:19 | src.experiments.run_jamming    | INFO   | jamming partial_band r=2 JSR=8.0 dB | BER=0.48968
2026-09-28 22:00:19 | src.evaluation.evaluator       | INFO   | Starting evaluation over 14 SNR points
2026-09-28 22:00:19 | src.evaluation.evaluator       | WARNING | SNR=-5.0 dB: 17/512 sensing elements outside [0,1] (min=-0.3203, max=1.2578) -> clamped
2026-09-28 22:00:19 | src.evaluation.evaluator       | WARNING | SNR=-3.0 dB: 13/512 sensing elements outside [0,1] (min=-0.1769, max=1.3539) -> clamped
2026-09-28 22:00:19 | src.evaluation.evaluator       | WARNING | SNR=-1.0 dB: 11/512 sensing elements outside [0,1] (min=-0.5333, max=1.3461) -> clamped
2026-09-28 22:00:20 | src.evaluation.evaluator       | WARNING | SNR=1.0 dB: 13/512 sensing elements outside [0,1] (min=-0.8030, max=1.2793) -> clamped
2026-09-28 22:00:20 | src.evaluation.evaluator       | WARNING | SNR=3.0 dB: 26/512 sensing elements outside [0,1] (min=-1.0853, max=1.1791) -> clamped
2026-09-28 22:00:20 | src.evaluation.evaluator       | WARNING | SNR=5.0 dB: 16/512 sensing elements outside [0,1] (min=-0.1589, max=1.3782) -> clamped
2026-09-28 22:00:20 | src.evaluation.evaluator       | WARNING | SNR=7.0 dB: 15/512 sensing elements outside [0,1] (min=-0.7899, max=1.2313) -> clamped
2026-09-28 22:00:21 | src.evaluation.evaluator       | WARNING | SNR=9.0 dB: 15/512 sensing elements outside [0,1] (min=-0.4117, max=1.1059) -> clamped
2026-09-28 22:00:21 | src.evaluation.evaluator       | WARNING | SNR=11.0 dB: 19/512 sensing elements outside [0,1] (min=-0.3384, max=1.1523) -> clamped
2026-09-28 22:00:21 | src.evaluation.evaluator       | WARNING | SNR=13.0 dB: 15/512 sensing elements outside [0,1] (min=-0.2887, max=1.3785) -> clamped
2026-09-28 22:00:21 | src.evaluation.evaluator       | WARNING | SNR=15.0 dB: 23/512 sensing elements outside [0,1] (min=-0.5103, max=1.0724) -> clamped
2026-09-28 22:00:22 | src.evaluation.evaluator       | WARNING | SNR=17.0 dB: 14/512 sensing elements outside [0,1] (min=-0.4831, max=1.3083) -> clamped
2026-09-28 22:00:22 | src.evaluation.evaluator       | WARNING | SNR=19.0 dB: 20/512 sensing elements outside [0,1] (min=-0.5903, max=1.2571) -> clamped
2026-09-28 22:00:22 | src.evaluation.evaluator       | WARNING | SNR=21.0 dB: 16/512 sensing elements outside [0,1] (min=-0.5061, max=1.1707) -> clamped
2026-09-28 22:00:22 | src.evaluation.evaluator       | INFO   | Evaluation completed for 14 SNR points
2026-09-28 22:00:22 | src.experiments.run_jamming    | INFO   | jamming partial_band r=2 JSR=10.0 dB | BER=0.48968
2026-09-28 22:00:23 | src.evaluation.evaluator       | INFO   | Starting evaluation over 14 SNR points
2026-09-28 22:00:25 | src.evaluation.evaluator       | WARNING | SNR=-3.0 dB: 1/256 sensing elements outside [0,1] (min=-0.0166, max=0.8185) -> clamped
2026-09-28 22:00:27 | src.evaluation.evaluator       | WARNING | SNR=-1.0 dB: 1/256 sensing elements outside [0,1] (min=0.1239, max=1.0462) -> clamped
2026-09-28 22:00:29 | src.evaluation.evaluator       | WARNING | SNR=1.0 dB: 2/512 sensing elements outside [0,1] (min=-0.0917, max=1.0721) -> clamped
2026-09-28 22:00:31 | src.evaluation.evaluator       | WARNING | SNR=3.0 dB: 4/1024 sensing elements outside [0,1] (min=-0.0668, max=1.0290) -> clamped
2026-09-28 22:00:33 | src.evaluation.evaluator       | WARNING | SNR=5.0 dB: 4/1024 sensing elements outside [0,1] (min=-0.0010, max=1.0231) -> clamped
2026-09-28 22:00:36 | src.evaluation.evaluator       | WARNING | SNR=7.0 dB: 4/1024 sensing elements outside [0,1] (min=0.0126, max=1.0400) -> clamped
2026-09-28 22:00:38 | src.evaluation.evaluator       | WARNING | SNR=9.0 dB: 6/1280 sensing elements outside [0,1] (min=-0.0001, max=1.0275) -> clamped
2026-09-28 22:00:40 | src.evaluation.evaluator       | WARNING | SNR=11.0 dB: 9/1792 sensing elements outside [0,1] (min=-0.0091, max=1.1608) -> clamped
2026-09-28 22:00:42 | src.evaluation.evaluator       | WARNING | SNR=13.0 dB: 16/2816 sensing elements outside [0,1] (min=-0.0261, max=1.0602) -> clamped
2026-09-28 22:00:44 | src.evaluation.evaluator       | WARNING | SNR=15.0 dB: 12/2560 sensing elements outside [0,1] (min=-0.0107, max=1.1047) -> clamped
2026-09-28 22:00:46 | src.evaluation.evaluator       | WARNING | SNR=17.0 dB: 14/2048 sensing elements outside [0,1] (min=-0.0283, max=1.0303) -> clamped
2026-09-28 22:00:49 | src.evaluation.evaluator       | WARNING | SNR=19.0 dB: 16/2816 sensing elements outside [0,1] (min=-0.0372, max=1.1198) -> clamped
2026-09-28 22:00:52 | src.evaluation.evaluator       | WARNING | SNR=21.0 dB: 17/3072 sensing elements outside [0,1] (min=-0.0050, max=1.1394) -> clamped
2026-09-28 22:00:52 | src.evaluation.evaluator       | INFO   | Evaluation completed for 14 SNR points
2026-09-28 22:00:52 | src.experiments.run_jamming    | INFO   | jamming partial_band r=3 JSR=-10.0 dB | BER=0.01884
2026-09-28 22:00:52 | src.evaluation.evaluator       | INFO   | Starting evaluation over 14 SNR points
2026-09-28 22:00:55 | src.evaluation.evaluator       | WARNING | SNR=-1.0 dB: 1/256 sensing elements outside [0,1] (min=0.1455, max=1.0490) -> clamped
2026-09-28 22:00:57 | src.evaluation.evaluator       | WARNING | SNR=1.0 dB: 3/768 sensing elements outside [0,1] (min=-0.0863, max=1.0744) -> clamped
2026-09-28 22:00:59 | src.evaluation.evaluator       | WARNING | SNR=3.0 dB: 3/768 sensing elements outside [0,1] (min=-0.0645, max=0.9620) -> clamped
2026-09-28 22:01:01 | src.evaluation.evaluator       | WARNING | SNR=5.0 dB: 2/512 sensing elements outside [0,1] (min=0.0942, max=1.0111) -> clamped
2026-09-28 22:01:04 | src.evaluation.evaluator       | WARNING | SNR=7.0 dB: 3/768 sensing elements outside [0,1] (min=0.0261, max=1.0276) -> clamped
2026-09-28 22:01:06 | src.evaluation.evaluator       | WARNING | SNR=9.0 dB: 2/512 sensing elements outside [0,1] (min=0.0460, max=1.0259) -> clamped
2026-09-28 22:01:08 | src.evaluation.evaluator       | WARNING | SNR=11.0 dB: 6/1024 sensing elements outside [0,1] (min=-0.0136, max=1.1700) -> clamped
2026-09-28 22:01:10 | src.evaluation.evaluator       | WARNING | SNR=13.0 dB: 12/2304 sensing elements outside [0,1] (min=-0.0146, max=1.0495) -> clamped
2026-09-28 22:01:13 | src.evaluation.evaluator       | WARNING | SNR=15.0 dB: 9/2048 sensing elements outside [0,1] (min=0.0294, max=1.1019) -> clamped
2026-09-28 22:01:15 | src.evaluation.evaluator       | WARNING | SNR=17.0 dB: 10/1792 sensing elements outside [0,1] (min=-0.0197, max=1.0258) -> clamped
2026-09-28 22:01:17 | src.evaluation.evaluator       | WARNING | SNR=19.0 dB: 12/2560 sensing elements outside [0,1] (min=-0.0303, max=1.1330) -> clamped
2026-09-28 22:01:20 | src.evaluation.evaluator       | WARNING | SNR=21.0 dB: 9/1536 sensing elements outside [0,1] (min=-0.0073, max=1.1378) -> clamped
2026-09-28 22:01:20 | src.evaluation.evaluator       | INFO   | Evaluation completed for 14 SNR points
2026-09-28 22:01:20 | src.experiments.run_jamming    | INFO   | jamming partial_band r=3 JSR=-8.0 dB | BER=0.03164
2026-09-28 22:01:20 | src.evaluation.evaluator       | INFO   | Starting evaluation over 14 SNR points
2026-09-28 22:01:26 | src.evaluation.evaluator       | WARNING | SNR=5.0 dB: 1/256 sensing elements outside [0,1] (min=0.1206, max=1.0024) -> clamped
2026-09-28 22:01:27 | src.evaluation.evaluator       | WARNING | SNR=7.0 dB: 2/512 sensing elements outside [0,1] (min=0.0578, max=1.0329) -> clamped
2026-09-28 22:01:32 | src.evaluation.evaluator       | WARNING | SNR=11.0 dB: 5/768 sensing elements outside [0,1] (min=-0.0124, max=1.1780) -> clamped
2026-09-28 22:01:34 | src.evaluation.evaluator       | WARNING | SNR=13.0 dB: 9/2048 sensing elements outside [0,1] (min=-0.0001, max=1.0304) -> clamped
2026-09-28 22:01:35 | src.evaluation.evaluator       | WARNING | SNR=15.0 dB: 5/1280 sensing elements outside [0,1] (min=0.0438, max=1.0608) -> clamped
2026-09-28 22:01:37 | src.evaluation.evaluator       | WARNING | SNR=17.0 dB: 5/1280 sensing elements outside [0,1] (min=-0.0162, max=1.0101) -> clamped
2026-09-28 22:01:39 | src.evaluation.evaluator       | WARNING | SNR=19.0 dB: 7/1792 sensing elements outside [0,1] (min=-0.0222, max=1.1297) -> clamped
2026-09-28 22:01:40 | src.evaluation.evaluator       | WARNING | SNR=21.0 dB: 4/768 sensing elements outside [0,1] (min=-0.0111, max=1.1345) -> clamped
2026-09-28 22:01:40 | src.evaluation.evaluator       | INFO   | Evaluation completed for 14 SNR points
2026-09-28 22:01:40 | src.experiments.run_jamming    | INFO   | jamming partial_band r=3 JSR=-6.0 dB | BER=0.06194
2026-09-28 22:01:40 | src.evaluation.evaluator       | INFO   | Starting evaluation over 14 SNR points
2026-09-28 22:01:45 | src.evaluation.evaluator       | WARNING | SNR=7.0 dB: 1/256 sensing elements outside [0,1] (min=0.1780, max=1.0510) -> clamped
2026-09-28 22:01:47 | src.evaluation.evaluator       | WARNING | SNR=11.0 dB: 2/512 sensing elements outside [0,1] (min=-0.0004, max=1.0658) -> clamped
2026-09-28 22:01:48 | src.evaluation.evaluator       | WARNING | SNR=15.0 dB: 2/512 sensing elements outside [0,1] (min=0.0628, max=1.0307) -> clamped
2026-09-28 22:01:49 | src.evaluation.evaluator       | WARNING | SNR=17.0 dB: 2/512 sensing elements outside [0,1] (min=-0.0077, max=1.0067) -> clamped
2026-09-28 22:01:49 | src.evaluation.evaluator       | WARNING | SNR=19.0 dB: 1/256 sensing elements outside [0,1] (min=0.0910, max=1.0023) -> clamped
2026-09-28 22:01:50 | src.evaluation.evaluator       | INFO   | Evaluation completed for 14 SNR points
2026-09-28 22:01:50 | src.experiments.run_jamming    | INFO   | jamming partial_band r=3 JSR=-4.0 dB | BER=0.12748
2026-09-28 22:01:50 | src.evaluation.evaluator       | INFO   | Starting evaluation over 14 SNR points
2026-09-28 22:01:52 | src.evaluation.evaluator       | WARNING | SNR=3.0 dB: 1/256 sensing elements outside [0,1] (min=0.1613, max=1.0022) -> clamped
2026-09-28 22:01:52 | src.evaluation.evaluator       | WARNING | SNR=7.0 dB: 1/256 sensing elements outside [0,1] (min=0.2003, max=1.0553) -> clamped
2026-09-28 22:01:55 | src.evaluation.evaluator       | WARNING | SNR=19.0 dB: 1/256 sensing elements outside [0,1] (min=0.1155, max=1.0139) -> clamped
2026-09-28 22:01:55 | src.evaluation.evaluator       | INFO   | Evaluation completed for 14 SNR points
2026-09-28 22:01:55 | src.experiments.run_jamming    | INFO   | jamming partial_band r=3 JSR=-2.0 dB | BER=0.24516
2026-09-28 22:01:55 | src.evaluation.evaluator       | INFO   | Starting evaluation over 14 SNR points
2026-09-28 22:01:56 | src.evaluation.evaluator       | WARNING | SNR=3.0 dB: 1/256 sensing elements outside [0,1] (min=0.1696, max=1.0399) -> clamped
2026-09-28 22:01:57 | src.evaluation.evaluator       | WARNING | SNR=7.0 dB: 1/256 sensing elements outside [0,1] (min=0.1979, max=1.0517) -> clamped
2026-09-28 22:01:59 | src.evaluation.evaluator       | WARNING | SNR=19.0 dB: 1/256 sensing elements outside [0,1] (min=0.1645, max=1.0259) -> clamped
2026-09-28 22:01:59 | src.evaluation.evaluator       | INFO   | Evaluation completed for 14 SNR points
2026-09-28 22:01:59 | src.experiments.run_jamming    | INFO   | jamming partial_band r=3 JSR=0.0 dB | BER=0.38198
2026-09-28 22:01:59 | src.evaluation.evaluator       | INFO   | Starting evaluation over 14 SNR points
2026-09-28 22:02:00 | src.evaluation.evaluator       | WARNING | SNR=-1.0 dB: 1/256 sensing elements outside [0,1] (min=0.0903, max=1.0069) -> clamped
2026-09-28 22:02:00 | src.evaluation.evaluator       | WARNING | SNR=3.0 dB: 1/256 sensing elements outside [0,1] (min=0.1907, max=1.0775) -> clamped
2026-09-28 22:02:01 | src.evaluation.evaluator       | WARNING | SNR=7.0 dB: 1/256 sensing elements outside [0,1] (min=0.2027, max=1.0438) -> clamped
2026-09-28 22:02:02 | src.evaluation.evaluator       | WARNING | SNR=19.0 dB: 1/256 sensing elements outside [0,1] (min=0.1873, max=1.0412) -> clamped
2026-09-28 22:02:02 | src.evaluation.evaluator       | WARNING | SNR=21.0 dB: 1/256 sensing elements outside [0,1] (min=0.0993, max=1.0201) -> clamped
2026-09-28 22:02:02 | src.evaluation.evaluator       | INFO   | Evaluation completed for 14 SNR points
2026-09-28 22:02:02 | src.experiments.run_jamming    | INFO   | jamming partial_band r=3 JSR=2.0 dB | BER=0.45480
2026-09-28 22:02:02 | src.evaluation.evaluator       | INFO   | Starting evaluation over 14 SNR points
2026-09-28 22:02:02 | src.evaluation.evaluator       | WARNING | SNR=-3.0 dB: 2/256 sensing elements outside [0,1] (min=-0.0968, max=0.8720) -> clamped
2026-09-28 22:02:03 | src.evaluation.evaluator       | WARNING | SNR=-1.0 dB: 1/256 sensing elements outside [0,1] (min=0.1079, max=1.0125) -> clamped
2026-09-28 22:02:03 | src.evaluation.evaluator       | WARNING | SNR=3.0 dB: 1/256 sensing elements outside [0,1] (min=0.1456, max=1.1103) -> clamped
2026-09-28 22:02:03 | src.evaluation.evaluator       | WARNING | SNR=5.0 dB: 1/256 sensing elements outside [0,1] (min=-0.0207, max=0.8316) -> clamped
2026-09-28 22:02:03 | src.evaluation.evaluator       | WARNING | SNR=7.0 dB: 1/256 sensing elements outside [0,1] (min=0.1934, max=1.0222) -> clamped
2026-09-28 22:02:04 | src.evaluation.evaluator       | WARNING | SNR=11.0 dB: 1/256 sensing elements outside [0,1] (min=-0.0294, max=0.9079) -> clamped
2026-09-28 22:02:04 | src.evaluation.evaluator       | WARNING | SNR=15.0 dB: 1/256 sensing elements outside [0,1] (min=-0.0863, max=0.9430) -> clamped
2026-09-28 22:02:04 | src.evaluation.evaluator       | WARNING | SNR=19.0 dB: 1/256 sensing elements outside [0,1] (min=0.1686, max=1.0561) -> clamped
2026-09-28 22:02:05 | src.evaluation.evaluator       | WARNING | SNR=21.0 dB: 1/256 sensing elements outside [0,1] (min=0.1292, max=1.1475) -> clamped
2026-09-28 22:02:05 | src.evaluation.evaluator       | INFO   | Evaluation completed for 14 SNR points
2026-09-28 22:02:05 | src.experiments.run_jamming    | INFO   | jamming partial_band r=3 JSR=4.0 dB | BER=0.48521
2026-09-28 22:02:05 | src.evaluation.evaluator       | INFO   | Starting evaluation over 14 SNR points
2026-09-28 22:02:05 | src.evaluation.evaluator       | WARNING | SNR=-5.0 dB: 3/512 sensing elements outside [0,1] (min=-0.1061, max=0.9644) -> clamped
2026-09-28 22:02:05 | src.evaluation.evaluator       | WARNING | SNR=-3.0 dB: 3/256 sensing elements outside [0,1] (min=-0.2938, max=0.9082) -> clamped
2026-09-28 22:02:05 | src.evaluation.evaluator       | WARNING | SNR=1.0 dB: 1/256 sensing elements outside [0,1] (min=-0.0366, max=0.9244) -> clamped
2026-09-28 22:02:06 | src.evaluation.evaluator       | WARNING | SNR=3.0 dB: 3/512 sensing elements outside [0,1] (min=-0.1201, max=1.1476) -> clamped
2026-09-28 22:02:06 | src.evaluation.evaluator       | WARNING | SNR=5.0 dB: 1/256 sensing elements outside [0,1] (min=-0.1880, max=0.8938) -> clamped
2026-09-28 22:02:06 | src.evaluation.evaluator       | WARNING | SNR=9.0 dB: 1/256 sensing elements outside [0,1] (min=-0.1207, max=0.9191) -> clamped
2026-09-28 22:02:06 | src.evaluation.evaluator       | WARNING | SNR=11.0 dB: 4/512 sensing elements outside [0,1] (min=-0.2307, max=1.0729) -> clamped
2026-09-28 22:02:06 | src.evaluation.evaluator       | WARNING | SNR=13.0 dB: 1/256 sensing elements outside [0,1] (min=-0.1131, max=0.9275) -> clamped
2026-09-28 22:02:07 | src.evaluation.evaluator       | WARNING | SNR=15.0 dB: 2/512 sensing elements outside [0,1] (min=-0.3223, max=1.0379) -> clamped
2026-09-28 22:02:07 | src.evaluation.evaluator       | WARNING | SNR=17.0 dB: 2/256 sensing elements outside [0,1] (min=-0.0438, max=0.9177) -> clamped
2026-09-28 22:02:07 | src.evaluation.evaluator       | WARNING | SNR=19.0 dB: 2/512 sensing elements outside [0,1] (min=-0.0427, max=1.0721) -> clamped
2026-09-28 22:02:07 | src.evaluation.evaluator       | WARNING | SNR=21.0 dB: 2/512 sensing elements outside [0,1] (min=-0.1166, max=1.2606) -> clamped
2026-09-28 22:02:07 | src.evaluation.evaluator       | INFO   | Evaluation completed for 14 SNR points
2026-09-28 22:02:07 | src.experiments.run_jamming    | INFO   | jamming partial_band r=3 JSR=6.0 dB | BER=0.48884
2026-09-28 22:02:07 | src.evaluation.evaluator       | INFO   | Starting evaluation over 14 SNR points
2026-09-28 22:02:07 | src.evaluation.evaluator       | WARNING | SNR=-5.0 dB: 7/512 sensing elements outside [0,1] (min=-0.2931, max=1.0397) -> clamped
2026-09-28 22:02:08 | src.evaluation.evaluator       | WARNING | SNR=-3.0 dB: 6/512 sensing elements outside [0,1] (min=-0.5142, max=0.9932) -> clamped
2026-09-28 22:02:08 | src.evaluation.evaluator       | WARNING | SNR=-1.0 dB: 4/256 sensing elements outside [0,1] (min=-0.1066, max=0.9895) -> clamped
2026-09-28 22:02:08 | src.evaluation.evaluator       | WARNING | SNR=1.0 dB: 5/256 sensing elements outside [0,1] (min=-0.2918, max=1.0165) -> clamped
2026-09-28 22:02:08 | src.evaluation.evaluator       | WARNING | SNR=3.0 dB: 7/512 sensing elements outside [0,1] (min=-0.3401, max=1.2109) -> clamped
2026-09-28 22:02:08 | src.evaluation.evaluator       | WARNING | SNR=5.0 dB: 3/512 sensing elements outside [0,1] (min=-0.3869, max=0.9670) -> clamped
2026-09-28 22:02:08 | src.evaluation.evaluator       | WARNING | SNR=7.0 dB: 2/512 sensing elements outside [0,1] (min=-0.0255, max=1.0205) -> clamped
2026-09-28 22:02:09 | src.evaluation.evaluator       | WARNING | SNR=9.0 dB: 6/512 sensing elements outside [0,1] (min=-0.3291, max=1.0128) -> clamped
2026-09-28 22:02:09 | src.evaluation.evaluator       | WARNING | SNR=11.0 dB: 6/512 sensing elements outside [0,1] (min=-0.4896, max=1.1814) -> clamped
2026-09-28 22:02:09 | src.evaluation.evaluator       | WARNING | SNR=13.0 dB: 8/512 sensing elements outside [0,1] (min=-0.2994, max=0.9312) -> clamped
2026-09-28 22:02:09 | src.evaluation.evaluator       | WARNING | SNR=15.0 dB: 4/512 sensing elements outside [0,1] (min=-0.6169, max=1.1140) -> clamped
2026-09-28 22:02:09 | src.evaluation.evaluator       | WARNING | SNR=17.0 dB: 6/256 sensing elements outside [0,1] (min=-0.2541, max=0.9732) -> clamped
2026-09-28 22:02:10 | src.evaluation.evaluator       | WARNING | SNR=19.0 dB: 9/512 sensing elements outside [0,1] (min=-0.2355, max=1.0958) -> clamped
2026-09-28 22:02:10 | src.evaluation.evaluator       | WARNING | SNR=21.0 dB: 4/512 sensing elements outside [0,1] (min=-0.3767, max=1.4039) -> clamped
2026-09-28 22:02:10 | src.evaluation.evaluator       | INFO   | Evaluation completed for 14 SNR points
2026-09-28 22:02:10 | src.experiments.run_jamming    | INFO   | jamming partial_band r=3 JSR=8.0 dB | BER=0.48968
2026-09-28 22:02:10 | src.evaluation.evaluator       | INFO   | Starting evaluation over 14 SNR points
2026-09-28 22:02:10 | src.evaluation.evaluator       | WARNING | SNR=-5.0 dB: 15/512 sensing elements outside [0,1] (min=-0.5744, max=1.1520) -> clamped
2026-09-28 22:02:10 | src.evaluation.evaluator       | WARNING | SNR=-3.0 dB: 20/512 sensing elements outside [0,1] (min=-0.7885, max=1.1048) -> clamped
2026-09-28 22:02:11 | src.evaluation.evaluator       | WARNING | SNR=-1.0 dB: 20/512 sensing elements outside [0,1] (min=-0.2635, max=1.0351) -> clamped
2026-09-28 22:02:11 | src.evaluation.evaluator       | WARNING | SNR=1.0 dB: 20/512 sensing elements outside [0,1] (min=-0.5936, max=1.1204) -> clamped
2026-09-28 22:02:11 | src.evaluation.evaluator       | WARNING | SNR=3.0 dB: 20/512 sensing elements outside [0,1] (min=-0.6731, max=1.2992) -> clamped
2026-09-28 22:02:11 | src.evaluation.evaluator       | WARNING | SNR=5.0 dB: 16/512 sensing elements outside [0,1] (min=-0.6297, max=1.0004) -> clamped
2026-09-28 22:02:12 | src.evaluation.evaluator       | WARNING | SNR=7.0 dB: 14/512 sensing elements outside [0,1] (min=-0.1905, max=1.0610) -> clamped
2026-09-28 22:02:12 | src.evaluation.evaluator       | WARNING | SNR=9.0 dB: 16/512 sensing elements outside [0,1] (min=-0.5680, max=1.1209) -> clamped
2026-09-28 22:02:12 | src.evaluation.evaluator       | WARNING | SNR=11.0 dB: 21/512 sensing elements outside [0,1] (min=-0.7941, max=1.3289) -> clamped
2026-09-28 22:02:12 | src.evaluation.evaluator       | WARNING | SNR=13.0 dB: 16/512 sensing elements outside [0,1] (min=-0.5612, max=0.9645) -> clamped
2026-09-28 22:02:12 | src.evaluation.evaluator       | WARNING | SNR=15.0 dB: 22/512 sensing elements outside [0,1] (min=-1.0084, max=1.1907) -> clamped
2026-09-28 22:02:13 | src.evaluation.evaluator       | WARNING | SNR=17.0 dB: 26/512 sensing elements outside [0,1] (min=-0.5294, max=1.0374) -> clamped
2026-09-28 22:02:13 | src.evaluation.evaluator       | WARNING | SNR=19.0 dB: 22/512 sensing elements outside [0,1] (min=-0.4687, max=1.1387) -> clamped
2026-09-28 22:02:13 | src.evaluation.evaluator       | WARNING | SNR=21.0 dB: 16/512 sensing elements outside [0,1] (min=-0.6924, max=1.5848) -> clamped
2026-09-28 22:02:13 | src.evaluation.evaluator       | INFO   | Evaluation completed for 14 SNR points
2026-09-28 22:02:13 | src.experiments.run_jamming    | INFO   | jamming partial_band r=3 JSR=10.0 dB | BER=0.48968
2026-09-28 22:02:14 | src.evaluation.evaluator       | INFO   | Starting evaluation over 14 SNR points
2026-09-28 22:02:14 | src.evaluation.evaluator       | WARNING | SNR=-5.0 dB: 1/256 sensing elements outside [0,1] (min=-0.0051, max=0.7914) -> clamped
2026-09-28 22:02:16 | src.evaluation.evaluator       | WARNING | SNR=-3.0 dB: 2/512 sensing elements outside [0,1] (min=-0.0029, max=1.0008) -> clamped
2026-09-28 22:02:18 | src.evaluation.evaluator       | WARNING | SNR=-1.0 dB: 1/256 sensing elements outside [0,1] (min=0.0583, max=1.0478) -> clamped
2026-09-28 22:02:20 | src.evaluation.evaluator       | WARNING | SNR=1.0 dB: 2/512 sensing elements outside [0,1] (min=-0.1001, max=0.9686) -> clamped
2026-09-28 22:02:22 | src.evaluation.evaluator       | WARNING | SNR=3.0 dB: 3/768 sensing elements outside [0,1] (min=-0.0753, max=1.0058) -> clamped
2026-09-28 22:02:24 | src.evaluation.evaluator       | WARNING | SNR=5.0 dB: 4/1024 sensing elements outside [0,1] (min=0.0284, max=1.0779) -> clamped
2026-09-28 22:02:27 | src.evaluation.evaluator       | WARNING | SNR=7.0 dB: 10/2048 sensing elements outside [0,1] (min=-0.0083, max=1.0712) -> clamped
2026-09-28 22:02:29 | src.evaluation.evaluator       | WARNING | SNR=9.0 dB: 2/512 sensing elements outside [0,1] (min=0.0490, max=1.0216) -> clamped
2026-09-28 22:02:31 | src.evaluation.evaluator       | WARNING | SNR=11.0 dB: 4/768 sensing elements outside [0,1] (min=0.0114, max=1.1394) -> clamped
2026-09-28 22:02:33 | src.evaluation.evaluator       | WARNING | SNR=13.0 dB: 11/2304 sensing elements outside [0,1] (min=-0.0215, max=1.0641) -> clamped
2026-09-28 22:02:35 | src.evaluation.evaluator       | WARNING | SNR=15.0 dB: 10/2048 sensing elements outside [0,1] (min=0.0033, max=1.0674) -> clamped
2026-09-28 22:02:37 | src.evaluation.evaluator       | WARNING | SNR=17.0 dB: 15/2816 sensing elements outside [0,1] (min=-0.0186, max=1.0660) -> clamped
2026-09-28 22:02:40 | src.evaluation.evaluator       | WARNING | SNR=19.0 dB: 13/2560 sensing elements outside [0,1] (min=-0.0419, max=1.0323) -> clamped
2026-09-28 22:02:43 | src.evaluation.evaluator       | WARNING | SNR=21.0 dB: 11/2560 sensing elements outside [0,1] (min=0.0122, max=1.1204) -> clamped
2026-09-28 22:02:43 | src.evaluation.evaluator       | INFO   | Evaluation completed for 14 SNR points
2026-09-28 22:02:43 | src.experiments.run_jamming    | INFO   | jamming partial_band r=4 JSR=-10.0 dB | BER=0.01436
2026-09-28 22:02:43 | src.evaluation.evaluator       | INFO   | Starting evaluation over 14 SNR points
2026-09-28 22:02:43 | src.evaluation.evaluator       | WARNING | SNR=-5.0 dB: 1/256 sensing elements outside [0,1] (min=-0.0052, max=0.7909) -> clamped
2026-09-28 22:02:45 | src.evaluation.evaluator       | WARNING | SNR=-3.0 dB: 1/256 sensing elements outside [0,1] (min=-0.0079, max=0.8395) -> clamped
2026-09-28 22:02:47 | src.evaluation.evaluator       | WARNING | SNR=-1.0 dB: 1/256 sensing elements outside [0,1] (min=0.0568, max=1.0384) -> clamped
2026-09-28 22:02:49 | src.evaluation.evaluator       | WARNING | SNR=1.0 dB: 2/512 sensing elements outside [0,1] (min=-0.0998, max=0.9658) -> clamped
2026-09-28 22:02:51 | src.evaluation.evaluator       | WARNING | SNR=3.0 dB: 3/768 sensing elements outside [0,1] (min=-0.0718, max=1.0066) -> clamped
2026-09-28 22:02:54 | src.evaluation.evaluator       | WARNING | SNR=5.0 dB: 2/512 sensing elements outside [0,1] (min=0.1131, max=1.0719) -> clamped
2026-09-28 22:02:56 | src.evaluation.evaluator       | WARNING | SNR=7.0 dB: 7/1536 sensing elements outside [0,1] (min=-0.0014, max=1.0620) -> clamped
2026-09-28 22:02:58 | src.evaluation.evaluator       | WARNING | SNR=9.0 dB: 1/256 sensing elements outside [0,1] (min=0.0381, max=1.0071) -> clamped
2026-09-28 22:03:00 | src.evaluation.evaluator       | WARNING | SNR=11.0 dB: 3/512 sensing elements outside [0,1] (min=0.0134, max=1.1307) -> clamped
2026-09-28 22:03:02 | src.evaluation.evaluator       | WARNING | SNR=13.0 dB: 8/1536 sensing elements outside [0,1] (min=-0.0226, max=1.0545) -> clamped
2026-09-28 22:03:04 | src.evaluation.evaluator       | WARNING | SNR=15.0 dB: 6/1536 sensing elements outside [0,1] (min=0.0135, max=1.0565) -> clamped
2026-09-28 22:03:07 | src.evaluation.evaluator       | WARNING | SNR=17.0 dB: 10/2048 sensing elements outside [0,1] (min=-0.0118, max=1.0664) -> clamped
2026-09-28 22:03:10 | src.evaluation.evaluator       | WARNING | SNR=19.0 dB: 9/1792 sensing elements outside [0,1] (min=-0.0268, max=1.0195) -> clamped
2026-09-28 22:03:12 | src.evaluation.evaluator       | WARNING | SNR=21.0 dB: 7/1792 sensing elements outside [0,1] (min=0.0269, max=1.1121) -> clamped
2026-09-28 22:03:12 | src.evaluation.evaluator       | INFO   | Evaluation completed for 14 SNR points
2026-09-28 22:03:12 | src.experiments.run_jamming    | INFO   | jamming partial_band r=4 JSR=-8.0 dB | BER=0.01924
2026-09-28 22:03:12 | src.evaluation.evaluator       | INFO   | Starting evaluation over 14 SNR points
2026-09-28 22:03:12 | src.evaluation.evaluator       | WARNING | SNR=-5.0 dB: 1/256 sensing elements outside [0,1] (min=-0.0015, max=0.7944) -> clamped
2026-09-28 22:03:13 | src.evaluation.evaluator       | WARNING | SNR=-3.0 dB: 1/256 sensing elements outside [0,1] (min=-0.0122, max=0.8253) -> clamped
2026-09-28 22:03:15 | src.evaluation.evaluator       | WARNING | SNR=-1.0 dB: 1/256 sensing elements outside [0,1] (min=0.0596, max=1.0147) -> clamped
2026-09-28 22:03:17 | src.evaluation.evaluator       | WARNING | SNR=1.0 dB: 1/256 sensing elements outside [0,1] (min=-0.1026, max=0.9492) -> clamped
2026-09-28 22:03:19 | src.evaluation.evaluator       | WARNING | SNR=3.0 dB: 2/512 sensing elements outside [0,1] (min=-0.0590, max=0.8739) -> clamped
2026-09-28 22:03:22 | src.evaluation.evaluator       | WARNING | SNR=5.0 dB: 2/512 sensing elements outside [0,1] (min=0.1474, max=1.0592) -> clamped
2026-09-28 22:03:24 | src.evaluation.evaluator       | WARNING | SNR=7.0 dB: 3/768 sensing elements outside [0,1] (min=0.0681, max=1.0491) -> clamped
2026-09-28 22:03:28 | src.evaluation.evaluator       | WARNING | SNR=11.0 dB: 3/512 sensing elements outside [0,1] (min=0.0145, max=1.1154) -> clamped
2026-09-28 22:03:30 | src.evaluation.evaluator       | WARNING | SNR=13.0 dB: 4/768 sensing elements outside [0,1] (min=-0.0226, max=1.0389) -> clamped
2026-09-28 22:03:32 | src.evaluation.evaluator       | WARNING | SNR=15.0 dB: 4/1024 sensing elements outside [0,1] (min=0.0618, max=1.0571) -> clamped
2026-09-28 22:03:35 | src.evaluation.evaluator       | WARNING | SNR=17.0 dB: 5/1024 sensing elements outside [0,1] (min=-0.0039, max=1.0660) -> clamped
2026-09-28 22:03:38 | src.evaluation.evaluator       | WARNING | SNR=19.0 dB: 2/512 sensing elements outside [0,1] (min=-0.0056, max=1.0103) -> clamped
2026-09-28 22:03:40 | src.evaluation.evaluator       | WARNING | SNR=21.0 dB: 4/1024 sensing elements outside [0,1] (min=0.0730, max=1.0985) -> clamped
2026-09-28 22:03:40 | src.evaluation.evaluator       | INFO   | Evaluation completed for 14 SNR points
2026-09-28 22:03:40 | src.experiments.run_jamming    | INFO   | jamming partial_band r=4 JSR=-6.0 dB | BER=0.03235
2026-09-28 22:03:40 | src.evaluation.evaluator       | INFO   | Starting evaluation over 14 SNR points
2026-09-28 22:03:41 | src.evaluation.evaluator       | WARNING | SNR=-3.0 dB: 1/256 sensing elements outside [0,1] (min=-0.0150, max=0.8049) -> clamped
2026-09-28 22:03:45 | src.evaluation.evaluator       | WARNING | SNR=5.0 dB: 1/256 sensing elements outside [0,1] (min=0.1945, max=1.0073) -> clamped
2026-09-28 22:03:47 | src.evaluation.evaluator       | WARNING | SNR=7.0 dB: 2/512 sensing elements outside [0,1] (min=0.1080, max=1.0470) -> clamped
2026-09-28 22:03:52 | src.evaluation.evaluator       | WARNING | SNR=13.0 dB: 3/512 sensing elements outside [0,1] (min=-0.0181, max=1.0130) -> clamped
2026-09-28 22:03:54 | src.evaluation.evaluator       | WARNING | SNR=15.0 dB: 1/256 sensing elements outside [0,1] (min=0.2088, max=1.0556) -> clamped
2026-09-28 22:03:58 | src.evaluation.evaluator       | WARNING | SNR=21.0 dB: 3/768 sensing elements outside [0,1] (min=0.1353, max=1.0746) -> clamped
2026-09-28 22:03:58 | src.evaluation.evaluator       | INFO   | Evaluation completed for 14 SNR points
2026-09-28 22:03:58 | src.experiments.run_jamming    | INFO   | jamming partial_band r=4 JSR=-4.0 dB | BER=0.07036
2026-09-28 22:03:58 | src.evaluation.evaluator       | INFO   | Starting evaluation over 14 SNR points
2026-09-28 22:03:59 | src.evaluation.evaluator       | WARNING | SNR=-3.0 dB: 1/256 sensing elements outside [0,1] (min=-0.0157, max=0.7858) -> clamped
2026-09-28 22:04:04 | src.evaluation.evaluator       | WARNING | SNR=13.0 dB: 1/256 sensing elements outside [0,1] (min=-0.0114, max=0.9026) -> clamped
2026-09-28 22:04:05 | src.evaluation.evaluator       | WARNING | SNR=15.0 dB: 1/256 sensing elements outside [0,1] (min=0.2329, max=1.0492) -> clamped
2026-09-28 22:04:07 | src.evaluation.evaluator       | WARNING | SNR=21.0 dB: 1/256 sensing elements outside [0,1] (min=0.1772, max=1.0470) -> clamped
2026-09-28 22:04:07 | src.evaluation.evaluator       | INFO   | Evaluation completed for 14 SNR points
2026-09-28 22:04:07 | src.experiments.run_jamming    | INFO   | jamming partial_band r=4 JSR=-2.0 dB | BER=0.14317
2026-09-28 22:04:07 | src.evaluation.evaluator       | INFO   | Starting evaluation over 14 SNR points
2026-09-28 22:04:10 | src.evaluation.evaluator       | WARNING | SNR=13.0 dB: 1/256 sensing elements outside [0,1] (min=-0.0048, max=0.8771) -> clamped
2026-09-28 22:04:10 | src.evaluation.evaluator       | WARNING | SNR=15.0 dB: 1/256 sensing elements outside [0,1] (min=0.1668, max=1.0371) -> clamped
2026-09-28 22:04:11 | src.evaluation.evaluator       | INFO   | Evaluation completed for 14 SNR points
2026-09-28 22:04:11 | src.experiments.run_jamming    | INFO   | jamming partial_band r=4 JSR=0.0 dB | BER=0.25828
2026-09-28 22:04:11 | src.evaluation.evaluator       | INFO   | Starting evaluation over 14 SNR points
2026-09-28 22:04:14 | src.evaluation.evaluator       | WARNING | SNR=15.0 dB: 1/256 sensing elements outside [0,1] (min=0.0701, max=1.0284) -> clamped
2026-09-28 22:04:15 | src.evaluation.evaluator       | INFO   | Evaluation completed for 14 SNR points
2026-09-28 22:04:15 | src.experiments.run_jamming    | INFO   | jamming partial_band r=4 JSR=2.0 dB | BER=0.38607
2026-09-28 22:04:15 | src.evaluation.evaluator       | INFO   | Starting evaluation over 14 SNR points
2026-09-28 22:04:15 | src.evaluation.evaluator       | WARNING | SNR=-5.0 dB: 1/256 sensing elements outside [0,1] (min=-0.0363, max=0.9343) -> clamped
2026-09-28 22:04:16 | src.evaluation.evaluator       | WARNING | SNR=-1.0 dB: 1/256 sensing elements outside [0,1] (min=-0.0648, max=0.6841) -> clamped
2026-09-28 22:04:16 | src.evaluation.evaluator       | WARNING | SNR=1.0 dB: 2/256 sensing elements outside [0,1] (min=-0.0648, max=0.8417) -> clamped
2026-09-28 22:04:16 | src.evaluation.evaluator       | WARNING | SNR=3.0 dB: 1/256 sensing elements outside [0,1] (min=-0.0535, max=0.8260) -> clamped
2026-09-28 22:04:16 | src.evaluation.evaluator       | WARNING | SNR=5.0 dB: 1/256 sensing elements outside [0,1] (min=-0.0298, max=0.6979) -> clamped
2026-09-28 22:04:18 | src.evaluation.evaluator       | WARNING | SNR=15.0 dB: 2/256 sensing elements outside [0,1] (min=-0.0505, max=1.0147) -> clamped
2026-09-28 22:04:18 | src.evaluation.evaluator       | WARNING | SNR=19.0 dB: 1/256 sensing elements outside [0,1] (min=-0.0089, max=0.7581) -> clamped
2026-09-28 22:04:18 | src.evaluation.evaluator       | INFO   | Evaluation completed for 14 SNR points
2026-09-28 22:04:18 | src.experiments.run_jamming    | INFO   | jamming partial_band r=4 JSR=4.0 dB | BER=0.46735
2026-09-28 22:04:18 | src.evaluation.evaluator       | INFO   | Starting evaluation over 14 SNR points
2026-09-28 22:04:19 | src.evaluation.evaluator       | WARNING | SNR=-5.0 dB: 5/512 sensing elements outside [0,1] (min=-0.1887, max=0.9672) -> clamped
2026-09-28 22:04:19 | src.evaluation.evaluator       | WARNING | SNR=-3.0 dB: 2/256 sensing elements outside [0,1] (min=-0.1830, max=0.7744) -> clamped
2026-09-28 22:04:19 | src.evaluation.evaluator       | WARNING | SNR=-1.0 dB: 9/512 sensing elements outside [0,1] (min=-0.2454, max=0.7231) -> clamped
2026-09-28 22:04:19 | src.evaluation.evaluator       | WARNING | SNR=1.0 dB: 5/512 sensing elements outside [0,1] (min=-0.2379, max=0.8003) -> clamped
2026-09-28 22:04:19 | src.evaluation.evaluator       | WARNING | SNR=3.0 dB: 2/256 sensing elements outside [0,1] (min=-0.2073, max=0.8468) -> clamped
2026-09-28 22:04:19 | src.evaluation.evaluator       | WARNING | SNR=5.0 dB: 4/512 sensing elements outside [0,1] (min=-0.2270, max=0.8008) -> clamped
2026-09-28 22:04:20 | src.evaluation.evaluator       | WARNING | SNR=7.0 dB: 2/256 sensing elements outside [0,1] (min=-0.0826, max=0.7521) -> clamped
2026-09-28 22:04:20 | src.evaluation.evaluator       | WARNING | SNR=9.0 dB: 3/256 sensing elements outside [0,1] (min=-0.1142, max=0.7853) -> clamped
2026-09-28 22:04:20 | src.evaluation.evaluator       | WARNING | SNR=11.0 dB: 4/512 sensing elements outside [0,1] (min=-0.1217, max=0.8851) -> clamped
2026-09-28 22:04:20 | src.evaluation.evaluator       | WARNING | SNR=13.0 dB: 2/512 sensing elements outside [0,1] (min=-0.1649, max=0.7570) -> clamped
2026-09-28 22:04:20 | src.evaluation.evaluator       | WARNING | SNR=15.0 dB: 4/512 sensing elements outside [0,1] (min=-0.1859, max=1.0001) -> clamped
2026-09-28 22:04:21 | src.evaluation.evaluator       | WARNING | SNR=17.0 dB: 5/512 sensing elements outside [0,1] (min=-0.1111, max=0.7425) -> clamped
2026-09-28 22:04:21 | src.evaluation.evaluator       | WARNING | SNR=19.0 dB: 4/256 sensing elements outside [0,1] (min=-0.1586, max=0.7553) -> clamped
2026-09-28 22:04:21 | src.evaluation.evaluator       | WARNING | SNR=21.0 dB: 2/256 sensing elements outside [0,1] (min=-0.0453, max=0.7317) -> clamped
2026-09-28 22:04:21 | src.evaluation.evaluator       | INFO   | Evaluation completed for 14 SNR points
2026-09-28 22:04:21 | src.experiments.run_jamming    | INFO   | jamming partial_band r=4 JSR=6.0 dB | BER=0.49581
2026-09-28 22:04:21 | src.evaluation.evaluator       | INFO   | Starting evaluation over 14 SNR points
2026-09-28 22:04:21 | src.evaluation.evaluator       | WARNING | SNR=-5.0 dB: 14/512 sensing elements outside [0,1] (min=-0.3603, max=0.9701) -> clamped
2026-09-28 22:04:21 | src.evaluation.evaluator       | WARNING | SNR=-3.0 dB: 21/512 sensing elements outside [0,1] (min=-0.4580, max=0.7678) -> clamped
2026-09-28 22:04:22 | src.evaluation.evaluator       | WARNING | SNR=-1.0 dB: 21/512 sensing elements outside [0,1] (min=-0.4552, max=0.7739) -> clamped
2026-09-28 22:04:22 | src.evaluation.evaluator       | WARNING | SNR=1.0 dB: 17/512 sensing elements outside [0,1] (min=-0.4673, max=0.8298) -> clamped
2026-09-28 22:04:22 | src.evaluation.evaluator       | WARNING | SNR=3.0 dB: 17/512 sensing elements outside [0,1] (min=-0.3807, max=0.8620) -> clamped
2026-09-28 22:04:22 | src.evaluation.evaluator       | WARNING | SNR=5.0 dB: 13/512 sensing elements outside [0,1] (min=-0.4373, max=0.7957) -> clamped
2026-09-28 22:04:22 | src.evaluation.evaluator       | WARNING | SNR=7.0 dB: 14/512 sensing elements outside [0,1] (min=-0.2625, max=0.7407) -> clamped
2026-09-28 22:04:22 | src.evaluation.evaluator       | WARNING | SNR=9.0 dB: 12/512 sensing elements outside [0,1] (min=-0.3105, max=0.7375) -> clamped
2026-09-28 22:04:23 | src.evaluation.evaluator       | WARNING | SNR=11.0 dB: 12/512 sensing elements outside [0,1] (min=-0.3353, max=0.8854) -> clamped
2026-09-28 22:04:23 | src.evaluation.evaluator       | WARNING | SNR=13.0 dB: 14/512 sensing elements outside [0,1] (min=-0.3905, max=0.8212) -> clamped
2026-09-28 22:04:23 | src.evaluation.evaluator       | WARNING | SNR=15.0 dB: 11/512 sensing elements outside [0,1] (min=-0.3359, max=0.9844) -> clamped
2026-09-28 22:04:23 | src.evaluation.evaluator       | WARNING | SNR=17.0 dB: 16/512 sensing elements outside [0,1] (min=-0.2861, max=0.7538) -> clamped
2026-09-28 22:04:23 | src.evaluation.evaluator       | WARNING | SNR=19.0 dB: 12/512 sensing elements outside [0,1] (min=-0.3464, max=0.7682) -> clamped
2026-09-28 22:04:24 | src.evaluation.evaluator       | WARNING | SNR=21.0 dB: 12/512 sensing elements outside [0,1] (min=-0.2585, max=0.8037) -> clamped
2026-09-28 22:04:24 | src.evaluation.evaluator       | INFO   | Evaluation completed for 14 SNR points
2026-09-28 22:04:24 | src.experiments.run_jamming    | INFO   | jamming partial_band r=4 JSR=8.0 dB | BER=0.50502
2026-09-28 22:04:24 | src.evaluation.evaluator       | INFO   | Starting evaluation over 14 SNR points
2026-09-28 22:04:24 | src.evaluation.evaluator       | WARNING | SNR=-5.0 dB: 39/512 sensing elements outside [0,1] (min=-0.5729, max=1.0213) -> clamped
2026-09-28 22:04:24 | src.evaluation.evaluator       | WARNING | SNR=-3.0 dB: 44/512 sensing elements outside [0,1] (min=-0.8111, max=0.7728) -> clamped
2026-09-28 22:04:24 | src.evaluation.evaluator       | WARNING | SNR=-1.0 dB: 38/512 sensing elements outside [0,1] (min=-0.6850, max=0.8427) -> clamped
2026-09-28 22:04:24 | src.evaluation.evaluator       | WARNING | SNR=1.0 dB: 41/512 sensing elements outside [0,1] (min=-0.7569, max=0.8762) -> clamped
2026-09-28 22:04:24 | src.evaluation.evaluator       | WARNING | SNR=3.0 dB: 41/512 sensing elements outside [0,1] (min=-0.5719, max=0.8456) -> clamped
2026-09-28 22:04:25 | src.evaluation.evaluator       | WARNING | SNR=5.0 dB: 38/512 sensing elements outside [0,1] (min=-0.6483, max=0.7781) -> clamped
2026-09-28 22:04:25 | src.evaluation.evaluator       | WARNING | SNR=7.0 dB: 39/512 sensing elements outside [0,1] (min=-0.4734, max=0.8036) -> clamped
2026-09-28 22:04:25 | src.evaluation.evaluator       | WARNING | SNR=9.0 dB: 30/512 sensing elements outside [0,1] (min=-0.5344, max=0.7068) -> clamped
2026-09-28 22:04:25 | src.evaluation.evaluator       | WARNING | SNR=11.0 dB: 33/512 sensing elements outside [0,1] (min=-0.5783, max=0.9316) -> clamped
2026-09-28 22:04:25 | src.evaluation.evaluator       | WARNING | SNR=13.0 dB: 33/512 sensing elements outside [0,1] (min=-0.6937, max=0.8911) -> clamped
2026-09-28 22:04:26 | src.evaluation.evaluator       | WARNING | SNR=15.0 dB: 31/512 sensing elements outside [0,1] (min=-0.5048, max=0.9912) -> clamped
2026-09-28 22:04:26 | src.evaluation.evaluator       | WARNING | SNR=17.0 dB: 42/512 sensing elements outside [0,1] (min=-0.5481, max=0.7567) -> clamped
2026-09-28 22:04:26 | src.evaluation.evaluator       | WARNING | SNR=19.0 dB: 34/512 sensing elements outside [0,1] (min=-0.6723, max=0.8033) -> clamped
2026-09-28 22:04:26 | src.evaluation.evaluator       | WARNING | SNR=21.0 dB: 36/512 sensing elements outside [0,1] (min=-0.5391, max=0.8265) -> clamped
2026-09-28 22:04:26 | src.evaluation.evaluator       | INFO   | Evaluation completed for 14 SNR points
2026-09-28 22:04:26 | src.experiments.run_jamming    | INFO   | jamming partial_band r=4 JSR=10.0 dB | BER=0.50670
2026-09-28 22:04:26 | src.experiments.run_jamming    | INFO   | Results for partial_band saved to /content/drive/MyDrive/DHUC_RUN/mc_dlsk/full/jamming/mc_dlsk/jamming/jamming_results_partial_band.csv
2026-09-28 22:04:26 | src.experiments.run_jamming    | INFO   | Per-realization results for partial_band saved to /content/drive/MyDrive/DHUC_RUN/mc_dlsk/full/jamming/mc_dlsk/jamming/jamming_realizations_partial_band.csv
2026-09-28 22:04:27 | src.experiments.run_jamming    | INFO   | Overlay plot saved to /content/drive/MyDrive/DHUC_RUN/mc_dlsk/full/jamming/mc_dlsk/jamming/plots/ber_vs_jsr_overlay.pdf
2026-09-28 22:04:28 | src.experiments.run_jamming    | INFO   | Jammed vs clean plot saved to /content/drive/MyDrive/DHUC_RUN/mc_dlsk/full/jamming/mc_dlsk/jamming/plots/ber_vs_jsr_mc_dlsk_vs_clean.pdf
2026-09-28 22:04:28 | src.experiments.run_jamming    | INFO   | Separate plot for cw saved to /content/drive/MyDrive/DHUC_RUN/mc_dlsk/full/jamming/mc_dlsk/jamming/plots/ber_vs_jsr_cw.pdf
2026-09-28 22:04:29 | src.experiments.run_jamming    | INFO   | Separate plot for barrage saved to /content/drive/MyDrive/DHUC_RUN/mc_dlsk/full/jamming/mc_dlsk/jamming/plots/ber_vs_jsr_barrage.pdf
2026-09-28 22:04:30 | src.experiments.run_jamming    | INFO   | Separate plot for partial_band saved to /content/drive/MyDrive/DHUC_RUN/mc_dlsk/full/jamming/mc_dlsk/jamming/plots/ber_vs_jsr_partial_band.pdf
2026-09-28 22:04:30 | src.experiments.pipeline       | INFO   | Jamming evaluation completed. Results saved to /content/drive/MyDrive/DHUC_RUN/mc_dlsk/full/jamming/mc_dlsk/jamming
2026-09-28 22:04:31 | __main__                       | INFO   | Jamming vs clean ber_vs_snr comparison saved to /content/drive/MyDrive/DHUC_RUN/mc_dlsk/full/jamming/mc_dlsk/jamming/ber_vs_jsr_mc_dlsk_vs_clean.pdf
2026-09-28 22:04:31 | __main__                       | INFO   | RSS [jamming mc_dlsk] = 3.36 GB
2026-09-28 22:04:33 | __main__                       | INFO   | Multi-model plot saved to /content/drive/MyDrive/DHUC_RUN/mc_dlsk/full/jamming/plots/ber_vs_jsr_all_models.pdf
2026-09-28 22:04:33 | __main__                       | INFO   | jamming experiment completed.
2026-09-28 22:04:33 | __main__                       | INFO   | Experiment jamming completed successfully.
2026-09-28 22:04:33 | __main__                       | INFO   | ================================================================================
2026-09-28 22:04:33 | __main__                       | INFO   | SUMMARY
2026-09-28 22:04:33 | __main__                       | INFO   | ================================================================================
2026-09-28 22:04:33 | __main__                       | INFO   | jamming: OK
2026-09-28 22:04:33 | __main__                       | INFO   | All requested experiments finished. Output in: /content/drive/MyDrive/DHUC_RUN/mc_dlsk
2026-09-28 22:04:39 | root                           | INFO   | Logging configured: file=/content/drive/MyDrive/DHUC_RUN/mc_dlsk/full/logs/runner.log level=INFO
2026-09-28 22:04:39 | __main__                       | INFO   | Mode: full
2026-09-28 22:04:39 | __main__                       | INFO   | Run root: /content/drive/MyDrive/DHUC_RUN/mc_dlsk/full
2026-09-28 22:04:39 | __main__                       | INFO   | Models: mc_dlsk
2026-09-28 22:04:39 | __main__                       | INFO   | No dataset regeneration: False
2026-09-28 22:04:39 | __main__                       | INFO   | ================================================================================
2026-09-28 22:04:39 | __main__                       | INFO   | EXPERIMENT jamming_interpretability
2026-09-28 22:04:39 | __main__                       | INFO   | ================================================================================
2026-09-28 22:04:39 | __main__                       | INFO   | experiment_name = jamming_interpretability_full
2026-09-28 22:04:39 | __main__                       | INFO   | seed = 42
2026-09-28 22:04:39 | __main__                       | INFO   | lambda_mse = 2
2026-09-28 22:04:39 | __main__                       | INFO   | sequence_length = 100
2026-09-28 22:04:39 | __main__                       | INFO   | map_type = logistic / map_param = 3.9
2026-09-28 22:04:39 | __main__                       | INFO   | backbone_type = mc_dlsk
2026-09-28 22:04:39 | __main__                       | INFO   | epochs = 30
2026-09-28 22:04:39 | src.utils.config_loader        | INFO   | config snapshot saved: /content/drive/MyDrive/DHUC_RUN/mc_dlsk/full/jamming_interpretability/logs/config_used.yaml
2026-09-28 22:04:39 | __main__                       | INFO   | Experiment jamming_interpretability (models=['mc_dlsk'])
2026-09-28 22:04:39 | __main__                       | INFO   |   snr_eval=[-1.0, 3.0, 7.0, 11.0, 15.0, 21.0] jsr=[-10.0, -6.0, -2.0, 2.0, 6.0, 10.0] jammer=['cw', 'barrage', 'partial_band'] ret_subset=3000 realizations=5/{} max_symbols=None
2026-09-28 22:04:40 | src.experiments.pipeline       | INFO   | Dataset already present in data/raw/d1f4aa61
2026-09-28 22:04:40 | src.data.data_loader           | INFO   | split 'test': 240000 total samples, x shape=(240000, 100), tau in [1.00, 33.00], f_d in [1.064e-09, 8.000e-05]
2026-09-28 22:05:16 | __main__                       | INFO   | jamming_interpretability: test set of 240000 samples (SNR [-1.0, 3.0, 7.0, 11.0, 15.0, 21.0])
2026-09-28 22:05:16 | __main__                       | INFO   | ============================================================
2026-09-28 22:05:16 | __main__                       | INFO   | jamming_interpretability architecture: mc_dlsk
2026-09-28 22:05:16 | __main__                       | INFO   | jamming_interpretability mc_dlsk: jamming model loaded from /content/drive/MyDrive/DHUC_RUN/mc_dlsk/full/jamming/mc_dlsk/best_model.keras
2026-09-28 22:05:18 | src.experiments.jamming_interpretability | INFO   | [jamming_interpretability mc_dlsk] probe ready: 6 captured layers
2026-09-28 22:06:10 | src.experiments.jamming_interpretability | INFO   | [jamming_interpretability mc_dlsk] clean | BER=0.0017 corr_tau=0.780 margin=2.90 (52 s)
2026-09-28 22:07:04 | src.experiments.jamming_interpretability | INFO   | [jamming_interpretability mc_dlsk] cw          JSR= -10.0 dB r=0 | BER=0.0122 corr_tau=0.727 margin=2.82 (53 s)
2026-09-28 22:07:52 | src.experiments.jamming_interpretability | INFO   | [jamming_interpretability mc_dlsk] cw          JSR=  -6.0 dB r=0 | BER=0.0825 corr_tau=0.667 margin=2.37 (48 s)
2026-09-28 22:08:40 | src.experiments.jamming_interpretability | INFO   | [jamming_interpretability mc_dlsk] cw          JSR=  -2.0 dB r=0 | BER=0.3435 corr_tau=0.567 margin=0.99 (48 s)
2026-09-28 22:09:28 | src.experiments.jamming_interpretability | INFO   | [jamming_interpretability mc_dlsk] cw          JSR=   2.0 dB r=0 | BER=0.4960 corr_tau=0.421 margin=0.11 (48 s)
2026-09-28 22:10:16 | src.experiments.jamming_interpretability | INFO   | [jamming_interpretability mc_dlsk] cw          JSR=   6.0 dB r=0 | BER=0.5000 corr_tau=0.253 margin=0.01 (48 s)
2026-09-28 22:11:05 | src.experiments.jamming_interpretability | INFO   | [jamming_interpretability mc_dlsk] cw          JSR=  10.0 dB r=0 | BER=0.5000 corr_tau=0.124 margin=-0.00 (48 s)
2026-09-28 22:11:53 | src.experiments.jamming_interpretability | INFO   | [jamming_interpretability mc_dlsk] cw          JSR= -10.0 dB r=1 | BER=0.0066 corr_tau=0.733 margin=2.86 (48 s)
2026-09-28 22:12:42 | src.experiments.jamming_interpretability | INFO   | [jamming_interpretability mc_dlsk] cw          JSR=  -6.0 dB r=1 | BER=0.0410 corr_tau=0.685 margin=2.62 (48 s)
2026-09-28 22:13:29 | src.experiments.jamming_interpretability | INFO   | [jamming_interpretability mc_dlsk] cw          JSR=  -2.0 dB r=1 | BER=0.2373 corr_tau=0.600 margin=1.54 (48 s)
2026-09-28 22:14:18 | src.experiments.jamming_interpretability | INFO   | [jamming_interpretability mc_dlsk] cw          JSR=   2.0 dB r=1 | BER=0.4830 corr_tau=0.465 margin=0.21 (48 s)
2026-09-28 22:15:05 | src.experiments.jamming_interpretability | INFO   | [jamming_interpretability mc_dlsk] cw          JSR=   6.0 dB r=1 | BER=0.5000 corr_tau=0.312 margin=0.00 (48 s)
2026-09-28 22:15:54 | src.experiments.jamming_interpretability | INFO   | [jamming_interpretability mc_dlsk] cw          JSR=  10.0 dB r=1 | BER=0.5000 corr_tau=0.166 margin=-0.00 (48 s)
2026-09-28 22:16:42 | src.experiments.jamming_interpretability | INFO   | [jamming_interpretability mc_dlsk] cw          JSR= -10.0 dB r=2 | BER=0.0020 corr_tau=0.720 margin=2.90 (48 s)
2026-09-28 22:17:30 | src.experiments.jamming_interpretability | INFO   | [jamming_interpretability mc_dlsk] cw          JSR=  -6.0 dB r=2 | BER=0.0033 corr_tau=0.660 margin=2.88 (48 s)
2026-09-28 22:18:18 | src.experiments.jamming_interpretability | INFO   | [jamming_interpretability mc_dlsk] cw          JSR=  -2.0 dB r=2 | BER=0.0150 corr_tau=0.559 margin=2.76 (47 s)
2026-09-28 22:19:06 | src.experiments.jamming_interpretability | INFO   | [jamming_interpretability mc_dlsk] cw          JSR=   2.0 dB r=2 | BER=0.1149 corr_tau=0.414 margin=2.11 (49 s)
2026-09-28 22:19:54 | src.experiments.jamming_interpretability | INFO   | [jamming_interpretability mc_dlsk] cw          JSR=   6.0 dB r=2 | BER=0.4128 corr_tau=0.236 margin=0.72 (47 s)
2026-09-28 22:20:42 | src.experiments.jamming_interpretability | INFO   | [jamming_interpretability mc_dlsk] cw          JSR=  10.0 dB r=2 | BER=0.4977 corr_tau=0.092 margin=0.22 (48 s)
2026-09-28 22:21:30 | src.experiments.jamming_interpretability | INFO   | [jamming_interpretability mc_dlsk] cw          JSR= -10.0 dB r=3 | BER=0.0172 corr_tau=0.681 margin=2.78 (48 s)
2026-09-28 22:22:19 | src.experiments.jamming_interpretability | INFO   | [jamming_interpretability mc_dlsk] cw          JSR=  -6.0 dB r=3 | BER=0.1144 corr_tau=0.597 margin=2.17 (49 s)
2026-09-28 22:23:06 | src.experiments.jamming_interpretability | INFO   | [jamming_interpretability mc_dlsk] cw          JSR=  -2.0 dB r=3 | BER=0.4086 corr_tau=0.478 margin=0.56 (47 s)
2026-09-28 22:23:54 | src.experiments.jamming_interpretability | INFO   | [jamming_interpretability mc_dlsk] cw          JSR=   2.0 dB r=3 | BER=0.4995 corr_tau=0.338 margin=-0.01 (48 s)
2026-09-28 22:24:42 | src.experiments.jamming_interpretability | INFO   | [jamming_interpretability mc_dlsk] cw          JSR=   6.0 dB r=3 | BER=0.5000 corr_tau=0.197 margin=-0.02 (47 s)
2026-09-28 22:25:30 | src.experiments.jamming_interpretability | INFO   | [jamming_interpretability mc_dlsk] cw          JSR=  10.0 dB r=3 | BER=0.5000 corr_tau=0.091 margin=-0.01 (48 s)
2026-09-28 22:26:17 | src.experiments.jamming_interpretability | INFO   | [jamming_interpretability mc_dlsk] cw          JSR= -10.0 dB r=4 | BER=0.0123 corr_tau=0.709 margin=2.82 (48 s)
2026-09-28 22:27:05 | src.experiments.jamming_interpretability | INFO   | [jamming_interpretability mc_dlsk] cw          JSR=  -6.0 dB r=4 | BER=0.0797 corr_tau=0.638 margin=2.37 (48 s)
2026-09-28 22:27:54 | src.experiments.jamming_interpretability | INFO   | [jamming_interpretability mc_dlsk] cw          JSR=  -2.0 dB r=4 | BER=0.3419 corr_tau=0.524 margin=0.92 (48 s)
2026-09-28 22:28:41 | src.experiments.jamming_interpretability | INFO   | [jamming_interpretability mc_dlsk] cw          JSR=   2.0 dB r=4 | BER=0.4972 corr_tau=0.376 margin=0.01 (48 s)
2026-09-28 22:29:30 | src.experiments.jamming_interpretability | INFO   | [jamming_interpretability mc_dlsk] cw          JSR=   6.0 dB r=4 | BER=0.5000 corr_tau=0.221 margin=-0.03 (48 s)
2026-09-28 22:30:17 | src.experiments.jamming_interpretability | INFO   | [jamming_interpretability mc_dlsk] cw          JSR=  10.0 dB r=4 | BER=0.5000 corr_tau=0.105 margin=-0.04 (48 s)
2026-09-28 22:31:07 | src.experiments.jamming_interpretability | INFO   | [jamming_interpretability mc_dlsk] barrage     JSR= -10.0 dB r=0 | BER=0.0028 corr_tau=0.684 margin=2.89 (48 s)
2026-09-28 22:31:55 | src.experiments.jamming_interpretability | INFO   | [jamming_interpretability mc_dlsk] barrage     JSR=  -6.0 dB r=0 | BER=0.0051 corr_tau=0.581 margin=2.86 (48 s)
2026-09-28 22:32:44 | src.experiments.jamming_interpretability | INFO   | [jamming_interpretability mc_dlsk] barrage     JSR=  -2.0 dB r=0 | BER=0.0175 corr_tau=0.421 margin=2.72 (49 s)
2026-09-28 22:33:31 | src.experiments.jamming_interpretability | INFO   | [jamming_interpretability mc_dlsk] barrage     JSR=   2.0 dB r=0 | BER=0.0788 corr_tau=0.246 margin=2.22 (47 s)
2026-09-28 22:34:20 | src.experiments.jamming_interpretability | INFO   | [jamming_interpretability mc_dlsk] barrage     JSR=   6.0 dB r=0 | BER=0.2281 corr_tau=0.122 margin=1.30 (49 s)
2026-09-28 22:35:07 | src.experiments.jamming_interpretability | INFO   | [jamming_interpretability mc_dlsk] barrage     JSR=  10.0 dB r=0 | BER=0.3755 corr_tau=0.060 margin=0.57 (48 s)
2026-09-28 22:35:57 | src.experiments.jamming_interpretability | INFO   | [jamming_interpretability mc_dlsk] barrage     JSR= -10.0 dB r=1 | BER=0.0027 corr_tau=0.684 margin=2.89 (48 s)
2026-09-28 22:36:45 | src.experiments.jamming_interpretability | INFO   | [jamming_interpretability mc_dlsk] barrage     JSR=  -6.0 dB r=1 | BER=0.0052 corr_tau=0.582 margin=2.86 (48 s)
2026-09-28 22:37:34 | src.experiments.jamming_interpretability | INFO   | [jamming_interpretability mc_dlsk] barrage     JSR=  -2.0 dB r=1 | BER=0.0183 corr_tau=0.423 margin=2.72 (49 s)
2026-09-28 22:38:21 | src.experiments.jamming_interpretability | INFO   | [jamming_interpretability mc_dlsk] barrage     JSR=   2.0 dB r=1 | BER=0.0794 corr_tau=0.248 margin=2.22 (48 s)
2026-09-28 22:39:10 | src.experiments.jamming_interpretability | INFO   | [jamming_interpretability mc_dlsk] barrage     JSR=   6.0 dB r=1 | BER=0.2279 corr_tau=0.123 margin=1.30 (49 s)
2026-09-28 22:39:58 | src.experiments.jamming_interpretability | INFO   | [jamming_interpretability mc_dlsk] barrage     JSR=  10.0 dB r=1 | BER=0.3752 corr_tau=0.059 margin=0.57 (48 s)
2026-09-28 22:40:48 | src.experiments.jamming_interpretability | INFO   | [jamming_interpretability mc_dlsk] barrage     JSR= -10.0 dB r=2 | BER=0.0026 corr_tau=0.683 margin=2.89 (49 s)
2026-09-28 22:41:35 | src.experiments.jamming_interpretability | INFO   | [jamming_interpretability mc_dlsk] barrage     JSR=  -6.0 dB r=2 | BER=0.0053 corr_tau=0.581 margin=2.86 (47 s)
2026-09-28 22:42:23 | src.experiments.jamming_interpretability | INFO   | [jamming_interpretability mc_dlsk] barrage     JSR=  -2.0 dB r=2 | BER=0.0182 corr_tau=0.421 margin=2.72 (48 s)
2026-09-28 22:43:10 | src.experiments.jamming_interpretability | INFO   | [jamming_interpretability mc_dlsk] barrage     JSR=   2.0 dB r=2 | BER=0.0800 corr_tau=0.246 margin=2.21 (47 s)
2026-09-28 22:43:58 | src.experiments.jamming_interpretability | INFO   | [jamming_interpretability mc_dlsk] barrage     JSR=   6.0 dB r=2 | BER=0.2287 corr_tau=0.122 margin=1.30 (48 s)
2026-09-28 22:44:45 | src.experiments.jamming_interpretability | INFO   | [jamming_interpretability mc_dlsk] barrage     JSR=  10.0 dB r=2 | BER=0.3766 corr_tau=0.060 margin=0.56 (47 s)
2026-09-28 22:45:35 | src.experiments.jamming_interpretability | INFO   | [jamming_interpretability mc_dlsk] barrage     JSR= -10.0 dB r=3 | BER=0.0029 corr_tau=0.683 margin=2.89 (48 s)
2026-09-28 22:46:22 | src.experiments.jamming_interpretability | INFO   | [jamming_interpretability mc_dlsk] barrage     JSR=  -6.0 dB r=3 | BER=0.0055 corr_tau=0.580 margin=2.86 (47 s)
2026-09-28 22:47:10 | src.experiments.jamming_interpretability | INFO   | [jamming_interpretability mc_dlsk] barrage     JSR=  -2.0 dB r=3 | BER=0.0183 corr_tau=0.420 margin=2.72 (48 s)
2026-09-28 22:47:56 | src.experiments.jamming_interpretability | INFO   | [jamming_interpretability mc_dlsk] barrage     JSR=   2.0 dB r=3 | BER=0.0803 corr_tau=0.245 margin=2.21 (47 s)
2026-09-28 22:48:44 | src.experiments.jamming_interpretability | INFO   | [jamming_interpretability mc_dlsk] barrage     JSR=   6.0 dB r=3 | BER=0.2291 corr_tau=0.121 margin=1.30 (47 s)
2026-09-28 22:49:31 | src.experiments.jamming_interpretability | INFO   | [jamming_interpretability mc_dlsk] barrage     JSR=  10.0 dB r=3 | BER=0.3761 corr_tau=0.057 margin=0.57 (47 s)
2026-09-28 22:50:20 | src.experiments.jamming_interpretability | INFO   | [jamming_interpretability mc_dlsk] barrage     JSR= -10.0 dB r=4 | BER=0.0027 corr_tau=0.685 margin=2.89 (47 s)
2026-09-28 22:51:07 | src.experiments.jamming_interpretability | INFO   | [jamming_interpretability mc_dlsk] barrage     JSR=  -6.0 dB r=4 | BER=0.0051 corr_tau=0.583 margin=2.86 (47 s)
2026-09-28 22:51:54 | src.experiments.jamming_interpretability | INFO   | [jamming_interpretability mc_dlsk] barrage     JSR=  -2.0 dB r=4 | BER=0.0181 corr_tau=0.423 margin=2.72 (47 s)
2026-09-28 22:52:42 | src.experiments.jamming_interpretability | INFO   | [jamming_interpretability mc_dlsk] barrage     JSR=   2.0 dB r=4 | BER=0.0800 corr_tau=0.247 margin=2.21 (48 s)
2026-09-28 22:53:29 | src.experiments.jamming_interpretability | INFO   | [jamming_interpretability mc_dlsk] barrage     JSR=   6.0 dB r=4 | BER=0.2283 corr_tau=0.123 margin=1.30 (47 s)
2026-09-28 22:54:17 | src.experiments.jamming_interpretability | INFO   | [jamming_interpretability mc_dlsk] barrage     JSR=  10.0 dB r=4 | BER=0.3744 corr_tau=0.060 margin=0.57 (48 s)
2026-09-28 22:55:06 | src.experiments.jamming_interpretability | INFO   | [jamming_interpretability mc_dlsk] partial_band JSR= -10.0 dB r=0 | BER=0.0036 corr_tau=0.707 margin=2.88 (47 s)
2026-09-28 22:55:54 | src.experiments.jamming_interpretability | INFO   | [jamming_interpretability mc_dlsk] partial_band JSR=  -6.0 dB r=0 | BER=0.0165 corr_tau=0.623 margin=2.78 (48 s)
2026-09-28 22:56:41 | src.experiments.jamming_interpretability | INFO   | [jamming_interpretability mc_dlsk] partial_band JSR=  -2.0 dB r=0 | BER=0.1035 corr_tau=0.483 margin=2.23 (47 s)
2026-09-28 22:57:28 | src.experiments.jamming_interpretability | INFO   | [jamming_interpretability mc_dlsk] partial_band JSR=   2.0 dB r=0 | BER=0.3600 corr_tau=0.309 margin=0.91 (48 s)
2026-09-28 22:58:16 | src.experiments.jamming_interpretability | INFO   | [jamming_interpretability mc_dlsk] partial_band JSR=   6.0 dB r=0 | BER=0.4926 corr_tau=0.160 margin=0.12 (47 s)
2026-09-28 22:59:03 | src.experiments.jamming_interpretability | INFO   | [jamming_interpretability mc_dlsk] partial_band JSR=  10.0 dB r=0 | BER=0.4999 corr_tau=0.074 margin=0.01 (48 s)
2026-09-28 22:59:53 | src.experiments.jamming_interpretability | INFO   | [jamming_interpretability mc_dlsk] partial_band JSR= -10.0 dB r=1 | BER=0.0068 corr_tau=0.671 margin=2.86 (47 s)
2026-09-28 23:00:41 | src.experiments.jamming_interpretability | INFO   | [jamming_interpretability mc_dlsk] partial_band JSR=  -6.0 dB r=1 | BER=0.0372 corr_tau=0.562 margin=2.65 (48 s)
2026-09-28 23:01:28 | src.experiments.jamming_interpretability | INFO   | [jamming_interpretability mc_dlsk] partial_band JSR=  -2.0 dB r=1 | BER=0.1965 corr_tau=0.408 margin=1.72 (47 s)
2026-09-28 23:02:16 | src.experiments.jamming_interpretability | INFO   | [jamming_interpretability mc_dlsk] partial_band JSR=   2.0 dB r=1 | BER=0.4449 corr_tau=0.252 margin=0.36 (47 s)
2026-09-28 23:03:03 | src.experiments.jamming_interpretability | INFO   | [jamming_interpretability mc_dlsk] partial_band JSR=   6.0 dB r=1 | BER=0.4988 corr_tau=0.136 margin=-0.00 (48 s)
2026-09-28 23:03:51 | src.experiments.jamming_interpretability | INFO   | [jamming_interpretability mc_dlsk] partial_band JSR=  10.0 dB r=1 | BER=0.5000 corr_tau=0.064 margin=-0.02 (47 s)
2026-09-28 23:04:41 | src.experiments.jamming_interpretability | INFO   | [jamming_interpretability mc_dlsk] partial_band JSR= -10.0 dB r=2 | BER=0.0141 corr_tau=0.669 margin=2.80 (48 s)
2026-09-28 23:05:29 | src.experiments.jamming_interpretability | INFO   | [jamming_interpretability mc_dlsk] partial_band JSR=  -6.0 dB r=2 | BER=0.0870 corr_tau=0.560 margin=2.33 (47 s)
2026-09-28 23:06:17 | src.experiments.jamming_interpretability | INFO   | [jamming_interpretability mc_dlsk] partial_band JSR=  -2.0 dB r=2 | BER=0.3356 corr_tau=0.406 margin=0.95 (48 s)
2026-09-28 23:07:04 | src.experiments.jamming_interpretability | INFO   | [jamming_interpretability mc_dlsk] partial_band JSR=   2.0 dB r=2 | BER=0.4928 corr_tau=0.251 margin=0.05 (47 s)
2026-09-28 23:07:52 | src.experiments.jamming_interpretability | INFO   | [jamming_interpretability mc_dlsk] partial_band JSR=   6.0 dB r=2 | BER=0.5000 corr_tau=0.139 margin=-0.03 (48 s)
2026-09-28 23:08:40 | src.experiments.jamming_interpretability | INFO   | [jamming_interpretability mc_dlsk] partial_band JSR=  10.0 dB r=2 | BER=0.5000 corr_tau=0.072 margin=-0.03 (47 s)
2026-09-28 23:09:30 | src.experiments.jamming_interpretability | INFO   | [jamming_interpretability mc_dlsk] partial_band JSR= -10.0 dB r=3 | BER=0.0070 corr_tau=0.670 margin=2.85 (48 s)
2026-09-28 23:10:17 | src.experiments.jamming_interpretability | INFO   | [jamming_interpretability mc_dlsk] partial_band JSR=  -6.0 dB r=3 | BER=0.0373 corr_tau=0.560 margin=2.64 (47 s)
2026-09-28 23:11:06 | src.experiments.jamming_interpretability | INFO   | [jamming_interpretability mc_dlsk] partial_band JSR=  -2.0 dB r=3 | BER=0.1981 corr_tau=0.402 margin=1.70 (48 s)
2026-09-28 23:11:53 | src.experiments.jamming_interpretability | INFO   | [jamming_interpretability mc_dlsk] partial_band JSR=   2.0 dB r=3 | BER=0.4478 corr_tau=0.246 margin=0.34 (47 s)
2026-09-28 23:12:41 | src.experiments.jamming_interpretability | INFO   | [jamming_interpretability mc_dlsk] partial_band JSR=   6.0 dB r=3 | BER=0.4993 corr_tau=0.135 margin=-0.01 (48 s)
2026-09-28 23:13:29 | src.experiments.jamming_interpretability | INFO   | [jamming_interpretability mc_dlsk] partial_band JSR=  10.0 dB r=3 | BER=0.5000 corr_tau=0.068 margin=-0.02 (47 s)
2026-09-28 23:14:19 | src.experiments.jamming_interpretability | INFO   | [jamming_interpretability mc_dlsk] partial_band JSR= -10.0 dB r=4 | BER=0.0035 corr_tau=0.706 margin=2.88 (48 s)
2026-09-28 23:15:06 | src.experiments.jamming_interpretability | INFO   | [jamming_interpretability mc_dlsk] partial_band JSR=  -6.0 dB r=4 | BER=0.0156 corr_tau=0.621 margin=2.79 (47 s)
2026-09-28 23:15:54 | src.experiments.jamming_interpretability | INFO   | [jamming_interpretability mc_dlsk] partial_band JSR=  -2.0 dB r=4 | BER=0.0941 corr_tau=0.480 margin=2.28 (48 s)
2026-09-28 23:16:41 | src.experiments.jamming_interpretability | INFO   | [jamming_interpretability mc_dlsk] partial_band JSR=   2.0 dB r=4 | BER=0.3281 corr_tau=0.306 margin=1.06 (47 s)
2026-09-28 23:17:28 | src.experiments.jamming_interpretability | INFO   | [jamming_interpretability mc_dlsk] partial_band JSR=   6.0 dB r=4 | BER=0.4794 corr_tau=0.156 margin=0.22 (47 s)
2026-09-28 23:18:15 | src.experiments.jamming_interpretability | INFO   | [jamming_interpretability mc_dlsk] partial_band JSR=  10.0 dB r=4 | BER=0.4970 corr_tau=0.067 margin=0.06 (47 s)
2026-09-28 23:18:15 | src.experiments.jamming_interpretability | INFO   | [jamming_interpretability mc_dlsk] completed -> /content/drive/MyDrive/DHUC_RUN/mc_dlsk/full/jamming_interpretability/mc_dlsk (conditions=19)
2026-09-28 23:18:15 | __main__                       | INFO   | jamming_interpretability experiment completed. Output in /content/drive/MyDrive/DHUC_RUN/mc_dlsk/full/jamming_interpretability
2026-09-28 23:18:15 | __main__                       | INFO   | Experiment jamming_interpretability completed successfully.
2026-09-28 23:18:15 | __main__                       | INFO   | ================================================================================
2026-09-28 23:18:15 | __main__                       | INFO   | SUMMARY
2026-09-28 23:18:15 | __main__                       | INFO   | ================================================================================
2026-09-28 23:18:15 | __main__                       | INFO   | jamming_interpretability: OK
2026-09-28 23:18:15 | __main__                       | INFO   | All requested experiments finished. Output in: /content/drive/MyDrive/DHUC_RUN/mc_dlsk
2026-09-28 23:18:21 | root                           | INFO   | Logging configured: file=/content/drive/MyDrive/DHUC_RUN/mc_dlsk/full/logs/runner.log level=INFO
2026-09-28 23:18:21 | __main__                       | INFO   | Mode: full
2026-09-28 23:18:21 | __main__                       | INFO   | Run root: /content/drive/MyDrive/DHUC_RUN/mc_dlsk/full
2026-09-28 23:18:21 | __main__                       | INFO   | Models: mc_dlsk
2026-09-28 23:18:21 | __main__                       | INFO   | No dataset regeneration: False
2026-09-28 23:18:21 | __main__                       | INFO   | ================================================================================
2026-09-28 23:18:21 | __main__                       | INFO   | EXPERIMENT frequency_agility
2026-09-28 23:18:21 | __main__                       | INFO   | ================================================================================
2026-09-28 23:18:21 | __main__                       | INFO   | experiment_name = frequency_agility_full
2026-09-28 23:18:21 | __main__                       | INFO   | seed = 42
2026-09-28 23:18:21 | __main__                       | INFO   | lambda_mse = 2
2026-09-28 23:18:21 | __main__                       | INFO   | sequence_length = 100
2026-09-28 23:18:21 | __main__                       | INFO   | map_type = logistic / map_param = 3.9
2026-09-28 23:18:21 | __main__                       | INFO   | backbone_type = mc_dlsk
2026-09-28 23:18:21 | __main__                       | INFO   | epochs = 5
2026-09-28 23:18:21 | src.utils.config_loader        | INFO   | config snapshot saved: /content/drive/MyDrive/DHUC_RUN/mc_dlsk/full/frequency_agility/logs/config_used.yaml
2026-09-28 23:18:21 | __main__                       | INFO   | ============================================================
2026-09-28 23:18:21 | __main__                       | INFO   | frequency_agility experiment (models=['mc_dlsk'])
2026-09-28 23:18:21 | __main__                       | INFO   | ============================================================
2026-09-28 23:18:21 | __main__                       | INFO   | frequency_agility mc_dlsk: model loaded from /content/drive/MyDrive/DHUC_RUN/mc_dlsk/full/ber_vs_snr/k3_doppler_full/mc_dlsk/best_model.keras
2026-09-28 23:18:23 | src.experiments.frequency_agility | INFO   | [frequency_agility mc_dlsk] channels=8 dwell=1 slot=10.0 us hop_rate=100000 Hz bursts=20000 realizations=5 snr=21.0 dB K=3
2026-09-28 23:18:23 | src.experiments.frequency_agility | INFO   | [frequency_agility mc_dlsk] controlled comparison: fh_off and fh_on share the same per-slot channel process and the same transmission; only the hop sequence and the jammer coverage differ
2026-09-28 23:18:31 | src.experiments.frequency_agility | INFO   | [frequency_agility mc_dlsk] fh_off barrage       cw            JSR= -10.0 dB r=0 jammed=1.000 BER=0.1250 (2 s)
2026-09-28 23:18:33 | src.experiments.frequency_agility | INFO   | [frequency_agility mc_dlsk] fh_off barrage       cw            JSR=  -6.0 dB r=0 jammed=1.000 BER=0.2026 (2 s)
2026-09-28 23:18:35 | src.experiments.frequency_agility | INFO   | [frequency_agility mc_dlsk] fh_off barrage       cw            JSR=  -2.0 dB r=0 jammed=1.000 BER=0.3916 (2 s)
2026-09-28 23:18:37 | src.experiments.frequency_agility | INFO   | [frequency_agility mc_dlsk] fh_off barrage       cw            JSR=   2.0 dB r=0 jammed=1.000 BER=0.5002 (2 s)
2026-09-28 23:18:40 | src.experiments.frequency_agility | INFO   | [frequency_agility mc_dlsk] fh_off barrage       cw            JSR=   6.0 dB r=0 jammed=1.000 BER=0.5031 (3 s)
2026-09-28 23:18:42 | src.experiments.frequency_agility | INFO   | [frequency_agility mc_dlsk] fh_off barrage       cw            JSR=  10.0 dB r=0 jammed=1.000 BER=0.5031 (2 s)
2026-09-28 23:18:44 | src.experiments.frequency_agility | INFO   | [frequency_agility mc_dlsk] fh_off barrage       partial_band  JSR= -10.0 dB r=0 jammed=1.000 BER=0.1036 (2 s)
2026-09-28 23:18:46 | src.experiments.frequency_agility | INFO   | [frequency_agility mc_dlsk] fh_off barrage       partial_band  JSR=  -6.0 dB r=0 jammed=1.000 BER=0.1338 (2 s)
2026-09-28 23:18:48 | src.experiments.frequency_agility | INFO   | [frequency_agility mc_dlsk] fh_off barrage       partial_band  JSR=  -2.0 dB r=0 jammed=1.000 BER=0.2281 (2 s)
2026-09-28 23:18:50 | src.experiments.frequency_agility | INFO   | [frequency_agility mc_dlsk] fh_off barrage       partial_band  JSR=   2.0 dB r=0 jammed=1.000 BER=0.4198 (2 s)
2026-09-28 23:18:53 | src.experiments.frequency_agility | INFO   | [frequency_agility mc_dlsk] fh_off barrage       partial_band  JSR=   6.0 dB r=0 jammed=1.000 BER=0.5002 (3 s)
2026-09-28 23:18:55 | src.experiments.frequency_agility | INFO   | [frequency_agility mc_dlsk] fh_off barrage       partial_band  JSR=  10.0 dB r=0 jammed=1.000 BER=0.5031 (2 s)
2026-09-28 23:19:00 | src.experiments.frequency_agility | INFO   | [frequency_agility mc_dlsk] fh_off barrage       cw            JSR= -10.0 dB r=1 jammed=1.000 BER=0.1109 (2 s)
2026-09-28 23:19:02 | src.experiments.frequency_agility | INFO   | [frequency_agility mc_dlsk] fh_off barrage       cw            JSR=  -6.0 dB r=1 jammed=1.000 BER=0.1630 (2 s)
2026-09-28 23:19:05 | src.experiments.frequency_agility | INFO   | [frequency_agility mc_dlsk] fh_off barrage       cw            JSR=  -2.0 dB r=1 jammed=1.000 BER=0.3121 (2 s)
2026-09-28 23:19:07 | src.experiments.frequency_agility | INFO   | [frequency_agility mc_dlsk] fh_off barrage       cw            JSR=   2.0 dB r=1 jammed=1.000 BER=0.4832 (3 s)
2026-09-28 23:19:09 | src.experiments.frequency_agility | INFO   | [frequency_agility mc_dlsk] fh_off barrage       cw            JSR=   6.0 dB r=1 jammed=1.000 BER=0.4996 (2 s)
2026-09-28 23:19:11 | src.experiments.frequency_agility | INFO   | [frequency_agility mc_dlsk] fh_off barrage       cw            JSR=  10.0 dB r=1 jammed=1.000 BER=0.4996 (2 s)
2026-09-28 23:19:13 | src.experiments.frequency_agility | INFO   | [frequency_agility mc_dlsk] fh_off barrage       partial_band  JSR= -10.0 dB r=1 jammed=1.000 BER=0.0717 (2 s)
2026-09-28 23:19:15 | src.experiments.frequency_agility | INFO   | [frequency_agility mc_dlsk] fh_off barrage       partial_band  JSR=  -6.0 dB r=1 jammed=1.000 BER=0.0662 (2 s)
2026-09-28 23:19:17 | src.experiments.frequency_agility | INFO   | [frequency_agility mc_dlsk] fh_off barrage       partial_band  JSR=  -2.0 dB r=1 jammed=1.000 BER=0.1331 (2 s)
2026-09-28 23:19:20 | src.experiments.frequency_agility | INFO   | [frequency_agility mc_dlsk] fh_off barrage       partial_band  JSR=   2.0 dB r=1 jammed=1.000 BER=0.3710 (3 s)
2026-09-28 23:19:22 | src.experiments.frequency_agility | INFO   | [frequency_agility mc_dlsk] fh_off barrage       partial_band  JSR=   6.0 dB r=1 jammed=1.000 BER=0.4903 (2 s)
2026-09-28 23:19:24 | src.experiments.frequency_agility | INFO   | [frequency_agility mc_dlsk] fh_off barrage       partial_band  JSR=  10.0 dB r=1 jammed=1.000 BER=0.5002 (2 s)
2026-09-28 23:19:30 | src.experiments.frequency_agility | INFO   | [frequency_agility mc_dlsk] fh_off barrage       cw            JSR= -10.0 dB r=2 jammed=1.000 BER=0.0956 (2 s)
2026-09-28 23:19:32 | src.experiments.frequency_agility | INFO   | [frequency_agility mc_dlsk] fh_off barrage       cw            JSR=  -6.0 dB r=2 jammed=1.000 BER=0.1029 (2 s)
2026-09-28 23:19:34 | src.experiments.frequency_agility | INFO   | [frequency_agility mc_dlsk] fh_off barrage       cw            JSR=  -2.0 dB r=2 jammed=1.000 BER=0.1293 (3 s)
2026-09-28 23:19:36 | src.experiments.frequency_agility | INFO   | [frequency_agility mc_dlsk] fh_off barrage       cw            JSR=   2.0 dB r=2 jammed=1.000 BER=0.2319 (2 s)
2026-09-28 23:19:38 | src.experiments.frequency_agility | INFO   | [frequency_agility mc_dlsk] fh_off barrage       cw            JSR=   6.0 dB r=2 jammed=1.000 BER=0.4478 (2 s)
2026-09-28 23:19:40 | src.experiments.frequency_agility | INFO   | [frequency_agility mc_dlsk] fh_off barrage       cw            JSR=  10.0 dB r=2 jammed=1.000 BER=0.5023 (2 s)
2026-09-28 23:19:42 | src.experiments.frequency_agility | INFO   | [frequency_agility mc_dlsk] fh_off barrage       partial_band  JSR= -10.0 dB r=2 jammed=1.000 BER=0.0718 (2 s)
2026-09-28 23:19:44 | src.experiments.frequency_agility | INFO   | [frequency_agility mc_dlsk] fh_off barrage       partial_band  JSR=  -6.0 dB r=2 jammed=1.000 BER=0.0776 (2 s)
2026-09-28 23:19:47 | src.experiments.frequency_agility | INFO   | [frequency_agility mc_dlsk] fh_off barrage       partial_band  JSR=  -2.0 dB r=2 jammed=1.000 BER=0.2643 (3 s)
2026-09-28 23:19:49 | src.experiments.frequency_agility | INFO   | [frequency_agility mc_dlsk] fh_off barrage       partial_band  JSR=   2.0 dB r=2 jammed=1.000 BER=0.4819 (2 s)
2026-09-28 23:19:51 | src.experiments.frequency_agility | INFO   | [frequency_agility mc_dlsk] fh_off barrage       partial_band  JSR=   6.0 dB r=2 jammed=1.000 BER=0.4973 (2 s)
2026-09-28 23:19:53 | src.experiments.frequency_agility | INFO   | [frequency_agility mc_dlsk] fh_off barrage       partial_band  JSR=  10.0 dB r=2 jammed=1.000 BER=0.4973 (2 s)
2026-09-28 23:19:59 | src.experiments.frequency_agility | INFO   | [frequency_agility mc_dlsk] fh_off barrage       cw            JSR= -10.0 dB r=3 jammed=1.000 BER=0.0635 (2 s)
2026-09-28 23:20:01 | src.experiments.frequency_agility | INFO   | [frequency_agility mc_dlsk] fh_off barrage       cw            JSR=  -6.0 dB r=3 jammed=1.000 BER=0.0856 (3 s)
2026-09-28 23:20:03 | src.experiments.frequency_agility | INFO   | [frequency_agility mc_dlsk] fh_off barrage       cw            JSR=  -2.0 dB r=3 jammed=1.000 BER=0.3396 (2 s)
2026-09-28 23:20:05 | src.experiments.frequency_agility | INFO   | [frequency_agility mc_dlsk] fh_off barrage       cw            JSR=   2.0 dB r=3 jammed=1.000 BER=0.4930 (2 s)
2026-09-28 23:20:07 | src.experiments.frequency_agility | INFO   | [frequency_agility mc_dlsk] fh_off barrage       cw            JSR=   6.0 dB r=3 jammed=1.000 BER=0.4997 (2 s)
2026-09-28 23:20:09 | src.experiments.frequency_agility | INFO   | [frequency_agility mc_dlsk] fh_off barrage       cw            JSR=  10.0 dB r=3 jammed=1.000 BER=0.4997 (2 s)
2026-09-28 23:20:11 | src.experiments.frequency_agility | INFO   | [frequency_agility mc_dlsk] fh_off barrage       partial_band  JSR= -10.0 dB r=3 jammed=1.000 BER=0.0711 (2 s)
2026-09-28 23:20:14 | src.experiments.frequency_agility | INFO   | [frequency_agility mc_dlsk] fh_off barrage       partial_band  JSR=  -6.0 dB r=3 jammed=1.000 BER=0.0609 (2 s)
2026-09-28 23:20:16 | src.experiments.frequency_agility | INFO   | [frequency_agility mc_dlsk] fh_off barrage       partial_band  JSR=  -2.0 dB r=3 jammed=1.000 BER=0.1288 (2 s)
2026-09-28 23:20:18 | src.experiments.frequency_agility | INFO   | [frequency_agility mc_dlsk] fh_off barrage       partial_band  JSR=   2.0 dB r=3 jammed=1.000 BER=0.3935 (2 s)
2026-09-28 23:20:20 | src.experiments.frequency_agility | INFO   | [frequency_agility mc_dlsk] fh_off barrage       partial_band  JSR=   6.0 dB r=3 jammed=1.000 BER=0.4961 (2 s)
2026-09-28 23:20:22 | src.experiments.frequency_agility | INFO   | [frequency_agility mc_dlsk] fh_off barrage       partial_band  JSR=  10.0 dB r=3 jammed=1.000 BER=0.4997 (2 s)
2026-09-28 23:20:28 | src.experiments.frequency_agility | INFO   | [frequency_agility mc_dlsk] fh_off barrage       cw            JSR= -10.0 dB r=4 jammed=1.000 BER=0.0693 (3 s)
2026-09-28 23:20:30 | src.experiments.frequency_agility | INFO   | [frequency_agility mc_dlsk] fh_off barrage       cw            JSR=  -6.0 dB r=4 jammed=1.000 BER=0.0762 (2 s)
2026-09-28 23:20:32 | src.experiments.frequency_agility | INFO   | [frequency_agility mc_dlsk] fh_off barrage       cw            JSR=  -2.0 dB r=4 jammed=1.000 BER=0.2641 (2 s)
2026-09-28 23:20:34 | src.experiments.frequency_agility | INFO   | [frequency_agility mc_dlsk] fh_off barrage       cw            JSR=   2.0 dB r=4 jammed=1.000 BER=0.4868 (2 s)
2026-09-28 23:20:36 | src.experiments.frequency_agility | INFO   | [frequency_agility mc_dlsk] fh_off barrage       cw            JSR=   6.0 dB r=4 jammed=1.000 BER=0.4957 (2 s)
2026-09-28 23:20:38 | src.experiments.frequency_agility | INFO   | [frequency_agility mc_dlsk] fh_off barrage       cw            JSR=  10.0 dB r=4 jammed=1.000 BER=0.4959 (2 s)
2026-09-28 23:20:41 | src.experiments.frequency_agility | INFO   | [frequency_agility mc_dlsk] fh_off barrage       partial_band  JSR= -10.0 dB r=4 jammed=1.000 BER=0.1013 (2 s)
2026-09-28 23:20:44 | src.experiments.frequency_agility | INFO   | [frequency_agility mc_dlsk] fh_off barrage       partial_band  JSR=  -6.0 dB r=4 jammed=1.000 BER=0.1293 (3 s)
2026-09-28 23:20:46 | src.experiments.frequency_agility | INFO   | [frequency_agility mc_dlsk] fh_off barrage       partial_band  JSR=  -2.0 dB r=4 jammed=1.000 BER=0.2112 (2 s)
2026-09-28 23:20:48 | src.experiments.frequency_agility | INFO   | [frequency_agility mc_dlsk] fh_off barrage       partial_band  JSR=   2.0 dB r=4 jammed=1.000 BER=0.3904 (2 s)
2026-09-28 23:20:50 | src.experiments.frequency_agility | INFO   | [frequency_agility mc_dlsk] fh_off barrage       partial_band  JSR=   6.0 dB r=4 jammed=1.000 BER=0.4945 (2 s)
2026-09-28 23:20:52 | src.experiments.frequency_agility | INFO   | [frequency_agility mc_dlsk] fh_off barrage       partial_band  JSR=  10.0 dB r=4 jammed=1.000 BER=0.5031 (2 s)
2026-09-28 23:20:58 | src.experiments.frequency_agility | INFO   | [frequency_agility mc_dlsk] fh_off fixed_partial cw            JSR= -10.0 dB r=0 jammed=1.000 BER=0.1250 (2 s)
2026-09-28 23:21:00 | src.experiments.frequency_agility | INFO   | [frequency_agility mc_dlsk] fh_off fixed_partial cw            JSR=  -6.0 dB r=0 jammed=1.000 BER=0.2035 (2 s)
2026-09-28 23:21:02 | src.experiments.frequency_agility | INFO   | [frequency_agility mc_dlsk] fh_off fixed_partial cw            JSR=  -2.0 dB r=0 jammed=1.000 BER=0.3896 (2 s)
2026-09-28 23:21:04 | src.experiments.frequency_agility | INFO   | [frequency_agility mc_dlsk] fh_off fixed_partial cw            JSR=   2.0 dB r=0 jammed=1.000 BER=0.5011 (2 s)
2026-09-28 23:21:06 | src.experiments.frequency_agility | INFO   | [frequency_agility mc_dlsk] fh_off fixed_partial cw            JSR=   6.0 dB r=0 jammed=1.000 BER=0.5036 (2 s)
2026-09-28 23:21:08 | src.experiments.frequency_agility | INFO   | [frequency_agility mc_dlsk] fh_off fixed_partial cw            JSR=  10.0 dB r=0 jammed=1.000 BER=0.5036 (2 s)
2026-09-28 23:21:11 | src.experiments.frequency_agility | INFO   | [frequency_agility mc_dlsk] fh_off fixed_partial partial_band  JSR= -10.0 dB r=0 jammed=1.000 BER=0.1036 (3 s)
2026-09-28 23:21:13 | src.experiments.frequency_agility | INFO   | [frequency_agility mc_dlsk] fh_off fixed_partial partial_band  JSR=  -6.0 dB r=0 jammed=1.000 BER=0.1341 (2 s)
2026-09-28 23:21:15 | src.experiments.frequency_agility | INFO   | [frequency_agility mc_dlsk] fh_off fixed_partial partial_band  JSR=  -2.0 dB r=0 jammed=1.000 BER=0.2289 (2 s)
2026-09-28 23:21:17 | src.experiments.frequency_agility | INFO   | [frequency_agility mc_dlsk] fh_off fixed_partial partial_band  JSR=   2.0 dB r=0 jammed=1.000 BER=0.4191 (2 s)
2026-09-28 23:21:19 | src.experiments.frequency_agility | INFO   | [frequency_agility mc_dlsk] fh_off fixed_partial partial_band  JSR=   6.0 dB r=0 jammed=1.000 BER=0.5001 (2 s)
2026-09-28 23:21:21 | src.experiments.frequency_agility | INFO   | [frequency_agility mc_dlsk] fh_off fixed_partial partial_band  JSR=  10.0 dB r=0 jammed=1.000 BER=0.5036 (2 s)
2026-09-28 23:21:27 | src.experiments.frequency_agility | INFO   | [frequency_agility mc_dlsk] fh_off fixed_partial cw            JSR= -10.0 dB r=1 jammed=1.000 BER=0.1122 (2 s)
2026-09-28 23:21:29 | src.experiments.frequency_agility | INFO   | [frequency_agility mc_dlsk] fh_off fixed_partial cw            JSR=  -6.0 dB r=1 jammed=1.000 BER=0.1673 (2 s)
2026-09-28 23:21:31 | src.experiments.frequency_agility | INFO   | [frequency_agility mc_dlsk] fh_off fixed_partial cw            JSR=  -2.0 dB r=1 jammed=1.000 BER=0.3215 (2 s)
2026-09-28 23:21:33 | src.experiments.frequency_agility | INFO   | [frequency_agility mc_dlsk] fh_off fixed_partial cw            JSR=   2.0 dB r=1 jammed=1.000 BER=0.4879 (2 s)
2026-09-28 23:21:35 | src.experiments.frequency_agility | INFO   | [frequency_agility mc_dlsk] fh_off fixed_partial cw            JSR=   6.0 dB r=1 jammed=1.000 BER=0.5038 (2 s)
2026-09-28 23:21:38 | src.experiments.frequency_agility | INFO   | [frequency_agility mc_dlsk] fh_off fixed_partial cw            JSR=  10.0 dB r=1 jammed=1.000 BER=0.5038 (3 s)
2026-09-28 23:21:40 | src.experiments.frequency_agility | INFO   | [frequency_agility mc_dlsk] fh_off fixed_partial partial_band  JSR= -10.0 dB r=1 jammed=1.000 BER=0.0740 (2 s)
2026-09-28 23:21:42 | src.experiments.frequency_agility | INFO   | [frequency_agility mc_dlsk] fh_off fixed_partial partial_band  JSR=  -6.0 dB r=1 jammed=1.000 BER=0.0683 (2 s)
2026-09-28 23:21:44 | src.experiments.frequency_agility | INFO   | [frequency_agility mc_dlsk] fh_off fixed_partial partial_band  JSR=  -2.0 dB r=1 jammed=1.000 BER=0.1372 (2 s)
2026-09-28 23:21:46 | src.experiments.frequency_agility | INFO   | [frequency_agility mc_dlsk] fh_off fixed_partial partial_band  JSR=   2.0 dB r=1 jammed=1.000 BER=0.3725 (2 s)
2026-09-28 23:21:48 | src.experiments.frequency_agility | INFO   | [frequency_agility mc_dlsk] fh_off fixed_partial partial_band  JSR=   6.0 dB r=1 jammed=1.000 BER=0.4884 (2 s)
2026-09-28 23:21:51 | src.experiments.frequency_agility | INFO   | [frequency_agility mc_dlsk] fh_off fixed_partial partial_band  JSR=  10.0 dB r=1 jammed=1.000 BER=0.4958 (3 s)
2026-09-28 23:21:57 | src.experiments.frequency_agility | INFO   | [frequency_agility mc_dlsk] fh_off fixed_partial cw            JSR= -10.0 dB r=2 jammed=1.000 BER=0.0933 (2 s)
2026-09-28 23:21:59 | src.experiments.frequency_agility | INFO   | [frequency_agility mc_dlsk] fh_off fixed_partial cw            JSR=  -6.0 dB r=2 jammed=1.000 BER=0.1016 (2 s)
2026-09-28 23:22:01 | src.experiments.frequency_agility | INFO   | [frequency_agility mc_dlsk] fh_off fixed_partial cw            JSR=  -2.0 dB r=2 jammed=1.000 BER=0.1307 (2 s)
2026-09-28 23:22:03 | src.experiments.frequency_agility | INFO   | [frequency_agility mc_dlsk] fh_off fixed_partial cw            JSR=   2.0 dB r=2 jammed=1.000 BER=0.2369 (2 s)
2026-09-28 23:22:05 | src.experiments.frequency_agility | INFO   | [frequency_agility mc_dlsk] fh_off fixed_partial cw            JSR=   6.0 dB r=2 jammed=1.000 BER=0.4451 (3 s)
2026-09-28 23:22:07 | src.experiments.frequency_agility | INFO   | [frequency_agility mc_dlsk] fh_off fixed_partial cw            JSR=  10.0 dB r=2 jammed=1.000 BER=0.4944 (2 s)
2026-09-28 23:22:10 | src.experiments.frequency_agility | INFO   | [frequency_agility mc_dlsk] fh_off fixed_partial partial_band  JSR= -10.0 dB r=2 jammed=1.000 BER=0.0698 (2 s)
2026-09-28 23:22:12 | src.experiments.frequency_agility | INFO   | [frequency_agility mc_dlsk] fh_off fixed_partial partial_band  JSR=  -6.0 dB r=2 jammed=1.000 BER=0.0815 (2 s)
2026-09-28 23:22:14 | src.experiments.frequency_agility | INFO   | [frequency_agility mc_dlsk] fh_off fixed_partial partial_band  JSR=  -2.0 dB r=2 jammed=1.000 BER=0.2767 (2 s)
2026-09-28 23:22:16 | src.experiments.frequency_agility | INFO   | [frequency_agility mc_dlsk] fh_off fixed_partial partial_band  JSR=   2.0 dB r=2 jammed=1.000 BER=0.4903 (2 s)
2026-09-28 23:22:18 | src.experiments.frequency_agility | INFO   | [frequency_agility mc_dlsk] fh_off fixed_partial partial_band  JSR=   6.0 dB r=2 jammed=1.000 BER=0.5047 (3 s)
2026-09-28 23:22:21 | src.experiments.frequency_agility | INFO   | [frequency_agility mc_dlsk] fh_off fixed_partial partial_band  JSR=  10.0 dB r=2 jammed=1.000 BER=0.5049 (2 s)
2026-09-28 23:22:26 | src.experiments.frequency_agility | INFO   | [frequency_agility mc_dlsk] fh_off fixed_partial cw            JSR= -10.0 dB r=3 jammed=1.000 BER=0.0780 (2 s)
2026-09-28 23:22:28 | src.experiments.frequency_agility | INFO   | [frequency_agility mc_dlsk] fh_off fixed_partial cw            JSR=  -6.0 dB r=3 jammed=1.000 BER=0.0978 (2 s)
2026-09-28 23:22:30 | src.experiments.frequency_agility | INFO   | [frequency_agility mc_dlsk] fh_off fixed_partial cw            JSR=  -2.0 dB r=3 jammed=1.000 BER=0.3346 (2 s)
2026-09-28 23:22:33 | src.experiments.frequency_agility | INFO   | [frequency_agility mc_dlsk] fh_off fixed_partial cw            JSR=   2.0 dB r=3 jammed=1.000 BER=0.4875 (3 s)
2026-09-28 23:22:35 | src.experiments.frequency_agility | INFO   | [frequency_agility mc_dlsk] fh_off fixed_partial cw            JSR=   6.0 dB r=3 jammed=1.000 BER=0.4958 (2 s)
2026-09-28 23:22:37 | src.experiments.frequency_agility | INFO   | [frequency_agility mc_dlsk] fh_off fixed_partial cw            JSR=  10.0 dB r=3 jammed=1.000 BER=0.4958 (2 s)
2026-09-28 23:22:39 | src.experiments.frequency_agility | INFO   | [frequency_agility mc_dlsk] fh_off fixed_partial partial_band  JSR= -10.0 dB r=3 jammed=1.000 BER=0.0844 (2 s)
2026-09-28 23:22:41 | src.experiments.frequency_agility | INFO   | [frequency_agility mc_dlsk] fh_off fixed_partial partial_band  JSR=  -6.0 dB r=3 jammed=1.000 BER=0.0745 (2 s)
2026-09-28 23:22:43 | src.experiments.frequency_agility | INFO   | [frequency_agility mc_dlsk] fh_off fixed_partial partial_band  JSR=  -2.0 dB r=3 jammed=1.000 BER=0.1365 (2 s)
2026-09-28 23:22:46 | src.experiments.frequency_agility | INFO   | [frequency_agility mc_dlsk] fh_off fixed_partial partial_band  JSR=   2.0 dB r=3 jammed=1.000 BER=0.3896 (3 s)
2026-09-28 23:22:48 | src.experiments.frequency_agility | INFO   | [frequency_agility mc_dlsk] fh_off fixed_partial partial_band  JSR=   6.0 dB r=3 jammed=1.000 BER=0.4912 (2 s)
2026-09-28 23:22:50 | src.experiments.frequency_agility | INFO   | [frequency_agility mc_dlsk] fh_off fixed_partial partial_band  JSR=  10.0 dB r=3 jammed=1.000 BER=0.4958 (2 s)
2026-09-28 23:22:55 | src.experiments.frequency_agility | INFO   | [frequency_agility mc_dlsk] fh_off fixed_partial cw            JSR= -10.0 dB r=4 jammed=1.000 BER=0.0717 (2 s)
2026-09-28 23:22:57 | src.experiments.frequency_agility | INFO   | [frequency_agility mc_dlsk] fh_off fixed_partial cw            JSR=  -6.0 dB r=4 jammed=1.000 BER=0.0748 (2 s)
2026-09-28 23:23:00 | src.experiments.frequency_agility | INFO   | [frequency_agility mc_dlsk] fh_off fixed_partial cw            JSR=  -2.0 dB r=4 jammed=1.000 BER=0.2697 (3 s)
2026-09-28 23:23:02 | src.experiments.frequency_agility | INFO   | [frequency_agility mc_dlsk] fh_off fixed_partial cw            JSR=   2.0 dB r=4 jammed=1.000 BER=0.4904 (2 s)
2026-09-28 23:23:04 | src.experiments.frequency_agility | INFO   | [frequency_agility mc_dlsk] fh_off fixed_partial cw            JSR=   6.0 dB r=4 jammed=1.000 BER=0.4987 (2 s)
2026-09-28 23:23:06 | src.experiments.frequency_agility | INFO   | [frequency_agility mc_dlsk] fh_off fixed_partial cw            JSR=  10.0 dB r=4 jammed=1.000 BER=0.4988 (2 s)
2026-09-28 23:23:08 | src.experiments.frequency_agility | INFO   | [frequency_agility mc_dlsk] fh_off fixed_partial partial_band  JSR= -10.0 dB r=4 jammed=1.000 BER=0.1027 (2 s)
2026-09-28 23:23:10 | src.experiments.frequency_agility | INFO   | [frequency_agility mc_dlsk] fh_off fixed_partial partial_band  JSR=  -6.0 dB r=4 jammed=1.000 BER=0.1313 (2 s)
2026-09-28 23:23:13 | src.experiments.frequency_agility | INFO   | [frequency_agility mc_dlsk] fh_off fixed_partial partial_band  JSR=  -2.0 dB r=4 jammed=1.000 BER=0.2155 (3 s)
2026-09-28 23:23:15 | src.experiments.frequency_agility | INFO   | [frequency_agility mc_dlsk] fh_off fixed_partial partial_band  JSR=   2.0 dB r=4 jammed=1.000 BER=0.3901 (3 s)
2026-09-28 23:23:17 | src.experiments.frequency_agility | INFO   | [frequency_agility mc_dlsk] fh_off fixed_partial partial_band  JSR=   6.0 dB r=4 jammed=1.000 BER=0.4920 (2 s)
2026-09-28 23:23:19 | src.experiments.frequency_agility | INFO   | [frequency_agility mc_dlsk] fh_off fixed_partial partial_band  JSR=  10.0 dB r=4 jammed=1.000 BER=0.5009 (2 s)
2026-09-28 23:23:25 | src.experiments.frequency_agility | INFO   | [frequency_agility mc_dlsk] fh_off sweep         cw            JSR= -10.0 dB r=0 jammed=1.000 BER=0.1217 (2 s)
2026-09-28 23:23:27 | src.experiments.frequency_agility | INFO   | [frequency_agility mc_dlsk] fh_off sweep         cw            JSR=  -6.0 dB r=0 jammed=1.000 BER=0.2044 (3 s)
2026-09-28 23:23:30 | src.experiments.frequency_agility | INFO   | [frequency_agility mc_dlsk] fh_off sweep         cw            JSR=  -2.0 dB r=0 jammed=1.000 BER=0.3905 (2 s)
2026-09-28 23:23:32 | src.experiments.frequency_agility | INFO   | [frequency_agility mc_dlsk] fh_off sweep         cw            JSR=   2.0 dB r=0 jammed=1.000 BER=0.4984 (2 s)
2026-09-28 23:23:34 | src.experiments.frequency_agility | INFO   | [frequency_agility mc_dlsk] fh_off sweep         cw            JSR=   6.0 dB r=0 jammed=1.000 BER=0.5017 (2 s)
2026-09-28 23:23:36 | src.experiments.frequency_agility | INFO   | [frequency_agility mc_dlsk] fh_off sweep         cw            JSR=  10.0 dB r=0 jammed=1.000 BER=0.5017 (2 s)
2026-09-28 23:23:38 | src.experiments.frequency_agility | INFO   | [frequency_agility mc_dlsk] fh_off sweep         partial_band  JSR= -10.0 dB r=0 jammed=1.000 BER=0.1007 (2 s)
2026-09-28 23:23:40 | src.experiments.frequency_agility | INFO   | [frequency_agility mc_dlsk] fh_off sweep         partial_band  JSR=  -6.0 dB r=0 jammed=1.000 BER=0.1327 (3 s)
2026-09-28 23:23:43 | src.experiments.frequency_agility | INFO   | [frequency_agility mc_dlsk] fh_off sweep         partial_band  JSR=  -2.0 dB r=0 jammed=1.000 BER=0.2291 (2 s)
2026-09-28 23:23:45 | src.experiments.frequency_agility | INFO   | [frequency_agility mc_dlsk] fh_off sweep         partial_band  JSR=   2.0 dB r=0 jammed=1.000 BER=0.4208 (2 s)
2026-09-28 23:23:47 | src.experiments.frequency_agility | INFO   | [frequency_agility mc_dlsk] fh_off sweep         partial_band  JSR=   6.0 dB r=0 jammed=1.000 BER=0.4985 (2 s)
2026-09-28 23:23:49 | src.experiments.frequency_agility | INFO   | [frequency_agility mc_dlsk] fh_off sweep         partial_band  JSR=  10.0 dB r=0 jammed=1.000 BER=0.5016 (2 s)
2026-09-28 23:23:55 | src.experiments.frequency_agility | INFO   | [frequency_agility mc_dlsk] fh_off sweep         cw            JSR= -10.0 dB r=1 jammed=1.000 BER=0.1202 (3 s)
2026-09-28 23:23:57 | src.experiments.frequency_agility | INFO   | [frequency_agility mc_dlsk] fh_off sweep         cw            JSR=  -6.0 dB r=1 jammed=1.000 BER=0.1739 (2 s)
2026-09-28 23:23:59 | src.experiments.frequency_agility | INFO   | [frequency_agility mc_dlsk] fh_off sweep         cw            JSR=  -2.0 dB r=1 jammed=1.000 BER=0.3311 (2 s)
2026-09-28 23:24:01 | src.experiments.frequency_agility | INFO   | [frequency_agility mc_dlsk] fh_off sweep         cw            JSR=   2.0 dB r=1 jammed=1.000 BER=0.4955 (2 s)
2026-09-28 23:24:03 | src.experiments.frequency_agility | INFO   | [frequency_agility mc_dlsk] fh_off sweep         cw            JSR=   6.0 dB r=1 jammed=1.000 BER=0.5075 (2 s)
2026-09-28 23:24:05 | src.experiments.frequency_agility | INFO   | [frequency_agility mc_dlsk] fh_off sweep         cw            JSR=  10.0 dB r=1 jammed=1.000 BER=0.5075 (2 s)
2026-09-28 23:24:08 | src.experiments.frequency_agility | INFO   | [frequency_agility mc_dlsk] fh_off sweep         partial_band  JSR= -10.0 dB r=1 jammed=1.000 BER=0.0796 (2 s)
2026-09-28 23:24:11 | src.experiments.frequency_agility | INFO   | [frequency_agility mc_dlsk] fh_off sweep         partial_band  JSR=  -6.0 dB r=1 jammed=1.000 BER=0.0698 (3 s)
2026-09-28 23:24:13 | src.experiments.frequency_agility | INFO   | [frequency_agility mc_dlsk] fh_off sweep         partial_band  JSR=  -2.0 dB r=1 jammed=1.000 BER=0.1340 (2 s)
2026-09-28 23:24:15 | src.experiments.frequency_agility | INFO   | [frequency_agility mc_dlsk] fh_off sweep         partial_band  JSR=   2.0 dB r=1 jammed=1.000 BER=0.3705 (2 s)
2026-09-28 23:24:16 | src.experiments.frequency_agility | INFO   | [frequency_agility mc_dlsk] fh_off sweep         partial_band  JSR=   6.0 dB r=1 jammed=1.000 BER=0.4840 (2 s)
2026-09-28 23:24:18 | src.experiments.frequency_agility | INFO   | [frequency_agility mc_dlsk] fh_off sweep         partial_band  JSR=  10.0 dB r=1 jammed=1.000 BER=0.4925 (2 s)
2026-09-28 23:24:25 | src.experiments.frequency_agility | INFO   | [frequency_agility mc_dlsk] fh_off sweep         cw            JSR= -10.0 dB r=2 jammed=1.000 BER=0.0990 (2 s)
2026-09-28 23:24:27 | src.experiments.frequency_agility | INFO   | [frequency_agility mc_dlsk] fh_off sweep         cw            JSR=  -6.0 dB r=2 jammed=1.000 BER=0.1076 (2 s)
2026-09-28 23:24:29 | src.experiments.frequency_agility | INFO   | [frequency_agility mc_dlsk] fh_off sweep         cw            JSR=  -2.0 dB r=2 jammed=1.000 BER=0.1338 (2 s)
2026-09-28 23:24:31 | src.experiments.frequency_agility | INFO   | [frequency_agility mc_dlsk] fh_off sweep         cw            JSR=   2.0 dB r=2 jammed=1.000 BER=0.2353 (2 s)
2026-09-28 23:24:33 | src.experiments.frequency_agility | INFO   | [frequency_agility mc_dlsk] fh_off sweep         cw            JSR=   6.0 dB r=2 jammed=1.000 BER=0.4477 (2 s)
2026-09-28 23:24:35 | src.experiments.frequency_agility | INFO   | [frequency_agility mc_dlsk] fh_off sweep         cw            JSR=  10.0 dB r=2 jammed=1.000 BER=0.4998 (2 s)
2026-09-28 23:24:38 | src.experiments.frequency_agility | INFO   | [frequency_agility mc_dlsk] fh_off sweep         partial_band  JSR= -10.0 dB r=2 jammed=1.000 BER=0.0756 (3 s)
2026-09-28 23:24:40 | src.experiments.frequency_agility | INFO   | [frequency_agility mc_dlsk] fh_off sweep         partial_band  JSR=  -6.0 dB r=2 jammed=1.000 BER=0.0835 (2 s)
2026-09-28 23:24:42 | src.experiments.frequency_agility | INFO   | [frequency_agility mc_dlsk] fh_off sweep         partial_band  JSR=  -2.0 dB r=2 jammed=1.000 BER=0.2726 (2 s)
2026-09-28 23:24:44 | src.experiments.frequency_agility | INFO   | [frequency_agility mc_dlsk] fh_off sweep         partial_band  JSR=   2.0 dB r=2 jammed=1.000 BER=0.4815 (2 s)
2026-09-28 23:24:46 | src.experiments.frequency_agility | INFO   | [frequency_agility mc_dlsk] fh_off sweep         partial_band  JSR=   6.0 dB r=2 jammed=1.000 BER=0.4998 (2 s)
2026-09-28 23:24:48 | src.experiments.frequency_agility | INFO   | [frequency_agility mc_dlsk] fh_off sweep         partial_band  JSR=  10.0 dB r=2 jammed=1.000 BER=0.5000 (2 s)
2026-09-28 23:24:54 | src.experiments.frequency_agility | INFO   | [frequency_agility mc_dlsk] fh_off sweep         cw            JSR= -10.0 dB r=3 jammed=1.000 BER=0.0678 (2 s)
2026-09-28 23:24:56 | src.experiments.frequency_agility | INFO   | [frequency_agility mc_dlsk] fh_off sweep         cw            JSR=  -6.0 dB r=3 jammed=1.000 BER=0.0854 (2 s)
2026-09-28 23:24:58 | src.experiments.frequency_agility | INFO   | [frequency_agility mc_dlsk] fh_off sweep         cw            JSR=  -2.0 dB r=3 jammed=1.000 BER=0.3414 (2 s)
2026-09-28 23:25:00 | src.experiments.frequency_agility | INFO   | [frequency_agility mc_dlsk] fh_off sweep         cw            JSR=   2.0 dB r=3 jammed=1.000 BER=0.4915 (2 s)
2026-09-28 23:25:03 | src.experiments.frequency_agility | INFO   | [frequency_agility mc_dlsk] fh_off sweep         cw            JSR=   6.0 dB r=3 jammed=1.000 BER=0.4993 (2 s)
2026-09-28 23:25:05 | src.experiments.frequency_agility | INFO   | [frequency_agility mc_dlsk] fh_off sweep         cw            JSR=  10.0 dB r=3 jammed=1.000 BER=0.4993 (3 s)
2026-09-28 23:25:07 | src.experiments.frequency_agility | INFO   | [frequency_agility mc_dlsk] fh_off sweep         partial_band  JSR= -10.0 dB r=3 jammed=1.000 BER=0.0738 (2 s)
2026-09-28 23:25:09 | src.experiments.frequency_agility | INFO   | [frequency_agility mc_dlsk] fh_off sweep         partial_band  JSR=  -6.0 dB r=3 jammed=1.000 BER=0.0658 (2 s)
2026-09-28 23:25:11 | src.experiments.frequency_agility | INFO   | [frequency_agility mc_dlsk] fh_off sweep         partial_band  JSR=  -2.0 dB r=3 jammed=1.000 BER=0.1287 (2 s)
2026-09-28 23:25:13 | src.experiments.frequency_agility | INFO   | [frequency_agility mc_dlsk] fh_off sweep         partial_band  JSR=   2.0 dB r=3 jammed=1.000 BER=0.3956 (2 s)
2026-09-28 23:25:15 | src.experiments.frequency_agility | INFO   | [frequency_agility mc_dlsk] fh_off sweep         partial_band  JSR=   6.0 dB r=3 jammed=1.000 BER=0.4959 (2 s)
2026-09-28 23:25:18 | src.experiments.frequency_agility | INFO   | [frequency_agility mc_dlsk] fh_off sweep         partial_band  JSR=  10.0 dB r=3 jammed=1.000 BER=0.4993 (3 s)
2026-09-28 23:25:24 | src.experiments.frequency_agility | INFO   | [frequency_agility mc_dlsk] fh_off sweep         cw            JSR= -10.0 dB r=4 jammed=1.000 BER=0.0716 (2 s)
2026-09-28 23:25:26 | src.experiments.frequency_agility | INFO   | [frequency_agility mc_dlsk] fh_off sweep         cw            JSR=  -6.0 dB r=4 jammed=1.000 BER=0.0757 (2 s)
2026-09-28 23:25:28 | src.experiments.frequency_agility | INFO   | [frequency_agility mc_dlsk] fh_off sweep         cw            JSR=  -2.0 dB r=4 jammed=1.000 BER=0.2716 (2 s)
2026-09-28 23:25:30 | src.experiments.frequency_agility | INFO   | [frequency_agility mc_dlsk] fh_off sweep         cw            JSR=   2.0 dB r=4 jammed=1.000 BER=0.4915 (2 s)
2026-09-28 23:25:33 | src.experiments.frequency_agility | INFO   | [frequency_agility mc_dlsk] fh_off sweep         cw            JSR=   6.0 dB r=4 jammed=1.000 BER=0.5009 (3 s)
2026-09-28 23:25:35 | src.experiments.frequency_agility | INFO   | [frequency_agility mc_dlsk] fh_off sweep         cw            JSR=  10.0 dB r=4 jammed=1.000 BER=0.5010 (2 s)
2026-09-28 23:25:37 | src.experiments.frequency_agility | INFO   | [frequency_agility mc_dlsk] fh_off sweep         partial_band  JSR= -10.0 dB r=4 jammed=1.000 BER=0.1061 (2 s)
2026-09-28 23:25:39 | src.experiments.frequency_agility | INFO   | [frequency_agility mc_dlsk] fh_off sweep         partial_band  JSR=  -6.0 dB r=4 jammed=1.000 BER=0.1338 (2 s)
2026-09-28 23:25:41 | src.experiments.frequency_agility | INFO   | [frequency_agility mc_dlsk] fh_off sweep         partial_band  JSR=  -2.0 dB r=4 jammed=1.000 BER=0.2255 (2 s)
2026-09-28 23:25:43 | src.experiments.frequency_agility | INFO   | [frequency_agility mc_dlsk] fh_off sweep         partial_band  JSR=   2.0 dB r=4 jammed=1.000 BER=0.3903 (2 s)
2026-09-28 23:25:45 | src.experiments.frequency_agility | INFO   | [frequency_agility mc_dlsk] fh_off sweep         partial_band  JSR=   6.0 dB r=4 jammed=1.000 BER=0.4889 (3 s)
2026-09-28 23:25:48 | src.experiments.frequency_agility | INFO   | [frequency_agility mc_dlsk] fh_off sweep         partial_band  JSR=  10.0 dB r=4 jammed=1.000 BER=0.4985 (2 s)
2026-09-28 23:25:53 | src.experiments.frequency_agility | INFO   | [frequency_agility mc_dlsk] fh_off follower      cw            JSR= -10.0 dB r=0 jammed=1.000 BER=0.1161 (2 s)
2026-09-28 23:25:55 | src.experiments.frequency_agility | INFO   | [frequency_agility mc_dlsk] fh_off follower      cw            JSR=  -6.0 dB r=0 jammed=1.000 BER=0.1914 (2 s)
2026-09-28 23:25:57 | src.experiments.frequency_agility | INFO   | [frequency_agility mc_dlsk] fh_off follower      cw            JSR=  -2.0 dB r=0 jammed=1.000 BER=0.3811 (2 s)
2026-09-28 23:26:00 | src.experiments.frequency_agility | INFO   | [frequency_agility mc_dlsk] fh_off follower      cw            JSR=   2.0 dB r=0 jammed=1.000 BER=0.5002 (3 s)
2026-09-28 23:26:02 | src.experiments.frequency_agility | INFO   | [frequency_agility mc_dlsk] fh_off follower      cw            JSR=   6.0 dB r=0 jammed=1.000 BER=0.5034 (2 s)
2026-09-28 23:26:04 | src.experiments.frequency_agility | INFO   | [frequency_agility mc_dlsk] fh_off follower      cw            JSR=  10.0 dB r=0 jammed=1.000 BER=0.5034 (2 s)
2026-09-28 23:26:06 | src.experiments.frequency_agility | INFO   | [frequency_agility mc_dlsk] fh_off follower      partial_band  JSR= -10.0 dB r=0 jammed=1.000 BER=0.0959 (2 s)
2026-09-28 23:26:08 | src.experiments.frequency_agility | INFO   | [frequency_agility mc_dlsk] fh_off follower      partial_band  JSR=  -6.0 dB r=0 jammed=1.000 BER=0.1230 (2 s)
2026-09-28 23:26:10 | src.experiments.frequency_agility | INFO   | [frequency_agility mc_dlsk] fh_off follower      partial_band  JSR=  -2.0 dB r=0 jammed=1.000 BER=0.2190 (2 s)
2026-09-28 23:26:13 | src.experiments.frequency_agility | INFO   | [frequency_agility mc_dlsk] fh_off follower      partial_band  JSR=   2.0 dB r=0 jammed=1.000 BER=0.4133 (3 s)
2026-09-28 23:26:15 | src.experiments.frequency_agility | INFO   | [frequency_agility mc_dlsk] fh_off follower      partial_band  JSR=   6.0 dB r=0 jammed=1.000 BER=0.4984 (2 s)
2026-09-28 23:26:17 | src.experiments.frequency_agility | INFO   | [frequency_agility mc_dlsk] fh_off follower      partial_band  JSR=  10.0 dB r=0 jammed=1.000 BER=0.5034 (2 s)
2026-09-28 23:26:23 | src.experiments.frequency_agility | INFO   | [frequency_agility mc_dlsk] fh_off follower      cw            JSR= -10.0 dB r=1 jammed=1.000 BER=0.1216 (2 s)
2026-09-28 23:26:25 | src.experiments.frequency_agility | INFO   | [frequency_agility mc_dlsk] fh_off follower      cw            JSR=  -6.0 dB r=1 jammed=1.000 BER=0.1733 (2 s)
2026-09-28 23:26:27 | src.experiments.frequency_agility | INFO   | [frequency_agility mc_dlsk] fh_off follower      cw            JSR=  -2.0 dB r=1 jammed=1.000 BER=0.3256 (3 s)
2026-09-28 23:26:29 | src.experiments.frequency_agility | INFO   | [frequency_agility mc_dlsk] fh_off follower      cw            JSR=   2.0 dB r=1 jammed=1.000 BER=0.4886 (2 s)
2026-09-28 23:26:31 | src.experiments.frequency_agility | INFO   | [frequency_agility mc_dlsk] fh_off follower      cw            JSR=   6.0 dB r=1 jammed=1.000 BER=0.5023 (2 s)
2026-09-28 23:26:33 | src.experiments.frequency_agility | INFO   | [frequency_agility mc_dlsk] fh_off follower      cw            JSR=  10.0 dB r=1 jammed=1.000 BER=0.5023 (2 s)
2026-09-28 23:26:35 | src.experiments.frequency_agility | INFO   | [frequency_agility mc_dlsk] fh_off follower      partial_band  JSR= -10.0 dB r=1 jammed=1.000 BER=0.0807 (2 s)
2026-09-28 23:26:38 | src.experiments.frequency_agility | INFO   | [frequency_agility mc_dlsk] fh_off follower      partial_band  JSR=  -6.0 dB r=1 jammed=1.000 BER=0.0703 (2 s)
2026-09-28 23:26:40 | src.experiments.frequency_agility | INFO   | [frequency_agility mc_dlsk] fh_off follower      partial_band  JSR=  -2.0 dB r=1 jammed=1.000 BER=0.1349 (3 s)
2026-09-28 23:26:43 | src.experiments.frequency_agility | INFO   | [frequency_agility mc_dlsk] fh_off follower      partial_band  JSR=   2.0 dB r=1 jammed=1.000 BER=0.3744 (2 s)
2026-09-28 23:26:45 | src.experiments.frequency_agility | INFO   | [frequency_agility mc_dlsk] fh_off follower      partial_band  JSR=   6.0 dB r=1 jammed=1.000 BER=0.4884 (2 s)
2026-09-28 23:26:47 | src.experiments.frequency_agility | INFO   | [frequency_agility mc_dlsk] fh_off follower      partial_band  JSR=  10.0 dB r=1 jammed=1.000 BER=0.4975 (2 s)
2026-09-28 23:26:52 | src.experiments.frequency_agility | INFO   | [frequency_agility mc_dlsk] fh_off follower      cw            JSR= -10.0 dB r=2 jammed=1.000 BER=0.1005 (2 s)
2026-09-28 23:26:55 | src.experiments.frequency_agility | INFO   | [frequency_agility mc_dlsk] fh_off follower      cw            JSR=  -6.0 dB r=2 jammed=1.000 BER=0.1080 (3 s)
2026-09-28 23:26:57 | src.experiments.frequency_agility | INFO   | [frequency_agility mc_dlsk] fh_off follower      cw            JSR=  -2.0 dB r=2 jammed=1.000 BER=0.1369 (2 s)
2026-09-28 23:26:59 | src.experiments.frequency_agility | INFO   | [frequency_agility mc_dlsk] fh_off follower      cw            JSR=   2.0 dB r=2 jammed=1.000 BER=0.2490 (2 s)
2026-09-28 23:27:01 | src.experiments.frequency_agility | INFO   | [frequency_agility mc_dlsk] fh_off follower      cw            JSR=   6.0 dB r=2 jammed=1.000 BER=0.4481 (2 s)
2026-09-28 23:27:03 | src.experiments.frequency_agility | INFO   | [frequency_agility mc_dlsk] fh_off follower      cw            JSR=  10.0 dB r=2 jammed=1.000 BER=0.4958 (2 s)
2026-09-28 23:27:05 | src.experiments.frequency_agility | INFO   | [frequency_agility mc_dlsk] fh_off follower      partial_band  JSR= -10.0 dB r=2 jammed=1.000 BER=0.0737 (2 s)
2026-09-28 23:27:08 | src.experiments.frequency_agility | INFO   | [frequency_agility mc_dlsk] fh_off follower      partial_band  JSR=  -6.0 dB r=2 jammed=1.000 BER=0.0852 (3 s)
2026-09-28 23:27:10 | src.experiments.frequency_agility | INFO   | [frequency_agility mc_dlsk] fh_off follower      partial_band  JSR=  -2.0 dB r=2 jammed=1.000 BER=0.2691 (2 s)
2026-09-28 23:27:12 | src.experiments.frequency_agility | INFO   | [frequency_agility mc_dlsk] fh_off follower      partial_band  JSR=   2.0 dB r=2 jammed=1.000 BER=0.4852 (2 s)
2026-09-28 23:27:14 | src.experiments.frequency_agility | INFO   | [frequency_agility mc_dlsk] fh_off follower      partial_band  JSR=   6.0 dB r=2 jammed=1.000 BER=0.5038 (2 s)
2026-09-28 23:27:16 | src.experiments.frequency_agility | INFO   | [frequency_agility mc_dlsk] fh_off follower      partial_band  JSR=  10.0 dB r=2 jammed=1.000 BER=0.5039 (2 s)
2026-09-28 23:27:22 | src.experiments.frequency_agility | INFO   | [frequency_agility mc_dlsk] fh_off follower      cw            JSR= -10.0 dB r=3 jammed=1.000 BER=0.0645 (3 s)
2026-09-28 23:27:24 | src.experiments.frequency_agility | INFO   | [frequency_agility mc_dlsk] fh_off follower      cw            JSR=  -6.0 dB r=3 jammed=1.000 BER=0.0827 (2 s)
2026-09-28 23:27:26 | src.experiments.frequency_agility | INFO   | [frequency_agility mc_dlsk] fh_off follower      cw            JSR=  -2.0 dB r=3 jammed=1.000 BER=0.3348 (2 s)
2026-09-28 23:27:28 | src.experiments.frequency_agility | INFO   | [frequency_agility mc_dlsk] fh_off follower      cw            JSR=   2.0 dB r=3 jammed=1.000 BER=0.4924 (2 s)
2026-09-28 23:27:30 | src.experiments.frequency_agility | INFO   | [frequency_agility mc_dlsk] fh_off follower      cw            JSR=   6.0 dB r=3 jammed=1.000 BER=0.4984 (2 s)
2026-09-28 23:27:32 | src.experiments.frequency_agility | INFO   | [frequency_agility mc_dlsk] fh_off follower      cw            JSR=  10.0 dB r=3 jammed=1.000 BER=0.4985 (2 s)
2026-09-28 23:27:35 | src.experiments.frequency_agility | INFO   | [frequency_agility mc_dlsk] fh_off follower      partial_band  JSR= -10.0 dB r=3 jammed=1.000 BER=0.0707 (2 s)
2026-09-28 23:27:37 | src.experiments.frequency_agility | INFO   | [frequency_agility mc_dlsk] fh_off follower      partial_band  JSR=  -6.0 dB r=3 jammed=1.000 BER=0.0609 (3 s)
2026-09-28 23:27:39 | src.experiments.frequency_agility | INFO   | [frequency_agility mc_dlsk] fh_off follower      partial_band  JSR=  -2.0 dB r=3 jammed=1.000 BER=0.1206 (2 s)
2026-09-28 23:27:41 | src.experiments.frequency_agility | INFO   | [frequency_agility mc_dlsk] fh_off follower      partial_band  JSR=   2.0 dB r=3 jammed=1.000 BER=0.3902 (2 s)
2026-09-28 23:27:43 | src.experiments.frequency_agility | INFO   | [frequency_agility mc_dlsk] fh_off follower      partial_band  JSR=   6.0 dB r=3 jammed=1.000 BER=0.4946 (2 s)
2026-09-28 23:27:45 | src.experiments.frequency_agility | INFO   | [frequency_agility mc_dlsk] fh_off follower      partial_band  JSR=  10.0 dB r=3 jammed=1.000 BER=0.4985 (2 s)
2026-09-28 23:27:52 | src.experiments.frequency_agility | INFO   | [frequency_agility mc_dlsk] fh_off follower      cw            JSR= -10.0 dB r=4 jammed=1.000 BER=0.0728 (2 s)
2026-09-28 23:27:54 | src.experiments.frequency_agility | INFO   | [frequency_agility mc_dlsk] fh_off follower      cw            JSR=  -6.0 dB r=4 jammed=1.000 BER=0.0728 (2 s)
2026-09-28 23:27:56 | src.experiments.frequency_agility | INFO   | [frequency_agility mc_dlsk] fh_off follower      cw            JSR=  -2.0 dB r=4 jammed=1.000 BER=0.2768 (2 s)
2026-09-28 23:27:58 | src.experiments.frequency_agility | INFO   | [frequency_agility mc_dlsk] fh_off follower      cw            JSR=   2.0 dB r=4 jammed=1.000 BER=0.4934 (2 s)
2026-09-28 23:28:00 | src.experiments.frequency_agility | INFO   | [frequency_agility mc_dlsk] fh_off follower      cw            JSR=   6.0 dB r=4 jammed=1.000 BER=0.5010 (2 s)
2026-09-28 23:28:02 | src.experiments.frequency_agility | INFO   | [frequency_agility mc_dlsk] fh_off follower      cw            JSR=  10.0 dB r=4 jammed=1.000 BER=0.5010 (2 s)
2026-09-28 23:28:05 | src.experiments.frequency_agility | INFO   | [frequency_agility mc_dlsk] fh_off follower      partial_band  JSR= -10.0 dB r=4 jammed=1.000 BER=0.1070 (3 s)
2026-09-28 23:28:07 | src.experiments.frequency_agility | INFO   | [frequency_agility mc_dlsk] fh_off follower      partial_band  JSR=  -6.0 dB r=4 jammed=1.000 BER=0.1353 (2 s)
2026-09-28 23:28:09 | src.experiments.frequency_agility | INFO   | [frequency_agility mc_dlsk] fh_off follower      partial_band  JSR=  -2.0 dB r=4 jammed=1.000 BER=0.2233 (2 s)
2026-09-28 23:28:11 | src.experiments.frequency_agility | INFO   | [frequency_agility mc_dlsk] fh_off follower      partial_band  JSR=   2.0 dB r=4 jammed=1.000 BER=0.3966 (2 s)
2026-09-28 23:28:13 | src.experiments.frequency_agility | INFO   | [frequency_agility mc_dlsk] fh_off follower      partial_band  JSR=   6.0 dB r=4 jammed=1.000 BER=0.4886 (2 s)
2026-09-28 23:28:15 | src.experiments.frequency_agility | INFO   | [frequency_agility mc_dlsk] fh_off follower      partial_band  JSR=  10.0 dB r=4 jammed=1.000 BER=0.4980 (2 s)
2026-09-28 23:28:21 | src.experiments.frequency_agility | INFO   | [frequency_agility mc_dlsk] fh_off_blind barrage       cw            JSR= -10.0 dB r=0 jammed=1.000 BER=0.1250 (2 s)
2026-09-28 23:28:23 | src.experiments.frequency_agility | INFO   | [frequency_agility mc_dlsk] fh_off_blind barrage       cw            JSR=  -6.0 dB r=0 jammed=1.000 BER=0.2026 (2 s)
2026-09-28 23:28:25 | src.experiments.frequency_agility | INFO   | [frequency_agility mc_dlsk] fh_off_blind barrage       cw            JSR=  -2.0 dB r=0 jammed=1.000 BER=0.3916 (2 s)
2026-09-28 23:28:27 | src.experiments.frequency_agility | INFO   | [frequency_agility mc_dlsk] fh_off_blind barrage       cw            JSR=   2.0 dB r=0 jammed=1.000 BER=0.5002 (2 s)
2026-09-28 23:28:29 | src.experiments.frequency_agility | INFO   | [frequency_agility mc_dlsk] fh_off_blind barrage       cw            JSR=   6.0 dB r=0 jammed=1.000 BER=0.5031 (2 s)
2026-09-28 23:28:32 | src.experiments.frequency_agility | INFO   | [frequency_agility mc_dlsk] fh_off_blind barrage       cw            JSR=  10.0 dB r=0 jammed=1.000 BER=0.5031 (3 s)
2026-09-28 23:28:34 | src.experiments.frequency_agility | INFO   | [frequency_agility mc_dlsk] fh_off_blind barrage       partial_band  JSR= -10.0 dB r=0 jammed=1.000 BER=0.1036 (2 s)
2026-09-28 23:28:36 | src.experiments.frequency_agility | INFO   | [frequency_agility mc_dlsk] fh_off_blind barrage       partial_band  JSR=  -6.0 dB r=0 jammed=1.000 BER=0.1338 (2 s)
2026-09-28 23:28:38 | src.experiments.frequency_agility | INFO   | [frequency_agility mc_dlsk] fh_off_blind barrage       partial_band  JSR=  -2.0 dB r=0 jammed=1.000 BER=0.2281 (2 s)
2026-09-28 23:28:40 | src.experiments.frequency_agility | INFO   | [frequency_agility mc_dlsk] fh_off_blind barrage       partial_band  JSR=   2.0 dB r=0 jammed=1.000 BER=0.4198 (2 s)
2026-09-28 23:28:42 | src.experiments.frequency_agility | INFO   | [frequency_agility mc_dlsk] fh_off_blind barrage       partial_band  JSR=   6.0 dB r=0 jammed=1.000 BER=0.5002 (2 s)
2026-09-28 23:28:45 | src.experiments.frequency_agility | INFO   | [frequency_agility mc_dlsk] fh_off_blind barrage       partial_band  JSR=  10.0 dB r=0 jammed=1.000 BER=0.5031 (3 s)
2026-09-28 23:28:50 | src.experiments.frequency_agility | INFO   | [frequency_agility mc_dlsk] fh_off_blind barrage       cw            JSR= -10.0 dB r=1 jammed=1.000 BER=0.1109 (2 s)
2026-09-28 23:28:52 | src.experiments.frequency_agility | INFO   | [frequency_agility mc_dlsk] fh_off_blind barrage       cw            JSR=  -6.0 dB r=1 jammed=1.000 BER=0.1630 (2 s)
2026-09-28 23:28:54 | src.experiments.frequency_agility | INFO   | [frequency_agility mc_dlsk] fh_off_blind barrage       cw            JSR=  -2.0 dB r=1 jammed=1.000 BER=0.3121 (2 s)
2026-09-28 23:28:56 | src.experiments.frequency_agility | INFO   | [frequency_agility mc_dlsk] fh_off_blind barrage       cw            JSR=   2.0 dB r=1 jammed=1.000 BER=0.4832 (2 s)
2026-09-28 23:28:59 | src.experiments.frequency_agility | INFO   | [frequency_agility mc_dlsk] fh_off_blind barrage       cw            JSR=   6.0 dB r=1 jammed=1.000 BER=0.4996 (3 s)
2026-09-28 23:29:01 | src.experiments.frequency_agility | INFO   | [frequency_agility mc_dlsk] fh_off_blind barrage       cw            JSR=  10.0 dB r=1 jammed=1.000 BER=0.4996 (2 s)
2026-09-28 23:29:03 | src.experiments.frequency_agility | INFO   | [frequency_agility mc_dlsk] fh_off_blind barrage       partial_band  JSR= -10.0 dB r=1 jammed=1.000 BER=0.0717 (2 s)
2026-09-28 23:29:05 | src.experiments.frequency_agility | INFO   | [frequency_agility mc_dlsk] fh_off_blind barrage       partial_band  JSR=  -6.0 dB r=1 jammed=1.000 BER=0.0662 (2 s)
2026-09-28 23:29:07 | src.experiments.frequency_agility | INFO   | [frequency_agility mc_dlsk] fh_off_blind barrage       partial_band  JSR=  -2.0 dB r=1 jammed=1.000 BER=0.1331 (2 s)
2026-09-28 23:29:09 | src.experiments.frequency_agility | INFO   | [frequency_agility mc_dlsk] fh_off_blind barrage       partial_band  JSR=   2.0 dB r=1 jammed=1.000 BER=0.3710 (2 s)
2026-09-28 23:29:12 | src.experiments.frequency_agility | INFO   | [frequency_agility mc_dlsk] fh_off_blind barrage       partial_band  JSR=   6.0 dB r=1 jammed=1.000 BER=0.4903 (3 s)
2026-09-28 23:29:14 | src.experiments.frequency_agility | INFO   | [frequency_agility mc_dlsk] fh_off_blind barrage       partial_band  JSR=  10.0 dB r=1 jammed=1.000 BER=0.5002 (2 s)
2026-09-28 23:29:19 | src.experiments.frequency_agility | INFO   | [frequency_agility mc_dlsk] fh_off_blind barrage       cw            JSR= -10.0 dB r=2 jammed=1.000 BER=0.0956 (2 s)
2026-09-28 23:29:21 | src.experiments.frequency_agility | INFO   | [frequency_agility mc_dlsk] fh_off_blind barrage       cw            JSR=  -6.0 dB r=2 jammed=1.000 BER=0.1029 (2 s)
2026-09-28 23:29:24 | src.experiments.frequency_agility | INFO   | [frequency_agility mc_dlsk] fh_off_blind barrage       cw            JSR=  -2.0 dB r=2 jammed=1.000 BER=0.1293 (2 s)
2026-09-28 23:29:26 | src.experiments.frequency_agility | INFO   | [frequency_agility mc_dlsk] fh_off_blind barrage       cw            JSR=   2.0 dB r=2 jammed=1.000 BER=0.2319 (3 s)
2026-09-28 23:29:28 | src.experiments.frequency_agility | INFO   | [frequency_agility mc_dlsk] fh_off_blind barrage       cw            JSR=   6.0 dB r=2 jammed=1.000 BER=0.4478 (2 s)
2026-09-28 23:29:30 | src.experiments.frequency_agility | INFO   | [frequency_agility mc_dlsk] fh_off_blind barrage       cw            JSR=  10.0 dB r=2 jammed=1.000 BER=0.5023 (2 s)
2026-09-28 23:29:33 | src.experiments.frequency_agility | INFO   | [frequency_agility mc_dlsk] fh_off_blind barrage       partial_band  JSR= -10.0 dB r=2 jammed=1.000 BER=0.0718 (2 s)
2026-09-28 23:29:35 | src.experiments.frequency_agility | INFO   | [frequency_agility mc_dlsk] fh_off_blind barrage       partial_band  JSR=  -6.0 dB r=2 jammed=1.000 BER=0.0776 (2 s)
2026-09-28 23:29:37 | src.experiments.frequency_agility | INFO   | [frequency_agility mc_dlsk] fh_off_blind barrage       partial_band  JSR=  -2.0 dB r=2 jammed=1.000 BER=0.2643 (2 s)
2026-09-28 23:29:39 | src.experiments.frequency_agility | INFO   | [frequency_agility mc_dlsk] fh_off_blind barrage       partial_band  JSR=   2.0 dB r=2 jammed=1.000 BER=0.4819 (3 s)
2026-09-28 23:29:41 | src.experiments.frequency_agility | INFO   | [frequency_agility mc_dlsk] fh_off_blind barrage       partial_band  JSR=   6.0 dB r=2 jammed=1.000 BER=0.4973 (2 s)
2026-09-28 23:29:43 | src.experiments.frequency_agility | INFO   | [frequency_agility mc_dlsk] fh_off_blind barrage       partial_band  JSR=  10.0 dB r=2 jammed=1.000 BER=0.4973 (2 s)
2026-09-28 23:29:49 | src.experiments.frequency_agility | INFO   | [frequency_agility mc_dlsk] fh_off_blind barrage       cw            JSR= -10.0 dB r=3 jammed=1.000 BER=0.0635 (2 s)
2026-09-28 23:29:51 | src.experiments.frequency_agility | INFO   | [frequency_agility mc_dlsk] fh_off_blind barrage       cw            JSR=  -6.0 dB r=3 jammed=1.000 BER=0.0856 (2 s)
2026-09-28 23:29:54 | src.experiments.frequency_agility | INFO   | [frequency_agility mc_dlsk] fh_off_blind barrage       cw            JSR=  -2.0 dB r=3 jammed=1.000 BER=0.3396 (3 s)
2026-09-28 23:29:56 | src.experiments.frequency_agility | INFO   | [frequency_agility mc_dlsk] fh_off_blind barrage       cw            JSR=   2.0 dB r=3 jammed=1.000 BER=0.4930 (2 s)
2026-09-28 23:29:58 | src.experiments.frequency_agility | INFO   | [frequency_agility mc_dlsk] fh_off_blind barrage       cw            JSR=   6.0 dB r=3 jammed=1.000 BER=0.4997 (2 s)
2026-09-28 23:30:00 | src.experiments.frequency_agility | INFO   | [frequency_agility mc_dlsk] fh_off_blind barrage       cw            JSR=  10.0 dB r=3 jammed=1.000 BER=0.4997 (2 s)
2026-09-28 23:30:02 | src.experiments.frequency_agility | INFO   | [frequency_agility mc_dlsk] fh_off_blind barrage       partial_band  JSR= -10.0 dB r=3 jammed=1.000 BER=0.0711 (2 s)
2026-09-28 23:30:04 | src.experiments.frequency_agility | INFO   | [frequency_agility mc_dlsk] fh_off_blind barrage       partial_band  JSR=  -6.0 dB r=3 jammed=1.000 BER=0.0609 (2 s)
2026-09-28 23:30:06 | src.experiments.frequency_agility | INFO   | [frequency_agility mc_dlsk] fh_off_blind barrage       partial_band  JSR=  -2.0 dB r=3 jammed=1.000 BER=0.1288 (2 s)
2026-09-28 23:30:09 | src.experiments.frequency_agility | INFO   | [frequency_agility mc_dlsk] fh_off_blind barrage       partial_band  JSR=   2.0 dB r=3 jammed=1.000 BER=0.3935 (2 s)
2026-09-28 23:30:11 | src.experiments.frequency_agility | INFO   | [frequency_agility mc_dlsk] fh_off_blind barrage       partial_band  JSR=   6.0 dB r=3 jammed=1.000 BER=0.4961 (2 s)
2026-09-28 23:30:13 | src.experiments.frequency_agility | INFO   | [frequency_agility mc_dlsk] fh_off_blind barrage       partial_band  JSR=  10.0 dB r=3 jammed=1.000 BER=0.4997 (2 s)
2026-09-28 23:30:18 | src.experiments.frequency_agility | INFO   | [frequency_agility mc_dlsk] fh_off_blind barrage       cw            JSR= -10.0 dB r=4 jammed=1.000 BER=0.0693 (2 s)
2026-09-28 23:30:20 | src.experiments.frequency_agility | INFO   | [frequency_agility mc_dlsk] fh_off_blind barrage       cw            JSR=  -6.0 dB r=4 jammed=1.000 BER=0.0762 (3 s)
2026-09-28 23:30:23 | src.experiments.frequency_agility | INFO   | [frequency_agility mc_dlsk] fh_off_blind barrage       cw            JSR=  -2.0 dB r=4 jammed=1.000 BER=0.2641 (2 s)
2026-09-28 23:30:25 | src.experiments.frequency_agility | INFO   | [frequency_agility mc_dlsk] fh_off_blind barrage       cw            JSR=   2.0 dB r=4 jammed=1.000 BER=0.4868 (2 s)
2026-09-28 23:30:27 | src.experiments.frequency_agility | INFO   | [frequency_agility mc_dlsk] fh_off_blind barrage       cw            JSR=   6.0 dB r=4 jammed=1.000 BER=0.4957 (2 s)
2026-09-28 23:30:29 | src.experiments.frequency_agility | INFO   | [frequency_agility mc_dlsk] fh_off_blind barrage       cw            JSR=  10.0 dB r=4 jammed=1.000 BER=0.4959 (2 s)
2026-09-28 23:30:31 | src.experiments.frequency_agility | INFO   | [frequency_agility mc_dlsk] fh_off_blind barrage       partial_band  JSR= -10.0 dB r=4 jammed=1.000 BER=0.1013 (2 s)
2026-09-28 23:30:33 | src.experiments.frequency_agility | INFO   | [frequency_agility mc_dlsk] fh_off_blind barrage       partial_band  JSR=  -6.0 dB r=4 jammed=1.000 BER=0.1293 (2 s)
2026-09-28 23:30:36 | src.experiments.frequency_agility | INFO   | [frequency_agility mc_dlsk] fh_off_blind barrage       partial_band  JSR=  -2.0 dB r=4 jammed=1.000 BER=0.2112 (3 s)
2026-09-28 23:30:38 | src.experiments.frequency_agility | INFO   | [frequency_agility mc_dlsk] fh_off_blind barrage       partial_band  JSR=   2.0 dB r=4 jammed=1.000 BER=0.3904 (2 s)
2026-09-28 23:30:40 | src.experiments.frequency_agility | INFO   | [frequency_agility mc_dlsk] fh_off_blind barrage       partial_band  JSR=   6.0 dB r=4 jammed=1.000 BER=0.4945 (2 s)
2026-09-28 23:30:42 | src.experiments.frequency_agility | INFO   | [frequency_agility mc_dlsk] fh_off_blind barrage       partial_band  JSR=  10.0 dB r=4 jammed=1.000 BER=0.5031 (2 s)
2026-09-28 23:30:48 | src.experiments.frequency_agility | INFO   | [frequency_agility mc_dlsk] fh_off_blind fixed_partial cw            JSR= -10.0 dB r=0 jammed=0.000 BER=0.0891 (3 s)
2026-09-28 23:30:50 | src.experiments.frequency_agility | INFO   | [frequency_agility mc_dlsk] fh_off_blind fixed_partial cw            JSR=  -6.0 dB r=0 jammed=0.000 BER=0.0891 (2 s)
2026-09-28 23:30:52 | src.experiments.frequency_agility | INFO   | [frequency_agility mc_dlsk] fh_off_blind fixed_partial cw            JSR=  -2.0 dB r=0 jammed=0.000 BER=0.0891 (2 s)
2026-09-28 23:30:54 | src.experiments.frequency_agility | INFO   | [frequency_agility mc_dlsk] fh_off_blind fixed_partial cw            JSR=   2.0 dB r=0 jammed=0.000 BER=0.0891 (2 s)
2026-09-28 23:30:56 | src.experiments.frequency_agility | INFO   | [frequency_agility mc_dlsk] fh_off_blind fixed_partial cw            JSR=   6.0 dB r=0 jammed=0.000 BER=0.0891 (2 s)
2026-09-28 23:30:58 | src.experiments.frequency_agility | INFO   | [frequency_agility mc_dlsk] fh_off_blind fixed_partial cw            JSR=  10.0 dB r=0 jammed=0.000 BER=0.0891 (2 s)
2026-09-28 23:31:00 | src.experiments.frequency_agility | INFO   | [frequency_agility mc_dlsk] fh_off_blind fixed_partial partial_band  JSR= -10.0 dB r=0 jammed=0.000 BER=0.0891 (2 s)
2026-09-28 23:31:03 | src.experiments.frequency_agility | INFO   | [frequency_agility mc_dlsk] fh_off_blind fixed_partial partial_band  JSR=  -6.0 dB r=0 jammed=0.000 BER=0.0891 (3 s)
2026-09-28 23:31:05 | src.experiments.frequency_agility | INFO   | [frequency_agility mc_dlsk] fh_off_blind fixed_partial partial_band  JSR=  -2.0 dB r=0 jammed=0.000 BER=0.0891 (2 s)
2026-09-28 23:31:07 | src.experiments.frequency_agility | INFO   | [frequency_agility mc_dlsk] fh_off_blind fixed_partial partial_band  JSR=   2.0 dB r=0 jammed=0.000 BER=0.0891 (2 s)
2026-09-28 23:31:08 | src.experiments.frequency_agility | INFO   | [frequency_agility mc_dlsk] fh_off_blind fixed_partial partial_band  JSR=   6.0 dB r=0 jammed=0.000 BER=0.0891 (2 s)
2026-09-28 23:31:10 | src.experiments.frequency_agility | INFO   | [frequency_agility mc_dlsk] fh_off_blind fixed_partial partial_band  JSR=  10.0 dB r=0 jammed=0.000 BER=0.0891 (2 s)
2026-09-28 23:31:16 | src.experiments.frequency_agility | INFO   | [frequency_agility mc_dlsk] fh_off_blind fixed_partial cw            JSR= -10.0 dB r=1 jammed=0.000 BER=0.0879 (3 s)
2026-09-28 23:31:18 | src.experiments.frequency_agility | INFO   | [frequency_agility mc_dlsk] fh_off_blind fixed_partial cw            JSR=  -6.0 dB r=1 jammed=0.000 BER=0.0879 (2 s)
2026-09-28 23:31:20 | src.experiments.frequency_agility | INFO   | [frequency_agility mc_dlsk] fh_off_blind fixed_partial cw            JSR=  -2.0 dB r=1 jammed=0.000 BER=0.0879 (2 s)
2026-09-28 23:31:22 | src.experiments.frequency_agility | INFO   | [frequency_agility mc_dlsk] fh_off_blind fixed_partial cw            JSR=   2.0 dB r=1 jammed=0.000 BER=0.0879 (2 s)
2026-09-28 23:31:24 | src.experiments.frequency_agility | INFO   | [frequency_agility mc_dlsk] fh_off_blind fixed_partial cw            JSR=   6.0 dB r=1 jammed=0.000 BER=0.0879 (2 s)
2026-09-28 23:31:26 | src.experiments.frequency_agility | INFO   | [frequency_agility mc_dlsk] fh_off_blind fixed_partial cw            JSR=  10.0 dB r=1 jammed=0.000 BER=0.0879 (2 s)
2026-09-28 23:31:29 | src.experiments.frequency_agility | INFO   | [frequency_agility mc_dlsk] fh_off_blind fixed_partial partial_band  JSR= -10.0 dB r=1 jammed=0.000 BER=0.0879 (2 s)
2026-09-28 23:31:31 | src.experiments.frequency_agility | INFO   | [frequency_agility mc_dlsk] fh_off_blind fixed_partial partial_band  JSR=  -6.0 dB r=1 jammed=0.000 BER=0.0879 (3 s)
2026-09-28 23:31:33 | src.experiments.frequency_agility | INFO   | [frequency_agility mc_dlsk] fh_off_blind fixed_partial partial_band  JSR=  -2.0 dB r=1 jammed=0.000 BER=0.0879 (2 s)
2026-09-28 23:31:35 | src.experiments.frequency_agility | INFO   | [frequency_agility mc_dlsk] fh_off_blind fixed_partial partial_band  JSR=   2.0 dB r=1 jammed=0.000 BER=0.0879 (2 s)
2026-09-28 23:31:37 | src.experiments.frequency_agility | INFO   | [frequency_agility mc_dlsk] fh_off_blind fixed_partial partial_band  JSR=   6.0 dB r=1 jammed=0.000 BER=0.0879 (2 s)
2026-09-28 23:31:39 | src.experiments.frequency_agility | INFO   | [frequency_agility mc_dlsk] fh_off_blind fixed_partial partial_band  JSR=  10.0 dB r=1 jammed=0.000 BER=0.0879 (2 s)
2026-09-28 23:31:45 | src.experiments.frequency_agility | INFO   | [frequency_agility mc_dlsk] fh_off_blind fixed_partial cw            JSR= -10.0 dB r=2 jammed=0.000 BER=0.0878 (2 s)
2026-09-28 23:31:47 | src.experiments.frequency_agility | INFO   | [frequency_agility mc_dlsk] fh_off_blind fixed_partial cw            JSR=  -6.0 dB r=2 jammed=0.000 BER=0.0878 (2 s)
2026-09-28 23:31:49 | src.experiments.frequency_agility | INFO   | [frequency_agility mc_dlsk] fh_off_blind fixed_partial cw            JSR=  -2.0 dB r=2 jammed=0.000 BER=0.0878 (2 s)
2026-09-28 23:31:51 | src.experiments.frequency_agility | INFO   | [frequency_agility mc_dlsk] fh_off_blind fixed_partial cw            JSR=   2.0 dB r=2 jammed=0.000 BER=0.0878 (2 s)
2026-09-28 23:31:53 | src.experiments.frequency_agility | INFO   | [frequency_agility mc_dlsk] fh_off_blind fixed_partial cw            JSR=   6.0 dB r=2 jammed=0.000 BER=0.0878 (2 s)
2026-09-28 23:31:55 | src.experiments.frequency_agility | INFO   | [frequency_agility mc_dlsk] fh_off_blind fixed_partial cw            JSR=  10.0 dB r=2 jammed=0.000 BER=0.0878 (2 s)
2026-09-28 23:31:57 | src.experiments.frequency_agility | INFO   | [frequency_agility mc_dlsk] fh_off_blind fixed_partial partial_band  JSR= -10.0 dB r=2 jammed=0.000 BER=0.0878 (3 s)
2026-09-28 23:31:59 | src.experiments.frequency_agility | INFO   | [frequency_agility mc_dlsk] fh_off_blind fixed_partial partial_band  JSR=  -6.0 dB r=2 jammed=0.000 BER=0.0878 (2 s)
2026-09-28 23:32:01 | src.experiments.frequency_agility | INFO   | [frequency_agility mc_dlsk] fh_off_blind fixed_partial partial_band  JSR=  -2.0 dB r=2 jammed=0.000 BER=0.0878 (2 s)
2026-09-28 23:32:03 | src.experiments.frequency_agility | INFO   | [frequency_agility mc_dlsk] fh_off_blind fixed_partial partial_band  JSR=   2.0 dB r=2 jammed=0.000 BER=0.0878 (2 s)
2026-09-28 23:32:05 | src.experiments.frequency_agility | INFO   | [frequency_agility mc_dlsk] fh_off_blind fixed_partial partial_band  JSR=   6.0 dB r=2 jammed=0.000 BER=0.0878 (2 s)
2026-09-28 23:32:07 | src.experiments.frequency_agility | INFO   | [frequency_agility mc_dlsk] fh_off_blind fixed_partial partial_band  JSR=  10.0 dB r=2 jammed=0.000 BER=0.0878 (2 s)
2026-09-28 23:32:13 | src.experiments.frequency_agility | INFO   | [frequency_agility mc_dlsk] fh_off_blind fixed_partial cw            JSR= -10.0 dB r=3 jammed=1.000 BER=0.0780 (2 s)
2026-09-28 23:32:15 | src.experiments.frequency_agility | INFO   | [frequency_agility mc_dlsk] fh_off_blind fixed_partial cw            JSR=  -6.0 dB r=3 jammed=1.000 BER=0.0978 (2 s)
2026-09-28 23:32:17 | src.experiments.frequency_agility | INFO   | [frequency_agility mc_dlsk] fh_off_blind fixed_partial cw            JSR=  -2.0 dB r=3 jammed=1.000 BER=0.3346 (2 s)
2026-09-28 23:32:19 | src.experiments.frequency_agility | INFO   | [frequency_agility mc_dlsk] fh_off_blind fixed_partial cw            JSR=   2.0 dB r=3 jammed=1.000 BER=0.4875 (2 s)
2026-09-28 23:32:21 | src.experiments.frequency_agility | INFO   | [frequency_agility mc_dlsk] fh_off_blind fixed_partial cw            JSR=   6.0 dB r=3 jammed=1.000 BER=0.4958 (2 s)
2026-09-28 23:32:24 | src.experiments.frequency_agility | INFO   | [frequency_agility mc_dlsk] fh_off_blind fixed_partial cw            JSR=  10.0 dB r=3 jammed=1.000 BER=0.4958 (2 s)
2026-09-28 23:32:26 | src.experiments.frequency_agility | INFO   | [frequency_agility mc_dlsk] fh_off_blind fixed_partial partial_band  JSR= -10.0 dB r=3 jammed=1.000 BER=0.0844 (3 s)
2026-09-28 23:32:28 | src.experiments.frequency_agility | INFO   | [frequency_agility mc_dlsk] fh_off_blind fixed_partial partial_band  JSR=  -6.0 dB r=3 jammed=1.000 BER=0.0745 (2 s)
2026-09-28 23:32:30 | src.experiments.frequency_agility | INFO   | [frequency_agility mc_dlsk] fh_off_blind fixed_partial partial_band  JSR=  -2.0 dB r=3 jammed=1.000 BER=0.1365 (2 s)
2026-09-28 23:32:32 | src.experiments.frequency_agility | INFO   | [frequency_agility mc_dlsk] fh_off_blind fixed_partial partial_band  JSR=   2.0 dB r=3 jammed=1.000 BER=0.3896 (2 s)
2026-09-28 23:32:34 | src.experiments.frequency_agility | INFO   | [frequency_agility mc_dlsk] fh_off_blind fixed_partial partial_band  JSR=   6.0 dB r=3 jammed=1.000 BER=0.4912 (2 s)
2026-09-28 23:32:37 | src.experiments.frequency_agility | INFO   | [frequency_agility mc_dlsk] fh_off_blind fixed_partial partial_band  JSR=  10.0 dB r=3 jammed=1.000 BER=0.4958 (2 s)
2026-09-28 23:32:43 | src.experiments.frequency_agility | INFO   | [frequency_agility mc_dlsk] fh_off_blind fixed_partial cw            JSR= -10.0 dB r=4 jammed=1.000 BER=0.0717 (2 s)
2026-09-28 23:32:45 | src.experiments.frequency_agility | INFO   | [frequency_agility mc_dlsk] fh_off_blind fixed_partial cw            JSR=  -6.0 dB r=4 jammed=1.000 BER=0.0748 (2 s)
2026-09-28 23:32:47 | src.experiments.frequency_agility | INFO   | [frequency_agility mc_dlsk] fh_off_blind fixed_partial cw            JSR=  -2.0 dB r=4 jammed=1.000 BER=0.2697 (2 s)
2026-09-28 23:32:49 | src.experiments.frequency_agility | INFO   | [frequency_agility mc_dlsk] fh_off_blind fixed_partial cw            JSR=   2.0 dB r=4 jammed=1.000 BER=0.4904 (2 s)
2026-09-28 23:32:52 | src.experiments.frequency_agility | INFO   | [frequency_agility mc_dlsk] fh_off_blind fixed_partial cw            JSR=   6.0 dB r=4 jammed=1.000 BER=0.4987 (3 s)
2026-09-28 23:32:54 | src.experiments.frequency_agility | INFO   | [frequency_agility mc_dlsk] fh_off_blind fixed_partial cw            JSR=  10.0 dB r=4 jammed=1.000 BER=0.4988 (3 s)
2026-09-28 23:32:56 | src.experiments.frequency_agility | INFO   | [frequency_agility mc_dlsk] fh_off_blind fixed_partial partial_band  JSR= -10.0 dB r=4 jammed=1.000 BER=0.1027 (2 s)
2026-09-28 23:32:58 | src.experiments.frequency_agility | INFO   | [frequency_agility mc_dlsk] fh_off_blind fixed_partial partial_band  JSR=  -6.0 dB r=4 jammed=1.000 BER=0.1313 (2 s)
2026-09-28 23:33:00 | src.experiments.frequency_agility | INFO   | [frequency_agility mc_dlsk] fh_off_blind fixed_partial partial_band  JSR=  -2.0 dB r=4 jammed=1.000 BER=0.2155 (2 s)
2026-09-28 23:33:02 | src.experiments.frequency_agility | INFO   | [frequency_agility mc_dlsk] fh_off_blind fixed_partial partial_band  JSR=   2.0 dB r=4 jammed=1.000 BER=0.3901 (2 s)
2026-09-28 23:33:05 | src.experiments.frequency_agility | INFO   | [frequency_agility mc_dlsk] fh_off_blind fixed_partial partial_band  JSR=   6.0 dB r=4 jammed=1.000 BER=0.4920 (2 s)
2026-09-28 23:33:07 | src.experiments.frequency_agility | INFO   | [frequency_agility mc_dlsk] fh_off_blind fixed_partial partial_band  JSR=  10.0 dB r=4 jammed=1.000 BER=0.5009 (3 s)
2026-09-28 23:33:13 | src.experiments.frequency_agility | INFO   | [frequency_agility mc_dlsk] fh_off_blind sweep         cw            JSR= -10.0 dB r=0 jammed=0.125 BER=0.0901 (2 s)
2026-09-28 23:33:15 | src.experiments.frequency_agility | INFO   | [frequency_agility mc_dlsk] fh_off_blind sweep         cw            JSR=  -6.0 dB r=0 jammed=0.125 BER=0.0998 (2 s)
2026-09-28 23:33:17 | src.experiments.frequency_agility | INFO   | [frequency_agility mc_dlsk] fh_off_blind sweep         cw            JSR=  -2.0 dB r=0 jammed=0.125 BER=0.1247 (2 s)
2026-09-28 23:33:19 | src.experiments.frequency_agility | INFO   | [frequency_agility mc_dlsk] fh_off_blind sweep         cw            JSR=   2.0 dB r=0 jammed=0.125 BER=0.1376 (2 s)
2026-09-28 23:33:22 | src.experiments.frequency_agility | INFO   | [frequency_agility mc_dlsk] fh_off_blind sweep         cw            JSR=   6.0 dB r=0 jammed=0.125 BER=0.1378 (3 s)
2026-09-28 23:33:24 | src.experiments.frequency_agility | INFO   | [frequency_agility mc_dlsk] fh_off_blind sweep         cw            JSR=  10.0 dB r=0 jammed=0.125 BER=0.1378 (2 s)
2026-09-28 23:33:26 | src.experiments.frequency_agility | INFO   | [frequency_agility mc_dlsk] fh_off_blind sweep         partial_band  JSR= -10.0 dB r=0 jammed=0.125 BER=0.0874 (2 s)
2026-09-28 23:33:28 | src.experiments.frequency_agility | INFO   | [frequency_agility mc_dlsk] fh_off_blind sweep         partial_band  JSR=  -6.0 dB r=0 jammed=0.125 BER=0.0912 (2 s)
2026-09-28 23:33:30 | src.experiments.frequency_agility | INFO   | [frequency_agility mc_dlsk] fh_off_blind sweep         partial_band  JSR=  -2.0 dB r=0 jammed=0.125 BER=0.1027 (2 s)
2026-09-28 23:33:32 | src.experiments.frequency_agility | INFO   | [frequency_agility mc_dlsk] fh_off_blind sweep         partial_band  JSR=   2.0 dB r=0 jammed=0.125 BER=0.1280 (2 s)
2026-09-28 23:33:35 | src.experiments.frequency_agility | INFO   | [frequency_agility mc_dlsk] fh_off_blind sweep         partial_band  JSR=   6.0 dB r=0 jammed=0.125 BER=0.1374 (3 s)
2026-09-28 23:33:37 | src.experiments.frequency_agility | INFO   | [frequency_agility mc_dlsk] fh_off_blind sweep         partial_band  JSR=  10.0 dB r=0 jammed=0.125 BER=0.1378 (2 s)
2026-09-28 23:33:42 | src.experiments.frequency_agility | INFO   | [frequency_agility mc_dlsk] fh_off_blind sweep         cw            JSR= -10.0 dB r=1 jammed=0.125 BER=0.0959 (2 s)
2026-09-28 23:33:44 | src.experiments.frequency_agility | INFO   | [frequency_agility mc_dlsk] fh_off_blind sweep         cw            JSR=  -6.0 dB r=1 jammed=0.125 BER=0.1022 (2 s)
2026-09-28 23:33:47 | src.experiments.frequency_agility | INFO   | [frequency_agility mc_dlsk] fh_off_blind sweep         cw            JSR=  -2.0 dB r=1 jammed=0.125 BER=0.1231 (2 s)
2026-09-28 23:33:49 | src.experiments.frequency_agility | INFO   | [frequency_agility mc_dlsk] fh_off_blind sweep         cw            JSR=   2.0 dB r=1 jammed=0.125 BER=0.1437 (3 s)
2026-09-28 23:33:51 | src.experiments.frequency_agility | INFO   | [frequency_agility mc_dlsk] fh_off_blind sweep         cw            JSR=   6.0 dB r=1 jammed=0.125 BER=0.1454 (2 s)
2026-09-28 23:33:53 | src.experiments.frequency_agility | INFO   | [frequency_agility mc_dlsk] fh_off_blind sweep         cw            JSR=  10.0 dB r=1 jammed=0.125 BER=0.1454 (2 s)
2026-09-28 23:33:55 | src.experiments.frequency_agility | INFO   | [frequency_agility mc_dlsk] fh_off_blind sweep         partial_band  JSR= -10.0 dB r=1 jammed=0.125 BER=0.0906 (2 s)
2026-09-28 23:33:57 | src.experiments.frequency_agility | INFO   | [frequency_agility mc_dlsk] fh_off_blind sweep         partial_band  JSR=  -6.0 dB r=1 jammed=0.125 BER=0.0891 (2 s)
2026-09-28 23:34:00 | src.experiments.frequency_agility | INFO   | [frequency_agility mc_dlsk] fh_off_blind sweep         partial_band  JSR=  -2.0 dB r=1 jammed=0.125 BER=0.0964 (2 s)
2026-09-28 23:34:03 | src.experiments.frequency_agility | INFO   | [frequency_agility mc_dlsk] fh_off_blind sweep         partial_band  JSR=   2.0 dB r=1 jammed=0.125 BER=0.1263 (3 s)
2026-09-28 23:34:05 | src.experiments.frequency_agility | INFO   | [frequency_agility mc_dlsk] fh_off_blind sweep         partial_band  JSR=   6.0 dB r=1 jammed=0.125 BER=0.1401 (2 s)
2026-09-28 23:34:07 | src.experiments.frequency_agility | INFO   | [frequency_agility mc_dlsk] fh_off_blind sweep         partial_band  JSR=  10.0 dB r=1 jammed=0.125 BER=0.1411 (2 s)
2026-09-28 23:34:12 | src.experiments.frequency_agility | INFO   | [frequency_agility mc_dlsk] fh_off_blind sweep         cw            JSR= -10.0 dB r=2 jammed=0.125 BER=0.0953 (2 s)
2026-09-28 23:34:14 | src.experiments.frequency_agility | INFO   | [frequency_agility mc_dlsk] fh_off_blind sweep         cw            JSR=  -6.0 dB r=2 jammed=0.125 BER=0.0961 (2 s)
2026-09-28 23:34:17 | src.experiments.frequency_agility | INFO   | [frequency_agility mc_dlsk] fh_off_blind sweep         cw            JSR=  -2.0 dB r=2 jammed=0.125 BER=0.0995 (3 s)
2026-09-28 23:34:19 | src.experiments.frequency_agility | INFO   | [frequency_agility mc_dlsk] fh_off_blind sweep         cw            JSR=   2.0 dB r=2 jammed=0.125 BER=0.1124 (2 s)
2026-09-28 23:34:21 | src.experiments.frequency_agility | INFO   | [frequency_agility mc_dlsk] fh_off_blind sweep         cw            JSR=   6.0 dB r=2 jammed=0.125 BER=0.1404 (2 s)
2026-09-28 23:34:23 | src.experiments.frequency_agility | INFO   | [frequency_agility mc_dlsk] fh_off_blind sweep         cw            JSR=  10.0 dB r=2 jammed=0.125 BER=0.1466 (2 s)
2026-09-28 23:34:25 | src.experiments.frequency_agility | INFO   | [frequency_agility mc_dlsk] fh_off_blind sweep         partial_band  JSR= -10.0 dB r=2 jammed=0.125 BER=0.0923 (2 s)
2026-09-28 23:34:27 | src.experiments.frequency_agility | INFO   | [frequency_agility mc_dlsk] fh_off_blind sweep         partial_band  JSR=  -6.0 dB r=2 jammed=0.125 BER=0.0934 (2 s)
2026-09-28 23:34:30 | src.experiments.frequency_agility | INFO   | [frequency_agility mc_dlsk] fh_off_blind sweep         partial_band  JSR=  -2.0 dB r=2 jammed=0.125 BER=0.1166 (3 s)
2026-09-28 23:34:32 | src.experiments.frequency_agility | INFO   | [frequency_agility mc_dlsk] fh_off_blind sweep         partial_band  JSR=   2.0 dB r=2 jammed=0.125 BER=0.1416 (2 s)
2026-09-28 23:34:34 | src.experiments.frequency_agility | INFO   | [frequency_agility mc_dlsk] fh_off_blind sweep         partial_band  JSR=   6.0 dB r=2 jammed=0.125 BER=0.1439 (2 s)
2026-09-28 23:34:36 | src.experiments.frequency_agility | INFO   | [frequency_agility mc_dlsk] fh_off_blind sweep         partial_band  JSR=  10.0 dB r=2 jammed=0.125 BER=0.1439 (2 s)
2026-09-28 23:34:42 | src.experiments.frequency_agility | INFO   | [frequency_agility mc_dlsk] fh_off_blind sweep         cw            JSR= -10.0 dB r=3 jammed=0.125 BER=0.0836 (2 s)
2026-09-28 23:34:44 | src.experiments.frequency_agility | INFO   | [frequency_agility mc_dlsk] fh_off_blind sweep         cw            JSR=  -6.0 dB r=3 jammed=0.125 BER=0.0856 (3 s)
2026-09-28 23:34:46 | src.experiments.frequency_agility | INFO   | [frequency_agility mc_dlsk] fh_off_blind sweep         cw            JSR=  -2.0 dB r=3 jammed=0.125 BER=0.1180 (2 s)
2026-09-28 23:34:48 | src.experiments.frequency_agility | INFO   | [frequency_agility mc_dlsk] fh_off_blind sweep         cw            JSR=   2.0 dB r=3 jammed=0.125 BER=0.1373 (2 s)
2026-09-28 23:34:50 | src.experiments.frequency_agility | INFO   | [frequency_agility mc_dlsk] fh_off_blind sweep         cw            JSR=   6.0 dB r=3 jammed=0.125 BER=0.1383 (2 s)
2026-09-28 23:34:53 | src.experiments.frequency_agility | INFO   | [frequency_agility mc_dlsk] fh_off_blind sweep         cw            JSR=  10.0 dB r=3 jammed=0.125 BER=0.1383 (2 s)
2026-09-28 23:34:55 | src.experiments.frequency_agility | INFO   | [frequency_agility mc_dlsk] fh_off_blind sweep         partial_band  JSR= -10.0 dB r=3 jammed=0.125 BER=0.0847 (2 s)
2026-09-28 23:34:57 | src.experiments.frequency_agility | INFO   | [frequency_agility mc_dlsk] fh_off_blind sweep         partial_band  JSR=  -6.0 dB r=3 jammed=0.125 BER=0.0835 (3 s)
2026-09-28 23:35:00 | src.experiments.frequency_agility | INFO   | [frequency_agility mc_dlsk] fh_off_blind sweep         partial_band  JSR=  -2.0 dB r=3 jammed=0.125 BER=0.0916 (2 s)
2026-09-28 23:35:02 | src.experiments.frequency_agility | INFO   | [frequency_agility mc_dlsk] fh_off_blind sweep         partial_band  JSR=   2.0 dB r=3 jammed=0.125 BER=0.1240 (2 s)
2026-09-28 23:35:04 | src.experiments.frequency_agility | INFO   | [frequency_agility mc_dlsk] fh_off_blind sweep         partial_band  JSR=   6.0 dB r=3 jammed=0.125 BER=0.1377 (2 s)
2026-09-28 23:35:05 | src.experiments.frequency_agility | INFO   | [frequency_agility mc_dlsk] fh_off_blind sweep         partial_band  JSR=  10.0 dB r=3 jammed=0.125 BER=0.1383 (2 s)
2026-09-28 23:35:11 | src.experiments.frequency_agility | INFO   | [frequency_agility mc_dlsk] fh_off_blind sweep         cw            JSR= -10.0 dB r=4 jammed=0.125 BER=0.0890 (3 s)
2026-09-28 23:35:14 | src.experiments.frequency_agility | INFO   | [frequency_agility mc_dlsk] fh_off_blind sweep         cw            JSR=  -6.0 dB r=4 jammed=0.125 BER=0.0900 (2 s)
2026-09-28 23:35:16 | src.experiments.frequency_agility | INFO   | [frequency_agility mc_dlsk] fh_off_blind sweep         cw            JSR=  -2.0 dB r=4 jammed=0.125 BER=0.1116 (2 s)
2026-09-28 23:35:18 | src.experiments.frequency_agility | INFO   | [frequency_agility mc_dlsk] fh_off_blind sweep         cw            JSR=   2.0 dB r=4 jammed=0.125 BER=0.1397 (2 s)
2026-09-28 23:35:20 | src.experiments.frequency_agility | INFO   | [frequency_agility mc_dlsk] fh_off_blind sweep         cw            JSR=   6.0 dB r=4 jammed=0.125 BER=0.1409 (2 s)
2026-09-28 23:35:22 | src.experiments.frequency_agility | INFO   | [frequency_agility mc_dlsk] fh_off_blind sweep         cw            JSR=  10.0 dB r=4 jammed=0.125 BER=0.1409 (2 s)
2026-09-28 23:35:24 | src.experiments.frequency_agility | INFO   | [frequency_agility mc_dlsk] fh_off_blind sweep         partial_band  JSR= -10.0 dB r=4 jammed=0.125 BER=0.0937 (2 s)
2026-09-28 23:35:27 | src.experiments.frequency_agility | INFO   | [frequency_agility mc_dlsk] fh_off_blind sweep         partial_band  JSR=  -6.0 dB r=4 jammed=0.125 BER=0.0970 (3 s)
2026-09-28 23:35:29 | src.experiments.frequency_agility | INFO   | [frequency_agility mc_dlsk] fh_off_blind sweep         partial_band  JSR=  -2.0 dB r=4 jammed=0.125 BER=0.1085 (2 s)
2026-09-28 23:35:31 | src.experiments.frequency_agility | INFO   | [frequency_agility mc_dlsk] fh_off_blind sweep         partial_band  JSR=   2.0 dB r=4 jammed=0.125 BER=0.1290 (2 s)
2026-09-28 23:35:33 | src.experiments.frequency_agility | INFO   | [frequency_agility mc_dlsk] fh_off_blind sweep         partial_band  JSR=   6.0 dB r=4 jammed=0.125 BER=0.1416 (2 s)
2026-09-28 23:35:35 | src.experiments.frequency_agility | INFO   | [frequency_agility mc_dlsk] fh_off_blind sweep         partial_band  JSR=  10.0 dB r=4 jammed=0.125 BER=0.1426 (2 s)
2026-09-28 23:35:41 | src.experiments.frequency_agility | INFO   | [frequency_agility mc_dlsk] fh_off_blind follower      cw            JSR= -10.0 dB r=0 jammed=0.000 BER=0.0809 (3 s)
2026-09-28 23:35:43 | src.experiments.frequency_agility | INFO   | [frequency_agility mc_dlsk] fh_off_blind follower      cw            JSR=  -6.0 dB r=0 jammed=0.000 BER=0.0809 (2 s)
2026-09-28 23:35:45 | src.experiments.frequency_agility | INFO   | [frequency_agility mc_dlsk] fh_off_blind follower      cw            JSR=  -2.0 dB r=0 jammed=0.000 BER=0.0809 (2 s)
2026-09-28 23:35:47 | src.experiments.frequency_agility | INFO   | [frequency_agility mc_dlsk] fh_off_blind follower      cw            JSR=   2.0 dB r=0 jammed=0.000 BER=0.0809 (2 s)
2026-09-28 23:35:49 | src.experiments.frequency_agility | INFO   | [frequency_agility mc_dlsk] fh_off_blind follower      cw            JSR=   6.0 dB r=0 jammed=0.000 BER=0.0809 (2 s)
2026-09-28 23:35:51 | src.experiments.frequency_agility | INFO   | [frequency_agility mc_dlsk] fh_off_blind follower      cw            JSR=  10.0 dB r=0 jammed=0.000 BER=0.0809 (2 s)
2026-09-28 23:35:54 | src.experiments.frequency_agility | INFO   | [frequency_agility mc_dlsk] fh_off_blind follower      partial_band  JSR= -10.0 dB r=0 jammed=0.000 BER=0.0809 (3 s)
2026-09-28 23:35:56 | src.experiments.frequency_agility | INFO   | [frequency_agility mc_dlsk] fh_off_blind follower      partial_band  JSR=  -6.0 dB r=0 jammed=0.000 BER=0.0809 (2 s)
2026-09-28 23:35:58 | src.experiments.frequency_agility | INFO   | [frequency_agility mc_dlsk] fh_off_blind follower      partial_band  JSR=  -2.0 dB r=0 jammed=0.000 BER=0.0809 (2 s)
2026-09-28 23:36:00 | src.experiments.frequency_agility | INFO   | [frequency_agility mc_dlsk] fh_off_blind follower      partial_band  JSR=   2.0 dB r=0 jammed=0.000 BER=0.0809 (2 s)
2026-09-28 23:36:02 | src.experiments.frequency_agility | INFO   | [frequency_agility mc_dlsk] fh_off_blind follower      partial_band  JSR=   6.0 dB r=0 jammed=0.000 BER=0.0809 (2 s)
2026-09-28 23:36:04 | src.experiments.frequency_agility | INFO   | [frequency_agility mc_dlsk] fh_off_blind follower      partial_band  JSR=  10.0 dB r=0 jammed=0.000 BER=0.0809 (2 s)
2026-09-28 23:36:10 | src.experiments.frequency_agility | INFO   | [frequency_agility mc_dlsk] fh_off_blind follower      cw            JSR= -10.0 dB r=1 jammed=0.000 BER=0.0945 (2 s)
2026-09-28 23:36:12 | src.experiments.frequency_agility | INFO   | [frequency_agility mc_dlsk] fh_off_blind follower      cw            JSR=  -6.0 dB r=1 jammed=0.000 BER=0.0945 (2 s)
2026-09-28 23:36:14 | src.experiments.frequency_agility | INFO   | [frequency_agility mc_dlsk] fh_off_blind follower      cw            JSR=  -2.0 dB r=1 jammed=0.000 BER=0.0945 (2 s)
2026-09-28 23:36:16 | src.experiments.frequency_agility | INFO   | [frequency_agility mc_dlsk] fh_off_blind follower      cw            JSR=   2.0 dB r=1 jammed=0.000 BER=0.0945 (2 s)
2026-09-28 23:36:18 | src.experiments.frequency_agility | INFO   | [frequency_agility mc_dlsk] fh_off_blind follower      cw            JSR=   6.0 dB r=1 jammed=0.000 BER=0.0945 (2 s)
2026-09-28 23:36:21 | src.experiments.frequency_agility | INFO   | [frequency_agility mc_dlsk] fh_off_blind follower      cw            JSR=  10.0 dB r=1 jammed=0.000 BER=0.0945 (3 s)
2026-09-28 23:36:23 | src.experiments.frequency_agility | INFO   | [frequency_agility mc_dlsk] fh_off_blind follower      partial_band  JSR= -10.0 dB r=1 jammed=0.000 BER=0.0945 (2 s)
2026-09-28 23:36:25 | src.experiments.frequency_agility | INFO   | [frequency_agility mc_dlsk] fh_off_blind follower      partial_band  JSR=  -6.0 dB r=1 jammed=0.000 BER=0.0945 (2 s)
2026-09-28 23:36:27 | src.experiments.frequency_agility | INFO   | [frequency_agility mc_dlsk] fh_off_blind follower      partial_band  JSR=  -2.0 dB r=1 jammed=0.000 BER=0.0945 (2 s)
2026-09-28 23:36:29 | src.experiments.frequency_agility | INFO   | [frequency_agility mc_dlsk] fh_off_blind follower      partial_band  JSR=   2.0 dB r=1 jammed=0.000 BER=0.0945 (2 s)
2026-09-28 23:36:31 | src.experiments.frequency_agility | INFO   | [frequency_agility mc_dlsk] fh_off_blind follower      partial_band  JSR=   6.0 dB r=1 jammed=0.000 BER=0.0945 (2 s)
2026-09-28 23:36:33 | src.experiments.frequency_agility | INFO   | [frequency_agility mc_dlsk] fh_off_blind follower      partial_band  JSR=  10.0 dB r=1 jammed=0.000 BER=0.0945 (2 s)
2026-09-28 23:36:39 | src.experiments.frequency_agility | INFO   | [frequency_agility mc_dlsk] fh_off_blind follower      cw            JSR= -10.0 dB r=2 jammed=0.000 BER=0.0954 (2 s)
2026-09-28 23:36:41 | src.experiments.frequency_agility | INFO   | [frequency_agility mc_dlsk] fh_off_blind follower      cw            JSR=  -6.0 dB r=2 jammed=0.000 BER=0.0954 (2 s)
2026-09-28 23:36:43 | src.experiments.frequency_agility | INFO   | [frequency_agility mc_dlsk] fh_off_blind follower      cw            JSR=  -2.0 dB r=2 jammed=0.000 BER=0.0954 (2 s)
2026-09-28 23:36:45 | src.experiments.frequency_agility | INFO   | [frequency_agility mc_dlsk] fh_off_blind follower      cw            JSR=   2.0 dB r=2 jammed=0.000 BER=0.0954 (2 s)
2026-09-28 23:36:48 | src.experiments.frequency_agility | INFO   | [frequency_agility mc_dlsk] fh_off_blind follower      cw            JSR=   6.0 dB r=2 jammed=0.000 BER=0.0954 (3 s)
2026-09-28 23:36:50 | src.experiments.frequency_agility | INFO   | [frequency_agility mc_dlsk] fh_off_blind follower      cw            JSR=  10.0 dB r=2 jammed=0.000 BER=0.0954 (2 s)
2026-09-28 23:36:52 | src.experiments.frequency_agility | INFO   | [frequency_agility mc_dlsk] fh_off_blind follower      partial_band  JSR= -10.0 dB r=2 jammed=0.000 BER=0.0954 (2 s)
2026-09-28 23:36:54 | src.experiments.frequency_agility | INFO   | [frequency_agility mc_dlsk] fh_off_blind follower      partial_band  JSR=  -6.0 dB r=2 jammed=0.000 BER=0.0954 (2 s)
2026-09-28 23:36:56 | src.experiments.frequency_agility | INFO   | [frequency_agility mc_dlsk] fh_off_blind follower      partial_band  JSR=  -2.0 dB r=2 jammed=0.000 BER=0.0954 (2 s)
2026-09-28 23:36:58 | src.experiments.frequency_agility | INFO   | [frequency_agility mc_dlsk] fh_off_blind follower      partial_band  JSR=   2.0 dB r=2 jammed=0.000 BER=0.0954 (2 s)
2026-09-28 23:37:00 | src.experiments.frequency_agility | INFO   | [frequency_agility mc_dlsk] fh_off_blind follower      partial_band  JSR=   6.0 dB r=2 jammed=0.000 BER=0.0954 (2 s)
2026-09-28 23:37:03 | src.experiments.frequency_agility | INFO   | [frequency_agility mc_dlsk] fh_off_blind follower      partial_band  JSR=  10.0 dB r=2 jammed=0.000 BER=0.0954 (3 s)
2026-09-28 23:37:08 | src.experiments.frequency_agility | INFO   | [frequency_agility mc_dlsk] fh_off_blind follower      cw            JSR= -10.0 dB r=3 jammed=0.000 BER=0.0848 (2 s)
2026-09-28 23:37:10 | src.experiments.frequency_agility | INFO   | [frequency_agility mc_dlsk] fh_off_blind follower      cw            JSR=  -6.0 dB r=3 jammed=0.000 BER=0.0848 (2 s)
2026-09-28 23:37:12 | src.experiments.frequency_agility | INFO   | [frequency_agility mc_dlsk] fh_off_blind follower      cw            JSR=  -2.0 dB r=3 jammed=0.000 BER=0.0848 (2 s)
2026-09-28 23:37:14 | src.experiments.frequency_agility | INFO   | [frequency_agility mc_dlsk] fh_off_blind follower      cw            JSR=   2.0 dB r=3 jammed=0.000 BER=0.0848 (2 s)
2026-09-28 23:37:17 | src.experiments.frequency_agility | INFO   | [frequency_agility mc_dlsk] fh_off_blind follower      cw            JSR=   6.0 dB r=3 jammed=0.000 BER=0.0848 (3 s)
2026-09-28 23:37:19 | src.experiments.frequency_agility | INFO   | [frequency_agility mc_dlsk] fh_off_blind follower      cw            JSR=  10.0 dB r=3 jammed=0.000 BER=0.0848 (2 s)
2026-09-28 23:37:21 | src.experiments.frequency_agility | INFO   | [frequency_agility mc_dlsk] fh_off_blind follower      partial_band  JSR= -10.0 dB r=3 jammed=0.000 BER=0.0848 (2 s)
2026-09-28 23:37:23 | src.experiments.frequency_agility | INFO   | [frequency_agility mc_dlsk] fh_off_blind follower      partial_band  JSR=  -6.0 dB r=3 jammed=0.000 BER=0.0848 (2 s)
2026-09-28 23:37:25 | src.experiments.frequency_agility | INFO   | [frequency_agility mc_dlsk] fh_off_blind follower      partial_band  JSR=  -2.0 dB r=3 jammed=0.000 BER=0.0848 (2 s)
2026-09-28 23:37:27 | src.experiments.frequency_agility | INFO   | [frequency_agility mc_dlsk] fh_off_blind follower      partial_band  JSR=   2.0 dB r=3 jammed=0.000 BER=0.0848 (2 s)
2026-09-28 23:37:30 | src.experiments.frequency_agility | INFO   | [frequency_agility mc_dlsk] fh_off_blind follower      partial_band  JSR=   6.0 dB r=3 jammed=0.000 BER=0.0848 (3 s)
2026-09-28 23:37:32 | src.experiments.frequency_agility | INFO   | [frequency_agility mc_dlsk] fh_off_blind follower      partial_band  JSR=  10.0 dB r=3 jammed=0.000 BER=0.0848 (2 s)
2026-09-28 23:37:37 | src.experiments.frequency_agility | INFO   | [frequency_agility mc_dlsk] fh_off_blind follower      cw            JSR= -10.0 dB r=4 jammed=0.000 BER=0.0921 (2 s)
2026-09-28 23:37:39 | src.experiments.frequency_agility | INFO   | [frequency_agility mc_dlsk] fh_off_blind follower      cw            JSR=  -6.0 dB r=4 jammed=0.000 BER=0.0921 (2 s)
2026-09-28 23:37:41 | src.experiments.frequency_agility | INFO   | [frequency_agility mc_dlsk] fh_off_blind follower      cw            JSR=  -2.0 dB r=4 jammed=0.000 BER=0.0921 (2 s)
2026-09-28 23:37:44 | src.experiments.frequency_agility | INFO   | [frequency_agility mc_dlsk] fh_off_blind follower      cw            JSR=   2.0 dB r=4 jammed=0.000 BER=0.0921 (3 s)
2026-09-28 23:37:46 | src.experiments.frequency_agility | INFO   | [frequency_agility mc_dlsk] fh_off_blind follower      cw            JSR=   6.0 dB r=4 jammed=0.000 BER=0.0921 (2 s)
2026-09-28 23:37:48 | src.experiments.frequency_agility | INFO   | [frequency_agility mc_dlsk] fh_off_blind follower      cw            JSR=  10.0 dB r=4 jammed=0.000 BER=0.0921 (2 s)
2026-09-28 23:37:50 | src.experiments.frequency_agility | INFO   | [frequency_agility mc_dlsk] fh_off_blind follower      partial_band  JSR= -10.0 dB r=4 jammed=0.000 BER=0.0921 (2 s)
2026-09-28 23:37:52 | src.experiments.frequency_agility | INFO   | [frequency_agility mc_dlsk] fh_off_blind follower      partial_band  JSR=  -6.0 dB r=4 jammed=0.000 BER=0.0921 (2 s)
2026-09-28 23:37:54 | src.experiments.frequency_agility | INFO   | [frequency_agility mc_dlsk] fh_off_blind follower      partial_band  JSR=  -2.0 dB r=4 jammed=0.000 BER=0.0921 (2 s)
2026-09-28 23:37:57 | src.experiments.frequency_agility | INFO   | [frequency_agility mc_dlsk] fh_off_blind follower      partial_band  JSR=   2.0 dB r=4 jammed=0.000 BER=0.0921 (2 s)
2026-09-28 23:37:59 | src.experiments.frequency_agility | INFO   | [frequency_agility mc_dlsk] fh_off_blind follower      partial_band  JSR=   6.0 dB r=4 jammed=0.000 BER=0.0921 (2 s)
2026-09-28 23:38:01 | src.experiments.frequency_agility | INFO   | [frequency_agility mc_dlsk] fh_off_blind follower      partial_band  JSR=  10.0 dB r=4 jammed=0.000 BER=0.0921 (2 s)
2026-09-28 23:38:06 | src.experiments.frequency_agility | INFO   | [frequency_agility mc_dlsk] fh_on barrage       cw            JSR= -10.0 dB r=0 jammed=1.000 BER=0.1264 (2 s)
2026-09-28 23:38:08 | src.experiments.frequency_agility | INFO   | [frequency_agility mc_dlsk] fh_on barrage       cw            JSR=  -6.0 dB r=0 jammed=1.000 BER=0.2050 (2 s)
2026-09-28 23:38:11 | src.experiments.frequency_agility | INFO   | [frequency_agility mc_dlsk] fh_on barrage       cw            JSR=  -2.0 dB r=0 jammed=1.000 BER=0.3880 (3 s)
2026-09-28 23:38:14 | src.experiments.frequency_agility | INFO   | [frequency_agility mc_dlsk] fh_on barrage       cw            JSR=   2.0 dB r=0 jammed=1.000 BER=0.4999 (2 s)
2026-09-28 23:38:16 | src.experiments.frequency_agility | INFO   | [frequency_agility mc_dlsk] fh_on barrage       cw            JSR=   6.0 dB r=0 jammed=1.000 BER=0.5031 (2 s)
2026-09-28 23:38:18 | src.experiments.frequency_agility | INFO   | [frequency_agility mc_dlsk] fh_on barrage       cw            JSR=  10.0 dB r=0 jammed=1.000 BER=0.5031 (2 s)
2026-09-28 23:38:20 | src.experiments.frequency_agility | INFO   | [frequency_agility mc_dlsk] fh_on barrage       partial_band  JSR= -10.0 dB r=0 jammed=1.000 BER=0.1056 (2 s)
2026-09-28 23:38:22 | src.experiments.frequency_agility | INFO   | [frequency_agility mc_dlsk] fh_on barrage       partial_band  JSR=  -6.0 dB r=0 jammed=1.000 BER=0.1344 (2 s)
2026-09-28 23:38:24 | src.experiments.frequency_agility | INFO   | [frequency_agility mc_dlsk] fh_on barrage       partial_band  JSR=  -2.0 dB r=0 jammed=1.000 BER=0.2301 (2 s)
2026-09-28 23:38:27 | src.experiments.frequency_agility | INFO   | [frequency_agility mc_dlsk] fh_on barrage       partial_band  JSR=   2.0 dB r=0 jammed=1.000 BER=0.4167 (3 s)
2026-09-28 23:38:29 | src.experiments.frequency_agility | INFO   | [frequency_agility mc_dlsk] fh_on barrage       partial_band  JSR=   6.0 dB r=0 jammed=1.000 BER=0.4989 (2 s)
2026-09-28 23:38:31 | src.experiments.frequency_agility | INFO   | [frequency_agility mc_dlsk] fh_on barrage       partial_band  JSR=  10.0 dB r=0 jammed=1.000 BER=0.5031 (2 s)
2026-09-28 23:38:36 | src.experiments.frequency_agility | INFO   | [frequency_agility mc_dlsk] fh_on barrage       cw            JSR= -10.0 dB r=1 jammed=1.000 BER=0.1121 (2 s)
2026-09-28 23:38:39 | src.experiments.frequency_agility | INFO   | [frequency_agility mc_dlsk] fh_on barrage       cw            JSR=  -6.0 dB r=1 jammed=1.000 BER=0.1672 (3 s)
2026-09-28 23:38:41 | src.experiments.frequency_agility | INFO   | [frequency_agility mc_dlsk] fh_on barrage       cw            JSR=  -2.0 dB r=1 jammed=1.000 BER=0.3157 (2 s)
2026-09-28 23:38:43 | src.experiments.frequency_agility | INFO   | [frequency_agility mc_dlsk] fh_on barrage       cw            JSR=   2.0 dB r=1 jammed=1.000 BER=0.4841 (2 s)
2026-09-28 23:38:45 | src.experiments.frequency_agility | INFO   | [frequency_agility mc_dlsk] fh_on barrage       cw            JSR=   6.0 dB r=1 jammed=1.000 BER=0.4996 (2 s)
2026-09-28 23:38:47 | src.experiments.frequency_agility | INFO   | [frequency_agility mc_dlsk] fh_on barrage       cw            JSR=  10.0 dB r=1 jammed=1.000 BER=0.4996 (2 s)
2026-09-28 23:38:50 | src.experiments.frequency_agility | INFO   | [frequency_agility mc_dlsk] fh_on barrage       partial_band  JSR= -10.0 dB r=1 jammed=1.000 BER=0.0712 (2 s)
2026-09-28 23:38:52 | src.experiments.frequency_agility | INFO   | [frequency_agility mc_dlsk] fh_on barrage       partial_band  JSR=  -6.0 dB r=1 jammed=1.000 BER=0.0647 (3 s)
2026-09-28 23:38:55 | src.experiments.frequency_agility | INFO   | [frequency_agility mc_dlsk] fh_on barrage       partial_band  JSR=  -2.0 dB r=1 jammed=1.000 BER=0.1295 (2 s)
2026-09-28 23:38:57 | src.experiments.frequency_agility | INFO   | [frequency_agility mc_dlsk] fh_on barrage       partial_band  JSR=   2.0 dB r=1 jammed=1.000 BER=0.3777 (2 s)
2026-09-28 23:38:59 | src.experiments.frequency_agility | INFO   | [frequency_agility mc_dlsk] fh_on barrage       partial_band  JSR=   6.0 dB r=1 jammed=1.000 BER=0.4910 (2 s)
2026-09-28 23:39:01 | src.experiments.frequency_agility | INFO   | [frequency_agility mc_dlsk] fh_on barrage       partial_band  JSR=  10.0 dB r=1 jammed=1.000 BER=0.5002 (2 s)
2026-09-28 23:39:07 | src.experiments.frequency_agility | INFO   | [frequency_agility mc_dlsk] fh_on barrage       cw            JSR= -10.0 dB r=2 jammed=1.000 BER=0.0935 (3 s)
2026-09-28 23:39:09 | src.experiments.frequency_agility | INFO   | [frequency_agility mc_dlsk] fh_on barrage       cw            JSR=  -6.0 dB r=2 jammed=1.000 BER=0.1026 (2 s)
2026-09-28 23:39:11 | src.experiments.frequency_agility | INFO   | [frequency_agility mc_dlsk] fh_on barrage       cw            JSR=  -2.0 dB r=2 jammed=1.000 BER=0.1315 (2 s)
2026-09-28 23:39:13 | src.experiments.frequency_agility | INFO   | [frequency_agility mc_dlsk] fh_on barrage       cw            JSR=   2.0 dB r=2 jammed=1.000 BER=0.2352 (2 s)
2026-09-28 23:39:15 | src.experiments.frequency_agility | INFO   | [frequency_agility mc_dlsk] fh_on barrage       cw            JSR=   6.0 dB r=2 jammed=1.000 BER=0.4527 (2 s)
2026-09-28 23:39:17 | src.experiments.frequency_agility | INFO   | [frequency_agility mc_dlsk] fh_on barrage       cw            JSR=  10.0 dB r=2 jammed=1.000 BER=0.5021 (2 s)
2026-09-28 23:39:20 | src.experiments.frequency_agility | INFO   | [frequency_agility mc_dlsk] fh_on barrage       partial_band  JSR= -10.0 dB r=2 jammed=1.000 BER=0.0693 (3 s)
2026-09-28 23:39:22 | src.experiments.frequency_agility | INFO   | [frequency_agility mc_dlsk] fh_on barrage       partial_band  JSR=  -6.0 dB r=2 jammed=1.000 BER=0.0753 (3 s)
2026-09-28 23:39:24 | src.experiments.frequency_agility | INFO   | [frequency_agility mc_dlsk] fh_on barrage       partial_band  JSR=  -2.0 dB r=2 jammed=1.000 BER=0.2649 (2 s)
2026-09-28 23:39:26 | src.experiments.frequency_agility | INFO   | [frequency_agility mc_dlsk] fh_on barrage       partial_band  JSR=   2.0 dB r=2 jammed=1.000 BER=0.4815 (2 s)
2026-09-28 23:39:28 | src.experiments.frequency_agility | INFO   | [frequency_agility mc_dlsk] fh_on barrage       partial_band  JSR=   6.0 dB r=2 jammed=1.000 BER=0.4973 (2 s)
2026-09-28 23:39:30 | src.experiments.frequency_agility | INFO   | [frequency_agility mc_dlsk] fh_on barrage       partial_band  JSR=  10.0 dB r=2 jammed=1.000 BER=0.4973 (2 s)
2026-09-28 23:39:36 | src.experiments.frequency_agility | INFO   | [frequency_agility mc_dlsk] fh_on barrage       cw            JSR= -10.0 dB r=3 jammed=1.000 BER=0.0664 (2 s)
2026-09-28 23:39:38 | src.experiments.frequency_agility | INFO   | [frequency_agility mc_dlsk] fh_on barrage       cw            JSR=  -6.0 dB r=3 jammed=1.000 BER=0.0862 (2 s)
2026-09-28 23:39:41 | src.experiments.frequency_agility | INFO   | [frequency_agility mc_dlsk] fh_on barrage       cw            JSR=  -2.0 dB r=3 jammed=1.000 BER=0.3389 (2 s)
2026-09-28 23:39:42 | src.experiments.frequency_agility | INFO   | [frequency_agility mc_dlsk] fh_on barrage       cw            JSR=   2.0 dB r=3 jammed=1.000 BER=0.4926 (2 s)
2026-09-28 23:39:45 | src.experiments.frequency_agility | INFO   | [frequency_agility mc_dlsk] fh_on barrage       cw            JSR=   6.0 dB r=3 jammed=1.000 BER=0.4996 (2 s)
2026-09-28 23:39:47 | src.experiments.frequency_agility | INFO   | [frequency_agility mc_dlsk] fh_on barrage       cw            JSR=  10.0 dB r=3 jammed=1.000 BER=0.4997 (2 s)
2026-09-28 23:39:50 | src.experiments.frequency_agility | INFO   | [frequency_agility mc_dlsk] fh_on barrage       partial_band  JSR= -10.0 dB r=3 jammed=1.000 BER=0.0743 (3 s)
2026-09-28 23:39:52 | src.experiments.frequency_agility | INFO   | [frequency_agility mc_dlsk] fh_on barrage       partial_band  JSR=  -6.0 dB r=3 jammed=1.000 BER=0.0638 (2 s)
2026-09-28 23:39:54 | src.experiments.frequency_agility | INFO   | [frequency_agility mc_dlsk] fh_on barrage       partial_band  JSR=  -2.0 dB r=3 jammed=1.000 BER=0.1318 (2 s)
2026-09-28 23:39:56 | src.experiments.frequency_agility | INFO   | [frequency_agility mc_dlsk] fh_on barrage       partial_band  JSR=   2.0 dB r=3 jammed=1.000 BER=0.3958 (2 s)
2026-09-28 23:39:58 | src.experiments.frequency_agility | INFO   | [frequency_agility mc_dlsk] fh_on barrage       partial_band  JSR=   6.0 dB r=3 jammed=1.000 BER=0.4963 (2 s)
2026-09-28 23:40:00 | src.experiments.frequency_agility | INFO   | [frequency_agility mc_dlsk] fh_on barrage       partial_band  JSR=  10.0 dB r=3 jammed=1.000 BER=0.4996 (2 s)
2026-09-28 23:40:06 | src.experiments.frequency_agility | INFO   | [frequency_agility mc_dlsk] fh_on barrage       cw            JSR= -10.0 dB r=4 jammed=1.000 BER=0.0688 (2 s)
2026-09-28 23:40:08 | src.experiments.frequency_agility | INFO   | [frequency_agility mc_dlsk] fh_on barrage       cw            JSR=  -6.0 dB r=4 jammed=1.000 BER=0.0731 (2 s)
2026-09-28 23:40:10 | src.experiments.frequency_agility | INFO   | [frequency_agility mc_dlsk] fh_on barrage       cw            JSR=  -2.0 dB r=4 jammed=1.000 BER=0.2670 (2 s)
2026-09-28 23:40:12 | src.experiments.frequency_agility | INFO   | [frequency_agility mc_dlsk] fh_on barrage       cw            JSR=   2.0 dB r=4 jammed=1.000 BER=0.4874 (2 s)
2026-09-28 23:40:14 | src.experiments.frequency_agility | INFO   | [frequency_agility mc_dlsk] fh_on barrage       cw            JSR=   6.0 dB r=4 jammed=1.000 BER=0.4958 (2 s)
2026-09-28 23:40:17 | src.experiments.frequency_agility | INFO   | [frequency_agility mc_dlsk] fh_on barrage       cw            JSR=  10.0 dB r=4 jammed=1.000 BER=0.4959 (3 s)
2026-09-28 23:40:19 | src.experiments.frequency_agility | INFO   | [frequency_agility mc_dlsk] fh_on barrage       partial_band  JSR= -10.0 dB r=4 jammed=1.000 BER=0.1027 (2 s)
2026-09-28 23:40:21 | src.experiments.frequency_agility | INFO   | [frequency_agility mc_dlsk] fh_on barrage       partial_band  JSR=  -6.0 dB r=4 jammed=1.000 BER=0.1291 (2 s)
2026-09-28 23:40:23 | src.experiments.frequency_agility | INFO   | [frequency_agility mc_dlsk] fh_on barrage       partial_band  JSR=  -2.0 dB r=4 jammed=1.000 BER=0.2208 (2 s)
2026-09-28 23:40:25 | src.experiments.frequency_agility | INFO   | [frequency_agility mc_dlsk] fh_on barrage       partial_band  JSR=   2.0 dB r=4 jammed=1.000 BER=0.3947 (2 s)
2026-09-28 23:40:28 | src.experiments.frequency_agility | INFO   | [frequency_agility mc_dlsk] fh_on barrage       partial_band  JSR=   6.0 dB r=4 jammed=1.000 BER=0.4945 (2 s)
2026-09-28 23:40:30 | src.experiments.frequency_agility | INFO   | [frequency_agility mc_dlsk] fh_on barrage       partial_band  JSR=  10.0 dB r=4 jammed=1.000 BER=0.5032 (3 s)
2026-09-28 23:40:36 | src.experiments.frequency_agility | INFO   | [frequency_agility mc_dlsk] fh_on fixed_partial cw            JSR= -10.0 dB r=0 jammed=0.250 BER=0.0994 (2 s)
2026-09-28 23:40:38 | src.experiments.frequency_agility | INFO   | [frequency_agility mc_dlsk] fh_on fixed_partial cw            JSR=  -6.0 dB r=0 jammed=0.250 BER=0.1197 (2 s)
2026-09-28 23:40:40 | src.experiments.frequency_agility | INFO   | [frequency_agility mc_dlsk] fh_on fixed_partial cw            JSR=  -2.0 dB r=0 jammed=0.250 BER=0.1641 (2 s)
2026-09-28 23:40:42 | src.experiments.frequency_agility | INFO   | [frequency_agility mc_dlsk] fh_on fixed_partial cw            JSR=   2.0 dB r=0 jammed=0.250 BER=0.1923 (2 s)
2026-09-28 23:40:45 | src.experiments.frequency_agility | INFO   | [frequency_agility mc_dlsk] fh_on fixed_partial cw            JSR=   6.0 dB r=0 jammed=0.250 BER=0.1931 (3 s)
2026-09-28 23:40:47 | src.experiments.frequency_agility | INFO   | [frequency_agility mc_dlsk] fh_on fixed_partial cw            JSR=  10.0 dB r=0 jammed=0.250 BER=0.1931 (2 s)
2026-09-28 23:40:49 | src.experiments.frequency_agility | INFO   | [frequency_agility mc_dlsk] fh_on fixed_partial partial_band  JSR= -10.0 dB r=0 jammed=0.250 BER=0.0951 (2 s)
2026-09-28 23:40:51 | src.experiments.frequency_agility | INFO   | [frequency_agility mc_dlsk] fh_on fixed_partial partial_band  JSR=  -6.0 dB r=0 jammed=0.250 BER=0.1013 (2 s)
2026-09-28 23:40:53 | src.experiments.frequency_agility | INFO   | [frequency_agility mc_dlsk] fh_on fixed_partial partial_band  JSR=  -2.0 dB r=0 jammed=0.250 BER=0.1249 (2 s)
2026-09-28 23:40:55 | src.experiments.frequency_agility | INFO   | [frequency_agility mc_dlsk] fh_on fixed_partial partial_band  JSR=   2.0 dB r=0 jammed=0.250 BER=0.1711 (2 s)
2026-09-28 23:40:58 | src.experiments.frequency_agility | INFO   | [frequency_agility mc_dlsk] fh_on fixed_partial partial_band  JSR=   6.0 dB r=0 jammed=0.250 BER=0.1923 (3 s)
2026-09-28 23:41:00 | src.experiments.frequency_agility | INFO   | [frequency_agility mc_dlsk] fh_on fixed_partial partial_band  JSR=  10.0 dB r=0 jammed=0.250 BER=0.1931 (2 s)
2026-09-28 23:41:05 | src.experiments.frequency_agility | INFO   | [frequency_agility mc_dlsk] fh_on fixed_partial cw            JSR= -10.0 dB r=1 jammed=0.250 BER=0.0954 (2 s)
2026-09-28 23:41:07 | src.experiments.frequency_agility | INFO   | [frequency_agility mc_dlsk] fh_on fixed_partial cw            JSR=  -6.0 dB r=1 jammed=0.250 BER=0.1081 (2 s)
2026-09-28 23:41:09 | src.experiments.frequency_agility | INFO   | [frequency_agility mc_dlsk] fh_on fixed_partial cw            JSR=  -2.0 dB r=1 jammed=0.250 BER=0.1472 (2 s)
2026-09-28 23:41:12 | src.experiments.frequency_agility | INFO   | [frequency_agility mc_dlsk] fh_on fixed_partial cw            JSR=   2.0 dB r=1 jammed=0.250 BER=0.1905 (3 s)
2026-09-28 23:41:14 | src.experiments.frequency_agility | INFO   | [frequency_agility mc_dlsk] fh_on fixed_partial cw            JSR=   6.0 dB r=1 jammed=0.250 BER=0.1942 (2 s)
2026-09-28 23:41:16 | src.experiments.frequency_agility | INFO   | [frequency_agility mc_dlsk] fh_on fixed_partial cw            JSR=  10.0 dB r=1 jammed=0.250 BER=0.1942 (2 s)
2026-09-28 23:41:18 | src.experiments.frequency_agility | INFO   | [frequency_agility mc_dlsk] fh_on fixed_partial partial_band  JSR= -10.0 dB r=1 jammed=0.250 BER=0.0858 (2 s)
2026-09-28 23:41:20 | src.experiments.frequency_agility | INFO   | [frequency_agility mc_dlsk] fh_on fixed_partial partial_band  JSR=  -6.0 dB r=1 jammed=0.250 BER=0.0840 (2 s)
2026-09-28 23:41:22 | src.experiments.frequency_agility | INFO   | [frequency_agility mc_dlsk] fh_on fixed_partial partial_band  JSR=  -2.0 dB r=1 jammed=0.250 BER=0.0997 (2 s)
2026-09-28 23:41:24 | src.experiments.frequency_agility | INFO   | [frequency_agility mc_dlsk] fh_on fixed_partial partial_band  JSR=   2.0 dB r=1 jammed=0.250 BER=0.1626 (2 s)
2026-09-28 23:41:27 | src.experiments.frequency_agility | INFO   | [frequency_agility mc_dlsk] fh_on fixed_partial partial_band  JSR=   6.0 dB r=1 jammed=0.250 BER=0.1903 (3 s)
2026-09-28 23:41:29 | src.experiments.frequency_agility | INFO   | [frequency_agility mc_dlsk] fh_on fixed_partial partial_band  JSR=  10.0 dB r=1 jammed=0.250 BER=0.1922 (2 s)
2026-09-28 23:41:34 | src.experiments.frequency_agility | INFO   | [frequency_agility mc_dlsk] fh_on fixed_partial cw            JSR= -10.0 dB r=2 jammed=0.250 BER=0.0926 (2 s)
2026-09-28 23:41:36 | src.experiments.frequency_agility | INFO   | [frequency_agility mc_dlsk] fh_on fixed_partial cw            JSR=  -6.0 dB r=2 jammed=0.250 BER=0.0950 (2 s)
2026-09-28 23:41:39 | src.experiments.frequency_agility | INFO   | [frequency_agility mc_dlsk] fh_on fixed_partial cw            JSR=  -2.0 dB r=2 jammed=0.250 BER=0.1020 (3 s)
2026-09-28 23:41:41 | src.experiments.frequency_agility | INFO   | [frequency_agility mc_dlsk] fh_on fixed_partial cw            JSR=   2.0 dB r=2 jammed=0.250 BER=0.1282 (2 s)
2026-09-28 23:41:43 | src.experiments.frequency_agility | INFO   | [frequency_agility mc_dlsk] fh_on fixed_partial cw            JSR=   6.0 dB r=2 jammed=0.250 BER=0.1804 (2 s)
2026-09-28 23:41:45 | src.experiments.frequency_agility | INFO   | [frequency_agility mc_dlsk] fh_on fixed_partial cw            JSR=  10.0 dB r=2 jammed=0.250 BER=0.1926 (2 s)
2026-09-28 23:41:47 | src.experiments.frequency_agility | INFO   | [frequency_agility mc_dlsk] fh_on fixed_partial partial_band  JSR= -10.0 dB r=2 jammed=0.250 BER=0.0867 (2 s)
2026-09-28 23:41:49 | src.experiments.frequency_agility | INFO   | [frequency_agility mc_dlsk] fh_on fixed_partial partial_band  JSR=  -6.0 dB r=2 jammed=0.250 BER=0.0895 (2 s)
2026-09-28 23:41:52 | src.experiments.frequency_agility | INFO   | [frequency_agility mc_dlsk] fh_on fixed_partial partial_band  JSR=  -2.0 dB r=2 jammed=0.250 BER=0.1368 (2 s)
2026-09-28 23:41:54 | src.experiments.frequency_agility | INFO   | [frequency_agility mc_dlsk] fh_on fixed_partial partial_band  JSR=   2.0 dB r=2 jammed=0.250 BER=0.1887 (3 s)
2026-09-28 23:41:56 | src.experiments.frequency_agility | INFO   | [frequency_agility mc_dlsk] fh_on fixed_partial partial_band  JSR=   6.0 dB r=2 jammed=0.250 BER=0.1923 (2 s)
2026-09-28 23:41:58 | src.experiments.frequency_agility | INFO   | [frequency_agility mc_dlsk] fh_on fixed_partial partial_band  JSR=  10.0 dB r=2 jammed=0.250 BER=0.1923 (2 s)
2026-09-28 23:42:04 | src.experiments.frequency_agility | INFO   | [frequency_agility mc_dlsk] fh_on fixed_partial cw            JSR= -10.0 dB r=3 jammed=0.250 BER=0.0858 (2 s)
2026-09-28 23:42:06 | src.experiments.frequency_agility | INFO   | [frequency_agility mc_dlsk] fh_on fixed_partial cw            JSR=  -6.0 dB r=3 jammed=0.250 BER=0.0906 (2 s)
2026-09-28 23:42:08 | src.experiments.frequency_agility | INFO   | [frequency_agility mc_dlsk] fh_on fixed_partial cw            JSR=  -2.0 dB r=3 jammed=0.250 BER=0.1517 (2 s)
2026-09-28 23:42:10 | src.experiments.frequency_agility | INFO   | [frequency_agility mc_dlsk] fh_on fixed_partial cw            JSR=   2.0 dB r=3 jammed=0.250 BER=0.1932 (2 s)
2026-09-28 23:42:12 | src.experiments.frequency_agility | INFO   | [frequency_agility mc_dlsk] fh_on fixed_partial cw            JSR=   6.0 dB r=3 jammed=0.250 BER=0.1953 (2 s)
2026-09-28 23:42:14 | src.experiments.frequency_agility | INFO   | [frequency_agility mc_dlsk] fh_on fixed_partial cw            JSR=  10.0 dB r=3 jammed=0.250 BER=0.1953 (2 s)
2026-09-28 23:42:16 | src.experiments.frequency_agility | INFO   | [frequency_agility mc_dlsk] fh_on fixed_partial partial_band  JSR= -10.0 dB r=3 jammed=0.250 BER=0.0879 (2 s)
2026-09-28 23:42:19 | src.experiments.frequency_agility | INFO   | [frequency_agility mc_dlsk] fh_on fixed_partial partial_band  JSR=  -6.0 dB r=3 jammed=0.250 BER=0.0851 (2 s)
2026-09-28 23:42:21 | src.experiments.frequency_agility | INFO   | [frequency_agility mc_dlsk] fh_on fixed_partial partial_band  JSR=  -2.0 dB r=3 jammed=0.250 BER=0.1003 (3 s)
2026-09-28 23:42:23 | src.experiments.frequency_agility | INFO   | [frequency_agility mc_dlsk] fh_on fixed_partial partial_band  JSR=   2.0 dB r=3 jammed=0.250 BER=0.1684 (2 s)
2026-09-28 23:42:25 | src.experiments.frequency_agility | INFO   | [frequency_agility mc_dlsk] fh_on fixed_partial partial_band  JSR=   6.0 dB r=3 jammed=0.250 BER=0.1945 (2 s)
2026-09-28 23:42:27 | src.experiments.frequency_agility | INFO   | [frequency_agility mc_dlsk] fh_on fixed_partial partial_band  JSR=  10.0 dB r=3 jammed=0.250 BER=0.1953 (2 s)
2026-09-28 23:42:33 | src.experiments.frequency_agility | INFO   | [frequency_agility mc_dlsk] fh_on fixed_partial cw            JSR= -10.0 dB r=4 jammed=0.250 BER=0.0835 (2 s)
2026-09-28 23:42:36 | src.experiments.frequency_agility | INFO   | [frequency_agility mc_dlsk] fh_on fixed_partial cw            JSR=  -6.0 dB r=4 jammed=0.250 BER=0.0837 (3 s)
2026-09-28 23:42:38 | src.experiments.frequency_agility | INFO   | [frequency_agility mc_dlsk] fh_on fixed_partial cw            JSR=  -2.0 dB r=4 jammed=0.250 BER=0.1326 (2 s)
2026-09-28 23:42:39 | src.experiments.frequency_agility | INFO   | [frequency_agility mc_dlsk] fh_on fixed_partial cw            JSR=   2.0 dB r=4 jammed=0.250 BER=0.1892 (2 s)
2026-09-28 23:42:41 | src.experiments.frequency_agility | INFO   | [frequency_agility mc_dlsk] fh_on fixed_partial cw            JSR=   6.0 dB r=4 jammed=0.250 BER=0.1910 (2 s)
2026-09-28 23:42:43 | src.experiments.frequency_agility | INFO   | [frequency_agility mc_dlsk] fh_on fixed_partial cw            JSR=  10.0 dB r=4 jammed=0.250 BER=0.1910 (2 s)
2026-09-28 23:42:45 | src.experiments.frequency_agility | INFO   | [frequency_agility mc_dlsk] fh_on fixed_partial partial_band  JSR= -10.0 dB r=4 jammed=0.250 BER=0.0927 (2 s)
2026-09-28 23:42:48 | src.experiments.frequency_agility | INFO   | [frequency_agility mc_dlsk] fh_on fixed_partial partial_band  JSR=  -6.0 dB r=4 jammed=0.250 BER=0.0993 (3 s)
2026-09-28 23:42:50 | src.experiments.frequency_agility | INFO   | [frequency_agility mc_dlsk] fh_on fixed_partial partial_band  JSR=  -2.0 dB r=4 jammed=0.250 BER=0.1203 (2 s)
2026-09-28 23:42:52 | src.experiments.frequency_agility | INFO   | [frequency_agility mc_dlsk] fh_on fixed_partial partial_band  JSR=   2.0 dB r=4 jammed=0.250 BER=0.1625 (2 s)
2026-09-28 23:42:54 | src.experiments.frequency_agility | INFO   | [frequency_agility mc_dlsk] fh_on fixed_partial partial_band  JSR=   6.0 dB r=4 jammed=0.250 BER=0.1883 (2 s)
2026-09-28 23:42:56 | src.experiments.frequency_agility | INFO   | [frequency_agility mc_dlsk] fh_on fixed_partial partial_band  JSR=  10.0 dB r=4 jammed=0.250 BER=0.1905 (2 s)
2026-09-28 23:43:02 | src.experiments.frequency_agility | INFO   | [frequency_agility mc_dlsk] fh_on sweep         cw            JSR= -10.0 dB r=0 jammed=0.121 BER=0.0971 (3 s)
2026-09-28 23:43:04 | src.experiments.frequency_agility | INFO   | [frequency_agility mc_dlsk] fh_on sweep         cw            JSR=  -6.0 dB r=0 jammed=0.121 BER=0.1064 (2 s)
2026-09-28 23:43:06 | src.experiments.frequency_agility | INFO   | [frequency_agility mc_dlsk] fh_on sweep         cw            JSR=  -2.0 dB r=0 jammed=0.121 BER=0.1290 (2 s)
2026-09-28 23:43:08 | src.experiments.frequency_agility | INFO   | [frequency_agility mc_dlsk] fh_on sweep         cw            JSR=   2.0 dB r=0 jammed=0.121 BER=0.1425 (2 s)
2026-09-28 23:43:10 | src.experiments.frequency_agility | INFO   | [frequency_agility mc_dlsk] fh_on sweep         cw            JSR=   6.0 dB r=0 jammed=0.121 BER=0.1429 (2 s)
2026-09-28 23:43:12 | src.experiments.frequency_agility | INFO   | [frequency_agility mc_dlsk] fh_on sweep         cw            JSR=  10.0 dB r=0 jammed=0.121 BER=0.1429 (2 s)
2026-09-28 23:43:14 | src.experiments.frequency_agility | INFO   | [frequency_agility mc_dlsk] fh_on sweep         partial_band  JSR= -10.0 dB r=0 jammed=0.121 BER=0.0940 (2 s)
2026-09-28 23:43:17 | src.experiments.frequency_agility | INFO   | [frequency_agility mc_dlsk] fh_on sweep         partial_band  JSR=  -6.0 dB r=0 jammed=0.121 BER=0.0975 (3 s)
2026-09-28 23:43:19 | src.experiments.frequency_agility | INFO   | [frequency_agility mc_dlsk] fh_on sweep         partial_band  JSR=  -2.0 dB r=0 jammed=0.121 BER=0.1105 (2 s)
2026-09-28 23:43:21 | src.experiments.frequency_agility | INFO   | [frequency_agility mc_dlsk] fh_on sweep         partial_band  JSR=   2.0 dB r=0 jammed=0.121 BER=0.1326 (2 s)
2026-09-28 23:43:23 | src.experiments.frequency_agility | INFO   | [frequency_agility mc_dlsk] fh_on sweep         partial_band  JSR=   6.0 dB r=0 jammed=0.121 BER=0.1425 (2 s)
2026-09-28 23:43:25 | src.experiments.frequency_agility | INFO   | [frequency_agility mc_dlsk] fh_on sweep         partial_band  JSR=  10.0 dB r=0 jammed=0.121 BER=0.1429 (2 s)
2026-09-28 23:43:31 | src.experiments.frequency_agility | INFO   | [frequency_agility mc_dlsk] fh_on sweep         cw            JSR= -10.0 dB r=1 jammed=0.124 BER=0.0897 (3 s)
2026-09-28 23:43:33 | src.experiments.frequency_agility | INFO   | [frequency_agility mc_dlsk] fh_on sweep         cw            JSR=  -6.0 dB r=1 jammed=0.124 BER=0.0961 (2 s)
2026-09-28 23:43:35 | src.experiments.frequency_agility | INFO   | [frequency_agility mc_dlsk] fh_on sweep         cw            JSR=  -2.0 dB r=1 jammed=0.124 BER=0.1153 (2 s)
2026-09-28 23:43:37 | src.experiments.frequency_agility | INFO   | [frequency_agility mc_dlsk] fh_on sweep         cw            JSR=   2.0 dB r=1 jammed=0.124 BER=0.1358 (2 s)
2026-09-28 23:43:39 | src.experiments.frequency_agility | INFO   | [frequency_agility mc_dlsk] fh_on sweep         cw            JSR=   6.0 dB r=1 jammed=0.124 BER=0.1371 (2 s)
2026-09-28 23:43:41 | src.experiments.frequency_agility | INFO   | [frequency_agility mc_dlsk] fh_on sweep         cw            JSR=  10.0 dB r=1 jammed=0.124 BER=0.1371 (2 s)
2026-09-28 23:43:43 | src.experiments.frequency_agility | INFO   | [frequency_agility mc_dlsk] fh_on sweep         partial_band  JSR= -10.0 dB r=1 jammed=0.124 BER=0.0854 (3 s)
2026-09-28 23:43:45 | src.experiments.frequency_agility | INFO   | [frequency_agility mc_dlsk] fh_on sweep         partial_band  JSR=  -6.0 dB r=1 jammed=0.124 BER=0.0846 (2 s)
2026-09-28 23:43:47 | src.experiments.frequency_agility | INFO   | [frequency_agility mc_dlsk] fh_on sweep         partial_band  JSR=  -2.0 dB r=1 jammed=0.124 BER=0.0921 (2 s)
2026-09-28 23:43:49 | src.experiments.frequency_agility | INFO   | [frequency_agility mc_dlsk] fh_on sweep         partial_band  JSR=   2.0 dB r=1 jammed=0.124 BER=0.1220 (2 s)
2026-09-28 23:43:51 | src.experiments.frequency_agility | INFO   | [frequency_agility mc_dlsk] fh_on sweep         partial_band  JSR=   6.0 dB r=1 jammed=0.124 BER=0.1374 (2 s)
2026-09-28 23:43:53 | src.experiments.frequency_agility | INFO   | [frequency_agility mc_dlsk] fh_on sweep         partial_band  JSR=  10.0 dB r=1 jammed=0.124 BER=0.1383 (2 s)
2026-09-28 23:43:59 | src.experiments.frequency_agility | INFO   | [frequency_agility mc_dlsk] fh_on sweep         cw            JSR= -10.0 dB r=2 jammed=0.120 BER=0.0909 (2 s)
2026-09-28 23:44:01 | src.experiments.frequency_agility | INFO   | [frequency_agility mc_dlsk] fh_on sweep         cw            JSR=  -6.0 dB r=2 jammed=0.120 BER=0.0917 (2 s)
2026-09-28 23:44:03 | src.experiments.frequency_agility | INFO   | [frequency_agility mc_dlsk] fh_on sweep         cw            JSR=  -2.0 dB r=2 jammed=0.120 BER=0.0940 (2 s)
2026-09-28 23:44:05 | src.experiments.frequency_agility | INFO   | [frequency_agility mc_dlsk] fh_on sweep         cw            JSR=   2.0 dB r=2 jammed=0.120 BER=0.1072 (2 s)
2026-09-28 23:44:07 | src.experiments.frequency_agility | INFO   | [frequency_agility mc_dlsk] fh_on sweep         cw            JSR=   6.0 dB r=2 jammed=0.120 BER=0.1330 (2 s)
2026-09-28 23:44:09 | src.experiments.frequency_agility | INFO   | [frequency_agility mc_dlsk] fh_on sweep         cw            JSR=  10.0 dB r=2 jammed=0.120 BER=0.1394 (2 s)
2026-09-28 23:44:12 | src.experiments.frequency_agility | INFO   | [frequency_agility mc_dlsk] fh_on sweep         partial_band  JSR= -10.0 dB r=2 jammed=0.120 BER=0.0878 (3 s)
2026-09-28 23:44:14 | src.experiments.frequency_agility | INFO   | [frequency_agility mc_dlsk] fh_on sweep         partial_band  JSR=  -6.0 dB r=2 jammed=0.120 BER=0.0883 (2 s)
2026-09-28 23:44:16 | src.experiments.frequency_agility | INFO   | [frequency_agility mc_dlsk] fh_on sweep         partial_band  JSR=  -2.0 dB r=2 jammed=0.120 BER=0.1091 (2 s)
2026-09-28 23:44:18 | src.experiments.frequency_agility | INFO   | [frequency_agility mc_dlsk] fh_on sweep         partial_band  JSR=   2.0 dB r=2 jammed=0.120 BER=0.1371 (2 s)
2026-09-28 23:44:20 | src.experiments.frequency_agility | INFO   | [frequency_agility mc_dlsk] fh_on sweep         partial_band  JSR=   6.0 dB r=2 jammed=0.120 BER=0.1397 (2 s)
2026-09-28 23:44:22 | src.experiments.frequency_agility | INFO   | [frequency_agility mc_dlsk] fh_on sweep         partial_band  JSR=  10.0 dB r=2 jammed=0.120 BER=0.1398 (2 s)
2026-09-28 23:44:28 | src.experiments.frequency_agility | INFO   | [frequency_agility mc_dlsk] fh_on sweep         cw            JSR= -10.0 dB r=3 jammed=0.121 BER=0.0819 (2 s)
2026-09-28 23:44:30 | src.experiments.frequency_agility | INFO   | [frequency_agility mc_dlsk] fh_on sweep         cw            JSR=  -6.0 dB r=3 jammed=0.121 BER=0.0843 (2 s)
2026-09-28 23:44:32 | src.experiments.frequency_agility | INFO   | [frequency_agility mc_dlsk] fh_on sweep         cw            JSR=  -2.0 dB r=3 jammed=0.121 BER=0.1158 (2 s)
2026-09-28 23:44:34 | src.experiments.frequency_agility | INFO   | [frequency_agility mc_dlsk] fh_on sweep         cw            JSR=   2.0 dB r=3 jammed=0.121 BER=0.1360 (2 s)
2026-09-28 23:44:36 | src.experiments.frequency_agility | INFO   | [frequency_agility mc_dlsk] fh_on sweep         cw            JSR=   6.0 dB r=3 jammed=0.121 BER=0.1364 (2 s)
2026-09-28 23:44:39 | src.experiments.frequency_agility | INFO   | [frequency_agility mc_dlsk] fh_on sweep         cw            JSR=  10.0 dB r=3 jammed=0.121 BER=0.1364 (3 s)
2026-09-28 23:44:41 | src.experiments.frequency_agility | INFO   | [frequency_agility mc_dlsk] fh_on sweep         partial_band  JSR= -10.0 dB r=3 jammed=0.121 BER=0.0826 (2 s)
2026-09-28 23:44:43 | src.experiments.frequency_agility | INFO   | [frequency_agility mc_dlsk] fh_on sweep         partial_band  JSR=  -6.0 dB r=3 jammed=0.121 BER=0.0812 (2 s)
2026-09-28 23:44:45 | src.experiments.frequency_agility | INFO   | [frequency_agility mc_dlsk] fh_on sweep         partial_band  JSR=  -2.0 dB r=3 jammed=0.121 BER=0.0906 (2 s)
2026-09-28 23:44:47 | src.experiments.frequency_agility | INFO   | [frequency_agility mc_dlsk] fh_on sweep         partial_band  JSR=   2.0 dB r=3 jammed=0.121 BER=0.1227 (2 s)
2026-09-28 23:44:49 | src.experiments.frequency_agility | INFO   | [frequency_agility mc_dlsk] fh_on sweep         partial_band  JSR=   6.0 dB r=3 jammed=0.121 BER=0.1359 (2 s)
2026-09-28 23:44:51 | src.experiments.frequency_agility | INFO   | [frequency_agility mc_dlsk] fh_on sweep         partial_band  JSR=  10.0 dB r=3 jammed=0.121 BER=0.1364 (2 s)
2026-09-28 23:44:57 | src.experiments.frequency_agility | INFO   | [frequency_agility mc_dlsk] fh_on sweep         cw            JSR= -10.0 dB r=4 jammed=0.123 BER=0.0907 (2 s)
2026-09-28 23:44:59 | src.experiments.frequency_agility | INFO   | [frequency_agility mc_dlsk] fh_on sweep         cw            JSR=  -6.0 dB r=4 jammed=0.123 BER=0.0922 (2 s)
2026-09-28 23:45:01 | src.experiments.frequency_agility | INFO   | [frequency_agility mc_dlsk] fh_on sweep         cw            JSR=  -2.0 dB r=4 jammed=0.123 BER=0.1167 (2 s)
2026-09-28 23:45:03 | src.experiments.frequency_agility | INFO   | [frequency_agility mc_dlsk] fh_on sweep         cw            JSR=   2.0 dB r=4 jammed=0.123 BER=0.1439 (2 s)
2026-09-28 23:45:06 | src.experiments.frequency_agility | INFO   | [frequency_agility mc_dlsk] fh_on sweep         cw            JSR=   6.0 dB r=4 jammed=0.123 BER=0.1452 (3 s)
2026-09-28 23:45:08 | src.experiments.frequency_agility | INFO   | [frequency_agility mc_dlsk] fh_on sweep         cw            JSR=  10.0 dB r=4 jammed=0.123 BER=0.1452 (2 s)
2026-09-28 23:45:10 | src.experiments.frequency_agility | INFO   | [frequency_agility mc_dlsk] fh_on sweep         partial_band  JSR= -10.0 dB r=4 jammed=0.123 BER=0.0948 (2 s)
2026-09-28 23:45:12 | src.experiments.frequency_agility | INFO   | [frequency_agility mc_dlsk] fh_on sweep         partial_band  JSR=  -6.0 dB r=4 jammed=0.123 BER=0.0982 (2 s)
2026-09-28 23:45:14 | src.experiments.frequency_agility | INFO   | [frequency_agility mc_dlsk] fh_on sweep         partial_band  JSR=  -2.0 dB r=4 jammed=0.123 BER=0.1091 (2 s)
2026-09-28 23:45:16 | src.experiments.frequency_agility | INFO   | [frequency_agility mc_dlsk] fh_on sweep         partial_band  JSR=   2.0 dB r=4 jammed=0.123 BER=0.1290 (2 s)
2026-09-28 23:45:18 | src.experiments.frequency_agility | INFO   | [frequency_agility mc_dlsk] fh_on sweep         partial_band  JSR=   6.0 dB r=4 jammed=0.123 BER=0.1413 (2 s)
2026-09-28 23:45:21 | src.experiments.frequency_agility | INFO   | [frequency_agility mc_dlsk] fh_on sweep         partial_band  JSR=  10.0 dB r=4 jammed=0.123 BER=0.1426 (3 s)
2026-09-28 23:45:26 | src.experiments.frequency_agility | INFO   | [frequency_agility mc_dlsk] fh_on follower      cw            JSR= -10.0 dB r=0 jammed=0.000 BER=0.0910 (2 s)
2026-09-28 23:45:28 | src.experiments.frequency_agility | INFO   | [frequency_agility mc_dlsk] fh_on follower      cw            JSR=  -6.0 dB r=0 jammed=0.000 BER=0.0910 (2 s)
2026-09-28 23:45:30 | src.experiments.frequency_agility | INFO   | [frequency_agility mc_dlsk] fh_on follower      cw            JSR=  -2.0 dB r=0 jammed=0.000 BER=0.0910 (2 s)
2026-09-28 23:45:32 | src.experiments.frequency_agility | INFO   | [frequency_agility mc_dlsk] fh_on follower      cw            JSR=   2.0 dB r=0 jammed=0.000 BER=0.0910 (2 s)
2026-09-28 23:45:35 | src.experiments.frequency_agility | INFO   | [frequency_agility mc_dlsk] fh_on follower      cw            JSR=   6.0 dB r=0 jammed=0.000 BER=0.0910 (3 s)
2026-09-28 23:45:37 | src.experiments.frequency_agility | INFO   | [frequency_agility mc_dlsk] fh_on follower      cw            JSR=  10.0 dB r=0 jammed=0.000 BER=0.0910 (2 s)
2026-09-28 23:45:39 | src.experiments.frequency_agility | INFO   | [frequency_agility mc_dlsk] fh_on follower      partial_band  JSR= -10.0 dB r=0 jammed=0.000 BER=0.0910 (2 s)
2026-09-28 23:45:41 | src.experiments.frequency_agility | INFO   | [frequency_agility mc_dlsk] fh_on follower      partial_band  JSR=  -6.0 dB r=0 jammed=0.000 BER=0.0910 (2 s)
2026-09-28 23:45:43 | src.experiments.frequency_agility | INFO   | [frequency_agility mc_dlsk] fh_on follower      partial_band  JSR=  -2.0 dB r=0 jammed=0.000 BER=0.0910 (2 s)
2026-09-28 23:45:45 | src.experiments.frequency_agility | INFO   | [frequency_agility mc_dlsk] fh_on follower      partial_band  JSR=   2.0 dB r=0 jammed=0.000 BER=0.0910 (2 s)
2026-09-28 23:45:47 | src.experiments.frequency_agility | INFO   | [frequency_agility mc_dlsk] fh_on follower      partial_band  JSR=   6.0 dB r=0 jammed=0.000 BER=0.0910 (3 s)
2026-09-28 23:45:49 | src.experiments.frequency_agility | INFO   | [frequency_agility mc_dlsk] fh_on follower      partial_band  JSR=  10.0 dB r=0 jammed=0.000 BER=0.0910 (2 s)
2026-09-28 23:45:55 | src.experiments.frequency_agility | INFO   | [frequency_agility mc_dlsk] fh_on follower      cw            JSR= -10.0 dB r=1 jammed=0.000 BER=0.0916 (2 s)
2026-09-28 23:45:56 | src.experiments.frequency_agility | INFO   | [frequency_agility mc_dlsk] fh_on follower      cw            JSR=  -6.0 dB r=1 jammed=0.000 BER=0.0916 (2 s)
2026-09-28 23:45:58 | src.experiments.frequency_agility | INFO   | [frequency_agility mc_dlsk] fh_on follower      cw            JSR=  -2.0 dB r=1 jammed=0.000 BER=0.0916 (2 s)
2026-09-28 23:46:01 | src.experiments.frequency_agility | INFO   | [frequency_agility mc_dlsk] fh_on follower      cw            JSR=   2.0 dB r=1 jammed=0.000 BER=0.0916 (3 s)
2026-09-28 23:46:03 | src.experiments.frequency_agility | INFO   | [frequency_agility mc_dlsk] fh_on follower      cw            JSR=   6.0 dB r=1 jammed=0.000 BER=0.0916 (2 s)
2026-09-28 23:46:05 | src.experiments.frequency_agility | INFO   | [frequency_agility mc_dlsk] fh_on follower      cw            JSR=  10.0 dB r=1 jammed=0.000 BER=0.0916 (2 s)
2026-09-28 23:46:07 | src.experiments.frequency_agility | INFO   | [frequency_agility mc_dlsk] fh_on follower      partial_band  JSR= -10.0 dB r=1 jammed=0.000 BER=0.0916 (2 s)
2026-09-28 23:46:09 | src.experiments.frequency_agility | INFO   | [frequency_agility mc_dlsk] fh_on follower      partial_band  JSR=  -6.0 dB r=1 jammed=0.000 BER=0.0916 (2 s)
2026-09-28 23:46:11 | src.experiments.frequency_agility | INFO   | [frequency_agility mc_dlsk] fh_on follower      partial_band  JSR=  -2.0 dB r=1 jammed=0.000 BER=0.0916 (2 s)
2026-09-28 23:46:13 | src.experiments.frequency_agility | INFO   | [frequency_agility mc_dlsk] fh_on follower      partial_band  JSR=   2.0 dB r=1 jammed=0.000 BER=0.0916 (2 s)
2026-09-28 23:46:16 | src.experiments.frequency_agility | INFO   | [frequency_agility mc_dlsk] fh_on follower      partial_band  JSR=   6.0 dB r=1 jammed=0.000 BER=0.0916 (3 s)
2026-09-28 23:46:18 | src.experiments.frequency_agility | INFO   | [frequency_agility mc_dlsk] fh_on follower      partial_band  JSR=  10.0 dB r=1 jammed=0.000 BER=0.0916 (2 s)
2026-09-28 23:46:23 | src.experiments.frequency_agility | INFO   | [frequency_agility mc_dlsk] fh_on follower      cw            JSR= -10.0 dB r=2 jammed=0.000 BER=0.0903 (2 s)
2026-09-28 23:46:25 | src.experiments.frequency_agility | INFO   | [frequency_agility mc_dlsk] fh_on follower      cw            JSR=  -6.0 dB r=2 jammed=0.000 BER=0.0903 (2 s)
2026-09-28 23:46:27 | src.experiments.frequency_agility | INFO   | [frequency_agility mc_dlsk] fh_on follower      cw            JSR=  -2.0 dB r=2 jammed=0.000 BER=0.0903 (2 s)
2026-09-28 23:46:30 | src.experiments.frequency_agility | INFO   | [frequency_agility mc_dlsk] fh_on follower      cw            JSR=   2.0 dB r=2 jammed=0.000 BER=0.0903 (3 s)
2026-09-28 23:46:32 | src.experiments.frequency_agility | INFO   | [frequency_agility mc_dlsk] fh_on follower      cw            JSR=   6.0 dB r=2 jammed=0.000 BER=0.0903 (2 s)
2026-09-28 23:46:34 | src.experiments.frequency_agility | INFO   | [frequency_agility mc_dlsk] fh_on follower      cw            JSR=  10.0 dB r=2 jammed=0.000 BER=0.0903 (2 s)
2026-09-28 23:46:36 | src.experiments.frequency_agility | INFO   | [frequency_agility mc_dlsk] fh_on follower      partial_band  JSR= -10.0 dB r=2 jammed=0.000 BER=0.0903 (2 s)
2026-09-28 23:46:38 | src.experiments.frequency_agility | INFO   | [frequency_agility mc_dlsk] fh_on follower      partial_band  JSR=  -6.0 dB r=2 jammed=0.000 BER=0.0903 (2 s)
2026-09-28 23:46:40 | src.experiments.frequency_agility | INFO   | [frequency_agility mc_dlsk] fh_on follower      partial_band  JSR=  -2.0 dB r=2 jammed=0.000 BER=0.0903 (2 s)
2026-09-28 23:46:42 | src.experiments.frequency_agility | INFO   | [frequency_agility mc_dlsk] fh_on follower      partial_band  JSR=   2.0 dB r=2 jammed=0.000 BER=0.0903 (3 s)
2026-09-28 23:46:44 | src.experiments.frequency_agility | INFO   | [frequency_agility mc_dlsk] fh_on follower      partial_band  JSR=   6.0 dB r=2 jammed=0.000 BER=0.0903 (2 s)
2026-09-28 23:46:46 | src.experiments.frequency_agility | INFO   | [frequency_agility mc_dlsk] fh_on follower      partial_band  JSR=  10.0 dB r=2 jammed=0.000 BER=0.0903 (2 s)
2026-09-28 23:46:52 | src.experiments.frequency_agility | INFO   | [frequency_agility mc_dlsk] fh_on follower      cw            JSR= -10.0 dB r=3 jammed=0.000 BER=0.0906 (2 s)
2026-09-28 23:46:53 | src.experiments.frequency_agility | INFO   | [frequency_agility mc_dlsk] fh_on follower      cw            JSR=  -6.0 dB r=3 jammed=0.000 BER=0.0906 (2 s)
2026-09-28 23:46:56 | src.experiments.frequency_agility | INFO   | [frequency_agility mc_dlsk] fh_on follower      cw            JSR=  -2.0 dB r=3 jammed=0.000 BER=0.0906 (3 s)
2026-09-28 23:46:58 | src.experiments.frequency_agility | INFO   | [frequency_agility mc_dlsk] fh_on follower      cw            JSR=   2.0 dB r=3 jammed=0.000 BER=0.0906 (2 s)
2026-09-28 23:47:00 | src.experiments.frequency_agility | INFO   | [frequency_agility mc_dlsk] fh_on follower      cw            JSR=   6.0 dB r=3 jammed=0.000 BER=0.0906 (2 s)
2026-09-28 23:47:02 | src.experiments.frequency_agility | INFO   | [frequency_agility mc_dlsk] fh_on follower      cw            JSR=  10.0 dB r=3 jammed=0.000 BER=0.0906 (2 s)
2026-09-28 23:47:04 | src.experiments.frequency_agility | INFO   | [frequency_agility mc_dlsk] fh_on follower      partial_band  JSR= -10.0 dB r=3 jammed=0.000 BER=0.0906 (2 s)
2026-09-28 23:47:06 | src.experiments.frequency_agility | INFO   | [frequency_agility mc_dlsk] fh_on follower      partial_band  JSR=  -6.0 dB r=3 jammed=0.000 BER=0.0906 (2 s)
2026-09-28 23:47:08 | src.experiments.frequency_agility | INFO   | [frequency_agility mc_dlsk] fh_on follower      partial_band  JSR=  -2.0 dB r=3 jammed=0.000 BER=0.0906 (2 s)
2026-09-28 23:47:11 | src.experiments.frequency_agility | INFO   | [frequency_agility mc_dlsk] fh_on follower      partial_band  JSR=   2.0 dB r=3 jammed=0.000 BER=0.0906 (3 s)
2026-09-28 23:47:13 | src.experiments.frequency_agility | INFO   | [frequency_agility mc_dlsk] fh_on follower      partial_band  JSR=   6.0 dB r=3 jammed=0.000 BER=0.0906 (2 s)
2026-09-28 23:47:15 | src.experiments.frequency_agility | INFO   | [frequency_agility mc_dlsk] fh_on follower      partial_band  JSR=  10.0 dB r=3 jammed=0.000 BER=0.0906 (2 s)
2026-09-28 23:47:20 | src.experiments.frequency_agility | INFO   | [frequency_agility mc_dlsk] fh_on follower      cw            JSR= -10.0 dB r=4 jammed=0.000 BER=0.0926 (2 s)
2026-09-28 23:47:22 | src.experiments.frequency_agility | INFO   | [frequency_agility mc_dlsk] fh_on follower      cw            JSR=  -6.0 dB r=4 jammed=0.000 BER=0.0926 (2 s)
2026-09-28 23:47:24 | src.experiments.frequency_agility | INFO   | [frequency_agility mc_dlsk] fh_on follower      cw            JSR=  -2.0 dB r=4 jammed=0.000 BER=0.0926 (3 s)
2026-09-28 23:47:26 | src.experiments.frequency_agility | INFO   | [frequency_agility mc_dlsk] fh_on follower      cw            JSR=   2.0 dB r=4 jammed=0.000 BER=0.0926 (2 s)
2026-09-28 23:47:28 | src.experiments.frequency_agility | INFO   | [frequency_agility mc_dlsk] fh_on follower      cw            JSR=   6.0 dB r=4 jammed=0.000 BER=0.0926 (2 s)
2026-09-28 23:47:30 | src.experiments.frequency_agility | INFO   | [frequency_agility mc_dlsk] fh_on follower      cw            JSR=  10.0 dB r=4 jammed=0.000 BER=0.0926 (2 s)
2026-09-28 23:47:32 | src.experiments.frequency_agility | INFO   | [frequency_agility mc_dlsk] fh_on follower      partial_band  JSR= -10.0 dB r=4 jammed=0.000 BER=0.0926 (2 s)
2026-09-28 23:47:34 | src.experiments.frequency_agility | INFO   | [frequency_agility mc_dlsk] fh_on follower      partial_band  JSR=  -6.0 dB r=4 jammed=0.000 BER=0.0926 (2 s)
2026-09-28 23:47:37 | src.experiments.frequency_agility | INFO   | [frequency_agility mc_dlsk] fh_on follower      partial_band  JSR=  -2.0 dB r=4 jammed=0.000 BER=0.0926 (2 s)
2026-09-28 23:47:39 | src.experiments.frequency_agility | INFO   | [frequency_agility mc_dlsk] fh_on follower      partial_band  JSR=   2.0 dB r=4 jammed=0.000 BER=0.0926 (2 s)
2026-09-28 23:47:41 | src.experiments.frequency_agility | INFO   | [frequency_agility mc_dlsk] fh_on follower      partial_band  JSR=   6.0 dB r=4 jammed=0.000 BER=0.0926 (2 s)
2026-09-28 23:47:43 | src.experiments.frequency_agility | INFO   | [frequency_agility mc_dlsk] fh_on follower      partial_band  JSR=  10.0 dB r=4 jammed=0.000 BER=0.0926 (2 s)
2026-09-28 23:47:43 | src.experiments.frequency_agility | INFO   | [frequency_agility mc_dlsk] BER-vs-JSR summary saved to /content/drive/MyDrive/DHUC_RUN/mc_dlsk/full/frequency_agility/mc_dlsk/frequency_agility_vs_jsr.csv
2026-09-28 23:48:01 | src.experiments.frequency_agility | INFO   | [frequency_agility mc_dlsk] dwell=1 (100000 Hz) sweep         JSR=6.0 dB jammed=0.125 BER=0.1389 [0.1350, 0.1427]
2026-09-28 23:48:20 | src.experiments.frequency_agility | INFO   | [frequency_agility mc_dlsk] dwell=1 (100000 Hz) follower      JSR=6.0 dB jammed=0.000 BER=0.0912 [0.0904, 0.0920]
2026-09-28 23:48:37 | src.experiments.frequency_agility | INFO   | [frequency_agility mc_dlsk] dwell=2 (50000 Hz) sweep         JSR=6.0 dB jammed=0.126 BER=0.1406 [0.1365, 0.1446]
2026-09-28 23:48:55 | src.experiments.frequency_agility | INFO   | [frequency_agility mc_dlsk] dwell=2 (50000 Hz) follower      JSR=6.0 dB jammed=0.000 BER=0.0884 [0.0868, 0.0900]
2026-09-28 23:49:14 | src.experiments.frequency_agility | INFO   | [frequency_agility mc_dlsk] dwell=4 (25000 Hz) sweep         JSR=6.0 dB jammed=0.127 BER=0.1419 [0.1378, 0.1459]
2026-09-28 23:49:33 | src.experiments.frequency_agility | INFO   | [frequency_agility mc_dlsk] dwell=4 (25000 Hz) follower      JSR=6.0 dB jammed=0.500 BER=0.2875 [0.2757, 0.2994]
2026-09-28 23:49:51 | src.experiments.frequency_agility | INFO   | [frequency_agility mc_dlsk] dwell=8 (12500 Hz) sweep         JSR=6.0 dB jammed=0.126 BER=0.1425 [0.1386, 0.1465]
2026-09-28 23:50:10 | src.experiments.frequency_agility | INFO   | [frequency_agility mc_dlsk] dwell=8 (12500 Hz) follower      JSR=6.0 dB jammed=0.750 BER=0.3891 [0.3727, 0.4054]
2026-09-28 23:50:28 | src.experiments.frequency_agility | INFO   | [frequency_agility mc_dlsk] dwell=16 (6250 Hz) sweep         JSR=6.0 dB jammed=0.129 BER=0.1451 [0.1398, 0.1505]
2026-09-28 23:50:46 | src.experiments.frequency_agility | INFO   | [frequency_agility mc_dlsk] dwell=16 (6250 Hz) follower      JSR=6.0 dB jammed=0.875 BER=0.4386 [0.4177, 0.4595]
2026-09-28 23:50:46 | src.experiments.frequency_agility | INFO   | [frequency_agility mc_dlsk] BER-vs-hop-rate summary saved to /content/drive/MyDrive/DHUC_RUN/mc_dlsk/full/frequency_agility/mc_dlsk/frequency_agility_vs_dwell.csv
2026-09-28 23:52:19 | src.experiments.frequency_agility | INFO   | [frequency_agility mc_dlsk] BER-vs-reaction-latency summary saved to /content/drive/MyDrive/DHUC_RUN/mc_dlsk/full/frequency_agility/mc_dlsk/frequency_agility_vs_reaction.csv
2026-09-28 23:52:20 | __main__                       | INFO   | RSS [frequency_agility mc_dlsk] = 1.51 GB
2026-09-28 23:52:20 | __main__                       | INFO   | frequency_agility experiment completed. Output in /content/drive/MyDrive/DHUC_RUN/mc_dlsk/full/frequency_agility
2026-09-28 23:52:20 | __main__                       | INFO   | checkpoint provenance saved: /content/drive/MyDrive/DHUC_RUN/mc_dlsk/full/frequency_agility/logs/checkpoint_provenance.json
2026-09-28 23:52:20 | __main__                       | INFO   | Experiment frequency_agility completed successfully.
2026-09-28 23:52:20 | __main__                       | INFO   | ================================================================================
2026-09-28 23:52:20 | __main__                       | INFO   | SUMMARY
2026-09-28 23:52:20 | __main__                       | INFO   | ================================================================================
2026-09-28 23:52:20 | __main__                       | INFO   | frequency_agility: OK
2026-09-28 23:52:20 | __main__                       | INFO   | All requested experiments finished. Output in: /content/drive/MyDrive/DHUC_RUN/mc_dlsk
2026-09-28 23:52:26 | root                           | INFO   | Logging configured: file=/content/drive/MyDrive/DHUC_RUN/mc_dlsk/full/logs/runner.log level=INFO
2026-09-28 23:52:26 | __main__                       | INFO   | Mode: full
2026-09-28 23:52:26 | __main__                       | INFO   | Run root: /content/drive/MyDrive/DHUC_RUN/mc_dlsk/full
2026-09-28 23:52:26 | __main__                       | INFO   | Models: mc_dlsk
2026-09-28 23:52:26 | __main__                       | INFO   | No dataset regeneration: False
2026-09-28 23:52:26 | __main__                       | INFO   | ================================================================================
2026-09-28 23:52:26 | __main__                       | INFO   | EXPERIMENT channel_generalization
2026-09-28 23:52:26 | __main__                       | INFO   | ================================================================================
2026-09-28 23:52:26 | __main__                       | INFO   | experiment_name = channel_generalization_full
2026-09-28 23:52:26 | __main__                       | INFO   | seed = 42
2026-09-28 23:52:26 | __main__                       | INFO   | lambda_mse = 2
2026-09-28 23:52:26 | __main__                       | INFO   | sequence_length = 100
2026-09-28 23:52:26 | __main__                       | INFO   | map_type = logistic / map_param = 3.9
2026-09-28 23:52:26 | __main__                       | INFO   | backbone_type = mc_dlsk
2026-09-28 23:52:26 | __main__                       | INFO   | epochs = 5
2026-09-28 23:52:26 | src.utils.config_loader        | INFO   | config snapshot saved: /content/drive/MyDrive/DHUC_RUN/mc_dlsk/full/channel_generalization/logs/config_used.yaml
2026-09-28 23:52:26 | __main__                       | INFO   | ============================================================
2026-09-28 23:52:26 | __main__                       | INFO   | channel_generalization experiment (models=['mc_dlsk'])
2026-09-28 23:52:26 | __main__                       | INFO   | ============================================================
2026-09-28 23:52:26 | __main__                       | INFO   | channel_generalization mc_dlsk: model loaded from /content/drive/MyDrive/DHUC_RUN/mc_dlsk/full/ber_vs_snr/k3_doppler_full/mc_dlsk/best_model.keras
2026-09-28 23:57:20 | src.experiments.channel_generalization | INFO   | [channel_generalization mc_dlsk] nominal            pooled_ber=0.000368 [0.000340, 0.000399] min_snr@target=n/a
2026-09-29 00:01:43 | src.experiments.channel_generalization | INFO   | [channel_generalization mc_dlsk] b_tdl_d            pooled_ber=0.091482 [0.090888, 0.092080] min_snr@target=n/a
2026-09-29 00:06:08 | src.experiments.channel_generalization | INFO   | [channel_generalization mc_dlsk] b_tdl_d_light      pooled_ber=0.016576 [0.016314, 0.016841] min_snr@target=n/a
2026-09-29 00:10:47 | src.experiments.channel_generalization | INFO   | [channel_generalization mc_dlsk] b_tdl_a            pooled_ber=0.153182 [0.152440, 0.153928] min_snr@target=n/a
2026-09-29 00:13:58 | src.experiments.channel_generalization | INFO   | [channel_generalization mc_dlsk] c_two_ray_jakes    pooled_ber=0.033001 [0.032634, 0.033372] min_snr@target=n/a
2026-09-29 00:13:58 | __main__                       | INFO   | RSS [channel_generalization mc_dlsk] = 1.37 GB
2026-09-29 00:13:58 | __main__                       | INFO   | channel_generalization experiment completed. Output in /content/drive/MyDrive/DHUC_RUN/mc_dlsk/full/channel_generalization
2026-09-29 00:13:58 | __main__                       | INFO   | checkpoint provenance saved: /content/drive/MyDrive/DHUC_RUN/mc_dlsk/full/channel_generalization/logs/checkpoint_provenance.json
2026-09-29 00:13:58 | __main__                       | INFO   | Experiment channel_generalization completed successfully.
2026-09-29 00:13:58 | __main__                       | INFO   | ================================================================================
2026-09-29 00:13:58 | __main__                       | INFO   | SUMMARY
2026-09-29 00:13:58 | __main__                       | INFO   | ================================================================================
2026-09-29 00:13:58 | __main__                       | INFO   | channel_generalization: OK
2026-09-29 00:13:58 | __main__                       | INFO   | All requested experiments finished. Output in: /content/drive/MyDrive/DHUC_RUN/mc_dlsk
