2026-09-28 19:14:03 | root                           | INFO   | Logging configured: file=/content/drive/MyDrive/DHUC_RUN/qkv_ber/full/logs/runner.log level=INFO
2026-09-28 19:14:03 | __main__                       | INFO   | Mode: full
2026-09-28 19:14:03 | __main__                       | INFO   | Run root: /content/drive/MyDrive/DHUC_RUN/qkv_ber/full
2026-09-28 19:14:03 | __main__                       | INFO   | Models: qkv
2026-09-28 19:14:03 | __main__                       | INFO   | No dataset regeneration: False
2026-09-28 19:14:03 | __main__                       | INFO   | ================================================================================
2026-09-28 19:14:03 | __main__                       | INFO   | EXPERIMENT ber_vs_snr
2026-09-28 19:14:03 | __main__                       | INFO   | ================================================================================
2026-09-28 19:14:03 | __main__                       | INFO   | ber_vs_snr: scenarios limited to ['k1_doppler_full', 'k3_doppler_full', 'k3_doppler_limited', 'iod_peers']
2026-09-28 19:14:03 | __main__                       | INFO   | experiment_name = ber_vs_snr_full
2026-09-28 19:14:03 | __main__                       | INFO   | seed = 42
2026-09-28 19:14:03 | __main__                       | INFO   | lambda_mse = 2
2026-09-28 19:14:03 | __main__                       | INFO   | sequence_length = 100
2026-09-28 19:14:03 | __main__                       | INFO   | map_type = logistic / map_param = 3.9
2026-09-28 19:14:03 | __main__                       | INFO   | backbone_type = qkv
2026-09-28 19:14:03 | __main__                       | INFO   | epochs = 30
2026-09-28 19:14:03 | src.utils.config_loader        | INFO   | config snapshot saved: /content/drive/MyDrive/DHUC_RUN/qkv_ber/full/ber_vs_snr/logs/config_used.yaml
2026-09-28 19:14:03 | __main__                       | INFO   | ============================================================
2026-09-28 19:14:03 | __main__                       | INFO   | ber_vs_snr experiment: BER vs SNR (5 architectures, 3 scenarios)
2026-09-28 19:14:03 | __main__                       | INFO   | ============================================================
2026-09-28 19:14:03 | __main__                       | INFO   | ber_vs_snr: --model=qkv filters architectures to: ['qkv']
2026-09-28 19:14:03 | __main__                       | INFO   | --- Scenario: k1_doppler_full ---
2026-09-28 19:14:03 | src.experiments.pipeline       | INFO   | Dataset not found in data/raw/555e38fc, generating...
2026-09-28 19:14:03 | src.data.dataset_generator     | INFO   | saved data/raw/555e38fc/train_snr-5_echo1.npz: 7500 symbols, x shape=(7500, 100), tau in [1, 33], f_d in [5.123e-10, 8.000e-05]
2026-09-28 19:14:04 | src.data.dataset_generator     | INFO   | saved data/raw/555e38fc/train_snr-3_echo1.npz: 7500 symbols, x shape=(7500, 100), tau in [1, 33], f_d in [1.469e-08, 7.997e-05]
2026-09-28 19:14:04 | src.data.dataset_generator     | INFO   | saved data/raw/555e38fc/train_snr-1_echo1.npz: 7500 symbols, x shape=(7500, 100), tau in [1, 33], f_d in [2.723e-08, 7.999e-05]
2026-09-28 19:14:05 | src.data.dataset_generator     | INFO   | saved data/raw/555e38fc/train_snr1_echo1.npz: 7500 symbols, x shape=(7500, 100), tau in [1, 33], f_d in [3.223e-08, 7.998e-05]
2026-09-28 19:14:05 | src.data.dataset_generator     | INFO   | saved data/raw/555e38fc/train_snr3_echo1.npz: 7500 symbols, x shape=(7500, 100), tau in [1, 33], f_d in [2.007e-08, 7.999e-05]
2026-09-28 19:14:06 | src.data.dataset_generator     | INFO   | saved data/raw/555e38fc/train_snr5_echo1.npz: 7500 symbols, x shape=(7500, 100), tau in [1, 33], f_d in [1.977e-08, 7.999e-05]
2026-09-28 19:14:06 | src.data.dataset_generator     | INFO   | saved data/raw/555e38fc/train_snr7_echo1.npz: 7500 symbols, x shape=(7500, 100), tau in [1, 33], f_d in [1.223e-09, 7.998e-05]
2026-09-28 19:14:07 | src.data.dataset_generator     | INFO   | saved data/raw/555e38fc/train_snr9_echo1.npz: 7500 symbols, x shape=(7500, 100), tau in [1, 33], f_d in [9.979e-10, 7.999e-05]
2026-09-28 19:14:07 | src.data.dataset_generator     | INFO   | saved data/raw/555e38fc/train_snr11_echo1.npz: 7500 symbols, x shape=(7500, 100), tau in [1, 33], f_d in [1.370e-08, 8.000e-05]
2026-09-28 19:14:08 | src.data.dataset_generator     | INFO   | saved data/raw/555e38fc/train_snr13_echo1.npz: 7500 symbols, x shape=(7500, 100), tau in [1, 33], f_d in [2.273e-09, 8.000e-05]
2026-09-28 19:14:08 | src.data.dataset_generator     | INFO   | saved data/raw/555e38fc/train_snr15_echo1.npz: 7500 symbols, x shape=(7500, 100), tau in [1, 33], f_d in [5.939e-09, 7.997e-05]
2026-09-28 19:14:09 | src.data.dataset_generator     | INFO   | saved data/raw/555e38fc/train_snr17_echo1.npz: 7500 symbols, x shape=(7500, 100), tau in [1, 33], f_d in [1.867e-08, 7.999e-05]
2026-09-28 19:14:09 | src.data.dataset_generator     | INFO   | saved data/raw/555e38fc/train_snr19_echo1.npz: 7500 symbols, x shape=(7500, 100), tau in [1, 33], f_d in [3.120e-10, 8.000e-05]
2026-09-28 19:14:10 | src.data.dataset_generator     | INFO   | saved data/raw/555e38fc/train_snr21_echo1.npz: 7500 symbols, x shape=(7500, 100), tau in [1, 33], f_d in [6.065e-09, 7.997e-05]
2026-09-28 19:14:10 | src.data.dataset_generator     | INFO   | split 'train': 14 files generated, 7500 symbols per combination (combos=14)
2026-09-28 19:14:10 | src.data.dataset_generator     | INFO   | saved data/raw/555e38fc/val_snr-5_echo1.npz: 5000 symbols, x shape=(5000, 100), tau in [1, 33], f_d in [2.454e-08, 7.999e-05]
2026-09-28 19:14:10 | src.data.dataset_generator     | INFO   | saved data/raw/555e38fc/val_snr-3_echo1.npz: 5000 symbols, x shape=(5000, 100), tau in [1, 33], f_d in [2.144e-08, 7.999e-05]
2026-09-28 19:14:10 | src.data.dataset_generator     | INFO   | saved data/raw/555e38fc/val_snr-1_echo1.npz: 5000 symbols, x shape=(5000, 100), tau in [1, 33], f_d in [2.573e-10, 8.000e-05]
2026-09-28 19:14:11 | src.data.dataset_generator     | INFO   | saved data/raw/555e38fc/val_snr1_echo1.npz: 5000 symbols, x shape=(5000, 100), tau in [1, 33], f_d in [2.121e-08, 7.998e-05]
2026-09-28 19:14:11 | src.data.dataset_generator     | INFO   | saved data/raw/555e38fc/val_snr3_echo1.npz: 5000 symbols, x shape=(5000, 100), tau in [1, 33], f_d in [2.391e-08, 7.994e-05]
2026-09-28 19:14:11 | src.data.dataset_generator     | INFO   | saved data/raw/555e38fc/val_snr5_echo1.npz: 5000 symbols, x shape=(5000, 100), tau in [1, 33], f_d in [4.377e-09, 8.000e-05]
2026-09-28 19:14:11 | src.data.dataset_generator     | INFO   | saved data/raw/555e38fc/val_snr7_echo1.npz: 5000 symbols, x shape=(5000, 100), tau in [1, 33], f_d in [4.595e-10, 7.997e-05]
2026-09-28 19:14:12 | src.data.dataset_generator     | INFO   | saved data/raw/555e38fc/val_snr9_echo1.npz: 5000 symbols, x shape=(5000, 100), tau in [1, 33], f_d in [8.012e-09, 7.998e-05]
2026-09-28 19:14:12 | src.data.dataset_generator     | INFO   | saved data/raw/555e38fc/val_snr11_echo1.npz: 5000 symbols, x shape=(5000, 100), tau in [1, 33], f_d in [3.124e-09, 8.000e-05]
2026-09-28 19:14:12 | src.data.dataset_generator     | INFO   | saved data/raw/555e38fc/val_snr13_echo1.npz: 5000 symbols, x shape=(5000, 100), tau in [1, 33], f_d in [7.868e-09, 7.998e-05]
2026-09-28 19:14:12 | src.data.dataset_generator     | INFO   | saved data/raw/555e38fc/val_snr15_echo1.npz: 5000 symbols, x shape=(5000, 100), tau in [1, 33], f_d in [1.013e-08, 7.999e-05]
2026-09-28 19:14:13 | src.data.dataset_generator     | INFO   | saved data/raw/555e38fc/val_snr17_echo1.npz: 5000 symbols, x shape=(5000, 100), tau in [1, 33], f_d in [1.550e-09, 7.999e-05]
2026-09-28 19:14:13 | src.data.dataset_generator     | INFO   | saved data/raw/555e38fc/val_snr19_echo1.npz: 5000 symbols, x shape=(5000, 100), tau in [1, 33], f_d in [2.254e-08, 7.998e-05]
2026-09-28 19:14:13 | src.data.dataset_generator     | INFO   | saved data/raw/555e38fc/val_snr21_echo1.npz: 5000 symbols, x shape=(5000, 100), tau in [1, 33], f_d in [1.250e-08, 7.997e-05]
2026-09-28 19:14:13 | src.data.dataset_generator     | INFO   | split 'val': 14 files generated, 5000 symbols per combination (combos=14)
2026-09-28 19:14:14 | src.data.dataset_generator     | INFO   | saved data/raw/555e38fc/test_snr-5_echo1.npz: 20000 symbols, x shape=(20000, 100), tau in [1, 33], f_d in [5.907e-09, 7.999e-05]
2026-09-28 19:14:15 | src.data.dataset_generator     | INFO   | saved data/raw/555e38fc/test_snr-3_echo1.npz: 20000 symbols, x shape=(20000, 100), tau in [1, 33], f_d in [7.431e-10, 7.999e-05]
2026-09-28 19:14:16 | src.data.dataset_generator     | INFO   | saved data/raw/555e38fc/test_snr-1_echo1.npz: 20000 symbols, x shape=(20000, 100), tau in [1, 33], f_d in [3.074e-09, 8.000e-05]
2026-09-28 19:14:17 | src.data.dataset_generator     | INFO   | saved data/raw/555e38fc/test_snr1_echo1.npz: 20000 symbols, x shape=(20000, 100), tau in [1, 33], f_d in [4.446e-09, 7.999e-05]
2026-09-28 19:14:18 | src.data.dataset_generator     | INFO   | saved data/raw/555e38fc/test_snr3_echo1.npz: 20000 symbols, x shape=(20000, 100), tau in [1, 33], f_d in [6.471e-09, 7.999e-05]
2026-09-28 19:14:19 | src.data.dataset_generator     | INFO   | saved data/raw/555e38fc/test_snr5_echo1.npz: 20000 symbols, x shape=(20000, 100), tau in [1, 33], f_d in [2.703e-09, 8.000e-05]
2026-09-28 19:14:21 | src.data.dataset_generator     | INFO   | saved data/raw/555e38fc/test_snr7_echo1.npz: 20000 symbols, x shape=(20000, 100), tau in [1, 33], f_d in [8.244e-09, 7.997e-05]
2026-09-28 19:14:22 | src.data.dataset_generator     | INFO   | saved data/raw/555e38fc/test_snr9_echo1.npz: 20000 symbols, x shape=(20000, 100), tau in [1, 33], f_d in [3.030e-08, 8.000e-05]
2026-09-28 19:14:24 | src.data.dataset_generator     | INFO   | saved data/raw/555e38fc/test_snr11_echo1.npz: 20000 symbols, x shape=(20000, 100), tau in [1, 33], f_d in [4.338e-09, 7.999e-05]
2026-09-28 19:14:25 | src.data.dataset_generator     | INFO   | saved data/raw/555e38fc/test_snr13_echo1.npz: 20000 symbols, x shape=(20000, 100), tau in [1, 33], f_d in [6.262e-10, 8.000e-05]
2026-09-28 19:14:26 | src.data.dataset_generator     | INFO   | saved data/raw/555e38fc/test_snr15_echo1.npz: 20000 symbols, x shape=(20000, 100), tau in [1, 33], f_d in [8.955e-10, 7.999e-05]
2026-09-28 19:14:27 | src.data.dataset_generator     | INFO   | saved data/raw/555e38fc/test_snr17_echo1.npz: 20000 symbols, x shape=(20000, 100), tau in [1, 33], f_d in [7.527e-10, 8.000e-05]
2026-09-28 19:14:28 | src.data.dataset_generator     | INFO   | saved data/raw/555e38fc/test_snr19_echo1.npz: 20000 symbols, x shape=(20000, 100), tau in [1, 33], f_d in [8.022e-09, 8.000e-05]
2026-09-28 19:14:29 | src.data.dataset_generator     | INFO   | saved data/raw/555e38fc/test_snr21_echo1.npz: 20000 symbols, x shape=(20000, 100), tau in [1, 33], f_d in [3.473e-10, 7.999e-05]
2026-09-28 19:14:29 | src.data.dataset_generator     | INFO   | split 'test': 14 files generated, 20000 symbols per combination (combos=14)
2026-09-28 19:14:29 | src.data.data_loader           | INFO   | split 'train': 105000 total samples, x shape=(105000, 100), tau in [1.00, 33.00], f_d in [3.120e-10, 8.000e-05]
2026-09-28 19:14:29 | src.data.data_loader           | INFO   | balancing verified: 7500 samples for each of the 14 (SNR, K) combinations
2026-09-28 19:14:45 | src.experiments.pipeline       | INFO   | Split 'train': 105000 samples
2026-09-28 19:14:45 | src.data.data_loader           | INFO   | split 'val': 70000 total samples, x shape=(70000, 100), tau in [1.00, 33.00], f_d in [2.573e-10, 8.000e-05]
2026-09-28 19:14:45 | src.data.data_loader           | INFO   | balancing verified: 5000 samples for each of the 14 (SNR, K) combinations
2026-09-28 19:14:57 | src.experiments.pipeline       | INFO   | Split 'val': 70000 samples
2026-09-28 19:14:59 | src.data.data_loader           | INFO   | dataset built: n=105000, batch_size=128, feature_mode=iq, shuffle=True, seed=42
2026-09-28 19:15:00 | src.data.data_loader           | INFO   | dataset built: n=70000, batch_size=128, feature_mode=iq, shuffle=False, seed=42
2026-09-28 19:15:00 | __main__                       | INFO   | Architecture: qkv
2026-09-28 19:15:00 | src.experiments.pipeline       | INFO   | build_model 'qkv': model seed applied = 15 (from model.seeds.qkv, dataset seed stays 42)
2026-09-28 19:15:01 | src.models.heads               | INFO   | communication_head built: input_dim=64, units=128, M=2, params=8578
2026-09-28 19:15:01 | src.models.heads               | INFO   | sensing_head built: input_dim=228, units=32, output_units=2, params=7394
2026-09-28 19:15:05 | src.models.ultra_can_qkv       | INFO   | model 'dual_head_ultra_can_qkv' built: comm=8578 params, sensing=7394 params, TOTAL=43204 params, lambda_mse=2
2026-09-28 19:15:05 | src.experiments.pipeline       | INFO   | Model 'dual_head_ultra_can_qkv' built: 43204 trainable parameters.
2026-09-28 19:15:05 | src.experiments.pipeline       | INFO   | Training for 30 epochs, lambda_mse=2.0000
2026-09-28 19:15:05 | src.training.trainer           | INFO   | Sensing component weights: delay=1.000, f_doppler=1.000
2026-09-28 19:15:05 | src.training.trainer           | INFO   | Trainer initialized: lambda_mse = 2.0
2026-09-28 19:15:06 | src.training.trainer           | INFO   | Model compiled: loss_weights = {'comm': 1.0, 'sensing': 2}, lr=0.001000, optimizer=adam, label_smoothing=0.1, lr_schedule=cosine, sensing_range_penalty=1.0, sensing_component_weights=[1.0, 1.0]
2026-09-28 19:15:07 | src.training.trainer           | INFO   | Callbacks configured: 5
2026-09-28 19:15:07 | src.training.trainer           | INFO   | Starting training: epochs=30, batch_size=128
2026-09-28 19:21:30 | src.training.trainer           | INFO   | History saved to /content/drive/MyDrive/DHUC_RUN/qkv_ber/full/ber_vs_snr/k1_doppler_full/qkv/logs/history.csv
2026-09-28 19:21:30 | src.training.trainer           | INFO   | Metadata saved to /content/drive/MyDrive/DHUC_RUN/qkv_ber/full/ber_vs_snr/k1_doppler_full/qkv/logs/run_metadata.json
2026-09-28 19:21:30 | src.training.trainer           | INFO   | Training completed in 30 epochs. Best val_loss = 0.339297, best loss = 0.329537
2026-09-28 19:21:30 | src.training.trainer           | INFO   | Best weights reloaded from /content/drive/MyDrive/DHUC_RUN/qkv_ber/full/ber_vs_snr/k1_doppler_full/qkv/logs/best_weights.weights.h5 before evaluation/saving
2026-09-28 19:21:30 | src.evaluation.evaluator       | INFO   | ONLINE evaluation over 14 SNR points (batch=100000, max_symbols=2000000, floor BER=2.5e-07)
2026-09-28 19:21:44 | src.evaluation.evaluator       | WARNING | SNR=-5.0 dB: 67/200000 sensing elements outside [0,1] (min=-0.1539, max=1.2858) -> clamped
2026-09-28 19:21:58 | src.evaluation.evaluator       | WARNING | SNR=-3.0 dB: 47/200000 sensing elements outside [0,1] (min=0.0347, max=1.2382) -> clamped
2026-09-28 19:22:12 | src.evaluation.evaluator       | WARNING | SNR=-1.0 dB: 56/200000 sensing elements outside [0,1] (min=0.0363, max=1.2353) -> clamped
2026-09-28 19:22:27 | src.evaluation.evaluator       | WARNING | SNR=1.0 dB: 64/200000 sensing elements outside [0,1] (min=0.0165, max=1.2589) -> clamped
2026-09-28 19:22:55 | src.evaluation.evaluator       | WARNING | SNR=3.0 dB: 134/400000 sensing elements outside [0,1] (min=-0.0005, max=1.1817) -> clamped
2026-09-28 19:23:39 | src.evaluation.evaluator       | WARNING | SNR=5.0 dB: 351/600000 sensing elements outside [0,1] (min=-0.0056, max=1.1755) -> clamped
2026-09-28 19:25:07 | src.evaluation.evaluator       | WARNING | SNR=7.0 dB: 1283/1200000 sensing elements outside [0,1] (min=-0.0040, max=1.2128) -> clamped
2026-09-28 19:27:23 | src.evaluation.evaluator       | WARNING | SNR=9.0 dB: 3686/1800000 sensing elements outside [0,1] (min=-0.0104, max=1.1757) -> clamped
2026-09-28 19:30:35 | src.evaluation.evaluator       | WARNING | SNR=11.0 dB: 9017/2600000 sensing elements outside [0,1] (min=-0.0149, max=1.2177) -> clamped
2026-09-28 19:33:53 | src.evaluation.evaluator       | WARNING | SNR=13.0 dB: 15410/2800000 sensing elements outside [0,1] (min=-0.0196, max=1.2266) -> clamped
2026-09-28 19:36:43 | src.evaluation.evaluator       | WARNING | SNR=15.0 dB: 18358/2400000 sensing elements outside [0,1] (min=-0.0136, max=1.1909) -> clamped
2026-09-28 19:40:30 | src.evaluation.evaluator       | WARNING | SNR=17.0 dB: 31867/3200000 sensing elements outside [0,1] (min=-0.0188, max=1.1598) -> clamped
2026-09-28 19:44:44 | src.evaluation.evaluator       | WARNING | SNR=19.0 dB: 43427/3600000 sensing elements outside [0,1] (min=-0.0145, max=1.1388) -> clamped
2026-09-28 19:49:27 | src.evaluation.evaluator       | WARNING | SNR=21.0 dB: 56366/4000000 sensing elements outside [0,1] (min=-0.0179, max=1.1676) -> clamped
2026-09-28 19:49:27 | src.evaluation.evaluator       | INFO   | Online evaluation completed for 14 SNR points
2026-09-28 19:49:27 | src.experiments.pipeline       | INFO   | Metrics saved to /content/drive/MyDrive/DHUC_RUN/qkv_ber/full/ber_vs_snr/k1_doppler_full/qkv/metrics.csv
2026-09-28 19:49:28 | src.evaluation.evaluator       | INFO   | BER plot saved to /content/drive/MyDrive/DHUC_RUN/qkv_ber/full/ber_vs_snr/k1_doppler_full/qkv/plots/ber_vs_snr_dual_head_ultra_can_qkv.pdf
2026-09-28 19:49:28 | src.experiments.pipeline       | INFO   | BER vs SNR plot saved to /content/drive/MyDrive/DHUC_RUN/qkv_ber/full/ber_vs_snr/k1_doppler_full/qkv/plots/ber_vs_snr_dual_head_ultra_can_qkv.pdf
2026-09-28 19:49:28 | src.experiments.pipeline       | INFO   | Model saved to /content/drive/MyDrive/DHUC_RUN/qkv_ber/full/ber_vs_snr/k1_doppler_full/qkv/best_model.keras
2026-09-28 19:49:28 | src.utils.config_loader        | INFO   | config snapshot saved: /content/drive/MyDrive/DHUC_RUN/qkv_ber/full/ber_vs_snr/k1_doppler_full/qkv/logs/config_used.yaml
2026-09-28 19:49:29 | __main__                       | INFO   | RSS [ber_vs_snr k1_doppler_full/qkv] = 2.75 GB
2026-09-28 19:49:29 | src.evaluation.compare_baselines | INFO   | BER plot saved to /content/drive/MyDrive/DHUC_RUN/qkv_ber/full/ber_vs_snr/plots/ber_vs_snr_k1_doppler_full.pdf
2026-09-28 19:49:29 | src.experiments.pipeline       | INFO   | Overlay saved to /content/drive/MyDrive/DHUC_RUN/qkv_ber/full/ber_vs_snr/plots/ber_vs_snr_k1_doppler_full.pdf
2026-09-28 19:49:30 | __main__                       | INFO   | RSS [ber_vs_snr k1_doppler_full scenario done] = 2.37 GB
2026-09-28 19:49:30 | __main__                       | INFO   | --- Scenario: k3_doppler_full ---
2026-09-28 19:49:30 | src.experiments.pipeline       | INFO   | Dataset not found in data/raw/b40bac87, generating...
2026-09-28 19:49:30 | src.data.dataset_generator     | INFO   | saved data/raw/b40bac87/train_snr-5_echo3.npz: 7500 symbols, x shape=(7500, 100), tau in [1, 33], f_d in [5.123e-10, 7.999e-05]
2026-09-28 19:49:31 | src.data.dataset_generator     | INFO   | saved data/raw/b40bac87/train_snr-3_echo3.npz: 7500 symbols, x shape=(7500, 100), tau in [1, 33], f_d in [2.036e-08, 8.000e-05]
2026-09-28 19:49:31 | src.data.dataset_generator     | INFO   | saved data/raw/b40bac87/train_snr-1_echo3.npz: 7500 symbols, x shape=(7500, 100), tau in [1, 33], f_d in [1.816e-08, 7.999e-05]
2026-09-28 19:49:32 | src.data.dataset_generator     | INFO   | saved data/raw/b40bac87/train_snr1_echo3.npz: 7500 symbols, x shape=(7500, 100), tau in [1, 33], f_d in [6.635e-09, 8.000e-05]
2026-09-28 19:49:33 | src.data.dataset_generator     | INFO   | saved data/raw/b40bac87/train_snr3_echo3.npz: 7500 symbols, x shape=(7500, 100), tau in [1, 33], f_d in [2.007e-08, 7.999e-05]
2026-09-28 19:49:33 | src.data.dataset_generator     | INFO   | saved data/raw/b40bac87/train_snr5_echo3.npz: 7500 symbols, x shape=(7500, 100), tau in [1, 33], f_d in [2.503e-10, 8.000e-05]
2026-09-28 19:49:34 | src.data.dataset_generator     | INFO   | saved data/raw/b40bac87/train_snr7_echo3.npz: 7500 symbols, x shape=(7500, 100), tau in [1, 33], f_d in [8.852e-09, 7.999e-05]
2026-09-28 19:49:35 | src.data.dataset_generator     | INFO   | saved data/raw/b40bac87/train_snr9_echo3.npz: 7500 symbols, x shape=(7500, 100), tau in [1, 33], f_d in [6.658e-09, 8.000e-05]
2026-09-28 19:49:35 | src.data.dataset_generator     | INFO   | saved data/raw/b40bac87/train_snr11_echo3.npz: 7500 symbols, x shape=(7500, 100), tau in [1, 33], f_d in [2.039e-09, 8.000e-05]
2026-09-28 19:49:36 | src.data.dataset_generator     | INFO   | saved data/raw/b40bac87/train_snr13_echo3.npz: 7500 symbols, x shape=(7500, 100), tau in [1, 33], f_d in [1.279e-08, 8.000e-05]
2026-09-28 19:49:36 | src.data.dataset_generator     | INFO   | saved data/raw/b40bac87/train_snr15_echo3.npz: 7500 symbols, x shape=(7500, 100), tau in [1, 33], f_d in [5.939e-09, 7.999e-05]
2026-09-28 19:49:37 | src.data.dataset_generator     | INFO   | saved data/raw/b40bac87/train_snr17_echo3.npz: 7500 symbols, x shape=(7500, 100), tau in [1, 33], f_d in [1.867e-08, 7.997e-05]
2026-09-28 19:49:37 | src.data.dataset_generator     | INFO   | saved data/raw/b40bac87/train_snr19_echo3.npz: 7500 symbols, x shape=(7500, 100), tau in [1, 33], f_d in [3.120e-10, 8.000e-05]
2026-09-28 19:49:38 | src.data.dataset_generator     | INFO   | saved data/raw/b40bac87/train_snr21_echo3.npz: 7500 symbols, x shape=(7500, 100), tau in [1, 33], f_d in [3.692e-09, 7.999e-05]
2026-09-28 19:49:38 | src.data.dataset_generator     | INFO   | split 'train': 14 files generated, 7500 symbols per combination (combos=14)
2026-09-28 19:49:38 | src.data.dataset_generator     | INFO   | saved data/raw/b40bac87/val_snr-5_echo3.npz: 5000 symbols, x shape=(5000, 100), tau in [1, 33], f_d in [1.999e-08, 8.000e-05]
2026-09-28 19:49:38 | src.data.dataset_generator     | INFO   | saved data/raw/b40bac87/val_snr-3_echo3.npz: 5000 symbols, x shape=(5000, 100), tau in [1, 33], f_d in [9.208e-09, 7.999e-05]
2026-09-28 19:49:38 | src.data.dataset_generator     | INFO   | saved data/raw/b40bac87/val_snr-1_echo3.npz: 5000 symbols, x shape=(5000, 100), tau in [1, 33], f_d in [9.319e-10, 8.000e-05]
2026-09-28 19:49:39 | src.data.dataset_generator     | INFO   | saved data/raw/b40bac87/val_snr1_echo3.npz: 5000 symbols, x shape=(5000, 100), tau in [1, 33], f_d in [3.260e-09, 7.991e-05]
2026-09-28 19:49:39 | src.data.dataset_generator     | INFO   | saved data/raw/b40bac87/val_snr3_echo3.npz: 5000 symbols, x shape=(5000, 100), tau in [1, 33], f_d in [1.621e-08, 7.998e-05]
2026-09-28 19:49:39 | src.data.dataset_generator     | INFO   | saved data/raw/b40bac87/val_snr5_echo3.npz: 5000 symbols, x shape=(5000, 100), tau in [1, 33], f_d in [1.406e-09, 8.000e-05]
2026-09-28 19:49:40 | src.data.dataset_generator     | INFO   | saved data/raw/b40bac87/val_snr7_echo3.npz: 5000 symbols, x shape=(5000, 100), tau in [1, 33], f_d in [6.021e-08, 7.999e-05]
2026-09-28 19:49:40 | src.data.dataset_generator     | INFO   | saved data/raw/b40bac87/val_snr9_echo3.npz: 5000 symbols, x shape=(5000, 100), tau in [1, 33], f_d in [4.812e-09, 8.000e-05]
2026-09-28 19:49:40 | src.data.dataset_generator     | INFO   | saved data/raw/b40bac87/val_snr11_echo3.npz: 5000 symbols, x shape=(5000, 100), tau in [1, 33], f_d in [3.124e-09, 7.998e-05]
2026-09-28 19:49:40 | src.data.dataset_generator     | INFO   | saved data/raw/b40bac87/val_snr13_echo3.npz: 5000 symbols, x shape=(5000, 100), tau in [1, 33], f_d in [2.243e-08, 7.999e-05]
2026-09-28 19:49:41 | src.data.dataset_generator     | INFO   | saved data/raw/b40bac87/val_snr15_echo3.npz: 5000 symbols, x shape=(5000, 100), tau in [1, 33], f_d in [1.167e-08, 8.000e-05]
2026-09-28 19:49:41 | src.data.dataset_generator     | INFO   | saved data/raw/b40bac87/val_snr17_echo3.npz: 5000 symbols, x shape=(5000, 100), tau in [1, 33], f_d in [1.401e-08, 7.999e-05]
2026-09-28 19:49:41 | src.data.dataset_generator     | INFO   | saved data/raw/b40bac87/val_snr19_echo3.npz: 5000 symbols, x shape=(5000, 100), tau in [1, 33], f_d in [2.679e-08, 7.999e-05]
2026-09-28 19:49:42 | src.data.dataset_generator     | INFO   | saved data/raw/b40bac87/val_snr21_echo3.npz: 5000 symbols, x shape=(5000, 100), tau in [1, 33], f_d in [1.340e-08, 7.998e-05]
2026-09-28 19:49:42 | src.data.dataset_generator     | INFO   | split 'val': 14 files generated, 5000 symbols per combination (combos=14)
2026-09-28 19:49:43 | src.data.dataset_generator     | INFO   | saved data/raw/b40bac87/test_snr-5_echo3.npz: 20000 symbols, x shape=(20000, 100), tau in [1, 33], f_d in [3.654e-09, 8.000e-05]
2026-09-28 19:49:44 | src.data.dataset_generator     | INFO   | saved data/raw/b40bac87/test_snr-3_echo3.npz: 20000 symbols, x shape=(20000, 100), tau in [1, 33], f_d in [7.431e-10, 7.999e-05]
2026-09-28 19:49:45 | src.data.dataset_generator     | INFO   | saved data/raw/b40bac87/test_snr-1_echo3.npz: 20000 symbols, x shape=(20000, 100), tau in [1, 33], f_d in [3.074e-09, 8.000e-05]
2026-09-28 19:49:47 | src.data.dataset_generator     | INFO   | saved data/raw/b40bac87/test_snr1_echo3.npz: 20000 symbols, x shape=(20000, 100), tau in [1, 33], f_d in [4.446e-09, 8.000e-05]
2026-09-28 19:49:49 | src.data.dataset_generator     | INFO   | saved data/raw/b40bac87/test_snr3_echo3.npz: 20000 symbols, x shape=(20000, 100), tau in [1, 33], f_d in [6.713e-10, 8.000e-05]
2026-09-28 19:49:50 | src.data.dataset_generator     | INFO   | saved data/raw/b40bac87/test_snr5_echo3.npz: 20000 symbols, x shape=(20000, 100), tau in [1, 33], f_d in [3.631e-09, 7.999e-05]
2026-09-28 19:49:51 | src.data.dataset_generator     | INFO   | saved data/raw/b40bac87/test_snr7_echo3.npz: 20000 symbols, x shape=(20000, 100), tau in [1, 33], f_d in [1.594e-09, 7.999e-05]
2026-09-28 19:49:53 | src.data.dataset_generator     | INFO   | saved data/raw/b40bac87/test_snr9_echo3.npz: 20000 symbols, x shape=(20000, 100), tau in [1, 33], f_d in [4.142e-09, 8.000e-05]
2026-09-28 19:49:54 | src.data.dataset_generator     | INFO   | saved data/raw/b40bac87/test_snr11_echo3.npz: 20000 symbols, x shape=(20000, 100), tau in [1, 33], f_d in [1.007e-08, 7.999e-05]
2026-09-28 19:49:55 | src.data.dataset_generator     | INFO   | saved data/raw/b40bac87/test_snr13_echo3.npz: 20000 symbols, x shape=(20000, 100), tau in [1, 33], f_d in [1.064e-09, 8.000e-05]
2026-09-28 19:49:56 | src.data.dataset_generator     | INFO   | saved data/raw/b40bac87/test_snr15_echo3.npz: 20000 symbols, x shape=(20000, 100), tau in [1, 33], f_d in [8.955e-10, 7.999e-05]
2026-09-28 19:49:57 | src.data.dataset_generator     | INFO   | saved data/raw/b40bac87/test_snr17_echo3.npz: 20000 symbols, x shape=(20000, 100), tau in [1, 33], f_d in [4.564e-09, 8.000e-05]
2026-09-28 19:49:59 | src.data.dataset_generator     | INFO   | saved data/raw/b40bac87/test_snr19_echo3.npz: 20000 symbols, x shape=(20000, 100), tau in [1, 33], f_d in [1.161e-08, 8.000e-05]
2026-09-28 19:50:00 | src.data.dataset_generator     | INFO   | saved data/raw/b40bac87/test_snr21_echo3.npz: 20000 symbols, x shape=(20000, 100), tau in [1, 33], f_d in [1.673e-09, 7.999e-05]
2026-09-28 19:50:00 | src.data.dataset_generator     | INFO   | split 'test': 14 files generated, 20000 symbols per combination (combos=14)
2026-09-28 19:50:01 | src.data.data_loader           | INFO   | split 'train': 105000 total samples, x shape=(105000, 100), tau in [1.00, 33.00], f_d in [2.503e-10, 8.000e-05]
2026-09-28 19:50:01 | src.data.data_loader           | INFO   | balancing verified: 7500 samples for each of the 14 (SNR, K) combinations
2026-09-28 19:50:18 | src.experiments.pipeline       | INFO   | Split 'train': 105000 samples
2026-09-28 19:50:18 | src.data.data_loader           | INFO   | split 'val': 70000 total samples, x shape=(70000, 100), tau in [1.00, 33.00], f_d in [9.319e-10, 8.000e-05]
2026-09-28 19:50:18 | src.data.data_loader           | INFO   | balancing verified: 5000 samples for each of the 14 (SNR, K) combinations
2026-09-28 19:50:28 | src.experiments.pipeline       | INFO   | Split 'val': 70000 samples
2026-09-28 19:50:28 | src.data.data_loader           | INFO   | dataset built: n=105000, batch_size=128, feature_mode=iq, shuffle=True, seed=42
2026-09-28 19:50:29 | src.data.data_loader           | INFO   | dataset built: n=70000, batch_size=128, feature_mode=iq, shuffle=False, seed=42
2026-09-28 19:50:29 | __main__                       | INFO   | Architecture: qkv
2026-09-28 19:50:29 | src.experiments.pipeline       | INFO   | build_model 'qkv': model seed applied = 15 (from model.seeds.qkv, dataset seed stays 42)
2026-09-28 19:50:29 | src.models.heads               | INFO   | communication_head built: input_dim=64, units=128, M=2, params=8578
2026-09-28 19:50:29 | src.models.heads               | INFO   | sensing_head built: input_dim=228, units=32, output_units=2, params=7394
2026-09-28 19:50:30 | src.models.ultra_can_qkv       | INFO   | model 'dual_head_ultra_can_qkv' built: comm=8578 params, sensing=7394 params, TOTAL=43204 params, lambda_mse=2
2026-09-28 19:50:30 | src.experiments.pipeline       | INFO   | Model 'dual_head_ultra_can_qkv' built: 43204 trainable parameters.
2026-09-28 19:50:30 | src.experiments.pipeline       | INFO   | Training for 30 epochs, lambda_mse=2.0000
2026-09-28 19:50:30 | src.training.trainer           | INFO   | Sensing component weights: delay=1.000, f_doppler=1.000
2026-09-28 19:50:30 | src.training.trainer           | INFO   | Trainer initialized: lambda_mse = 2.0
2026-09-28 19:50:31 | src.training.trainer           | INFO   | Model compiled: loss_weights = {'comm': 1.0, 'sensing': 2}, lr=0.001000, optimizer=adam, label_smoothing=0.1, lr_schedule=cosine, sensing_range_penalty=1.0, sensing_component_weights=[1.0, 1.0]
2026-09-28 19:50:31 | src.training.trainer           | INFO   | Callbacks configured: 5
2026-09-28 19:50:31 | src.training.trainer           | INFO   | Starting training: epochs=30, batch_size=128
2026-09-28 19:56:25 | src.training.trainer           | INFO   | History saved to /content/drive/MyDrive/DHUC_RUN/qkv_ber/full/ber_vs_snr/k3_doppler_full/qkv/logs/history.csv
2026-09-28 19:56:25 | src.training.trainer           | INFO   | Metadata saved to /content/drive/MyDrive/DHUC_RUN/qkv_ber/full/ber_vs_snr/k3_doppler_full/qkv/logs/run_metadata.json
2026-09-28 19:56:25 | src.training.trainer           | INFO   | Training completed in 30 epochs. Best val_loss = 0.341678, best loss = 0.333762
2026-09-28 19:56:25 | src.training.trainer           | INFO   | Best weights reloaded from /content/drive/MyDrive/DHUC_RUN/qkv_ber/full/ber_vs_snr/k3_doppler_full/qkv/logs/best_weights.weights.h5 before evaluation/saving
2026-09-28 19:56:25 | src.evaluation.evaluator       | INFO   | ONLINE evaluation over 14 SNR points (batch=100000, max_symbols=2000000, floor BER=2.5e-07)
2026-09-28 19:56:41 | src.evaluation.evaluator       | WARNING | SNR=-5.0 dB: 67/200000 sensing elements outside [0,1] (min=0.0738, max=1.1607) -> clamped
2026-09-28 19:56:56 | src.evaluation.evaluator       | WARNING | SNR=-3.0 dB: 50/200000 sensing elements outside [0,1] (min=0.0345, max=1.2233) -> clamped
2026-09-28 19:57:12 | src.evaluation.evaluator       | WARNING | SNR=-1.0 dB: 60/200000 sensing elements outside [0,1] (min=0.0301, max=1.2101) -> clamped
2026-09-28 19:57:27 | src.evaluation.evaluator       | WARNING | SNR=1.0 dB: 90/200000 sensing elements outside [0,1] (min=0.0312, max=1.1768) -> clamped
2026-09-28 19:57:43 | src.evaluation.evaluator       | WARNING | SNR=3.0 dB: 136/200000 sensing elements outside [0,1] (min=0.0303, max=1.1924) -> clamped
2026-09-28 19:58:15 | src.evaluation.evaluator       | WARNING | SNR=5.0 dB: 356/400000 sensing elements outside [0,1] (min=0.0219, max=1.2067) -> clamped
2026-09-28 19:59:02 | src.evaluation.evaluator       | WARNING | SNR=7.0 dB: 793/600000 sensing elements outside [0,1] (min=0.0242, max=1.1408) -> clamped
2026-09-28 20:00:22 | src.evaluation.evaluator       | WARNING | SNR=9.0 dB: 1804/1000000 sensing elements outside [0,1] (min=0.0199, max=1.1831) -> clamped
2026-09-28 20:01:41 | src.evaluation.evaluator       | WARNING | SNR=11.0 dB: 2174/1000000 sensing elements outside [0,1] (min=0.0167, max=1.1990) -> clamped
2026-09-28 20:03:32 | src.evaluation.evaluator       | WARNING | SNR=13.0 dB: 3725/1400000 sensing elements outside [0,1] (min=0.0143, max=1.2044) -> clamped
2026-09-28 20:05:22 | src.evaluation.evaluator       | WARNING | SNR=15.0 dB: 4155/1400000 sensing elements outside [0,1] (min=0.0174, max=1.2223) -> clamped
2026-09-28 20:07:28 | src.evaluation.evaluator       | WARNING | SNR=17.0 dB: 5285/1600000 sensing elements outside [0,1] (min=0.0131, max=1.1988) -> clamped
2026-09-28 20:09:35 | src.evaluation.evaluator       | WARNING | SNR=19.0 dB: 5556/1600000 sensing elements outside [0,1] (min=0.0120, max=1.1613) -> clamped
2026-09-28 20:11:54 | src.evaluation.evaluator       | WARNING | SNR=21.0 dB: 6363/1800000 sensing elements outside [0,1] (min=0.0068, max=1.2033) -> clamped
2026-09-28 20:11:54 | src.evaluation.evaluator       | INFO   | Online evaluation completed for 14 SNR points
2026-09-28 20:11:54 | src.experiments.pipeline       | INFO   | Metrics saved to /content/drive/MyDrive/DHUC_RUN/qkv_ber/full/ber_vs_snr/k3_doppler_full/qkv/metrics.csv
2026-09-28 20:11:55 | src.evaluation.evaluator       | INFO   | BER plot saved to /content/drive/MyDrive/DHUC_RUN/qkv_ber/full/ber_vs_snr/k3_doppler_full/qkv/plots/ber_vs_snr_dual_head_ultra_can_qkv.pdf
2026-09-28 20:11:55 | src.experiments.pipeline       | INFO   | BER vs SNR plot saved to /content/drive/MyDrive/DHUC_RUN/qkv_ber/full/ber_vs_snr/k3_doppler_full/qkv/plots/ber_vs_snr_dual_head_ultra_can_qkv.pdf
2026-09-28 20:11:55 | src.experiments.pipeline       | INFO   | Model saved to /content/drive/MyDrive/DHUC_RUN/qkv_ber/full/ber_vs_snr/k3_doppler_full/qkv/best_model.keras
2026-09-28 20:11:55 | src.utils.config_loader        | INFO   | config snapshot saved: /content/drive/MyDrive/DHUC_RUN/qkv_ber/full/ber_vs_snr/k3_doppler_full/qkv/logs/config_used.yaml
2026-09-28 20:11:56 | __main__                       | INFO   | RSS [ber_vs_snr k3_doppler_full/qkv] = 3.10 GB
2026-09-28 20:11:56 | src.evaluation.compare_baselines | INFO   | BER plot saved to /content/drive/MyDrive/DHUC_RUN/qkv_ber/full/ber_vs_snr/plots/ber_vs_snr_k3_doppler_full.pdf
2026-09-28 20:11:56 | src.experiments.pipeline       | INFO   | Overlay saved to /content/drive/MyDrive/DHUC_RUN/qkv_ber/full/ber_vs_snr/plots/ber_vs_snr_k3_doppler_full.pdf
2026-09-28 20:11:57 | __main__                       | INFO   | RSS [ber_vs_snr k3_doppler_full scenario done] = 2.68 GB
2026-09-28 20:11:57 | __main__                       | INFO   | --- Scenario: k3_doppler_limited ---
2026-09-28 20:11:57 | src.experiments.pipeline       | INFO   | Dataset not found in data/raw/5721f828, generating...
2026-09-28 20:11:57 | src.data.dataset_generator     | INFO   | saved data/raw/5721f828/train_snr-5_echo3.npz: 7500 symbols, x shape=(7500, 100), tau in [1, 33], f_d in [2.562e-10, 4.000e-05]
2026-09-28 20:11:58 | src.data.dataset_generator     | INFO   | saved data/raw/5721f828/train_snr-3_echo3.npz: 7500 symbols, x shape=(7500, 100), tau in [1, 33], f_d in [1.018e-08, 4.000e-05]
2026-09-28 20:11:58 | src.data.dataset_generator     | INFO   | saved data/raw/5721f828/train_snr-1_echo3.npz: 7500 symbols, x shape=(7500, 100), tau in [1, 33], f_d in [9.081e-09, 3.999e-05]
2026-09-28 20:11:58 | src.data.dataset_generator     | INFO   | saved data/raw/5721f828/train_snr1_echo3.npz: 7500 symbols, x shape=(7500, 100), tau in [1, 33], f_d in [3.318e-09, 4.000e-05]
2026-09-28 20:11:59 | src.data.dataset_generator     | INFO   | saved data/raw/5721f828/train_snr3_echo3.npz: 7500 symbols, x shape=(7500, 100), tau in [1, 33], f_d in [1.003e-08, 3.999e-05]
2026-09-28 20:11:59 | src.data.dataset_generator     | INFO   | saved data/raw/5721f828/train_snr5_echo3.npz: 7500 symbols, x shape=(7500, 100), tau in [1, 33], f_d in [1.251e-10, 4.000e-05]
2026-09-28 20:12:00 | src.data.dataset_generator     | INFO   | saved data/raw/5721f828/train_snr7_echo3.npz: 7500 symbols, x shape=(7500, 100), tau in [1, 33], f_d in [4.426e-09, 4.000e-05]
2026-09-28 20:12:00 | src.data.dataset_generator     | INFO   | saved data/raw/5721f828/train_snr9_echo3.npz: 7500 symbols, x shape=(7500, 100), tau in [1, 33], f_d in [3.329e-09, 4.000e-05]
2026-09-28 20:12:01 | src.data.dataset_generator     | INFO   | saved data/raw/5721f828/train_snr11_echo3.npz: 7500 symbols, x shape=(7500, 100), tau in [1, 33], f_d in [1.020e-09, 4.000e-05]
2026-09-28 20:12:01 | src.data.dataset_generator     | INFO   | saved data/raw/5721f828/train_snr13_echo3.npz: 7500 symbols, x shape=(7500, 100), tau in [1, 33], f_d in [6.393e-09, 4.000e-05]
2026-09-28 20:12:02 | src.data.dataset_generator     | INFO   | saved data/raw/5721f828/train_snr15_echo3.npz: 7500 symbols, x shape=(7500, 100), tau in [1, 33], f_d in [2.969e-09, 3.999e-05]
2026-09-28 20:12:02 | src.data.dataset_generator     | INFO   | saved data/raw/5721f828/train_snr17_echo3.npz: 7500 symbols, x shape=(7500, 100), tau in [1, 33], f_d in [9.337e-09, 3.999e-05]
2026-09-28 20:12:02 | src.data.dataset_generator     | INFO   | saved data/raw/5721f828/train_snr19_echo3.npz: 7500 symbols, x shape=(7500, 100), tau in [1, 33], f_d in [1.560e-10, 4.000e-05]
2026-09-28 20:12:03 | src.data.dataset_generator     | INFO   | saved data/raw/5721f828/train_snr21_echo3.npz: 7500 symbols, x shape=(7500, 100), tau in [1, 33], f_d in [1.846e-09, 4.000e-05]
2026-09-28 20:12:03 | src.data.dataset_generator     | INFO   | split 'train': 14 files generated, 7500 symbols per combination (combos=14)
2026-09-28 20:12:03 | src.data.dataset_generator     | INFO   | saved data/raw/5721f828/val_snr-5_echo3.npz: 5000 symbols, x shape=(5000, 100), tau in [1, 33], f_d in [9.995e-09, 4.000e-05]
2026-09-28 20:12:03 | src.data.dataset_generator     | INFO   | saved data/raw/5721f828/val_snr-3_echo3.npz: 5000 symbols, x shape=(5000, 100), tau in [1, 33], f_d in [4.604e-09, 4.000e-05]
2026-09-28 20:12:04 | src.data.dataset_generator     | INFO   | saved data/raw/5721f828/val_snr-1_echo3.npz: 5000 symbols, x shape=(5000, 100), tau in [1, 33], f_d in [4.660e-10, 4.000e-05]
2026-09-28 20:12:04 | src.data.dataset_generator     | INFO   | saved data/raw/5721f828/val_snr1_echo3.npz: 5000 symbols, x shape=(5000, 100), tau in [1, 33], f_d in [1.630e-09, 3.996e-05]
2026-09-28 20:12:04 | src.data.dataset_generator     | INFO   | saved data/raw/5721f828/val_snr3_echo3.npz: 5000 symbols, x shape=(5000, 100), tau in [1, 33], f_d in [8.107e-09, 3.999e-05]
2026-09-28 20:12:05 | src.data.dataset_generator     | INFO   | saved data/raw/5721f828/val_snr5_echo3.npz: 5000 symbols, x shape=(5000, 100), tau in [1, 33], f_d in [7.029e-10, 4.000e-05]
2026-09-28 20:12:05 | src.data.dataset_generator     | INFO   | saved data/raw/5721f828/val_snr7_echo3.npz: 5000 symbols, x shape=(5000, 100), tau in [1, 33], f_d in [3.010e-08, 4.000e-05]
2026-09-28 20:12:05 | src.data.dataset_generator     | INFO   | saved data/raw/5721f828/val_snr9_echo3.npz: 5000 symbols, x shape=(5000, 100), tau in [1, 33], f_d in [2.406e-09, 4.000e-05]
2026-09-28 20:12:05 | src.data.dataset_generator     | INFO   | saved data/raw/5721f828/val_snr11_echo3.npz: 5000 symbols, x shape=(5000, 100), tau in [1, 33], f_d in [1.562e-09, 3.999e-05]
2026-09-28 20:12:06 | src.data.dataset_generator     | INFO   | saved data/raw/5721f828/val_snr13_echo3.npz: 5000 symbols, x shape=(5000, 100), tau in [1, 33], f_d in [1.121e-08, 4.000e-05]
2026-09-28 20:12:06 | src.data.dataset_generator     | INFO   | saved data/raw/5721f828/val_snr15_echo3.npz: 5000 symbols, x shape=(5000, 100), tau in [1, 33], f_d in [5.836e-09, 4.000e-05]
2026-09-28 20:12:06 | src.data.dataset_generator     | INFO   | saved data/raw/5721f828/val_snr17_echo3.npz: 5000 symbols, x shape=(5000, 100), tau in [1, 33], f_d in [7.005e-09, 4.000e-05]
2026-09-28 20:12:07 | src.data.dataset_generator     | INFO   | saved data/raw/5721f828/val_snr19_echo3.npz: 5000 symbols, x shape=(5000, 100), tau in [1, 33], f_d in [1.340e-08, 4.000e-05]
2026-09-28 20:12:07 | src.data.dataset_generator     | INFO   | saved data/raw/5721f828/val_snr21_echo3.npz: 5000 symbols, x shape=(5000, 100), tau in [1, 33], f_d in [6.701e-09, 3.999e-05]
2026-09-28 20:12:07 | src.data.dataset_generator     | INFO   | split 'val': 14 files generated, 5000 symbols per combination (combos=14)
2026-09-28 20:12:09 | src.data.dataset_generator     | INFO   | saved data/raw/5721f828/test_snr-5_echo3.npz: 20000 symbols, x shape=(20000, 100), tau in [1, 33], f_d in [1.827e-09, 4.000e-05]
2026-09-28 20:12:11 | src.data.dataset_generator     | INFO   | saved data/raw/5721f828/test_snr-3_echo3.npz: 20000 symbols, x shape=(20000, 100), tau in [1, 33], f_d in [3.715e-10, 4.000e-05]
2026-09-28 20:12:12 | src.data.dataset_generator     | INFO   | saved data/raw/5721f828/test_snr-1_echo3.npz: 20000 symbols, x shape=(20000, 100), tau in [1, 33], f_d in [1.537e-09, 4.000e-05]
2026-09-28 20:12:13 | src.data.dataset_generator     | INFO   | saved data/raw/5721f828/test_snr1_echo3.npz: 20000 symbols, x shape=(20000, 100), tau in [1, 33], f_d in [2.223e-09, 4.000e-05]
2026-09-28 20:12:14 | src.data.dataset_generator     | INFO   | saved data/raw/5721f828/test_snr3_echo3.npz: 20000 symbols, x shape=(20000, 100), tau in [1, 33], f_d in [3.357e-10, 4.000e-05]
2026-09-28 20:12:16 | src.data.dataset_generator     | INFO   | saved data/raw/5721f828/test_snr5_echo3.npz: 20000 symbols, x shape=(20000, 100), tau in [1, 33], f_d in [1.815e-09, 4.000e-05]
2026-09-28 20:12:17 | src.data.dataset_generator     | INFO   | saved data/raw/5721f828/test_snr7_echo3.npz: 20000 symbols, x shape=(20000, 100), tau in [1, 33], f_d in [7.971e-10, 3.999e-05]
2026-09-28 20:12:18 | src.data.dataset_generator     | INFO   | saved data/raw/5721f828/test_snr9_echo3.npz: 20000 symbols, x shape=(20000, 100), tau in [1, 33], f_d in [2.071e-09, 4.000e-05]
2026-09-28 20:12:19 | src.data.dataset_generator     | INFO   | saved data/raw/5721f828/test_snr11_echo3.npz: 20000 symbols, x shape=(20000, 100), tau in [1, 33], f_d in [5.034e-09, 4.000e-05]
2026-09-28 20:12:20 | src.data.dataset_generator     | INFO   | saved data/raw/5721f828/test_snr13_echo3.npz: 20000 symbols, x shape=(20000, 100), tau in [1, 33], f_d in [5.320e-10, 4.000e-05]
2026-09-28 20:12:22 | src.data.dataset_generator     | INFO   | saved data/raw/5721f828/test_snr15_echo3.npz: 20000 symbols, x shape=(20000, 100), tau in [1, 33], f_d in [4.477e-10, 4.000e-05]
2026-09-28 20:12:24 | src.data.dataset_generator     | INFO   | saved data/raw/5721f828/test_snr17_echo3.npz: 20000 symbols, x shape=(20000, 100), tau in [1, 33], f_d in [2.282e-09, 4.000e-05]
2026-09-28 20:12:26 | src.data.dataset_generator     | INFO   | saved data/raw/5721f828/test_snr19_echo3.npz: 20000 symbols, x shape=(20000, 100), tau in [1, 33], f_d in [5.807e-09, 4.000e-05]
2026-09-28 20:12:27 | src.data.dataset_generator     | INFO   | saved data/raw/5721f828/test_snr21_echo3.npz: 20000 symbols, x shape=(20000, 100), tau in [1, 33], f_d in [8.366e-10, 4.000e-05]
2026-09-28 20:12:27 | src.data.dataset_generator     | INFO   | split 'test': 14 files generated, 20000 symbols per combination (combos=14)
2026-09-28 20:12:27 | src.data.data_loader           | INFO   | split 'train': 105000 total samples, x shape=(105000, 100), tau in [1.00, 33.00], f_d in [1.251e-10, 4.000e-05]
2026-09-28 20:12:27 | src.data.data_loader           | INFO   | balancing verified: 7500 samples for each of the 14 (SNR, K) combinations
2026-09-28 20:12:43 | src.experiments.pipeline       | INFO   | Split 'train': 105000 samples
2026-09-28 20:12:44 | src.data.data_loader           | INFO   | split 'val': 70000 total samples, x shape=(70000, 100), tau in [1.00, 33.00], f_d in [4.660e-10, 4.000e-05]
2026-09-28 20:12:44 | src.data.data_loader           | INFO   | balancing verified: 5000 samples for each of the 14 (SNR, K) combinations
2026-09-28 20:12:55 | src.experiments.pipeline       | INFO   | Split 'val': 70000 samples
2026-09-28 20:12:56 | src.data.data_loader           | INFO   | dataset built: n=105000, batch_size=128, feature_mode=iq, shuffle=True, seed=42
2026-09-28 20:12:56 | src.data.data_loader           | INFO   | dataset built: n=70000, batch_size=128, feature_mode=iq, shuffle=False, seed=42
2026-09-28 20:12:56 | __main__                       | INFO   | Architecture: qkv
2026-09-28 20:12:56 | src.experiments.pipeline       | INFO   | build_model 'qkv': model seed applied = 15 (from model.seeds.qkv, dataset seed stays 42)
2026-09-28 20:12:56 | src.models.heads               | INFO   | communication_head built: input_dim=64, units=128, M=2, params=8578
2026-09-28 20:12:56 | src.models.heads               | INFO   | sensing_head built: input_dim=228, units=32, output_units=2, params=7394
2026-09-28 20:12:57 | src.models.ultra_can_qkv       | INFO   | model 'dual_head_ultra_can_qkv' built: comm=8578 params, sensing=7394 params, TOTAL=43204 params, lambda_mse=2
2026-09-28 20:12:57 | src.experiments.pipeline       | INFO   | Model 'dual_head_ultra_can_qkv' built: 43204 trainable parameters.
2026-09-28 20:12:57 | src.experiments.pipeline       | INFO   | Training for 30 epochs, lambda_mse=2.0000
2026-09-28 20:12:57 | src.training.trainer           | INFO   | Sensing component weights: delay=1.000, f_doppler=1.000
2026-09-28 20:12:57 | src.training.trainer           | INFO   | Trainer initialized: lambda_mse = 2.0
2026-09-28 20:12:57 | src.training.trainer           | INFO   | Model compiled: loss_weights = {'comm': 1.0, 'sensing': 2}, lr=0.001000, optimizer=adam, label_smoothing=0.1, lr_schedule=cosine, sensing_range_penalty=1.0, sensing_component_weights=[1.0, 1.0]
2026-09-28 20:12:58 | src.training.trainer           | INFO   | Callbacks configured: 5
2026-09-28 20:12:58 | src.training.trainer           | INFO   | Starting training: epochs=30, batch_size=128
2026-09-28 20:19:11 | src.training.trainer           | INFO   | History saved to /content/drive/MyDrive/DHUC_RUN/qkv_ber/full/ber_vs_snr/k3_doppler_limited/qkv/logs/history.csv
2026-09-28 20:19:11 | src.training.trainer           | INFO   | Metadata saved to /content/drive/MyDrive/DHUC_RUN/qkv_ber/full/ber_vs_snr/k3_doppler_limited/qkv/logs/run_metadata.json
2026-09-28 20:19:11 | src.training.trainer           | INFO   | Training completed in 30 epochs. Best val_loss = 0.342764, best loss = 0.334863
2026-09-28 20:19:11 | src.training.trainer           | INFO   | Best weights reloaded from /content/drive/MyDrive/DHUC_RUN/qkv_ber/full/ber_vs_snr/k3_doppler_limited/qkv/logs/best_weights.weights.h5 before evaluation/saving
2026-09-28 20:19:11 | src.evaluation.evaluator       | INFO   | ONLINE evaluation over 14 SNR points (batch=100000, max_symbols=2000000, floor BER=2.5e-07)
2026-09-28 20:19:29 | src.evaluation.evaluator       | WARNING | SNR=-5.0 dB: 174/200000 sensing elements outside [0,1] (min=0.0314, max=1.2870) -> clamped
2026-09-28 20:19:45 | src.evaluation.evaluator       | WARNING | SNR=-3.0 dB: 185/200000 sensing elements outside [0,1] (min=0.0415, max=1.2253) -> clamped
2026-09-28 20:20:01 | src.evaluation.evaluator       | WARNING | SNR=-1.0 dB: 266/200000 sensing elements outside [0,1] (min=0.0279, max=1.2843) -> clamped
2026-09-28 20:20:16 | src.evaluation.evaluator       | WARNING | SNR=1.0 dB: 444/200000 sensing elements outside [0,1] (min=0.0393, max=1.1951) -> clamped
2026-09-28 20:20:32 | src.evaluation.evaluator       | WARNING | SNR=3.0 dB: 648/200000 sensing elements outside [0,1] (min=0.0343, max=1.2531) -> clamped
2026-09-28 20:21:03 | src.evaluation.evaluator       | WARNING | SNR=5.0 dB: 1830/400000 sensing elements outside [0,1] (min=0.0301, max=1.2484) -> clamped
2026-09-28 20:21:51 | src.evaluation.evaluator       | WARNING | SNR=7.0 dB: 3743/600000 sensing elements outside [0,1] (min=0.0242, max=1.1920) -> clamped
2026-09-28 20:22:53 | src.evaluation.evaluator       | WARNING | SNR=9.0 dB: 6325/800000 sensing elements outside [0,1] (min=0.0242, max=1.2252) -> clamped
2026-09-28 20:23:57 | src.evaluation.evaluator       | WARNING | SNR=11.0 dB: 7410/800000 sensing elements outside [0,1] (min=0.0022, max=1.2772) -> clamped
2026-09-28 20:25:14 | src.evaluation.evaluator       | WARNING | SNR=13.0 dB: 10279/1000000 sensing elements outside [0,1] (min=0.0141, max=1.2247) -> clamped
2026-09-28 20:26:50 | src.evaluation.evaluator       | WARNING | SNR=15.0 dB: 13242/1200000 sensing elements outside [0,1] (min=0.0143, max=1.2872) -> clamped
2026-09-28 20:28:25 | src.evaluation.evaluator       | WARNING | SNR=17.0 dB: 13972/1200000 sensing elements outside [0,1] (min=0.0151, max=1.2558) -> clamped
2026-09-28 20:30:15 | src.evaluation.evaluator       | WARNING | SNR=19.0 dB: 16958/1400000 sensing elements outside [0,1] (min=0.0150, max=1.2159) -> clamped
2026-09-28 20:32:05 | src.evaluation.evaluator       | WARNING | SNR=21.0 dB: 16975/1400000 sensing elements outside [0,1] (min=0.0169, max=1.2459) -> clamped
2026-09-28 20:32:05 | src.evaluation.evaluator       | INFO   | Online evaluation completed for 14 SNR points
2026-09-28 20:32:05 | src.experiments.pipeline       | INFO   | Metrics saved to /content/drive/MyDrive/DHUC_RUN/qkv_ber/full/ber_vs_snr/k3_doppler_limited/qkv/metrics.csv
2026-09-28 20:32:05 | src.evaluation.evaluator       | INFO   | BER plot saved to /content/drive/MyDrive/DHUC_RUN/qkv_ber/full/ber_vs_snr/k3_doppler_limited/qkv/plots/ber_vs_snr_dual_head_ultra_can_qkv.pdf
2026-09-28 20:32:05 | src.experiments.pipeline       | INFO   | BER vs SNR plot saved to /content/drive/MyDrive/DHUC_RUN/qkv_ber/full/ber_vs_snr/k3_doppler_limited/qkv/plots/ber_vs_snr_dual_head_ultra_can_qkv.pdf
2026-09-28 20:32:05 | src.experiments.pipeline       | INFO   | Model saved to /content/drive/MyDrive/DHUC_RUN/qkv_ber/full/ber_vs_snr/k3_doppler_limited/qkv/best_model.keras
2026-09-28 20:32:06 | src.utils.config_loader        | INFO   | config snapshot saved: /content/drive/MyDrive/DHUC_RUN/qkv_ber/full/ber_vs_snr/k3_doppler_limited/qkv/logs/config_used.yaml
2026-09-28 20:32:06 | __main__                       | INFO   | RSS [ber_vs_snr k3_doppler_limited/qkv] = 3.28 GB
2026-09-28 20:32:07 | src.evaluation.compare_baselines | INFO   | BER plot saved to /content/drive/MyDrive/DHUC_RUN/qkv_ber/full/ber_vs_snr/plots/ber_vs_snr_k3_doppler_limited.pdf
2026-09-28 20:32:07 | src.experiments.pipeline       | INFO   | Overlay saved to /content/drive/MyDrive/DHUC_RUN/qkv_ber/full/ber_vs_snr/plots/ber_vs_snr_k3_doppler_limited.pdf
2026-09-28 20:32:08 | __main__                       | INFO   | RSS [ber_vs_snr k3_doppler_limited scenario done] = 2.90 GB
2026-09-28 20:32:08 | __main__                       | INFO   | --- Scenario: iod_peers ---
2026-09-28 20:32:08 | src.experiments.pipeline       | INFO   | Dataset not found in data/raw/beb4a243, generating...
2026-09-28 20:32:08 | src.data.dataset_generator     | INFO   | saved data/raw/beb4a243/train_snr-5_echo3.npz: 7500 symbols, x shape=(7500, 100), tau in [1, 33], f_d in [5.123e-10, 7.999e-05]
2026-09-28 20:32:09 | src.data.dataset_generator     | INFO   | saved data/raw/beb4a243/train_snr-3_echo3.npz: 7500 symbols, x shape=(7500, 100), tau in [1, 33], f_d in [2.036e-08, 8.000e-05]
2026-09-28 20:32:10 | src.data.dataset_generator     | INFO   | saved data/raw/beb4a243/train_snr-1_echo3.npz: 7500 symbols, x shape=(7500, 100), tau in [1, 33], f_d in [1.816e-08, 7.999e-05]
2026-09-28 20:32:11 | src.data.dataset_generator     | INFO   | saved data/raw/beb4a243/train_snr1_echo3.npz: 7500 symbols, x shape=(7500, 100), tau in [1, 33], f_d in [6.635e-09, 8.000e-05]
2026-09-28 20:32:11 | src.data.dataset_generator     | INFO   | saved data/raw/beb4a243/train_snr3_echo3.npz: 7500 symbols, x shape=(7500, 100), tau in [1, 33], f_d in [2.007e-08, 7.999e-05]
2026-09-28 20:32:12 | src.data.dataset_generator     | INFO   | saved data/raw/beb4a243/train_snr5_echo3.npz: 7500 symbols, x shape=(7500, 100), tau in [1, 33], f_d in [2.503e-10, 8.000e-05]
2026-09-28 20:32:12 | src.data.dataset_generator     | INFO   | saved data/raw/beb4a243/train_snr7_echo3.npz: 7500 symbols, x shape=(7500, 100), tau in [1, 33], f_d in [8.852e-09, 7.999e-05]
2026-09-28 20:32:13 | src.data.dataset_generator     | INFO   | saved data/raw/beb4a243/train_snr9_echo3.npz: 7500 symbols, x shape=(7500, 100), tau in [1, 33], f_d in [6.658e-09, 8.000e-05]
2026-09-28 20:32:13 | src.data.dataset_generator     | INFO   | saved data/raw/beb4a243/train_snr11_echo3.npz: 7500 symbols, x shape=(7500, 100), tau in [1, 33], f_d in [2.039e-09, 8.000e-05]
2026-09-28 20:32:14 | src.data.dataset_generator     | INFO   | saved data/raw/beb4a243/train_snr13_echo3.npz: 7500 symbols, x shape=(7500, 100), tau in [1, 33], f_d in [1.279e-08, 8.000e-05]
2026-09-28 20:32:14 | src.data.dataset_generator     | INFO   | saved data/raw/beb4a243/train_snr15_echo3.npz: 7500 symbols, x shape=(7500, 100), tau in [1, 33], f_d in [5.939e-09, 7.999e-05]
2026-09-28 20:32:15 | src.data.dataset_generator     | INFO   | saved data/raw/beb4a243/train_snr17_echo3.npz: 7500 symbols, x shape=(7500, 100), tau in [1, 33], f_d in [1.867e-08, 7.997e-05]
2026-09-28 20:32:15 | src.data.dataset_generator     | INFO   | saved data/raw/beb4a243/train_snr19_echo3.npz: 7500 symbols, x shape=(7500, 100), tau in [1, 33], f_d in [3.120e-10, 8.000e-05]
2026-09-28 20:32:16 | src.data.dataset_generator     | INFO   | saved data/raw/beb4a243/train_snr21_echo3.npz: 7500 symbols, x shape=(7500, 100), tau in [1, 33], f_d in [3.692e-09, 7.999e-05]
2026-09-28 20:32:16 | src.data.dataset_generator     | INFO   | split 'train': 14 files generated, 7500 symbols per combination (combos=14)
2026-09-28 20:32:16 | src.data.dataset_generator     | INFO   | saved data/raw/beb4a243/val_snr-5_echo3.npz: 5000 symbols, x shape=(5000, 100), tau in [1, 33], f_d in [1.999e-08, 8.000e-05]
2026-09-28 20:32:17 | src.data.dataset_generator     | INFO   | saved data/raw/beb4a243/val_snr-3_echo3.npz: 5000 symbols, x shape=(5000, 100), tau in [1, 33], f_d in [9.208e-09, 7.999e-05]
2026-09-28 20:32:17 | src.data.dataset_generator     | INFO   | saved data/raw/beb4a243/val_snr-1_echo3.npz: 5000 symbols, x shape=(5000, 100), tau in [1, 33], f_d in [9.319e-10, 8.000e-05]
2026-09-28 20:32:17 | src.data.dataset_generator     | INFO   | saved data/raw/beb4a243/val_snr1_echo3.npz: 5000 symbols, x shape=(5000, 100), tau in [1, 33], f_d in [3.260e-09, 7.991e-05]
2026-09-28 20:32:18 | src.data.dataset_generator     | INFO   | saved data/raw/beb4a243/val_snr3_echo3.npz: 5000 symbols, x shape=(5000, 100), tau in [1, 33], f_d in [1.621e-08, 7.998e-05]
2026-09-28 20:32:18 | src.data.dataset_generator     | INFO   | saved data/raw/beb4a243/val_snr5_echo3.npz: 5000 symbols, x shape=(5000, 100), tau in [1, 33], f_d in [1.406e-09, 8.000e-05]
2026-09-28 20:32:18 | src.data.dataset_generator     | INFO   | saved data/raw/beb4a243/val_snr7_echo3.npz: 5000 symbols, x shape=(5000, 100), tau in [1, 33], f_d in [6.021e-08, 7.999e-05]
2026-09-28 20:32:19 | src.data.dataset_generator     | INFO   | saved data/raw/beb4a243/val_snr9_echo3.npz: 5000 symbols, x shape=(5000, 100), tau in [1, 33], f_d in [4.812e-09, 8.000e-05]
2026-09-28 20:32:19 | src.data.dataset_generator     | INFO   | saved data/raw/beb4a243/val_snr11_echo3.npz: 5000 symbols, x shape=(5000, 100), tau in [1, 33], f_d in [3.124e-09, 7.998e-05]
2026-09-28 20:32:19 | src.data.dataset_generator     | INFO   | saved data/raw/beb4a243/val_snr13_echo3.npz: 5000 symbols, x shape=(5000, 100), tau in [1, 33], f_d in [2.243e-08, 7.999e-05]
2026-09-28 20:32:20 | src.data.dataset_generator     | INFO   | saved data/raw/beb4a243/val_snr15_echo3.npz: 5000 symbols, x shape=(5000, 100), tau in [1, 33], f_d in [1.167e-08, 8.000e-05]
2026-09-28 20:32:20 | src.data.dataset_generator     | INFO   | saved data/raw/beb4a243/val_snr17_echo3.npz: 5000 symbols, x shape=(5000, 100), tau in [1, 33], f_d in [1.401e-08, 7.999e-05]
2026-09-28 20:32:20 | src.data.dataset_generator     | INFO   | saved data/raw/beb4a243/val_snr19_echo3.npz: 5000 symbols, x shape=(5000, 100), tau in [1, 33], f_d in [2.679e-08, 7.999e-05]
2026-09-28 20:32:21 | src.data.dataset_generator     | INFO   | saved data/raw/beb4a243/val_snr21_echo3.npz: 5000 symbols, x shape=(5000, 100), tau in [1, 33], f_d in [1.340e-08, 7.998e-05]
2026-09-28 20:32:21 | src.data.dataset_generator     | INFO   | split 'val': 14 files generated, 5000 symbols per combination (combos=14)
2026-09-28 20:32:23 | src.data.dataset_generator     | INFO   | saved data/raw/beb4a243/test_snr-5_echo3.npz: 20000 symbols, x shape=(20000, 100), tau in [1, 33], f_d in [3.654e-09, 8.000e-05]
2026-09-28 20:32:25 | src.data.dataset_generator     | INFO   | saved data/raw/beb4a243/test_snr-3_echo3.npz: 20000 symbols, x shape=(20000, 100), tau in [1, 33], f_d in [7.431e-10, 7.999e-05]
2026-09-28 20:32:26 | src.data.dataset_generator     | INFO   | saved data/raw/beb4a243/test_snr-1_echo3.npz: 20000 symbols, x shape=(20000, 100), tau in [1, 33], f_d in [3.074e-09, 8.000e-05]
2026-09-28 20:32:28 | src.data.dataset_generator     | INFO   | saved data/raw/beb4a243/test_snr1_echo3.npz: 20000 symbols, x shape=(20000, 100), tau in [1, 33], f_d in [4.446e-09, 8.000e-05]
2026-09-28 20:32:29 | src.data.dataset_generator     | INFO   | saved data/raw/beb4a243/test_snr3_echo3.npz: 20000 symbols, x shape=(20000, 100), tau in [1, 33], f_d in [6.713e-10, 8.000e-05]
2026-09-28 20:32:31 | src.data.dataset_generator     | INFO   | saved data/raw/beb4a243/test_snr5_echo3.npz: 20000 symbols, x shape=(20000, 100), tau in [1, 33], f_d in [3.631e-09, 7.999e-05]
2026-09-28 20:32:32 | src.data.dataset_generator     | INFO   | saved data/raw/beb4a243/test_snr7_echo3.npz: 20000 symbols, x shape=(20000, 100), tau in [1, 33], f_d in [1.594e-09, 7.999e-05]
2026-09-28 20:32:34 | src.data.dataset_generator     | INFO   | saved data/raw/beb4a243/test_snr9_echo3.npz: 20000 symbols, x shape=(20000, 100), tau in [1, 33], f_d in [4.142e-09, 8.000e-05]
2026-09-28 20:32:35 | src.data.dataset_generator     | INFO   | saved data/raw/beb4a243/test_snr11_echo3.npz: 20000 symbols, x shape=(20000, 100), tau in [1, 33], f_d in [1.007e-08, 7.999e-05]
2026-09-28 20:32:37 | src.data.dataset_generator     | INFO   | saved data/raw/beb4a243/test_snr13_echo3.npz: 20000 symbols, x shape=(20000, 100), tau in [1, 33], f_d in [1.064e-09, 8.000e-05]
2026-09-28 20:32:39 | src.data.dataset_generator     | INFO   | saved data/raw/beb4a243/test_snr15_echo3.npz: 20000 symbols, x shape=(20000, 100), tau in [1, 33], f_d in [8.955e-10, 7.999e-05]
2026-09-28 20:32:41 | src.data.dataset_generator     | INFO   | saved data/raw/beb4a243/test_snr17_echo3.npz: 20000 symbols, x shape=(20000, 100), tau in [1, 33], f_d in [4.564e-09, 8.000e-05]
2026-09-28 20:32:42 | src.data.dataset_generator     | INFO   | saved data/raw/beb4a243/test_snr19_echo3.npz: 20000 symbols, x shape=(20000, 100), tau in [1, 33], f_d in [1.161e-08, 8.000e-05]
2026-09-28 20:32:44 | src.data.dataset_generator     | INFO   | saved data/raw/beb4a243/test_snr21_echo3.npz: 20000 symbols, x shape=(20000, 100), tau in [1, 33], f_d in [1.673e-09, 7.999e-05]
2026-09-28 20:32:44 | src.data.dataset_generator     | INFO   | split 'test': 14 files generated, 20000 symbols per combination (combos=14)
2026-09-28 20:32:44 | src.data.data_loader           | INFO   | split 'train': 105000 total samples, x shape=(105000, 100), tau in [1.00, 33.00], f_d in [2.503e-10, 8.000e-05]
2026-09-28 20:32:44 | src.data.data_loader           | INFO   | balancing verified: 7500 samples for each of the 14 (SNR, K) combinations
2026-09-28 20:33:01 | src.experiments.pipeline       | INFO   | Split 'train': 105000 samples
2026-09-28 20:33:01 | src.data.data_loader           | INFO   | split 'val': 70000 total samples, x shape=(70000, 100), tau in [1.00, 33.00], f_d in [9.319e-10, 8.000e-05]
2026-09-28 20:33:01 | src.data.data_loader           | INFO   | balancing verified: 5000 samples for each of the 14 (SNR, K) combinations
2026-09-28 20:33:12 | src.experiments.pipeline       | INFO   | Split 'val': 70000 samples
2026-09-28 20:33:13 | src.data.data_loader           | INFO   | dataset built: n=105000, batch_size=128, feature_mode=iq, shuffle=True, seed=42
2026-09-28 20:33:13 | src.data.data_loader           | INFO   | dataset built: n=70000, batch_size=128, feature_mode=iq, shuffle=False, seed=42
2026-09-28 20:33:13 | __main__                       | INFO   | Architecture: qkv
2026-09-28 20:33:13 | src.experiments.pipeline       | INFO   | build_model 'qkv': model seed applied = 15 (from model.seeds.qkv, dataset seed stays 42)
2026-09-28 20:33:13 | src.models.heads               | INFO   | communication_head built: input_dim=64, units=128, M=2, params=8578
2026-09-28 20:33:14 | src.models.heads               | INFO   | sensing_head built: input_dim=228, units=32, output_units=2, params=7394
2026-09-28 20:33:14 | src.models.ultra_can_qkv       | INFO   | model 'dual_head_ultra_can_qkv' built: comm=8578 params, sensing=7394 params, TOTAL=43204 params, lambda_mse=2
2026-09-28 20:33:14 | src.experiments.pipeline       | INFO   | Model 'dual_head_ultra_can_qkv' built: 43204 trainable parameters.
2026-09-28 20:33:14 | src.experiments.pipeline       | INFO   | Training for 30 epochs, lambda_mse=2.0000
2026-09-28 20:33:14 | src.training.trainer           | INFO   | Sensing component weights: delay=1.000, f_doppler=1.000
2026-09-28 20:33:14 | src.training.trainer           | INFO   | Trainer initialized: lambda_mse = 2.0
2026-09-28 20:33:15 | src.training.trainer           | INFO   | Model compiled: loss_weights = {'comm': 1.0, 'sensing': 2}, lr=0.001000, optimizer=adam, label_smoothing=0.1, lr_schedule=cosine, sensing_range_penalty=1.0, sensing_component_weights=[1.0, 1.0]
2026-09-28 20:33:15 | src.training.trainer           | INFO   | Callbacks configured: 5
2026-09-28 20:33:15 | src.training.trainer           | INFO   | Starting training: epochs=30, batch_size=128
2026-09-28 20:39:27 | src.training.trainer           | INFO   | History saved to /content/drive/MyDrive/DHUC_RUN/qkv_ber/full/ber_vs_snr/iod_peers/qkv/logs/history.csv
2026-09-28 20:39:27 | src.training.trainer           | INFO   | Metadata saved to /content/drive/MyDrive/DHUC_RUN/qkv_ber/full/ber_vs_snr/iod_peers/qkv/logs/run_metadata.json
2026-09-28 20:39:27 | src.training.trainer           | INFO   | Training completed in 30 epochs. Best val_loss = 0.368491, best loss = 0.359663
2026-09-28 20:39:28 | src.training.trainer           | INFO   | Best weights reloaded from /content/drive/MyDrive/DHUC_RUN/qkv_ber/full/ber_vs_snr/iod_peers/qkv/logs/best_weights.weights.h5 before evaluation/saving
2026-09-28 20:39:28 | src.evaluation.evaluator       | INFO   | ONLINE evaluation over 14 SNR points (batch=100000, max_symbols=2000000, floor BER=2.5e-07)
2026-09-28 20:39:46 | src.evaluation.evaluator       | WARNING | SNR=-5.0 dB: 148/200000 sensing elements outside [0,1] (min=-0.0360, max=1.8251) -> clamped
2026-09-28 20:40:03 | src.evaluation.evaluator       | WARNING | SNR=-3.0 dB: 112/200000 sensing elements outside [0,1] (min=0.0322, max=1.3998) -> clamped
2026-09-28 20:40:21 | src.evaluation.evaluator       | WARNING | SNR=-1.0 dB: 109/200000 sensing elements outside [0,1] (min=0.0295, max=1.5700) -> clamped
2026-09-28 20:40:39 | src.evaluation.evaluator       | WARNING | SNR=1.0 dB: 137/200000 sensing elements outside [0,1] (min=-0.1111, max=1.5561) -> clamped
2026-09-28 20:40:56 | src.evaluation.evaluator       | WARNING | SNR=3.0 dB: 198/200000 sensing elements outside [0,1] (min=0.0051, max=1.3990) -> clamped
2026-09-28 20:41:12 | src.evaluation.evaluator       | WARNING | SNR=5.0 dB: 309/200000 sensing elements outside [0,1] (min=-0.0581, max=1.4858) -> clamped
2026-09-28 20:41:30 | src.evaluation.evaluator       | WARNING | SNR=7.0 dB: 425/200000 sensing elements outside [0,1] (min=0.0036, max=1.5114) -> clamped
2026-09-28 20:42:05 | src.evaluation.evaluator       | WARNING | SNR=9.0 dB: 1131/400000 sensing elements outside [0,1] (min=-0.0357, max=1.6718) -> clamped
2026-09-28 20:42:39 | src.evaluation.evaluator       | WARNING | SNR=11.0 dB: 1445/400000 sensing elements outside [0,1] (min=-0.0570, max=1.6353) -> clamped
2026-09-28 20:43:31 | src.evaluation.evaluator       | WARNING | SNR=13.0 dB: 2437/600000 sensing elements outside [0,1] (min=-0.0943, max=1.6337) -> clamped
2026-09-28 20:44:23 | src.evaluation.evaluator       | WARNING | SNR=15.0 dB: 2809/600000 sensing elements outside [0,1] (min=-0.0744, max=1.5652) -> clamped
2026-09-28 20:45:15 | src.evaluation.evaluator       | WARNING | SNR=17.0 dB: 2944/600000 sensing elements outside [0,1] (min=-0.0640, max=1.4632) -> clamped
2026-09-28 20:46:07 | src.evaluation.evaluator       | WARNING | SNR=19.0 dB: 3190/600000 sensing elements outside [0,1] (min=-0.0590, max=1.5520) -> clamped
2026-09-28 20:46:59 | src.evaluation.evaluator       | WARNING | SNR=21.0 dB: 3192/600000 sensing elements outside [0,1] (min=-0.1133, max=1.5722) -> clamped
2026-09-28 20:46:59 | src.evaluation.evaluator       | INFO   | Online evaluation completed for 14 SNR points
2026-09-28 20:46:59 | src.experiments.pipeline       | INFO   | Metrics saved to /content/drive/MyDrive/DHUC_RUN/qkv_ber/full/ber_vs_snr/iod_peers/qkv/metrics.csv
2026-09-28 20:47:00 | src.evaluation.evaluator       | INFO   | BER plot saved to /content/drive/MyDrive/DHUC_RUN/qkv_ber/full/ber_vs_snr/iod_peers/qkv/plots/ber_vs_snr_dual_head_ultra_can_qkv.pdf
2026-09-28 20:47:00 | src.experiments.pipeline       | INFO   | BER vs SNR plot saved to /content/drive/MyDrive/DHUC_RUN/qkv_ber/full/ber_vs_snr/iod_peers/qkv/plots/ber_vs_snr_dual_head_ultra_can_qkv.pdf
2026-09-28 20:47:00 | src.experiments.pipeline       | INFO   | Model saved to /content/drive/MyDrive/DHUC_RUN/qkv_ber/full/ber_vs_snr/iod_peers/qkv/best_model.keras
2026-09-28 20:47:00 | src.utils.config_loader        | INFO   | config snapshot saved: /content/drive/MyDrive/DHUC_RUN/qkv_ber/full/ber_vs_snr/iod_peers/qkv/logs/config_used.yaml
2026-09-28 20:47:01 | __main__                       | INFO   | RSS [ber_vs_snr iod_peers/qkv] = 3.48 GB
2026-09-28 20:47:01 | src.evaluation.compare_baselines | INFO   | BER plot saved to /content/drive/MyDrive/DHUC_RUN/qkv_ber/full/ber_vs_snr/plots/ber_vs_snr_iod_peers.pdf
2026-09-28 20:47:01 | src.experiments.pipeline       | INFO   | Overlay saved to /content/drive/MyDrive/DHUC_RUN/qkv_ber/full/ber_vs_snr/plots/ber_vs_snr_iod_peers.pdf
2026-09-28 20:47:02 | __main__                       | INFO   | RSS [ber_vs_snr iod_peers scenario done] = 3.11 GB
2026-09-28 20:47:02 | __main__                       | INFO   | ber_vs_snr experiment completed.
2026-09-28 20:47:02 | __main__                       | INFO   | Experiment ber_vs_snr completed successfully.
2026-09-28 20:47:02 | __main__                       | INFO   | ================================================================================
2026-09-28 20:47:02 | __main__                       | INFO   | SUMMARY
2026-09-28 20:47:02 | __main__                       | INFO   | ================================================================================
2026-09-28 20:47:02 | __main__                       | INFO   | ber_vs_snr: OK
2026-09-28 20:47:02 | __main__                       | INFO   | All requested experiments finished. Output in: /content/drive/MyDrive/DHUC_RUN/qkv_ber
2026-09-28 20:47:13 | root                           | INFO   | Logging configured: file=/content/drive/MyDrive/DHUC_RUN/qkv_ber/full/logs/runner.log level=INFO
2026-09-28 20:47:13 | __main__                       | INFO   | Mode: full
2026-09-28 20:47:13 | __main__                       | INFO   | Run root: /content/drive/MyDrive/DHUC_RUN/qkv_ber/full
2026-09-28 20:47:13 | __main__                       | INFO   | Models: qkv
2026-09-28 20:47:13 | __main__                       | INFO   | No dataset regeneration: False
2026-09-28 20:47:13 | __main__                       | INFO   | ================================================================================
2026-09-28 20:47:13 | __main__                       | INFO   | EXPERIMENT frequency_agility
2026-09-28 20:47:13 | __main__                       | INFO   | ================================================================================
2026-09-28 20:47:13 | __main__                       | INFO   | experiment_name = frequency_agility_full
2026-09-28 20:47:13 | __main__                       | INFO   | seed = 42
2026-09-28 20:47:13 | __main__                       | INFO   | lambda_mse = 2
2026-09-28 20:47:13 | __main__                       | INFO   | sequence_length = 100
2026-09-28 20:47:13 | __main__                       | INFO   | map_type = logistic / map_param = 3.9
2026-09-28 20:47:13 | __main__                       | INFO   | backbone_type = qkv
2026-09-28 20:47:13 | __main__                       | INFO   | epochs = 5
2026-09-28 20:47:13 | src.utils.config_loader        | INFO   | config snapshot saved: /content/drive/MyDrive/DHUC_RUN/qkv_ber/full/frequency_agility/logs/config_used.yaml
2026-09-28 20:47:13 | __main__                       | INFO   | ============================================================
2026-09-28 20:47:13 | __main__                       | INFO   | frequency_agility experiment (models=['qkv'])
2026-09-28 20:47:13 | __main__                       | INFO   | ============================================================
2026-09-28 20:47:13 | __main__                       | INFO   | frequency_agility qkv: model loaded from /content/drive/MyDrive/DHUC_RUN/qkv_ber/full/ber_vs_snr/k3_doppler_full/qkv/best_model.keras
2026-09-28 20:47:15 | src.experiments.frequency_agility | INFO   | [frequency_agility qkv] channels=8 dwell=1 slot=10.0 us hop_rate=100000 Hz bursts=20000 realizations=5 snr=21.0 dB K=3
2026-09-28 20:47:15 | src.experiments.frequency_agility | INFO   | [frequency_agility qkv] controlled comparison: fh_off and fh_on share the same per-slot channel process and the same transmission; only the hop sequence and the jammer coverage differ
2026-09-28 20:47:23 | src.experiments.frequency_agility | INFO   | [frequency_agility qkv] fh_off barrage       cw            JSR= -10.0 dB r=0 jammed=1.000 BER=0.2167 (3 s)
2026-09-28 20:47:25 | src.experiments.frequency_agility | INFO   | [frequency_agility qkv] fh_off barrage       cw            JSR=  -6.0 dB r=0 jammed=1.000 BER=0.3308 (2 s)
2026-09-28 20:47:27 | src.experiments.frequency_agility | INFO   | [frequency_agility qkv] fh_off barrage       cw            JSR=  -2.0 dB r=0 jammed=1.000 BER=0.4852 (2 s)
2026-09-28 20:47:29 | src.experiments.frequency_agility | INFO   | [frequency_agility qkv] fh_off barrage       cw            JSR=   2.0 dB r=0 jammed=1.000 BER=0.5031 (2 s)
2026-09-28 20:47:31 | src.experiments.frequency_agility | INFO   | [frequency_agility qkv] fh_off barrage       cw            JSR=   6.0 dB r=0 jammed=1.000 BER=0.5031 (2 s)
2026-09-28 20:47:32 | src.experiments.frequency_agility | INFO   | [frequency_agility qkv] fh_off barrage       cw            JSR=  10.0 dB r=0 jammed=1.000 BER=0.5031 (2 s)
2026-09-28 20:47:34 | src.experiments.frequency_agility | INFO   | [frequency_agility qkv] fh_off barrage       partial_band  JSR= -10.0 dB r=0 jammed=1.000 BER=0.1768 (2 s)
2026-09-28 20:47:37 | src.experiments.frequency_agility | INFO   | [frequency_agility qkv] fh_off barrage       partial_band  JSR=  -6.0 dB r=0 jammed=1.000 BER=0.2171 (2 s)
2026-09-28 20:47:39 | src.experiments.frequency_agility | INFO   | [frequency_agility qkv] fh_off barrage       partial_band  JSR=  -2.0 dB r=0 jammed=1.000 BER=0.3224 (2 s)
2026-09-28 20:47:41 | src.experiments.frequency_agility | INFO   | [frequency_agility qkv] fh_off barrage       partial_band  JSR=   2.0 dB r=0 jammed=1.000 BER=0.4635 (2 s)
2026-09-28 20:47:43 | src.experiments.frequency_agility | INFO   | [frequency_agility qkv] fh_off barrage       partial_band  JSR=   6.0 dB r=0 jammed=1.000 BER=0.5000 (2 s)
2026-09-28 20:47:45 | src.experiments.frequency_agility | INFO   | [frequency_agility qkv] fh_off barrage       partial_band  JSR=  10.0 dB r=0 jammed=1.000 BER=0.5024 (2 s)
2026-09-28 20:47:50 | src.experiments.frequency_agility | INFO   | [frequency_agility qkv] fh_off barrage       cw            JSR= -10.0 dB r=1 jammed=1.000 BER=0.1933 (2 s)
2026-09-28 20:47:52 | src.experiments.frequency_agility | INFO   | [frequency_agility qkv] fh_off barrage       cw            JSR=  -6.0 dB r=1 jammed=1.000 BER=0.2766 (3 s)
2026-09-28 20:47:54 | src.experiments.frequency_agility | INFO   | [frequency_agility qkv] fh_off barrage       cw            JSR=  -2.0 dB r=1 jammed=1.000 BER=0.4430 (2 s)
2026-09-28 20:47:56 | src.experiments.frequency_agility | INFO   | [frequency_agility qkv] fh_off barrage       cw            JSR=   2.0 dB r=1 jammed=1.000 BER=0.4985 (2 s)
2026-09-28 20:47:58 | src.experiments.frequency_agility | INFO   | [frequency_agility qkv] fh_off barrage       cw            JSR=   6.0 dB r=1 jammed=1.000 BER=0.4996 (2 s)
2026-09-28 20:48:00 | src.experiments.frequency_agility | INFO   | [frequency_agility qkv] fh_off barrage       cw            JSR=  10.0 dB r=1 jammed=1.000 BER=0.4996 (2 s)
2026-09-28 20:48:01 | src.experiments.frequency_agility | INFO   | [frequency_agility qkv] fh_off barrage       partial_band  JSR= -10.0 dB r=1 jammed=1.000 BER=0.1277 (2 s)
2026-09-28 20:48:04 | src.experiments.frequency_agility | INFO   | [frequency_agility qkv] fh_off barrage       partial_band  JSR=  -6.0 dB r=1 jammed=1.000 BER=0.1037 (2 s)
2026-09-28 20:48:06 | src.experiments.frequency_agility | INFO   | [frequency_agility qkv] fh_off barrage       partial_band  JSR=  -2.0 dB r=1 jammed=1.000 BER=0.1613 (2 s)
2026-09-28 20:48:08 | src.experiments.frequency_agility | INFO   | [frequency_agility qkv] fh_off barrage       partial_band  JSR=   2.0 dB r=1 jammed=1.000 BER=0.4165 (2 s)
2026-09-28 20:48:10 | src.experiments.frequency_agility | INFO   | [frequency_agility qkv] fh_off barrage       partial_band  JSR=   6.0 dB r=1 jammed=1.000 BER=0.4997 (2 s)
2026-09-28 20:48:12 | src.experiments.frequency_agility | INFO   | [frequency_agility qkv] fh_off barrage       partial_band  JSR=  10.0 dB r=1 jammed=1.000 BER=0.5004 (2 s)
2026-09-28 20:48:17 | src.experiments.frequency_agility | INFO   | [frequency_agility qkv] fh_off barrage       cw            JSR= -10.0 dB r=2 jammed=1.000 BER=0.1576 (2 s)
2026-09-28 20:48:19 | src.experiments.frequency_agility | INFO   | [frequency_agility qkv] fh_off barrage       cw            JSR=  -6.0 dB r=2 jammed=1.000 BER=0.1618 (3 s)
2026-09-28 20:48:22 | src.experiments.frequency_agility | INFO   | [frequency_agility qkv] fh_off barrage       cw            JSR=  -2.0 dB r=2 jammed=1.000 BER=0.1706 (2 s)
2026-09-28 20:48:23 | src.experiments.frequency_agility | INFO   | [frequency_agility qkv] fh_off barrage       cw            JSR=   2.0 dB r=2 jammed=1.000 BER=0.1804 (2 s)
2026-09-28 20:48:25 | src.experiments.frequency_agility | INFO   | [frequency_agility qkv] fh_off barrage       cw            JSR=   6.0 dB r=2 jammed=1.000 BER=0.1505 (2 s)
2026-09-28 20:48:27 | src.experiments.frequency_agility | INFO   | [frequency_agility qkv] fh_off barrage       cw            JSR=  10.0 dB r=2 jammed=1.000 BER=0.1346 (2 s)
2026-09-28 20:48:29 | src.experiments.frequency_agility | INFO   | [frequency_agility qkv] fh_off barrage       partial_band  JSR= -10.0 dB r=2 jammed=1.000 BER=0.1213 (2 s)
2026-09-28 20:48:31 | src.experiments.frequency_agility | INFO   | [frequency_agility qkv] fh_off barrage       partial_band  JSR=  -6.0 dB r=2 jammed=1.000 BER=0.1060 (2 s)
2026-09-28 20:48:34 | src.experiments.frequency_agility | INFO   | [frequency_agility qkv] fh_off barrage       partial_band  JSR=  -2.0 dB r=2 jammed=1.000 BER=0.2604 (2 s)
2026-09-28 20:48:36 | src.experiments.frequency_agility | INFO   | [frequency_agility qkv] fh_off barrage       partial_band  JSR=   2.0 dB r=2 jammed=1.000 BER=0.4753 (2 s)
2026-09-28 20:48:38 | src.experiments.frequency_agility | INFO   | [frequency_agility qkv] fh_off barrage       partial_band  JSR=   6.0 dB r=2 jammed=1.000 BER=0.4971 (2 s)
2026-09-28 20:48:40 | src.experiments.frequency_agility | INFO   | [frequency_agility qkv] fh_off barrage       partial_band  JSR=  10.0 dB r=2 jammed=1.000 BER=0.4973 (2 s)
2026-09-28 20:48:45 | src.experiments.frequency_agility | INFO   | [frequency_agility qkv] fh_off barrage       cw            JSR= -10.0 dB r=3 jammed=1.000 BER=0.1141 (2 s)
2026-09-28 20:48:47 | src.experiments.frequency_agility | INFO   | [frequency_agility qkv] fh_off barrage       cw            JSR=  -6.0 dB r=3 jammed=1.000 BER=0.1047 (2 s)
2026-09-28 20:48:50 | src.experiments.frequency_agility | INFO   | [frequency_agility qkv] fh_off barrage       cw            JSR=  -2.0 dB r=3 jammed=1.000 BER=0.3202 (2 s)
2026-09-28 20:48:52 | src.experiments.frequency_agility | INFO   | [frequency_agility qkv] fh_off barrage       cw            JSR=   2.0 dB r=3 jammed=1.000 BER=0.4961 (2 s)
2026-09-28 20:48:53 | src.experiments.frequency_agility | INFO   | [frequency_agility qkv] fh_off barrage       cw            JSR=   6.0 dB r=3 jammed=1.000 BER=0.4997 (2 s)
2026-09-28 20:48:55 | src.experiments.frequency_agility | INFO   | [frequency_agility qkv] fh_off barrage       cw            JSR=  10.0 dB r=3 jammed=1.000 BER=0.4997 (2 s)
2026-09-28 20:48:57 | src.experiments.frequency_agility | INFO   | [frequency_agility qkv] fh_off barrage       partial_band  JSR= -10.0 dB r=3 jammed=1.000 BER=0.1250 (2 s)
2026-09-28 20:49:00 | src.experiments.frequency_agility | INFO   | [frequency_agility qkv] fh_off barrage       partial_band  JSR=  -6.0 dB r=3 jammed=1.000 BER=0.1018 (2 s)
2026-09-28 20:49:02 | src.experiments.frequency_agility | INFO   | [frequency_agility qkv] fh_off barrage       partial_band  JSR=  -2.0 dB r=3 jammed=1.000 BER=0.1598 (3 s)
2026-09-28 20:49:05 | src.experiments.frequency_agility | INFO   | [frequency_agility qkv] fh_off barrage       partial_band  JSR=   2.0 dB r=3 jammed=1.000 BER=0.4219 (2 s)
2026-09-28 20:49:06 | src.experiments.frequency_agility | INFO   | [frequency_agility qkv] fh_off barrage       partial_band  JSR=   6.0 dB r=3 jammed=1.000 BER=0.4989 (2 s)
2026-09-28 20:49:08 | src.experiments.frequency_agility | INFO   | [frequency_agility qkv] fh_off barrage       partial_band  JSR=  10.0 dB r=3 jammed=1.000 BER=0.4997 (2 s)
2026-09-28 20:49:14 | src.experiments.frequency_agility | INFO   | [frequency_agility qkv] fh_off barrage       cw            JSR= -10.0 dB r=4 jammed=1.000 BER=0.1194 (2 s)
2026-09-28 20:49:16 | src.experiments.frequency_agility | INFO   | [frequency_agility qkv] fh_off barrage       cw            JSR=  -6.0 dB r=4 jammed=1.000 BER=0.1130 (3 s)
2026-09-28 20:49:18 | src.experiments.frequency_agility | INFO   | [frequency_agility qkv] fh_off barrage       cw            JSR=  -2.0 dB r=4 jammed=1.000 BER=0.3297 (2 s)
2026-09-28 20:49:20 | src.experiments.frequency_agility | INFO   | [frequency_agility qkv] fh_off barrage       cw            JSR=   2.0 dB r=4 jammed=1.000 BER=0.4909 (2 s)
2026-09-28 20:49:22 | src.experiments.frequency_agility | INFO   | [frequency_agility qkv] fh_off barrage       cw            JSR=   6.0 dB r=4 jammed=1.000 BER=0.4959 (2 s)
2026-09-28 20:49:24 | src.experiments.frequency_agility | INFO   | [frequency_agility qkv] fh_off barrage       cw            JSR=  10.0 dB r=4 jammed=1.000 BER=0.4959 (2 s)
2026-09-28 20:49:26 | src.experiments.frequency_agility | INFO   | [frequency_agility qkv] fh_off barrage       partial_band  JSR= -10.0 dB r=4 jammed=1.000 BER=0.1700 (2 s)
2026-09-28 20:49:28 | src.experiments.frequency_agility | INFO   | [frequency_agility qkv] fh_off barrage       partial_band  JSR=  -6.0 dB r=4 jammed=1.000 BER=0.2031 (2 s)
2026-09-28 20:49:31 | src.experiments.frequency_agility | INFO   | [frequency_agility qkv] fh_off barrage       partial_band  JSR=  -2.0 dB r=4 jammed=1.000 BER=0.2975 (3 s)
2026-09-28 20:49:33 | src.experiments.frequency_agility | INFO   | [frequency_agility qkv] fh_off barrage       partial_band  JSR=   2.0 dB r=4 jammed=1.000 BER=0.4470 (2 s)
2026-09-28 20:49:35 | src.experiments.frequency_agility | INFO   | [frequency_agility qkv] fh_off barrage       partial_band  JSR=   6.0 dB r=4 jammed=1.000 BER=0.4987 (2 s)
2026-09-28 20:49:37 | src.experiments.frequency_agility | INFO   | [frequency_agility qkv] fh_off barrage       partial_band  JSR=  10.0 dB r=4 jammed=1.000 BER=0.5028 (2 s)
2026-09-28 20:49:42 | src.experiments.frequency_agility | INFO   | [frequency_agility qkv] fh_off fixed_partial cw            JSR= -10.0 dB r=0 jammed=1.000 BER=0.2172 (2 s)
2026-09-28 20:49:45 | src.experiments.frequency_agility | INFO   | [frequency_agility qkv] fh_off fixed_partial cw            JSR=  -6.0 dB r=0 jammed=1.000 BER=0.3342 (3 s)
2026-09-28 20:49:47 | src.experiments.frequency_agility | INFO   | [frequency_agility qkv] fh_off fixed_partial cw            JSR=  -2.0 dB r=0 jammed=1.000 BER=0.4840 (2 s)
2026-09-28 20:49:49 | src.experiments.frequency_agility | INFO   | [frequency_agility qkv] fh_off fixed_partial cw            JSR=   2.0 dB r=0 jammed=1.000 BER=0.5036 (2 s)
2026-09-28 20:49:51 | src.experiments.frequency_agility | INFO   | [frequency_agility qkv] fh_off fixed_partial cw            JSR=   6.0 dB r=0 jammed=1.000 BER=0.5036 (2 s)
2026-09-28 20:49:53 | src.experiments.frequency_agility | INFO   | [frequency_agility qkv] fh_off fixed_partial cw            JSR=  10.0 dB r=0 jammed=1.000 BER=0.5036 (2 s)
2026-09-28 20:49:55 | src.experiments.frequency_agility | INFO   | [frequency_agility qkv] fh_off fixed_partial partial_band  JSR= -10.0 dB r=0 jammed=1.000 BER=0.1768 (2 s)
2026-09-28 20:49:57 | src.experiments.frequency_agility | INFO   | [frequency_agility qkv] fh_off fixed_partial partial_band  JSR=  -6.0 dB r=0 jammed=1.000 BER=0.2198 (2 s)
2026-09-28 20:50:00 | src.experiments.frequency_agility | INFO   | [frequency_agility qkv] fh_off fixed_partial partial_band  JSR=  -2.0 dB r=0 jammed=1.000 BER=0.3251 (3 s)
2026-09-28 20:50:02 | src.experiments.frequency_agility | INFO   | [frequency_agility qkv] fh_off fixed_partial partial_band  JSR=   2.0 dB r=0 jammed=1.000 BER=0.4652 (2 s)
2026-09-28 20:50:03 | src.experiments.frequency_agility | INFO   | [frequency_agility qkv] fh_off fixed_partial partial_band  JSR=   6.0 dB r=0 jammed=1.000 BER=0.5006 (2 s)
2026-09-28 20:50:05 | src.experiments.frequency_agility | INFO   | [frequency_agility qkv] fh_off fixed_partial partial_band  JSR=  10.0 dB r=0 jammed=1.000 BER=0.5024 (2 s)
2026-09-28 20:50:11 | src.experiments.frequency_agility | INFO   | [frequency_agility qkv] fh_off fixed_partial cw            JSR= -10.0 dB r=1 jammed=1.000 BER=0.1990 (2 s)
2026-09-28 20:50:13 | src.experiments.frequency_agility | INFO   | [frequency_agility qkv] fh_off fixed_partial cw            JSR=  -6.0 dB r=1 jammed=1.000 BER=0.2838 (3 s)
2026-09-28 20:50:15 | src.experiments.frequency_agility | INFO   | [frequency_agility qkv] fh_off fixed_partial cw            JSR=  -2.0 dB r=1 jammed=1.000 BER=0.4492 (2 s)
2026-09-28 20:50:17 | src.experiments.frequency_agility | INFO   | [frequency_agility qkv] fh_off fixed_partial cw            JSR=   2.0 dB r=1 jammed=1.000 BER=0.5035 (2 s)
2026-09-28 20:50:19 | src.experiments.frequency_agility | INFO   | [frequency_agility qkv] fh_off fixed_partial cw            JSR=   6.0 dB r=1 jammed=1.000 BER=0.5038 (2 s)
2026-09-28 20:50:21 | src.experiments.frequency_agility | INFO   | [frequency_agility qkv] fh_off fixed_partial cw            JSR=  10.0 dB r=1 jammed=1.000 BER=0.5038 (2 s)
2026-09-28 20:50:23 | src.experiments.frequency_agility | INFO   | [frequency_agility qkv] fh_off fixed_partial partial_band  JSR= -10.0 dB r=1 jammed=1.000 BER=0.1308 (2 s)
2026-09-28 20:50:25 | src.experiments.frequency_agility | INFO   | [frequency_agility qkv] fh_off fixed_partial partial_band  JSR=  -6.0 dB r=1 jammed=1.000 BER=0.1085 (2 s)
2026-09-28 20:50:28 | src.experiments.frequency_agility | INFO   | [frequency_agility qkv] fh_off fixed_partial partial_band  JSR=  -2.0 dB r=1 jammed=1.000 BER=0.1588 (2 s)
2026-09-28 20:50:30 | src.experiments.frequency_agility | INFO   | [frequency_agility qkv] fh_off fixed_partial partial_band  JSR=   2.0 dB r=1 jammed=1.000 BER=0.4142 (2 s)
2026-09-28 20:50:32 | src.experiments.frequency_agility | INFO   | [frequency_agility qkv] fh_off fixed_partial partial_band  JSR=   6.0 dB r=1 jammed=1.000 BER=0.4953 (2 s)
2026-09-28 20:50:33 | src.experiments.frequency_agility | INFO   | [frequency_agility qkv] fh_off fixed_partial partial_band  JSR=  10.0 dB r=1 jammed=1.000 BER=0.4963 (2 s)
2026-09-28 20:50:39 | src.experiments.frequency_agility | INFO   | [frequency_agility qkv] fh_off fixed_partial cw            JSR= -10.0 dB r=2 jammed=1.000 BER=0.1589 (2 s)
2026-09-28 20:50:42 | src.experiments.frequency_agility | INFO   | [frequency_agility qkv] fh_off fixed_partial cw            JSR=  -6.0 dB r=2 jammed=1.000 BER=0.1643 (3 s)
2026-09-28 20:50:44 | src.experiments.frequency_agility | INFO   | [frequency_agility qkv] fh_off fixed_partial cw            JSR=  -2.0 dB r=2 jammed=1.000 BER=0.1739 (2 s)
2026-09-28 20:50:46 | src.experiments.frequency_agility | INFO   | [frequency_agility qkv] fh_off fixed_partial cw            JSR=   2.0 dB r=2 jammed=1.000 BER=0.1848 (2 s)
2026-09-28 20:50:48 | src.experiments.frequency_agility | INFO   | [frequency_agility qkv] fh_off fixed_partial cw            JSR=   6.0 dB r=2 jammed=1.000 BER=0.1542 (2 s)
2026-09-28 20:50:50 | src.experiments.frequency_agility | INFO   | [frequency_agility qkv] fh_off fixed_partial cw            JSR=  10.0 dB r=2 jammed=1.000 BER=0.1329 (2 s)
2026-09-28 20:50:52 | src.experiments.frequency_agility | INFO   | [frequency_agility qkv] fh_off fixed_partial partial_band  JSR= -10.0 dB r=2 jammed=1.000 BER=0.1230 (2 s)
2026-09-28 20:50:55 | src.experiments.frequency_agility | INFO   | [frequency_agility qkv] fh_off fixed_partial partial_band  JSR=  -6.0 dB r=2 jammed=1.000 BER=0.1124 (3 s)
2026-09-28 20:50:57 | src.experiments.frequency_agility | INFO   | [frequency_agility qkv] fh_off fixed_partial partial_band  JSR=  -2.0 dB r=2 jammed=1.000 BER=0.2633 (2 s)
2026-09-28 20:50:59 | src.experiments.frequency_agility | INFO   | [frequency_agility qkv] fh_off fixed_partial partial_band  JSR=   2.0 dB r=2 jammed=1.000 BER=0.4843 (2 s)
2026-09-28 20:51:01 | src.experiments.frequency_agility | INFO   | [frequency_agility qkv] fh_off fixed_partial partial_band  JSR=   6.0 dB r=2 jammed=1.000 BER=0.5048 (2 s)
2026-09-28 20:51:03 | src.experiments.frequency_agility | INFO   | [frequency_agility qkv] fh_off fixed_partial partial_band  JSR=  10.0 dB r=2 jammed=1.000 BER=0.5049 (2 s)
2026-09-28 20:51:09 | src.experiments.frequency_agility | INFO   | [frequency_agility qkv] fh_off fixed_partial cw            JSR= -10.0 dB r=3 jammed=1.000 BER=0.1301 (3 s)
2026-09-28 20:51:11 | src.experiments.frequency_agility | INFO   | [frequency_agility qkv] fh_off fixed_partial cw            JSR=  -6.0 dB r=3 jammed=1.000 BER=0.1192 (2 s)
2026-09-28 20:51:13 | src.experiments.frequency_agility | INFO   | [frequency_agility qkv] fh_off fixed_partial cw            JSR=  -2.0 dB r=3 jammed=1.000 BER=0.3165 (2 s)
2026-09-28 20:51:15 | src.experiments.frequency_agility | INFO   | [frequency_agility qkv] fh_off fixed_partial cw            JSR=   2.0 dB r=3 jammed=1.000 BER=0.4909 (2 s)
2026-09-28 20:51:17 | src.experiments.frequency_agility | INFO   | [frequency_agility qkv] fh_off fixed_partial cw            JSR=   6.0 dB r=3 jammed=1.000 BER=0.4958 (2 s)
2026-09-28 20:51:19 | src.experiments.frequency_agility | INFO   | [frequency_agility qkv] fh_off fixed_partial cw            JSR=  10.0 dB r=3 jammed=1.000 BER=0.4958 (2 s)
2026-09-28 20:51:21 | src.experiments.frequency_agility | INFO   | [frequency_agility qkv] fh_off fixed_partial partial_band  JSR= -10.0 dB r=3 jammed=1.000 BER=0.1411 (2 s)
2026-09-28 20:51:24 | src.experiments.frequency_agility | INFO   | [frequency_agility qkv] fh_off fixed_partial partial_band  JSR=  -6.0 dB r=3 jammed=1.000 BER=0.1155 (3 s)
2026-09-28 20:51:26 | src.experiments.frequency_agility | INFO   | [frequency_agility qkv] fh_off fixed_partial partial_band  JSR=  -2.0 dB r=3 jammed=1.000 BER=0.1701 (2 s)
2026-09-28 20:51:27 | src.experiments.frequency_agility | INFO   | [frequency_agility qkv] fh_off fixed_partial partial_band  JSR=   2.0 dB r=3 jammed=1.000 BER=0.4151 (2 s)
2026-09-28 20:51:29 | src.experiments.frequency_agility | INFO   | [frequency_agility qkv] fh_off fixed_partial partial_band  JSR=   6.0 dB r=3 jammed=1.000 BER=0.4943 (2 s)
2026-09-28 20:51:31 | src.experiments.frequency_agility | INFO   | [frequency_agility qkv] fh_off fixed_partial partial_band  JSR=  10.0 dB r=3 jammed=1.000 BER=0.4958 (2 s)
2026-09-28 20:51:37 | src.experiments.frequency_agility | INFO   | [frequency_agility qkv] fh_off fixed_partial cw            JSR= -10.0 dB r=4 jammed=1.000 BER=0.1214 (2 s)
2026-09-28 20:51:39 | src.experiments.frequency_agility | INFO   | [frequency_agility qkv] fh_off fixed_partial cw            JSR=  -6.0 dB r=4 jammed=1.000 BER=0.1143 (2 s)
2026-09-28 20:51:41 | src.experiments.frequency_agility | INFO   | [frequency_agility qkv] fh_off fixed_partial cw            JSR=  -2.0 dB r=4 jammed=1.000 BER=0.3190 (2 s)
2026-09-28 20:51:43 | src.experiments.frequency_agility | INFO   | [frequency_agility qkv] fh_off fixed_partial cw            JSR=   2.0 dB r=4 jammed=1.000 BER=0.4944 (2 s)
2026-09-28 20:51:44 | src.experiments.frequency_agility | INFO   | [frequency_agility qkv] fh_off fixed_partial cw            JSR=   6.0 dB r=4 jammed=1.000 BER=0.4988 (2 s)
2026-09-28 20:51:46 | src.experiments.frequency_agility | INFO   | [frequency_agility qkv] fh_off fixed_partial cw            JSR=  10.0 dB r=4 jammed=1.000 BER=0.4988 (2 s)
2026-09-28 20:51:49 | src.experiments.frequency_agility | INFO   | [frequency_agility qkv] fh_off fixed_partial partial_band  JSR= -10.0 dB r=4 jammed=1.000 BER=0.1721 (2 s)
2026-09-28 20:51:51 | src.experiments.frequency_agility | INFO   | [frequency_agility qkv] fh_off fixed_partial partial_band  JSR=  -6.0 dB r=4 jammed=1.000 BER=0.2067 (3 s)
2026-09-28 20:51:53 | src.experiments.frequency_agility | INFO   | [frequency_agility qkv] fh_off fixed_partial partial_band  JSR=  -2.0 dB r=4 jammed=1.000 BER=0.3041 (2 s)
2026-09-28 20:51:55 | src.experiments.frequency_agility | INFO   | [frequency_agility qkv] fh_off fixed_partial partial_band  JSR=   2.0 dB r=4 jammed=1.000 BER=0.4482 (2 s)
2026-09-28 20:51:57 | src.experiments.frequency_agility | INFO   | [frequency_agility qkv] fh_off fixed_partial partial_band  JSR=   6.0 dB r=4 jammed=1.000 BER=0.4950 (2 s)
2026-09-28 20:51:59 | src.experiments.frequency_agility | INFO   | [frequency_agility qkv] fh_off fixed_partial partial_band  JSR=  10.0 dB r=4 jammed=1.000 BER=0.4994 (2 s)
2026-09-28 20:52:05 | src.experiments.frequency_agility | INFO   | [frequency_agility qkv] fh_off sweep         cw            JSR= -10.0 dB r=0 jammed=1.000 BER=0.2149 (3 s)
2026-09-28 20:52:07 | src.experiments.frequency_agility | INFO   | [frequency_agility qkv] fh_off sweep         cw            JSR=  -6.0 dB r=0 jammed=1.000 BER=0.3312 (2 s)
2026-09-28 20:52:09 | src.experiments.frequency_agility | INFO   | [frequency_agility qkv] fh_off sweep         cw            JSR=  -2.0 dB r=0 jammed=1.000 BER=0.4835 (2 s)
2026-09-28 20:52:11 | src.experiments.frequency_agility | INFO   | [frequency_agility qkv] fh_off sweep         cw            JSR=   2.0 dB r=0 jammed=1.000 BER=0.5017 (2 s)
2026-09-28 20:52:13 | src.experiments.frequency_agility | INFO   | [frequency_agility qkv] fh_off sweep         cw            JSR=   6.0 dB r=0 jammed=1.000 BER=0.5017 (2 s)
2026-09-28 20:52:15 | src.experiments.frequency_agility | INFO   | [frequency_agility qkv] fh_off sweep         cw            JSR=  10.0 dB r=0 jammed=1.000 BER=0.5017 (2 s)
2026-09-28 20:52:17 | src.experiments.frequency_agility | INFO   | [frequency_agility qkv] fh_off sweep         partial_band  JSR= -10.0 dB r=0 jammed=1.000 BER=0.1772 (2 s)
2026-09-28 20:52:20 | src.experiments.frequency_agility | INFO   | [frequency_agility qkv] fh_off sweep         partial_band  JSR=  -6.0 dB r=0 jammed=1.000 BER=0.2157 (3 s)
2026-09-28 20:52:22 | src.experiments.frequency_agility | INFO   | [frequency_agility qkv] fh_off sweep         partial_band  JSR=  -2.0 dB r=0 jammed=1.000 BER=0.3251 (2 s)
2026-09-28 20:52:24 | src.experiments.frequency_agility | INFO   | [frequency_agility qkv] fh_off sweep         partial_band  JSR=   2.0 dB r=0 jammed=1.000 BER=0.4659 (2 s)
2026-09-28 20:52:26 | src.experiments.frequency_agility | INFO   | [frequency_agility qkv] fh_off sweep         partial_band  JSR=   6.0 dB r=0 jammed=1.000 BER=0.4982 (2 s)
2026-09-28 20:52:27 | src.experiments.frequency_agility | INFO   | [frequency_agility qkv] fh_off sweep         partial_band  JSR=  10.0 dB r=0 jammed=1.000 BER=0.5005 (2 s)
2026-09-28 20:52:33 | src.experiments.frequency_agility | INFO   | [frequency_agility qkv] fh_off sweep         cw            JSR= -10.0 dB r=1 jammed=1.000 BER=0.2046 (3 s)
2026-09-28 20:52:36 | src.experiments.frequency_agility | INFO   | [frequency_agility qkv] fh_off sweep         cw            JSR=  -6.0 dB r=1 jammed=1.000 BER=0.2918 (2 s)
2026-09-28 20:52:38 | src.experiments.frequency_agility | INFO   | [frequency_agility qkv] fh_off sweep         cw            JSR=  -2.0 dB r=1 jammed=1.000 BER=0.4535 (2 s)
2026-09-28 20:52:39 | src.experiments.frequency_agility | INFO   | [frequency_agility qkv] fh_off sweep         cw            JSR=   2.0 dB r=1 jammed=1.000 BER=0.5074 (2 s)
2026-09-28 20:52:41 | src.experiments.frequency_agility | INFO   | [frequency_agility qkv] fh_off sweep         cw            JSR=   6.0 dB r=1 jammed=1.000 BER=0.5075 (2 s)
2026-09-28 20:52:43 | src.experiments.frequency_agility | INFO   | [frequency_agility qkv] fh_off sweep         cw            JSR=  10.0 dB r=1 jammed=1.000 BER=0.5075 (2 s)
2026-09-28 20:52:46 | src.experiments.frequency_agility | INFO   | [frequency_agility qkv] fh_off sweep         partial_band  JSR= -10.0 dB r=1 jammed=1.000 BER=0.1383 (2 s)
2026-09-28 20:52:48 | src.experiments.frequency_agility | INFO   | [frequency_agility qkv] fh_off sweep         partial_band  JSR=  -6.0 dB r=1 jammed=1.000 BER=0.1119 (3 s)
2026-09-28 20:52:50 | src.experiments.frequency_agility | INFO   | [frequency_agility qkv] fh_off sweep         partial_band  JSR=  -2.0 dB r=1 jammed=1.000 BER=0.1573 (2 s)
2026-09-28 20:52:52 | src.experiments.frequency_agility | INFO   | [frequency_agility qkv] fh_off sweep         partial_band  JSR=   2.0 dB r=1 jammed=1.000 BER=0.4103 (2 s)
2026-09-28 20:52:54 | src.experiments.frequency_agility | INFO   | [frequency_agility qkv] fh_off sweep         partial_band  JSR=   6.0 dB r=1 jammed=1.000 BER=0.4914 (2 s)
2026-09-28 20:52:56 | src.experiments.frequency_agility | INFO   | [frequency_agility qkv] fh_off sweep         partial_band  JSR=  10.0 dB r=1 jammed=1.000 BER=0.4925 (2 s)
2026-09-28 20:53:01 | src.experiments.frequency_agility | INFO   | [frequency_agility qkv] fh_off sweep         cw            JSR= -10.0 dB r=2 jammed=1.000 BER=0.1637 (3 s)
2026-09-28 20:53:03 | src.experiments.frequency_agility | INFO   | [frequency_agility qkv] fh_off sweep         cw            JSR=  -6.0 dB r=2 jammed=1.000 BER=0.1685 (2 s)
2026-09-28 20:53:05 | src.experiments.frequency_agility | INFO   | [frequency_agility qkv] fh_off sweep         cw            JSR=  -2.0 dB r=2 jammed=1.000 BER=0.1776 (2 s)
2026-09-28 20:53:07 | src.experiments.frequency_agility | INFO   | [frequency_agility qkv] fh_off sweep         cw            JSR=   2.0 dB r=2 jammed=1.000 BER=0.1886 (2 s)
2026-09-28 20:53:09 | src.experiments.frequency_agility | INFO   | [frequency_agility qkv] fh_off sweep         cw            JSR=   6.0 dB r=2 jammed=1.000 BER=0.1605 (2 s)
2026-09-28 20:53:11 | src.experiments.frequency_agility | INFO   | [frequency_agility qkv] fh_off sweep         cw            JSR=  10.0 dB r=2 jammed=1.000 BER=0.1434 (2 s)
2026-09-28 20:53:13 | src.experiments.frequency_agility | INFO   | [frequency_agility qkv] fh_off sweep         partial_band  JSR= -10.0 dB r=2 jammed=1.000 BER=0.1253 (2 s)
2026-09-28 20:53:16 | src.experiments.frequency_agility | INFO   | [frequency_agility qkv] fh_off sweep         partial_band  JSR=  -6.0 dB r=2 jammed=1.000 BER=0.1157 (3 s)
2026-09-28 20:53:18 | src.experiments.frequency_agility | INFO   | [frequency_agility qkv] fh_off sweep         partial_band  JSR=  -2.0 dB r=2 jammed=1.000 BER=0.2599 (2 s)
2026-09-28 20:53:20 | src.experiments.frequency_agility | INFO   | [frequency_agility qkv] fh_off sweep         partial_band  JSR=   2.0 dB r=2 jammed=1.000 BER=0.4766 (2 s)
2026-09-28 20:53:21 | src.experiments.frequency_agility | INFO   | [frequency_agility qkv] fh_off sweep         partial_band  JSR=   6.0 dB r=2 jammed=1.000 BER=0.5000 (2 s)
2026-09-28 20:53:23 | src.experiments.frequency_agility | INFO   | [frequency_agility qkv] fh_off sweep         partial_band  JSR=  10.0 dB r=2 jammed=1.000 BER=0.5000 (2 s)
2026-09-28 20:53:29 | src.experiments.frequency_agility | INFO   | [frequency_agility qkv] fh_off sweep         cw            JSR= -10.0 dB r=3 jammed=1.000 BER=0.1178 (3 s)
2026-09-28 20:53:31 | src.experiments.frequency_agility | INFO   | [frequency_agility qkv] fh_off sweep         cw            JSR=  -6.0 dB r=3 jammed=1.000 BER=0.1070 (2 s)
2026-09-28 20:53:33 | src.experiments.frequency_agility | INFO   | [frequency_agility qkv] fh_off sweep         cw            JSR=  -2.0 dB r=3 jammed=1.000 BER=0.3188 (2 s)
2026-09-28 20:53:35 | src.experiments.frequency_agility | INFO   | [frequency_agility qkv] fh_off sweep         cw            JSR=   2.0 dB r=3 jammed=1.000 BER=0.4952 (2 s)
2026-09-28 20:53:37 | src.experiments.frequency_agility | INFO   | [frequency_agility qkv] fh_off sweep         cw            JSR=   6.0 dB r=3 jammed=1.000 BER=0.4993 (2 s)
2026-09-28 20:53:39 | src.experiments.frequency_agility | INFO   | [frequency_agility qkv] fh_off sweep         cw            JSR=  10.0 dB r=3 jammed=1.000 BER=0.4993 (2 s)
2026-09-28 20:53:41 | src.experiments.frequency_agility | INFO   | [frequency_agility qkv] fh_off sweep         partial_band  JSR= -10.0 dB r=3 jammed=1.000 BER=0.1263 (2 s)
2026-09-28 20:53:44 | src.experiments.frequency_agility | INFO   | [frequency_agility qkv] fh_off sweep         partial_band  JSR=  -6.0 dB r=3 jammed=1.000 BER=0.1046 (3 s)
2026-09-28 20:53:46 | src.experiments.frequency_agility | INFO   | [frequency_agility qkv] fh_off sweep         partial_band  JSR=  -2.0 dB r=3 jammed=1.000 BER=0.1636 (2 s)
2026-09-28 20:53:48 | src.experiments.frequency_agility | INFO   | [frequency_agility qkv] fh_off sweep         partial_band  JSR=   2.0 dB r=3 jammed=1.000 BER=0.4209 (2 s)
2026-09-28 20:53:49 | src.experiments.frequency_agility | INFO   | [frequency_agility qkv] fh_off sweep         partial_band  JSR=   6.0 dB r=3 jammed=1.000 BER=0.4983 (2 s)
2026-09-28 20:53:51 | src.experiments.frequency_agility | INFO   | [frequency_agility qkv] fh_off sweep         partial_band  JSR=  10.0 dB r=3 jammed=1.000 BER=0.4993 (2 s)
2026-09-28 20:53:57 | src.experiments.frequency_agility | INFO   | [frequency_agility qkv] fh_off sweep         cw            JSR= -10.0 dB r=4 jammed=1.000 BER=0.1247 (3 s)
2026-09-28 20:53:59 | src.experiments.frequency_agility | INFO   | [frequency_agility qkv] fh_off sweep         cw            JSR=  -6.0 dB r=4 jammed=1.000 BER=0.1191 (2 s)
2026-09-28 20:54:01 | src.experiments.frequency_agility | INFO   | [frequency_agility qkv] fh_off sweep         cw            JSR=  -2.0 dB r=4 jammed=1.000 BER=0.3276 (2 s)
2026-09-28 20:54:03 | src.experiments.frequency_agility | INFO   | [frequency_agility qkv] fh_off sweep         cw            JSR=   2.0 dB r=4 jammed=1.000 BER=0.4969 (2 s)
2026-09-28 20:54:05 | src.experiments.frequency_agility | INFO   | [frequency_agility qkv] fh_off sweep         cw            JSR=   6.0 dB r=4 jammed=1.000 BER=0.5010 (2 s)
2026-09-28 20:54:07 | src.experiments.frequency_agility | INFO   | [frequency_agility qkv] fh_off sweep         cw            JSR=  10.0 dB r=4 jammed=1.000 BER=0.5010 (2 s)
2026-09-28 20:54:09 | src.experiments.frequency_agility | INFO   | [frequency_agility qkv] fh_off sweep         partial_band  JSR= -10.0 dB r=4 jammed=1.000 BER=0.1742 (2 s)
2026-09-28 20:54:11 | src.experiments.frequency_agility | INFO   | [frequency_agility qkv] fh_off sweep         partial_band  JSR=  -6.0 dB r=4 jammed=1.000 BER=0.2078 (3 s)
2026-09-28 20:54:14 | src.experiments.frequency_agility | INFO   | [frequency_agility qkv] fh_off sweep         partial_band  JSR=  -2.0 dB r=4 jammed=1.000 BER=0.3054 (2 s)
2026-09-28 20:54:15 | src.experiments.frequency_agility | INFO   | [frequency_agility qkv] fh_off sweep         partial_band  JSR=   2.0 dB r=4 jammed=1.000 BER=0.4417 (2 s)
2026-09-28 20:54:17 | src.experiments.frequency_agility | INFO   | [frequency_agility qkv] fh_off sweep         partial_band  JSR=   6.0 dB r=4 jammed=1.000 BER=0.4924 (2 s)
2026-09-28 20:54:19 | src.experiments.frequency_agility | INFO   | [frequency_agility qkv] fh_off sweep         partial_band  JSR=  10.0 dB r=4 jammed=1.000 BER=0.4971 (2 s)
2026-09-28 20:54:25 | src.experiments.frequency_agility | INFO   | [frequency_agility qkv] fh_off follower      cw            JSR= -10.0 dB r=0 jammed=1.000 BER=0.2036 (3 s)
2026-09-28 20:54:27 | src.experiments.frequency_agility | INFO   | [frequency_agility qkv] fh_off follower      cw            JSR=  -6.0 dB r=0 jammed=1.000 BER=0.3228 (2 s)
2026-09-28 20:54:29 | src.experiments.frequency_agility | INFO   | [frequency_agility qkv] fh_off follower      cw            JSR=  -2.0 dB r=0 jammed=1.000 BER=0.4806 (2 s)
2026-09-28 20:54:31 | src.experiments.frequency_agility | INFO   | [frequency_agility qkv] fh_off follower      cw            JSR=   2.0 dB r=0 jammed=1.000 BER=0.5034 (2 s)
2026-09-28 20:54:33 | src.experiments.frequency_agility | INFO   | [frequency_agility qkv] fh_off follower      cw            JSR=   6.0 dB r=0 jammed=1.000 BER=0.5034 (2 s)
2026-09-28 20:54:34 | src.experiments.frequency_agility | INFO   | [frequency_agility qkv] fh_off follower      cw            JSR=  10.0 dB r=0 jammed=1.000 BER=0.5034 (2 s)
2026-09-28 20:54:37 | src.experiments.frequency_agility | INFO   | [frequency_agility qkv] fh_off follower      partial_band  JSR= -10.0 dB r=0 jammed=1.000 BER=0.1669 (2 s)
2026-09-28 20:54:39 | src.experiments.frequency_agility | INFO   | [frequency_agility qkv] fh_off follower      partial_band  JSR=  -6.0 dB r=0 jammed=1.000 BER=0.2034 (2 s)
2026-09-28 20:54:41 | src.experiments.frequency_agility | INFO   | [frequency_agility qkv] fh_off follower      partial_band  JSR=  -2.0 dB r=0 jammed=1.000 BER=0.3130 (2 s)
2026-09-28 20:54:43 | src.experiments.frequency_agility | INFO   | [frequency_agility qkv] fh_off follower      partial_band  JSR=   2.0 dB r=0 jammed=1.000 BER=0.4600 (2 s)
2026-09-28 20:54:45 | src.experiments.frequency_agility | INFO   | [frequency_agility qkv] fh_off follower      partial_band  JSR=   6.0 dB r=0 jammed=1.000 BER=0.4994 (2 s)
2026-09-28 20:54:47 | src.experiments.frequency_agility | INFO   | [frequency_agility qkv] fh_off follower      partial_band  JSR=  10.0 dB r=0 jammed=1.000 BER=0.5023 (2 s)
2026-09-28 20:54:52 | src.experiments.frequency_agility | INFO   | [frequency_agility qkv] fh_off follower      cw            JSR= -10.0 dB r=1 jammed=1.000 BER=0.2024 (2 s)
2026-09-28 20:54:55 | src.experiments.frequency_agility | INFO   | [frequency_agility qkv] fh_off follower      cw            JSR=  -6.0 dB r=1 jammed=1.000 BER=0.2884 (2 s)
2026-09-28 20:54:57 | src.experiments.frequency_agility | INFO   | [frequency_agility qkv] fh_off follower      cw            JSR=  -2.0 dB r=1 jammed=1.000 BER=0.4512 (2 s)
2026-09-28 20:54:59 | src.experiments.frequency_agility | INFO   | [frequency_agility qkv] fh_off follower      cw            JSR=   2.0 dB r=1 jammed=1.000 BER=0.5023 (2 s)
2026-09-28 20:55:00 | src.experiments.frequency_agility | INFO   | [frequency_agility qkv] fh_off follower      cw            JSR=   6.0 dB r=1 jammed=1.000 BER=0.5023 (2 s)
2026-09-28 20:55:02 | src.experiments.frequency_agility | INFO   | [frequency_agility qkv] fh_off follower      cw            JSR=  10.0 dB r=1 jammed=1.000 BER=0.5023 (2 s)
2026-09-28 20:55:04 | src.experiments.frequency_agility | INFO   | [frequency_agility qkv] fh_off follower      partial_band  JSR= -10.0 dB r=1 jammed=1.000 BER=0.1339 (2 s)
2026-09-28 20:55:07 | src.experiments.frequency_agility | INFO   | [frequency_agility qkv] fh_off follower      partial_band  JSR=  -6.0 dB r=1 jammed=1.000 BER=0.1108 (3 s)
2026-09-28 20:55:09 | src.experiments.frequency_agility | INFO   | [frequency_agility qkv] fh_off follower      partial_band  JSR=  -2.0 dB r=1 jammed=1.000 BER=0.1580 (2 s)
2026-09-28 20:55:11 | src.experiments.frequency_agility | INFO   | [frequency_agility qkv] fh_off follower      partial_band  JSR=   2.0 dB r=1 jammed=1.000 BER=0.4149 (2 s)
2026-09-28 20:55:13 | src.experiments.frequency_agility | INFO   | [frequency_agility qkv] fh_off follower      partial_band  JSR=   6.0 dB r=1 jammed=1.000 BER=0.4963 (2 s)
2026-09-28 20:55:15 | src.experiments.frequency_agility | INFO   | [frequency_agility qkv] fh_off follower      partial_band  JSR=  10.0 dB r=1 jammed=1.000 BER=0.4976 (2 s)
2026-09-28 20:55:20 | src.experiments.frequency_agility | INFO   | [frequency_agility qkv] fh_off follower      cw            JSR= -10.0 dB r=2 jammed=1.000 BER=0.1674 (2 s)
2026-09-28 20:55:23 | src.experiments.frequency_agility | INFO   | [frequency_agility qkv] fh_off follower      cw            JSR=  -6.0 dB r=2 jammed=1.000 BER=0.1740 (3 s)
2026-09-28 20:55:25 | src.experiments.frequency_agility | INFO   | [frequency_agility qkv] fh_off follower      cw            JSR=  -2.0 dB r=2 jammed=1.000 BER=0.1837 (2 s)
2026-09-28 20:55:26 | src.experiments.frequency_agility | INFO   | [frequency_agility qkv] fh_off follower      cw            JSR=   2.0 dB r=2 jammed=1.000 BER=0.1932 (2 s)
2026-09-28 20:55:28 | src.experiments.frequency_agility | INFO   | [frequency_agility qkv] fh_off follower      cw            JSR=   6.0 dB r=2 jammed=1.000 BER=0.1674 (2 s)
2026-09-28 20:55:30 | src.experiments.frequency_agility | INFO   | [frequency_agility qkv] fh_off follower      cw            JSR=  10.0 dB r=2 jammed=1.000 BER=0.1414 (2 s)
2026-09-28 20:55:32 | src.experiments.frequency_agility | INFO   | [frequency_agility qkv] fh_off follower      partial_band  JSR= -10.0 dB r=2 jammed=1.000 BER=0.1283 (2 s)
2026-09-28 20:55:35 | src.experiments.frequency_agility | INFO   | [frequency_agility qkv] fh_off follower      partial_band  JSR=  -6.0 dB r=2 jammed=1.000 BER=0.1177 (2 s)
2026-09-28 20:55:37 | src.experiments.frequency_agility | INFO   | [frequency_agility qkv] fh_off follower      partial_band  JSR=  -2.0 dB r=2 jammed=1.000 BER=0.2601 (3 s)
2026-09-28 20:55:39 | src.experiments.frequency_agility | INFO   | [frequency_agility qkv] fh_off follower      partial_band  JSR=   2.0 dB r=2 jammed=1.000 BER=0.4798 (2 s)
2026-09-28 20:55:41 | src.experiments.frequency_agility | INFO   | [frequency_agility qkv] fh_off follower      partial_band  JSR=   6.0 dB r=2 jammed=1.000 BER=0.5038 (2 s)
2026-09-28 20:55:43 | src.experiments.frequency_agility | INFO   | [frequency_agility qkv] fh_off follower      partial_band  JSR=  10.0 dB r=2 jammed=1.000 BER=0.5039 (2 s)
2026-09-28 20:55:49 | src.experiments.frequency_agility | INFO   | [frequency_agility qkv] fh_off follower      cw            JSR= -10.0 dB r=3 jammed=1.000 BER=0.1167 (2 s)
2026-09-28 20:55:51 | src.experiments.frequency_agility | INFO   | [frequency_agility qkv] fh_off follower      cw            JSR=  -6.0 dB r=3 jammed=1.000 BER=0.1021 (2 s)
2026-09-28 20:55:53 | src.experiments.frequency_agility | INFO   | [frequency_agility qkv] fh_off follower      cw            JSR=  -2.0 dB r=3 jammed=1.000 BER=0.3197 (2 s)
2026-09-28 20:55:55 | src.experiments.frequency_agility | INFO   | [frequency_agility qkv] fh_off follower      cw            JSR=   2.0 dB r=3 jammed=1.000 BER=0.4948 (2 s)
2026-09-28 20:55:57 | src.experiments.frequency_agility | INFO   | [frequency_agility qkv] fh_off follower      cw            JSR=   6.0 dB r=3 jammed=1.000 BER=0.4985 (2 s)
2026-09-28 20:55:59 | src.experiments.frequency_agility | INFO   | [frequency_agility qkv] fh_off follower      cw            JSR=  10.0 dB r=3 jammed=1.000 BER=0.4985 (2 s)
2026-09-28 20:56:01 | src.experiments.frequency_agility | INFO   | [frequency_agility qkv] fh_off follower      partial_band  JSR= -10.0 dB r=3 jammed=1.000 BER=0.1256 (2 s)
2026-09-28 20:56:04 | src.experiments.frequency_agility | INFO   | [frequency_agility qkv] fh_off follower      partial_band  JSR=  -6.0 dB r=3 jammed=1.000 BER=0.1019 (3 s)
2026-09-28 20:56:06 | src.experiments.frequency_agility | INFO   | [frequency_agility qkv] fh_off follower      partial_band  JSR=  -2.0 dB r=3 jammed=1.000 BER=0.1557 (2 s)
2026-09-28 20:56:08 | src.experiments.frequency_agility | INFO   | [frequency_agility qkv] fh_off follower      partial_band  JSR=   2.0 dB r=3 jammed=1.000 BER=0.4172 (2 s)
2026-09-28 20:56:10 | src.experiments.frequency_agility | INFO   | [frequency_agility qkv] fh_off follower      partial_band  JSR=   6.0 dB r=3 jammed=1.000 BER=0.4973 (2 s)
2026-09-28 20:56:12 | src.experiments.frequency_agility | INFO   | [frequency_agility qkv] fh_off follower      partial_band  JSR=  10.0 dB r=3 jammed=1.000 BER=0.4985 (2 s)
2026-09-28 20:56:18 | src.experiments.frequency_agility | INFO   | [frequency_agility qkv] fh_off follower      cw            JSR= -10.0 dB r=4 jammed=1.000 BER=0.1284 (3 s)
2026-09-28 20:56:20 | src.experiments.frequency_agility | INFO   | [frequency_agility qkv] fh_off follower      cw            JSR=  -6.0 dB r=4 jammed=1.000 BER=0.1176 (2 s)
2026-09-28 20:56:22 | src.experiments.frequency_agility | INFO   | [frequency_agility qkv] fh_off follower      cw            JSR=  -2.0 dB r=4 jammed=1.000 BER=0.3293 (2 s)
2026-09-28 20:56:24 | src.experiments.frequency_agility | INFO   | [frequency_agility qkv] fh_off follower      cw            JSR=   2.0 dB r=4 jammed=1.000 BER=0.4974 (2 s)
2026-09-28 20:56:26 | src.experiments.frequency_agility | INFO   | [frequency_agility qkv] fh_off follower      cw            JSR=   6.0 dB r=4 jammed=1.000 BER=0.5010 (2 s)
2026-09-28 20:56:28 | src.experiments.frequency_agility | INFO   | [frequency_agility qkv] fh_off follower      cw            JSR=  10.0 dB r=4 jammed=1.000 BER=0.5010 (2 s)
2026-09-28 20:56:30 | src.experiments.frequency_agility | INFO   | [frequency_agility qkv] fh_off follower      partial_band  JSR= -10.0 dB r=4 jammed=1.000 BER=0.1767 (2 s)
2026-09-28 20:56:33 | src.experiments.frequency_agility | INFO   | [frequency_agility qkv] fh_off follower      partial_band  JSR=  -6.0 dB r=4 jammed=1.000 BER=0.2132 (3 s)
2026-09-28 20:56:35 | src.experiments.frequency_agility | INFO   | [frequency_agility qkv] fh_off follower      partial_band  JSR=  -2.0 dB r=4 jammed=1.000 BER=0.3095 (2 s)
2026-09-28 20:56:37 | src.experiments.frequency_agility | INFO   | [frequency_agility qkv] fh_off follower      partial_band  JSR=   2.0 dB r=4 jammed=1.000 BER=0.4462 (2 s)
2026-09-28 20:56:38 | src.experiments.frequency_agility | INFO   | [frequency_agility qkv] fh_off follower      partial_band  JSR=   6.0 dB r=4 jammed=1.000 BER=0.4931 (2 s)
2026-09-28 20:56:40 | src.experiments.frequency_agility | INFO   | [frequency_agility qkv] fh_off follower      partial_band  JSR=  10.0 dB r=4 jammed=1.000 BER=0.4966 (2 s)
2026-09-28 20:56:46 | src.experiments.frequency_agility | INFO   | [frequency_agility qkv] fh_off_blind barrage       cw            JSR= -10.0 dB r=0 jammed=1.000 BER=0.2167 (3 s)
2026-09-28 20:56:48 | src.experiments.frequency_agility | INFO   | [frequency_agility qkv] fh_off_blind barrage       cw            JSR=  -6.0 dB r=0 jammed=1.000 BER=0.3308 (2 s)
2026-09-28 20:56:50 | src.experiments.frequency_agility | INFO   | [frequency_agility qkv] fh_off_blind barrage       cw            JSR=  -2.0 dB r=0 jammed=1.000 BER=0.4852 (2 s)
2026-09-28 20:56:52 | src.experiments.frequency_agility | INFO   | [frequency_agility qkv] fh_off_blind barrage       cw            JSR=   2.0 dB r=0 jammed=1.000 BER=0.5031 (2 s)
2026-09-28 20:56:54 | src.experiments.frequency_agility | INFO   | [frequency_agility qkv] fh_off_blind barrage       cw            JSR=   6.0 dB r=0 jammed=1.000 BER=0.5031 (2 s)
2026-09-28 20:56:56 | src.experiments.frequency_agility | INFO   | [frequency_agility qkv] fh_off_blind barrage       cw            JSR=  10.0 dB r=0 jammed=1.000 BER=0.5031 (2 s)
2026-09-28 20:56:58 | src.experiments.frequency_agility | INFO   | [frequency_agility qkv] fh_off_blind barrage       partial_band  JSR= -10.0 dB r=0 jammed=1.000 BER=0.1768 (2 s)
2026-09-28 20:57:00 | src.experiments.frequency_agility | INFO   | [frequency_agility qkv] fh_off_blind barrage       partial_band  JSR=  -6.0 dB r=0 jammed=1.000 BER=0.2171 (2 s)
2026-09-28 20:57:03 | src.experiments.frequency_agility | INFO   | [frequency_agility qkv] fh_off_blind barrage       partial_band  JSR=  -2.0 dB r=0 jammed=1.000 BER=0.3224 (2 s)
2026-09-28 20:57:04 | src.experiments.frequency_agility | INFO   | [frequency_agility qkv] fh_off_blind barrage       partial_band  JSR=   2.0 dB r=0 jammed=1.000 BER=0.4635 (2 s)
2026-09-28 20:57:06 | src.experiments.frequency_agility | INFO   | [frequency_agility qkv] fh_off_blind barrage       partial_band  JSR=   6.0 dB r=0 jammed=1.000 BER=0.5000 (2 s)
2026-09-28 20:57:08 | src.experiments.frequency_agility | INFO   | [frequency_agility qkv] fh_off_blind barrage       partial_band  JSR=  10.0 dB r=0 jammed=1.000 BER=0.5024 (2 s)
2026-09-28 20:57:14 | src.experiments.frequency_agility | INFO   | [frequency_agility qkv] fh_off_blind barrage       cw            JSR= -10.0 dB r=1 jammed=1.000 BER=0.1933 (3 s)
2026-09-28 20:57:16 | src.experiments.frequency_agility | INFO   | [frequency_agility qkv] fh_off_blind barrage       cw            JSR=  -6.0 dB r=1 jammed=1.000 BER=0.2766 (2 s)
2026-09-28 20:57:18 | src.experiments.frequency_agility | INFO   | [frequency_agility qkv] fh_off_blind barrage       cw            JSR=  -2.0 dB r=1 jammed=1.000 BER=0.4430 (2 s)
2026-09-28 20:57:20 | src.experiments.frequency_agility | INFO   | [frequency_agility qkv] fh_off_blind barrage       cw            JSR=   2.0 dB r=1 jammed=1.000 BER=0.4985 (2 s)
2026-09-28 20:57:22 | src.experiments.frequency_agility | INFO   | [frequency_agility qkv] fh_off_blind barrage       cw            JSR=   6.0 dB r=1 jammed=1.000 BER=0.4996 (2 s)
2026-09-28 20:57:24 | src.experiments.frequency_agility | INFO   | [frequency_agility qkv] fh_off_blind barrage       cw            JSR=  10.0 dB r=1 jammed=1.000 BER=0.4996 (2 s)
2026-09-28 20:57:26 | src.experiments.frequency_agility | INFO   | [frequency_agility qkv] fh_off_blind barrage       partial_band  JSR= -10.0 dB r=1 jammed=1.000 BER=0.1277 (2 s)
2026-09-28 20:57:28 | src.experiments.frequency_agility | INFO   | [frequency_agility qkv] fh_off_blind barrage       partial_band  JSR=  -6.0 dB r=1 jammed=1.000 BER=0.1037 (2 s)
2026-09-28 20:57:30 | src.experiments.frequency_agility | INFO   | [frequency_agility qkv] fh_off_blind barrage       partial_band  JSR=  -2.0 dB r=1 jammed=1.000 BER=0.1613 (2 s)
2026-09-28 20:57:32 | src.experiments.frequency_agility | INFO   | [frequency_agility qkv] fh_off_blind barrage       partial_band  JSR=   2.0 dB r=1 jammed=1.000 BER=0.4165 (2 s)
2026-09-28 20:57:34 | src.experiments.frequency_agility | INFO   | [frequency_agility qkv] fh_off_blind barrage       partial_band  JSR=   6.0 dB r=1 jammed=1.000 BER=0.4997 (2 s)
2026-09-28 20:57:36 | src.experiments.frequency_agility | INFO   | [frequency_agility qkv] fh_off_blind barrage       partial_band  JSR=  10.0 dB r=1 jammed=1.000 BER=0.5004 (2 s)
2026-09-28 20:57:42 | src.experiments.frequency_agility | INFO   | [frequency_agility qkv] fh_off_blind barrage       cw            JSR= -10.0 dB r=2 jammed=1.000 BER=0.1576 (3 s)
2026-09-28 20:57:44 | src.experiments.frequency_agility | INFO   | [frequency_agility qkv] fh_off_blind barrage       cw            JSR=  -6.0 dB r=2 jammed=1.000 BER=0.1618 (2 s)
2026-09-28 20:57:46 | src.experiments.frequency_agility | INFO   | [frequency_agility qkv] fh_off_blind barrage       cw            JSR=  -2.0 dB r=2 jammed=1.000 BER=0.1706 (2 s)
2026-09-28 20:57:48 | src.experiments.frequency_agility | INFO   | [frequency_agility qkv] fh_off_blind barrage       cw            JSR=   2.0 dB r=2 jammed=1.000 BER=0.1804 (2 s)
2026-09-28 20:57:50 | src.experiments.frequency_agility | INFO   | [frequency_agility qkv] fh_off_blind barrage       cw            JSR=   6.0 dB r=2 jammed=1.000 BER=0.1505 (2 s)
2026-09-28 20:57:52 | src.experiments.frequency_agility | INFO   | [frequency_agility qkv] fh_off_blind barrage       cw            JSR=  10.0 dB r=2 jammed=1.000 BER=0.1346 (2 s)
2026-09-28 20:57:54 | src.experiments.frequency_agility | INFO   | [frequency_agility qkv] fh_off_blind barrage       partial_band  JSR= -10.0 dB r=2 jammed=1.000 BER=0.1213 (2 s)
2026-09-28 20:57:56 | src.experiments.frequency_agility | INFO   | [frequency_agility qkv] fh_off_blind barrage       partial_band  JSR=  -6.0 dB r=2 jammed=1.000 BER=0.1060 (3 s)
2026-09-28 20:57:59 | src.experiments.frequency_agility | INFO   | [frequency_agility qkv] fh_off_blind barrage       partial_band  JSR=  -2.0 dB r=2 jammed=1.000 BER=0.2604 (2 s)
2026-09-28 20:58:00 | src.experiments.frequency_agility | INFO   | [frequency_agility qkv] fh_off_blind barrage       partial_band  JSR=   2.0 dB r=2 jammed=1.000 BER=0.4753 (2 s)
2026-09-28 20:58:02 | src.experiments.frequency_agility | INFO   | [frequency_agility qkv] fh_off_blind barrage       partial_band  JSR=   6.0 dB r=2 jammed=1.000 BER=0.4971 (2 s)
2026-09-28 20:58:04 | src.experiments.frequency_agility | INFO   | [frequency_agility qkv] fh_off_blind barrage       partial_band  JSR=  10.0 dB r=2 jammed=1.000 BER=0.4973 (2 s)
2026-09-28 20:58:09 | src.experiments.frequency_agility | INFO   | [frequency_agility qkv] fh_off_blind barrage       cw            JSR= -10.0 dB r=3 jammed=1.000 BER=0.1141 (2 s)
2026-09-28 20:58:12 | src.experiments.frequency_agility | INFO   | [frequency_agility qkv] fh_off_blind barrage       cw            JSR=  -6.0 dB r=3 jammed=1.000 BER=0.1047 (2 s)
2026-09-28 20:58:14 | src.experiments.frequency_agility | INFO   | [frequency_agility qkv] fh_off_blind barrage       cw            JSR=  -2.0 dB r=3 jammed=1.000 BER=0.3202 (2 s)
2026-09-28 20:58:16 | src.experiments.frequency_agility | INFO   | [frequency_agility qkv] fh_off_blind barrage       cw            JSR=   2.0 dB r=3 jammed=1.000 BER=0.4961 (2 s)
2026-09-28 20:58:17 | src.experiments.frequency_agility | INFO   | [frequency_agility qkv] fh_off_blind barrage       cw            JSR=   6.0 dB r=3 jammed=1.000 BER=0.4997 (2 s)
2026-09-28 20:58:19 | src.experiments.frequency_agility | INFO   | [frequency_agility qkv] fh_off_blind barrage       cw            JSR=  10.0 dB r=3 jammed=1.000 BER=0.4997 (2 s)
2026-09-28 20:58:21 | src.experiments.frequency_agility | INFO   | [frequency_agility qkv] fh_off_blind barrage       partial_band  JSR= -10.0 dB r=3 jammed=1.000 BER=0.1250 (2 s)
2026-09-28 20:58:24 | src.experiments.frequency_agility | INFO   | [frequency_agility qkv] fh_off_blind barrage       partial_band  JSR=  -6.0 dB r=3 jammed=1.000 BER=0.1018 (3 s)
2026-09-28 20:58:26 | src.experiments.frequency_agility | INFO   | [frequency_agility qkv] fh_off_blind barrage       partial_band  JSR=  -2.0 dB r=3 jammed=1.000 BER=0.1598 (2 s)
2026-09-28 20:58:28 | src.experiments.frequency_agility | INFO   | [frequency_agility qkv] fh_off_blind barrage       partial_band  JSR=   2.0 dB r=3 jammed=1.000 BER=0.4219 (2 s)
2026-09-28 20:58:30 | src.experiments.frequency_agility | INFO   | [frequency_agility qkv] fh_off_blind barrage       partial_band  JSR=   6.0 dB r=3 jammed=1.000 BER=0.4989 (2 s)
2026-09-28 20:58:32 | src.experiments.frequency_agility | INFO   | [frequency_agility qkv] fh_off_blind barrage       partial_band  JSR=  10.0 dB r=3 jammed=1.000 BER=0.4997 (2 s)
2026-09-28 20:58:38 | src.experiments.frequency_agility | INFO   | [frequency_agility qkv] fh_off_blind barrage       cw            JSR= -10.0 dB r=4 jammed=1.000 BER=0.1194 (2 s)
2026-09-28 20:58:40 | src.experiments.frequency_agility | INFO   | [frequency_agility qkv] fh_off_blind barrage       cw            JSR=  -6.0 dB r=4 jammed=1.000 BER=0.1130 (2 s)
2026-09-28 20:58:42 | src.experiments.frequency_agility | INFO   | [frequency_agility qkv] fh_off_blind barrage       cw            JSR=  -2.0 dB r=4 jammed=1.000 BER=0.3297 (2 s)
2026-09-28 20:58:44 | src.experiments.frequency_agility | INFO   | [frequency_agility qkv] fh_off_blind barrage       cw            JSR=   2.0 dB r=4 jammed=1.000 BER=0.4909 (2 s)
2026-09-28 20:58:46 | src.experiments.frequency_agility | INFO   | [frequency_agility qkv] fh_off_blind barrage       cw            JSR=   6.0 dB r=4 jammed=1.000 BER=0.4959 (2 s)
2026-09-28 20:58:47 | src.experiments.frequency_agility | INFO   | [frequency_agility qkv] fh_off_blind barrage       cw            JSR=  10.0 dB r=4 jammed=1.000 BER=0.4959 (2 s)
2026-09-28 20:58:49 | src.experiments.frequency_agility | INFO   | [frequency_agility qkv] fh_off_blind barrage       partial_band  JSR= -10.0 dB r=4 jammed=1.000 BER=0.1700 (2 s)
2026-09-28 20:58:52 | src.experiments.frequency_agility | INFO   | [frequency_agility qkv] fh_off_blind barrage       partial_band  JSR=  -6.0 dB r=4 jammed=1.000 BER=0.2031 (3 s)
2026-09-28 20:58:54 | src.experiments.frequency_agility | INFO   | [frequency_agility qkv] fh_off_blind barrage       partial_band  JSR=  -2.0 dB r=4 jammed=1.000 BER=0.2975 (2 s)
2026-09-28 20:58:56 | src.experiments.frequency_agility | INFO   | [frequency_agility qkv] fh_off_blind barrage       partial_band  JSR=   2.0 dB r=4 jammed=1.000 BER=0.4470 (2 s)
2026-09-28 20:58:58 | src.experiments.frequency_agility | INFO   | [frequency_agility qkv] fh_off_blind barrage       partial_band  JSR=   6.0 dB r=4 jammed=1.000 BER=0.4987 (2 s)
2026-09-28 20:59:00 | src.experiments.frequency_agility | INFO   | [frequency_agility qkv] fh_off_blind barrage       partial_band  JSR=  10.0 dB r=4 jammed=1.000 BER=0.5028 (2 s)
2026-09-28 20:59:05 | src.experiments.frequency_agility | INFO   | [frequency_agility qkv] fh_off_blind fixed_partial cw            JSR= -10.0 dB r=0 jammed=0.000 BER=0.1547 (2 s)
2026-09-28 20:59:07 | src.experiments.frequency_agility | INFO   | [frequency_agility qkv] fh_off_blind fixed_partial cw            JSR=  -6.0 dB r=0 jammed=0.000 BER=0.1547 (2 s)
2026-09-28 20:59:09 | src.experiments.frequency_agility | INFO   | [frequency_agility qkv] fh_off_blind fixed_partial cw            JSR=  -2.0 dB r=0 jammed=0.000 BER=0.1547 (2 s)
2026-09-28 20:59:11 | src.experiments.frequency_agility | INFO   | [frequency_agility qkv] fh_off_blind fixed_partial cw            JSR=   2.0 dB r=0 jammed=0.000 BER=0.1547 (2 s)
2026-09-28 20:59:13 | src.experiments.frequency_agility | INFO   | [frequency_agility qkv] fh_off_blind fixed_partial cw            JSR=   6.0 dB r=0 jammed=0.000 BER=0.1547 (2 s)
2026-09-28 20:59:14 | src.experiments.frequency_agility | INFO   | [frequency_agility qkv] fh_off_blind fixed_partial cw            JSR=  10.0 dB r=0 jammed=0.000 BER=0.1547 (2 s)
2026-09-28 20:59:16 | src.experiments.frequency_agility | INFO   | [frequency_agility qkv] fh_off_blind fixed_partial partial_band  JSR= -10.0 dB r=0 jammed=0.000 BER=0.1547 (2 s)
2026-09-28 20:59:19 | src.experiments.frequency_agility | INFO   | [frequency_agility qkv] fh_off_blind fixed_partial partial_band  JSR=  -6.0 dB r=0 jammed=0.000 BER=0.1547 (2 s)
2026-09-28 20:59:21 | src.experiments.frequency_agility | INFO   | [frequency_agility qkv] fh_off_blind fixed_partial partial_band  JSR=  -2.0 dB r=0 jammed=0.000 BER=0.1547 (2 s)
2026-09-28 20:59:23 | src.experiments.frequency_agility | INFO   | [frequency_agility qkv] fh_off_blind fixed_partial partial_band  JSR=   2.0 dB r=0 jammed=0.000 BER=0.1547 (2 s)
2026-09-28 20:59:25 | src.experiments.frequency_agility | INFO   | [frequency_agility qkv] fh_off_blind fixed_partial partial_band  JSR=   6.0 dB r=0 jammed=0.000 BER=0.1547 (2 s)
2026-09-28 20:59:26 | src.experiments.frequency_agility | INFO   | [frequency_agility qkv] fh_off_blind fixed_partial partial_band  JSR=  10.0 dB r=0 jammed=0.000 BER=0.1547 (2 s)
2026-09-28 20:59:31 | src.experiments.frequency_agility | INFO   | [frequency_agility qkv] fh_off_blind fixed_partial cw            JSR= -10.0 dB r=1 jammed=0.000 BER=0.1552 (2 s)
2026-09-28 20:59:34 | src.experiments.frequency_agility | INFO   | [frequency_agility qkv] fh_off_blind fixed_partial cw            JSR=  -6.0 dB r=1 jammed=0.000 BER=0.1552 (2 s)
2026-09-28 20:59:36 | src.experiments.frequency_agility | INFO   | [frequency_agility qkv] fh_off_blind fixed_partial cw            JSR=  -2.0 dB r=1 jammed=0.000 BER=0.1552 (2 s)
2026-09-28 20:59:38 | src.experiments.frequency_agility | INFO   | [frequency_agility qkv] fh_off_blind fixed_partial cw            JSR=   2.0 dB r=1 jammed=0.000 BER=0.1552 (2 s)
2026-09-28 20:59:40 | src.experiments.frequency_agility | INFO   | [frequency_agility qkv] fh_off_blind fixed_partial cw            JSR=   6.0 dB r=1 jammed=0.000 BER=0.1552 (2 s)
2026-09-28 20:59:41 | src.experiments.frequency_agility | INFO   | [frequency_agility qkv] fh_off_blind fixed_partial cw            JSR=  10.0 dB r=1 jammed=0.000 BER=0.1552 (2 s)
2026-09-28 20:59:43 | src.experiments.frequency_agility | INFO   | [frequency_agility qkv] fh_off_blind fixed_partial partial_band  JSR= -10.0 dB r=1 jammed=0.000 BER=0.1552 (2 s)
2026-09-28 20:59:45 | src.experiments.frequency_agility | INFO   | [frequency_agility qkv] fh_off_blind fixed_partial partial_band  JSR=  -6.0 dB r=1 jammed=0.000 BER=0.1552 (2 s)
2026-09-28 20:59:47 | src.experiments.frequency_agility | INFO   | [frequency_agility qkv] fh_off_blind fixed_partial partial_band  JSR=  -2.0 dB r=1 jammed=0.000 BER=0.1552 (2 s)
2026-09-28 20:59:50 | src.experiments.frequency_agility | INFO   | [frequency_agility qkv] fh_off_blind fixed_partial partial_band  JSR=   2.0 dB r=1 jammed=0.000 BER=0.1552 (2 s)
2026-09-28 20:59:52 | src.experiments.frequency_agility | INFO   | [frequency_agility qkv] fh_off_blind fixed_partial partial_band  JSR=   6.0 dB r=1 jammed=0.000 BER=0.1552 (2 s)
2026-09-28 20:59:53 | src.experiments.frequency_agility | INFO   | [frequency_agility qkv] fh_off_blind fixed_partial partial_band  JSR=  10.0 dB r=1 jammed=0.000 BER=0.1552 (2 s)
2026-09-28 20:59:58 | src.experiments.frequency_agility | INFO   | [frequency_agility qkv] fh_off_blind fixed_partial cw            JSR= -10.0 dB r=2 jammed=0.000 BER=0.1552 (2 s)
2026-09-28 21:00:00 | src.experiments.frequency_agility | INFO   | [frequency_agility qkv] fh_off_blind fixed_partial cw            JSR=  -6.0 dB r=2 jammed=0.000 BER=0.1552 (2 s)
2026-09-28 21:00:03 | src.experiments.frequency_agility | INFO   | [frequency_agility qkv] fh_off_blind fixed_partial cw            JSR=  -2.0 dB r=2 jammed=0.000 BER=0.1552 (2 s)
2026-09-28 21:00:05 | src.experiments.frequency_agility | INFO   | [frequency_agility qkv] fh_off_blind fixed_partial cw            JSR=   2.0 dB r=2 jammed=0.000 BER=0.1552 (2 s)
2026-09-28 21:00:07 | src.experiments.frequency_agility | INFO   | [frequency_agility qkv] fh_off_blind fixed_partial cw            JSR=   6.0 dB r=2 jammed=0.000 BER=0.1552 (2 s)
2026-09-28 21:00:09 | src.experiments.frequency_agility | INFO   | [frequency_agility qkv] fh_off_blind fixed_partial cw            JSR=  10.0 dB r=2 jammed=0.000 BER=0.1552 (2 s)
2026-09-28 21:00:10 | src.experiments.frequency_agility | INFO   | [frequency_agility qkv] fh_off_blind fixed_partial partial_band  JSR= -10.0 dB r=2 jammed=0.000 BER=0.1552 (2 s)
2026-09-28 21:00:12 | src.experiments.frequency_agility | INFO   | [frequency_agility qkv] fh_off_blind fixed_partial partial_band  JSR=  -6.0 dB r=2 jammed=0.000 BER=0.1552 (2 s)
2026-09-28 21:00:14 | src.experiments.frequency_agility | INFO   | [frequency_agility qkv] fh_off_blind fixed_partial partial_band  JSR=  -2.0 dB r=2 jammed=0.000 BER=0.1552 (2 s)
2026-09-28 21:00:17 | src.experiments.frequency_agility | INFO   | [frequency_agility qkv] fh_off_blind fixed_partial partial_band  JSR=   2.0 dB r=2 jammed=0.000 BER=0.1552 (2 s)
2026-09-28 21:00:19 | src.experiments.frequency_agility | INFO   | [frequency_agility qkv] fh_off_blind fixed_partial partial_band  JSR=   6.0 dB r=2 jammed=0.000 BER=0.1552 (2 s)
2026-09-28 21:00:21 | src.experiments.frequency_agility | INFO   | [frequency_agility qkv] fh_off_blind fixed_partial partial_band  JSR=  10.0 dB r=2 jammed=0.000 BER=0.1552 (2 s)
2026-09-28 21:00:26 | src.experiments.frequency_agility | INFO   | [frequency_agility qkv] fh_off_blind fixed_partial cw            JSR= -10.0 dB r=3 jammed=1.000 BER=0.1301 (2 s)
2026-09-28 21:00:27 | src.experiments.frequency_agility | INFO   | [frequency_agility qkv] fh_off_blind fixed_partial cw            JSR=  -6.0 dB r=3 jammed=1.000 BER=0.1192 (2 s)
2026-09-28 21:00:30 | src.experiments.frequency_agility | INFO   | [frequency_agility qkv] fh_off_blind fixed_partial cw            JSR=  -2.0 dB r=3 jammed=1.000 BER=0.3165 (2 s)
2026-09-28 21:00:32 | src.experiments.frequency_agility | INFO   | [frequency_agility qkv] fh_off_blind fixed_partial cw            JSR=   2.0 dB r=3 jammed=1.000 BER=0.4909 (2 s)
2026-09-28 21:00:34 | src.experiments.frequency_agility | INFO   | [frequency_agility qkv] fh_off_blind fixed_partial cw            JSR=   6.0 dB r=3 jammed=1.000 BER=0.4958 (2 s)
2026-09-28 21:00:36 | src.experiments.frequency_agility | INFO   | [frequency_agility qkv] fh_off_blind fixed_partial cw            JSR=  10.0 dB r=3 jammed=1.000 BER=0.4958 (2 s)
2026-09-28 21:00:38 | src.experiments.frequency_agility | INFO   | [frequency_agility qkv] fh_off_blind fixed_partial partial_band  JSR= -10.0 dB r=3 jammed=1.000 BER=0.1411 (2 s)
2026-09-28 21:00:40 | src.experiments.frequency_agility | INFO   | [frequency_agility qkv] fh_off_blind fixed_partial partial_band  JSR=  -6.0 dB r=3 jammed=1.000 BER=0.1155 (2 s)
2026-09-28 21:00:42 | src.experiments.frequency_agility | INFO   | [frequency_agility qkv] fh_off_blind fixed_partial partial_band  JSR=  -2.0 dB r=3 jammed=1.000 BER=0.1701 (2 s)
2026-09-28 21:00:44 | src.experiments.frequency_agility | INFO   | [frequency_agility qkv] fh_off_blind fixed_partial partial_band  JSR=   2.0 dB r=3 jammed=1.000 BER=0.4151 (3 s)
2026-09-28 21:00:46 | src.experiments.frequency_agility | INFO   | [frequency_agility qkv] fh_off_blind fixed_partial partial_band  JSR=   6.0 dB r=3 jammed=1.000 BER=0.4943 (2 s)
2026-09-28 21:00:48 | src.experiments.frequency_agility | INFO   | [frequency_agility qkv] fh_off_blind fixed_partial partial_band  JSR=  10.0 dB r=3 jammed=1.000 BER=0.4958 (2 s)
2026-09-28 21:00:53 | src.experiments.frequency_agility | INFO   | [frequency_agility qkv] fh_off_blind fixed_partial cw            JSR= -10.0 dB r=4 jammed=1.000 BER=0.1214 (2 s)
2026-09-28 21:00:55 | src.experiments.frequency_agility | INFO   | [frequency_agility qkv] fh_off_blind fixed_partial cw            JSR=  -6.0 dB r=4 jammed=1.000 BER=0.1143 (2 s)
2026-09-28 21:00:58 | src.experiments.frequency_agility | INFO   | [frequency_agility qkv] fh_off_blind fixed_partial cw            JSR=  -2.0 dB r=4 jammed=1.000 BER=0.3190 (2 s)
2026-09-28 21:01:00 | src.experiments.frequency_agility | INFO   | [frequency_agility qkv] fh_off_blind fixed_partial cw            JSR=   2.0 dB r=4 jammed=1.000 BER=0.4944 (2 s)
2026-09-28 21:01:02 | src.experiments.frequency_agility | INFO   | [frequency_agility qkv] fh_off_blind fixed_partial cw            JSR=   6.0 dB r=4 jammed=1.000 BER=0.4988 (2 s)
2026-09-28 21:01:04 | src.experiments.frequency_agility | INFO   | [frequency_agility qkv] fh_off_blind fixed_partial cw            JSR=  10.0 dB r=4 jammed=1.000 BER=0.4988 (2 s)
2026-09-28 21:01:06 | src.experiments.frequency_agility | INFO   | [frequency_agility qkv] fh_off_blind fixed_partial partial_band  JSR= -10.0 dB r=4 jammed=1.000 BER=0.1721 (2 s)
2026-09-28 21:01:08 | src.experiments.frequency_agility | INFO   | [frequency_agility qkv] fh_off_blind fixed_partial partial_band  JSR=  -6.0 dB r=4 jammed=1.000 BER=0.2067 (2 s)
2026-09-28 21:01:09 | src.experiments.frequency_agility | INFO   | [frequency_agility qkv] fh_off_blind fixed_partial partial_band  JSR=  -2.0 dB r=4 jammed=1.000 BER=0.3041 (2 s)
2026-09-28 21:01:12 | src.experiments.frequency_agility | INFO   | [frequency_agility qkv] fh_off_blind fixed_partial partial_band  JSR=   2.0 dB r=4 jammed=1.000 BER=0.4482 (2 s)
2026-09-28 21:01:14 | src.experiments.frequency_agility | INFO   | [frequency_agility qkv] fh_off_blind fixed_partial partial_band  JSR=   6.0 dB r=4 jammed=1.000 BER=0.4950 (2 s)
2026-09-28 21:01:16 | src.experiments.frequency_agility | INFO   | [frequency_agility qkv] fh_off_blind fixed_partial partial_band  JSR=  10.0 dB r=4 jammed=1.000 BER=0.4994 (2 s)
2026-09-28 21:01:21 | src.experiments.frequency_agility | INFO   | [frequency_agility qkv] fh_off_blind sweep         cw            JSR= -10.0 dB r=0 jammed=0.125 BER=0.1614 (2 s)
2026-09-28 21:01:23 | src.experiments.frequency_agility | INFO   | [frequency_agility qkv] fh_off_blind sweep         cw            JSR=  -6.0 dB r=0 jammed=0.125 BER=0.1769 (2 s)
2026-09-28 21:01:25 | src.experiments.frequency_agility | INFO   | [frequency_agility qkv] fh_off_blind sweep         cw            JSR=  -2.0 dB r=0 jammed=0.125 BER=0.1964 (2 s)
2026-09-28 21:01:28 | src.experiments.frequency_agility | INFO   | [frequency_agility qkv] fh_off_blind sweep         cw            JSR=   2.0 dB r=0 jammed=0.125 BER=0.1981 (3 s)
2026-09-28 21:01:30 | src.experiments.frequency_agility | INFO   | [frequency_agility qkv] fh_off_blind sweep         cw            JSR=   6.0 dB r=0 jammed=0.125 BER=0.1981 (2 s)
2026-09-28 21:01:31 | src.experiments.frequency_agility | INFO   | [frequency_agility qkv] fh_off_blind sweep         cw            JSR=  10.0 dB r=0 jammed=0.125 BER=0.1981 (2 s)
2026-09-28 21:01:33 | src.experiments.frequency_agility | INFO   | [frequency_agility qkv] fh_off_blind sweep         partial_band  JSR= -10.0 dB r=0 jammed=0.125 BER=0.1569 (2 s)
2026-09-28 21:01:35 | src.experiments.frequency_agility | INFO   | [frequency_agility qkv] fh_off_blind sweep         partial_band  JSR=  -6.0 dB r=0 jammed=0.125 BER=0.1615 (2 s)
2026-09-28 21:01:37 | src.experiments.frequency_agility | INFO   | [frequency_agility qkv] fh_off_blind sweep         partial_band  JSR=  -2.0 dB r=0 jammed=0.125 BER=0.1754 (2 s)
2026-09-28 21:01:39 | src.experiments.frequency_agility | INFO   | [frequency_agility qkv] fh_off_blind sweep         partial_band  JSR=   2.0 dB r=0 jammed=0.125 BER=0.1934 (2 s)
2026-09-28 21:01:42 | src.experiments.frequency_agility | INFO   | [frequency_agility qkv] fh_off_blind sweep         partial_band  JSR=   6.0 dB r=0 jammed=0.125 BER=0.1974 (3 s)
2026-09-28 21:01:44 | src.experiments.frequency_agility | INFO   | [frequency_agility qkv] fh_off_blind sweep         partial_band  JSR=  10.0 dB r=0 jammed=0.125 BER=0.1979 (2 s)
2026-09-28 21:01:49 | src.experiments.frequency_agility | INFO   | [frequency_agility qkv] fh_off_blind sweep         cw            JSR= -10.0 dB r=1 jammed=0.125 BER=0.1679 (2 s)
2026-09-28 21:01:50 | src.experiments.frequency_agility | INFO   | [frequency_agility qkv] fh_off_blind sweep         cw            JSR=  -6.0 dB r=1 jammed=0.125 BER=0.1794 (2 s)
2026-09-28 21:01:52 | src.experiments.frequency_agility | INFO   | [frequency_agility qkv] fh_off_blind sweep         cw            JSR=  -2.0 dB r=1 jammed=0.125 BER=0.1985 (2 s)
2026-09-28 21:01:55 | src.experiments.frequency_agility | INFO   | [frequency_agility qkv] fh_off_blind sweep         cw            JSR=   2.0 dB r=1 jammed=0.125 BER=0.2062 (2 s)
2026-09-28 21:01:57 | src.experiments.frequency_agility | INFO   | [frequency_agility qkv] fh_off_blind sweep         cw            JSR=   6.0 dB r=1 jammed=0.125 BER=0.2062 (2 s)
2026-09-28 21:01:59 | src.experiments.frequency_agility | INFO   | [frequency_agility qkv] fh_off_blind sweep         cw            JSR=  10.0 dB r=1 jammed=0.125 BER=0.2062 (2 s)
2026-09-28 21:02:01 | src.experiments.frequency_agility | INFO   | [frequency_agility qkv] fh_off_blind sweep         partial_band  JSR= -10.0 dB r=1 jammed=0.125 BER=0.1595 (2 s)
2026-09-28 21:02:02 | src.experiments.frequency_agility | INFO   | [frequency_agility qkv] fh_off_blind sweep         partial_band  JSR=  -6.0 dB r=1 jammed=0.125 BER=0.1562 (2 s)
2026-09-28 21:02:04 | src.experiments.frequency_agility | INFO   | [frequency_agility qkv] fh_off_blind sweep         partial_band  JSR=  -2.0 dB r=1 jammed=0.125 BER=0.1600 (2 s)
2026-09-28 21:02:06 | src.experiments.frequency_agility | INFO   | [frequency_agility qkv] fh_off_blind sweep         partial_band  JSR=   2.0 dB r=1 jammed=0.125 BER=0.1915 (2 s)
2026-09-28 21:02:08 | src.experiments.frequency_agility | INFO   | [frequency_agility qkv] fh_off_blind sweep         partial_band  JSR=   6.0 dB r=1 jammed=0.125 BER=0.2019 (2 s)
2026-09-28 21:02:11 | src.experiments.frequency_agility | INFO   | [frequency_agility qkv] fh_off_blind sweep         partial_band  JSR=  10.0 dB r=1 jammed=0.125 BER=0.2019 (2 s)
2026-09-28 21:02:16 | src.experiments.frequency_agility | INFO   | [frequency_agility qkv] fh_off_blind sweep         cw            JSR= -10.0 dB r=2 jammed=0.125 BER=0.1615 (2 s)
2026-09-28 21:02:17 | src.experiments.frequency_agility | INFO   | [frequency_agility qkv] fh_off_blind sweep         cw            JSR=  -6.0 dB r=2 jammed=0.125 BER=0.1620 (2 s)
2026-09-28 21:02:19 | src.experiments.frequency_agility | INFO   | [frequency_agility qkv] fh_off_blind sweep         cw            JSR=  -2.0 dB r=2 jammed=0.125 BER=0.1631 (2 s)
2026-09-28 21:02:21 | src.experiments.frequency_agility | INFO   | [frequency_agility qkv] fh_off_blind sweep         cw            JSR=   2.0 dB r=2 jammed=0.125 BER=0.1641 (2 s)
2026-09-28 21:02:24 | src.experiments.frequency_agility | INFO   | [frequency_agility qkv] fh_off_blind sweep         cw            JSR=   6.0 dB r=2 jammed=0.125 BER=0.1603 (2 s)
2026-09-28 21:02:26 | src.experiments.frequency_agility | INFO   | [frequency_agility qkv] fh_off_blind sweep         cw            JSR=  10.0 dB r=2 jammed=0.125 BER=0.1572 (2 s)
2026-09-28 21:02:28 | src.experiments.frequency_agility | INFO   | [frequency_agility qkv] fh_off_blind sweep         partial_band  JSR= -10.0 dB r=2 jammed=0.125 BER=0.1556 (2 s)
2026-09-28 21:02:29 | src.experiments.frequency_agility | INFO   | [frequency_agility qkv] fh_off_blind sweep         partial_band  JSR=  -6.0 dB r=2 jammed=0.125 BER=0.1545 (2 s)
2026-09-28 21:02:31 | src.experiments.frequency_agility | INFO   | [frequency_agility qkv] fh_off_blind sweep         partial_band  JSR=  -2.0 dB r=2 jammed=0.125 BER=0.1731 (2 s)
2026-09-28 21:02:33 | src.experiments.frequency_agility | INFO   | [frequency_agility qkv] fh_off_blind sweep         partial_band  JSR=   2.0 dB r=2 jammed=0.125 BER=0.1981 (2 s)
2026-09-28 21:02:35 | src.experiments.frequency_agility | INFO   | [frequency_agility qkv] fh_off_blind sweep         partial_band  JSR=   6.0 dB r=2 jammed=0.125 BER=0.2011 (2 s)
2026-09-28 21:02:38 | src.experiments.frequency_agility | INFO   | [frequency_agility qkv] fh_off_blind sweep         partial_band  JSR=  10.0 dB r=2 jammed=0.125 BER=0.2011 (3 s)
2026-09-28 21:02:43 | src.experiments.frequency_agility | INFO   | [frequency_agility qkv] fh_off_blind sweep         cw            JSR= -10.0 dB r=3 jammed=0.125 BER=0.1463 (2 s)
2026-09-28 21:02:44 | src.experiments.frequency_agility | INFO   | [frequency_agility qkv] fh_off_blind sweep         cw            JSR=  -6.0 dB r=3 jammed=0.125 BER=0.1440 (2 s)
2026-09-28 21:02:46 | src.experiments.frequency_agility | INFO   | [frequency_agility qkv] fh_off_blind sweep         cw            JSR=  -2.0 dB r=3 jammed=0.125 BER=0.1711 (2 s)
2026-09-28 21:02:48 | src.experiments.frequency_agility | INFO   | [frequency_agility qkv] fh_off_blind sweep         cw            JSR=   2.0 dB r=3 jammed=0.125 BER=0.1941 (2 s)
2026-09-28 21:02:51 | src.experiments.frequency_agility | INFO   | [frequency_agility qkv] fh_off_blind sweep         cw            JSR=   6.0 dB r=3 jammed=0.125 BER=0.1943 (2 s)
2026-09-28 21:02:53 | src.experiments.frequency_agility | INFO   | [frequency_agility qkv] fh_off_blind sweep         cw            JSR=  10.0 dB r=3 jammed=0.125 BER=0.1943 (2 s)
2026-09-28 21:02:55 | src.experiments.frequency_agility | INFO   | [frequency_agility qkv] fh_off_blind sweep         partial_band  JSR= -10.0 dB r=3 jammed=0.125 BER=0.1473 (2 s)
2026-09-28 21:02:57 | src.experiments.frequency_agility | INFO   | [frequency_agility qkv] fh_off_blind sweep         partial_band  JSR=  -6.0 dB r=3 jammed=0.125 BER=0.1446 (2 s)
2026-09-28 21:02:58 | src.experiments.frequency_agility | INFO   | [frequency_agility qkv] fh_off_blind sweep         partial_band  JSR=  -2.0 dB r=3 jammed=0.125 BER=0.1522 (2 s)
2026-09-28 21:03:00 | src.experiments.frequency_agility | INFO   | [frequency_agility qkv] fh_off_blind sweep         partial_band  JSR=   2.0 dB r=3 jammed=0.125 BER=0.1837 (2 s)
2026-09-28 21:03:02 | src.experiments.frequency_agility | INFO   | [frequency_agility qkv] fh_off_blind sweep         partial_band  JSR=   6.0 dB r=3 jammed=0.125 BER=0.1941 (2 s)
2026-09-28 21:03:05 | src.experiments.frequency_agility | INFO   | [frequency_agility qkv] fh_off_blind sweep         partial_band  JSR=  10.0 dB r=3 jammed=0.125 BER=0.1943 (2 s)
2026-09-28 21:03:10 | src.experiments.frequency_agility | INFO   | [frequency_agility qkv] fh_off_blind sweep         cw            JSR= -10.0 dB r=4 jammed=0.125 BER=0.1517 (2 s)
2026-09-28 21:03:12 | src.experiments.frequency_agility | INFO   | [frequency_agility qkv] fh_off_blind sweep         cw            JSR=  -6.0 dB r=4 jammed=0.125 BER=0.1513 (2 s)
2026-09-28 21:03:14 | src.experiments.frequency_agility | INFO   | [frequency_agility qkv] fh_off_blind sweep         cw            JSR=  -2.0 dB r=4 jammed=0.125 BER=0.1747 (2 s)
2026-09-28 21:03:16 | src.experiments.frequency_agility | INFO   | [frequency_agility qkv] fh_off_blind sweep         cw            JSR=   2.0 dB r=4 jammed=0.125 BER=0.1961 (2 s)
2026-09-28 21:03:18 | src.experiments.frequency_agility | INFO   | [frequency_agility qkv] fh_off_blind sweep         cw            JSR=   6.0 dB r=4 jammed=0.125 BER=0.1966 (2 s)
2026-09-28 21:03:20 | src.experiments.frequency_agility | INFO   | [frequency_agility qkv] fh_off_blind sweep         cw            JSR=  10.0 dB r=4 jammed=0.125 BER=0.1966 (2 s)
2026-09-28 21:03:22 | src.experiments.frequency_agility | INFO   | [frequency_agility qkv] fh_off_blind sweep         partial_band  JSR= -10.0 dB r=4 jammed=0.125 BER=0.1582 (2 s)
2026-09-28 21:03:24 | src.experiments.frequency_agility | INFO   | [frequency_agility qkv] fh_off_blind sweep         partial_band  JSR=  -6.0 dB r=4 jammed=0.125 BER=0.1628 (2 s)
2026-09-28 21:03:26 | src.experiments.frequency_agility | INFO   | [frequency_agility qkv] fh_off_blind sweep         partial_band  JSR=  -2.0 dB r=4 jammed=0.125 BER=0.1749 (2 s)
2026-09-28 21:03:28 | src.experiments.frequency_agility | INFO   | [frequency_agility qkv] fh_off_blind sweep         partial_band  JSR=   2.0 dB r=4 jammed=0.125 BER=0.1911 (2 s)
2026-09-28 21:03:30 | src.experiments.frequency_agility | INFO   | [frequency_agility qkv] fh_off_blind sweep         partial_band  JSR=   6.0 dB r=4 jammed=0.125 BER=0.1974 (2 s)
2026-09-28 21:03:32 | src.experiments.frequency_agility | INFO   | [frequency_agility qkv] fh_off_blind sweep         partial_band  JSR=  10.0 dB r=4 jammed=0.125 BER=0.1982 (2 s)
2026-09-28 21:03:38 | src.experiments.frequency_agility | INFO   | [frequency_agility qkv] fh_off_blind follower      cw            JSR= -10.0 dB r=0 jammed=0.000 BER=0.1467 (2 s)
2026-09-28 21:03:39 | src.experiments.frequency_agility | INFO   | [frequency_agility qkv] fh_off_blind follower      cw            JSR=  -6.0 dB r=0 jammed=0.000 BER=0.1467 (2 s)
2026-09-28 21:03:41 | src.experiments.frequency_agility | INFO   | [frequency_agility qkv] fh_off_blind follower      cw            JSR=  -2.0 dB r=0 jammed=0.000 BER=0.1467 (2 s)
2026-09-28 21:03:43 | src.experiments.frequency_agility | INFO   | [frequency_agility qkv] fh_off_blind follower      cw            JSR=   2.0 dB r=0 jammed=0.000 BER=0.1467 (2 s)
2026-09-28 21:03:45 | src.experiments.frequency_agility | INFO   | [frequency_agility qkv] fh_off_blind follower      cw            JSR=   6.0 dB r=0 jammed=0.000 BER=0.1467 (2 s)
2026-09-28 21:03:48 | src.experiments.frequency_agility | INFO   | [frequency_agility qkv] fh_off_blind follower      cw            JSR=  10.0 dB r=0 jammed=0.000 BER=0.1467 (2 s)
2026-09-28 21:03:50 | src.experiments.frequency_agility | INFO   | [frequency_agility qkv] fh_off_blind follower      partial_band  JSR= -10.0 dB r=0 jammed=0.000 BER=0.1467 (2 s)
2026-09-28 21:03:51 | src.experiments.frequency_agility | INFO   | [frequency_agility qkv] fh_off_blind follower      partial_band  JSR=  -6.0 dB r=0 jammed=0.000 BER=0.1467 (2 s)
2026-09-28 21:03:53 | src.experiments.frequency_agility | INFO   | [frequency_agility qkv] fh_off_blind follower      partial_band  JSR=  -2.0 dB r=0 jammed=0.000 BER=0.1467 (2 s)
2026-09-28 21:03:55 | src.experiments.frequency_agility | INFO   | [frequency_agility qkv] fh_off_blind follower      partial_band  JSR=   2.0 dB r=0 jammed=0.000 BER=0.1467 (2 s)
2026-09-28 21:03:57 | src.experiments.frequency_agility | INFO   | [frequency_agility qkv] fh_off_blind follower      partial_band  JSR=   6.0 dB r=0 jammed=0.000 BER=0.1467 (2 s)
2026-09-28 21:03:59 | src.experiments.frequency_agility | INFO   | [frequency_agility qkv] fh_off_blind follower      partial_band  JSR=  10.0 dB r=0 jammed=0.000 BER=0.1467 (2 s)
2026-09-28 21:04:05 | src.experiments.frequency_agility | INFO   | [frequency_agility qkv] fh_off_blind follower      cw            JSR= -10.0 dB r=1 jammed=0.000 BER=0.1589 (2 s)
2026-09-28 21:04:07 | src.experiments.frequency_agility | INFO   | [frequency_agility qkv] fh_off_blind follower      cw            JSR=  -6.0 dB r=1 jammed=0.000 BER=0.1589 (2 s)
2026-09-28 21:04:08 | src.experiments.frequency_agility | INFO   | [frequency_agility qkv] fh_off_blind follower      cw            JSR=  -2.0 dB r=1 jammed=0.000 BER=0.1589 (2 s)
2026-09-28 21:04:10 | src.experiments.frequency_agility | INFO   | [frequency_agility qkv] fh_off_blind follower      cw            JSR=   2.0 dB r=1 jammed=0.000 BER=0.1589 (2 s)
2026-09-28 21:04:12 | src.experiments.frequency_agility | INFO   | [frequency_agility qkv] fh_off_blind follower      cw            JSR=   6.0 dB r=1 jammed=0.000 BER=0.1589 (2 s)
2026-09-28 21:04:14 | src.experiments.frequency_agility | INFO   | [frequency_agility qkv] fh_off_blind follower      cw            JSR=  10.0 dB r=1 jammed=0.000 BER=0.1589 (2 s)
2026-09-28 21:04:17 | src.experiments.frequency_agility | INFO   | [frequency_agility qkv] fh_off_blind follower      partial_band  JSR= -10.0 dB r=1 jammed=0.000 BER=0.1589 (2 s)
2026-09-28 21:04:19 | src.experiments.frequency_agility | INFO   | [frequency_agility qkv] fh_off_blind follower      partial_band  JSR=  -6.0 dB r=1 jammed=0.000 BER=0.1589 (2 s)
2026-09-28 21:04:21 | src.experiments.frequency_agility | INFO   | [frequency_agility qkv] fh_off_blind follower      partial_band  JSR=  -2.0 dB r=1 jammed=0.000 BER=0.1589 (2 s)
2026-09-28 21:04:22 | src.experiments.frequency_agility | INFO   | [frequency_agility qkv] fh_off_blind follower      partial_band  JSR=   2.0 dB r=1 jammed=0.000 BER=0.1589 (2 s)
2026-09-28 21:04:24 | src.experiments.frequency_agility | INFO   | [frequency_agility qkv] fh_off_blind follower      partial_band  JSR=   6.0 dB r=1 jammed=0.000 BER=0.1589 (2 s)
2026-09-28 21:04:26 | src.experiments.frequency_agility | INFO   | [frequency_agility qkv] fh_off_blind follower      partial_band  JSR=  10.0 dB r=1 jammed=0.000 BER=0.1589 (2 s)
2026-09-28 21:04:32 | src.experiments.frequency_agility | INFO   | [frequency_agility qkv] fh_off_blind follower      cw            JSR= -10.0 dB r=2 jammed=0.000 BER=0.1637 (2 s)
2026-09-28 21:04:34 | src.experiments.frequency_agility | INFO   | [frequency_agility qkv] fh_off_blind follower      cw            JSR=  -6.0 dB r=2 jammed=0.000 BER=0.1637 (2 s)
2026-09-28 21:04:36 | src.experiments.frequency_agility | INFO   | [frequency_agility qkv] fh_off_blind follower      cw            JSR=  -2.0 dB r=2 jammed=0.000 BER=0.1637 (2 s)
2026-09-28 21:04:38 | src.experiments.frequency_agility | INFO   | [frequency_agility qkv] fh_off_blind follower      cw            JSR=   2.0 dB r=2 jammed=0.000 BER=0.1637 (2 s)
2026-09-28 21:04:40 | src.experiments.frequency_agility | INFO   | [frequency_agility qkv] fh_off_blind follower      cw            JSR=   6.0 dB r=2 jammed=0.000 BER=0.1637 (2 s)
2026-09-28 21:04:42 | src.experiments.frequency_agility | INFO   | [frequency_agility qkv] fh_off_blind follower      cw            JSR=  10.0 dB r=2 jammed=0.000 BER=0.1637 (2 s)
2026-09-28 21:04:44 | src.experiments.frequency_agility | INFO   | [frequency_agility qkv] fh_off_blind follower      partial_band  JSR= -10.0 dB r=2 jammed=0.000 BER=0.1637 (2 s)
2026-09-28 21:04:46 | src.experiments.frequency_agility | INFO   | [frequency_agility qkv] fh_off_blind follower      partial_band  JSR=  -6.0 dB r=2 jammed=0.000 BER=0.1637 (2 s)
2026-09-28 21:04:48 | src.experiments.frequency_agility | INFO   | [frequency_agility qkv] fh_off_blind follower      partial_band  JSR=  -2.0 dB r=2 jammed=0.000 BER=0.1637 (2 s)
2026-09-28 21:04:50 | src.experiments.frequency_agility | INFO   | [frequency_agility qkv] fh_off_blind follower      partial_band  JSR=   2.0 dB r=2 jammed=0.000 BER=0.1637 (2 s)
2026-09-28 21:04:52 | src.experiments.frequency_agility | INFO   | [frequency_agility qkv] fh_off_blind follower      partial_band  JSR=   6.0 dB r=2 jammed=0.000 BER=0.1637 (2 s)
2026-09-28 21:04:54 | src.experiments.frequency_agility | INFO   | [frequency_agility qkv] fh_off_blind follower      partial_band  JSR=  10.0 dB r=2 jammed=0.000 BER=0.1637 (2 s)
2026-09-28 21:05:00 | src.experiments.frequency_agility | INFO   | [frequency_agility qkv] fh_off_blind follower      cw            JSR= -10.0 dB r=3 jammed=0.000 BER=0.1538 (2 s)
2026-09-28 21:05:02 | src.experiments.frequency_agility | INFO   | [frequency_agility qkv] fh_off_blind follower      cw            JSR=  -6.0 dB r=3 jammed=0.000 BER=0.1538 (2 s)
2026-09-28 21:05:04 | src.experiments.frequency_agility | INFO   | [frequency_agility qkv] fh_off_blind follower      cw            JSR=  -2.0 dB r=3 jammed=0.000 BER=0.1538 (2 s)
2026-09-28 21:05:06 | src.experiments.frequency_agility | INFO   | [frequency_agility qkv] fh_off_blind follower      cw            JSR=   2.0 dB r=3 jammed=0.000 BER=0.1538 (2 s)
2026-09-28 21:05:07 | src.experiments.frequency_agility | INFO   | [frequency_agility qkv] fh_off_blind follower      cw            JSR=   6.0 dB r=3 jammed=0.000 BER=0.1538 (2 s)
2026-09-28 21:05:09 | src.experiments.frequency_agility | INFO   | [frequency_agility qkv] fh_off_blind follower      cw            JSR=  10.0 dB r=3 jammed=0.000 BER=0.1538 (2 s)
2026-09-28 21:05:12 | src.experiments.frequency_agility | INFO   | [frequency_agility qkv] fh_off_blind follower      partial_band  JSR= -10.0 dB r=3 jammed=0.000 BER=0.1538 (3 s)
2026-09-28 21:05:14 | src.experiments.frequency_agility | INFO   | [frequency_agility qkv] fh_off_blind follower      partial_band  JSR=  -6.0 dB r=3 jammed=0.000 BER=0.1538 (2 s)
2026-09-28 21:05:16 | src.experiments.frequency_agility | INFO   | [frequency_agility qkv] fh_off_blind follower      partial_band  JSR=  -2.0 dB r=3 jammed=0.000 BER=0.1538 (2 s)
2026-09-28 21:05:18 | src.experiments.frequency_agility | INFO   | [frequency_agility qkv] fh_off_blind follower      partial_band  JSR=   2.0 dB r=3 jammed=0.000 BER=0.1538 (2 s)
2026-09-28 21:05:19 | src.experiments.frequency_agility | INFO   | [frequency_agility qkv] fh_off_blind follower      partial_band  JSR=   6.0 dB r=3 jammed=0.000 BER=0.1538 (2 s)
2026-09-28 21:05:21 | src.experiments.frequency_agility | INFO   | [frequency_agility qkv] fh_off_blind follower      partial_band  JSR=  10.0 dB r=3 jammed=0.000 BER=0.1538 (2 s)
2026-09-28 21:05:28 | src.experiments.frequency_agility | INFO   | [frequency_agility qkv] fh_off_blind follower      cw            JSR= -10.0 dB r=4 jammed=0.000 BER=0.1584 (2 s)
2026-09-28 21:05:29 | src.experiments.frequency_agility | INFO   | [frequency_agility qkv] fh_off_blind follower      cw            JSR=  -6.0 dB r=4 jammed=0.000 BER=0.1584 (2 s)
2026-09-28 21:05:31 | src.experiments.frequency_agility | INFO   | [frequency_agility qkv] fh_off_blind follower      cw            JSR=  -2.0 dB r=4 jammed=0.000 BER=0.1584 (2 s)
2026-09-28 21:05:33 | src.experiments.frequency_agility | INFO   | [frequency_agility qkv] fh_off_blind follower      cw            JSR=   2.0 dB r=4 jammed=0.000 BER=0.1584 (2 s)
2026-09-28 21:05:35 | src.experiments.frequency_agility | INFO   | [frequency_agility qkv] fh_off_blind follower      cw            JSR=   6.0 dB r=4 jammed=0.000 BER=0.1584 (2 s)
2026-09-28 21:05:37 | src.experiments.frequency_agility | INFO   | [frequency_agility qkv] fh_off_blind follower      cw            JSR=  10.0 dB r=4 jammed=0.000 BER=0.1584 (2 s)
2026-09-28 21:05:40 | src.experiments.frequency_agility | INFO   | [frequency_agility qkv] fh_off_blind follower      partial_band  JSR= -10.0 dB r=4 jammed=0.000 BER=0.1584 (2 s)
2026-09-28 21:05:42 | src.experiments.frequency_agility | INFO   | [frequency_agility qkv] fh_off_blind follower      partial_band  JSR=  -6.0 dB r=4 jammed=0.000 BER=0.1584 (2 s)
2026-09-28 21:05:44 | src.experiments.frequency_agility | INFO   | [frequency_agility qkv] fh_off_blind follower      partial_band  JSR=  -2.0 dB r=4 jammed=0.000 BER=0.1584 (2 s)
2026-09-28 21:05:45 | src.experiments.frequency_agility | INFO   | [frequency_agility qkv] fh_off_blind follower      partial_band  JSR=   2.0 dB r=4 jammed=0.000 BER=0.1584 (2 s)
2026-09-28 21:05:47 | src.experiments.frequency_agility | INFO   | [frequency_agility qkv] fh_off_blind follower      partial_band  JSR=   6.0 dB r=4 jammed=0.000 BER=0.1584 (2 s)
2026-09-28 21:05:49 | src.experiments.frequency_agility | INFO   | [frequency_agility qkv] fh_off_blind follower      partial_band  JSR=  10.0 dB r=4 jammed=0.000 BER=0.1584 (2 s)
2026-09-28 21:05:55 | src.experiments.frequency_agility | INFO   | [frequency_agility qkv] fh_on barrage       cw            JSR= -10.0 dB r=0 jammed=1.000 BER=0.2146 (2 s)
2026-09-28 21:05:57 | src.experiments.frequency_agility | INFO   | [frequency_agility qkv] fh_on barrage       cw            JSR=  -6.0 dB r=0 jammed=1.000 BER=0.3316 (2 s)
2026-09-28 21:05:59 | src.experiments.frequency_agility | INFO   | [frequency_agility qkv] fh_on barrage       cw            JSR=  -2.0 dB r=0 jammed=1.000 BER=0.4833 (2 s)
2026-09-28 21:06:01 | src.experiments.frequency_agility | INFO   | [frequency_agility qkv] fh_on barrage       cw            JSR=   2.0 dB r=0 jammed=1.000 BER=0.5031 (2 s)
2026-09-28 21:06:03 | src.experiments.frequency_agility | INFO   | [frequency_agility qkv] fh_on barrage       cw            JSR=   6.0 dB r=0 jammed=1.000 BER=0.5031 (2 s)
2026-09-28 21:06:05 | src.experiments.frequency_agility | INFO   | [frequency_agility qkv] fh_on barrage       cw            JSR=  10.0 dB r=0 jammed=1.000 BER=0.5031 (2 s)
2026-09-28 21:06:07 | src.experiments.frequency_agility | INFO   | [frequency_agility qkv] fh_on barrage       partial_band  JSR= -10.0 dB r=0 jammed=1.000 BER=0.1757 (2 s)
2026-09-28 21:06:10 | src.experiments.frequency_agility | INFO   | [frequency_agility qkv] fh_on barrage       partial_band  JSR=  -6.0 dB r=0 jammed=1.000 BER=0.2142 (2 s)
2026-09-28 21:06:11 | src.experiments.frequency_agility | INFO   | [frequency_agility qkv] fh_on barrage       partial_band  JSR=  -2.0 dB r=0 jammed=1.000 BER=0.3214 (2 s)
2026-09-28 21:06:13 | src.experiments.frequency_agility | INFO   | [frequency_agility qkv] fh_on barrage       partial_band  JSR=   2.0 dB r=0 jammed=1.000 BER=0.4619 (2 s)
2026-09-28 21:06:15 | src.experiments.frequency_agility | INFO   | [frequency_agility qkv] fh_on barrage       partial_band  JSR=   6.0 dB r=0 jammed=1.000 BER=0.4995 (2 s)
2026-09-28 21:06:17 | src.experiments.frequency_agility | INFO   | [frequency_agility qkv] fh_on barrage       partial_band  JSR=  10.0 dB r=0 jammed=1.000 BER=0.5023 (2 s)
2026-09-28 21:06:23 | src.experiments.frequency_agility | INFO   | [frequency_agility qkv] fh_on barrage       cw            JSR= -10.0 dB r=1 jammed=1.000 BER=0.1987 (2 s)
2026-09-28 21:06:25 | src.experiments.frequency_agility | INFO   | [frequency_agility qkv] fh_on barrage       cw            JSR=  -6.0 dB r=1 jammed=1.000 BER=0.2790 (2 s)
2026-09-28 21:06:27 | src.experiments.frequency_agility | INFO   | [frequency_agility qkv] fh_on barrage       cw            JSR=  -2.0 dB r=1 jammed=1.000 BER=0.4447 (2 s)
2026-09-28 21:06:29 | src.experiments.frequency_agility | INFO   | [frequency_agility qkv] fh_on barrage       cw            JSR=   2.0 dB r=1 jammed=1.000 BER=0.4992 (2 s)
2026-09-28 21:06:31 | src.experiments.frequency_agility | INFO   | [frequency_agility qkv] fh_on barrage       cw            JSR=   6.0 dB r=1 jammed=1.000 BER=0.4996 (2 s)
2026-09-28 21:06:33 | src.experiments.frequency_agility | INFO   | [frequency_agility qkv] fh_on barrage       cw            JSR=  10.0 dB r=1 jammed=1.000 BER=0.4996 (2 s)
2026-09-28 21:06:35 | src.experiments.frequency_agility | INFO   | [frequency_agility qkv] fh_on barrage       partial_band  JSR= -10.0 dB r=1 jammed=1.000 BER=0.1323 (3 s)
2026-09-28 21:06:38 | src.experiments.frequency_agility | INFO   | [frequency_agility qkv] fh_on barrage       partial_band  JSR=  -6.0 dB r=1 jammed=1.000 BER=0.1065 (2 s)
2026-09-28 21:06:39 | src.experiments.frequency_agility | INFO   | [frequency_agility qkv] fh_on barrage       partial_band  JSR=  -2.0 dB r=1 jammed=1.000 BER=0.1557 (2 s)
2026-09-28 21:06:41 | src.experiments.frequency_agility | INFO   | [frequency_agility qkv] fh_on barrage       partial_band  JSR=   2.0 dB r=1 jammed=1.000 BER=0.4169 (2 s)
2026-09-28 21:06:43 | src.experiments.frequency_agility | INFO   | [frequency_agility qkv] fh_on barrage       partial_band  JSR=   6.0 dB r=1 jammed=1.000 BER=0.4994 (2 s)
2026-09-28 21:06:45 | src.experiments.frequency_agility | INFO   | [frequency_agility qkv] fh_on barrage       partial_band  JSR=  10.0 dB r=1 jammed=1.000 BER=0.5004 (2 s)
2026-09-28 21:06:51 | src.experiments.frequency_agility | INFO   | [frequency_agility qkv] fh_on barrage       cw            JSR= -10.0 dB r=2 jammed=1.000 BER=0.1603 (2 s)
2026-09-28 21:06:53 | src.experiments.frequency_agility | INFO   | [frequency_agility qkv] fh_on barrage       cw            JSR=  -6.0 dB r=2 jammed=1.000 BER=0.1652 (2 s)
2026-09-28 21:06:55 | src.experiments.frequency_agility | INFO   | [frequency_agility qkv] fh_on barrage       cw            JSR=  -2.0 dB r=2 jammed=1.000 BER=0.1739 (2 s)
2026-09-28 21:06:57 | src.experiments.frequency_agility | INFO   | [frequency_agility qkv] fh_on barrage       cw            JSR=   2.0 dB r=2 jammed=1.000 BER=0.1825 (2 s)
2026-09-28 21:06:59 | src.experiments.frequency_agility | INFO   | [frequency_agility qkv] fh_on barrage       cw            JSR=   6.0 dB r=2 jammed=1.000 BER=0.1529 (2 s)
2026-09-28 21:07:01 | src.experiments.frequency_agility | INFO   | [frequency_agility qkv] fh_on barrage       cw            JSR=  10.0 dB r=2 jammed=1.000 BER=0.1308 (2 s)
2026-09-28 21:07:04 | src.experiments.frequency_agility | INFO   | [frequency_agility qkv] fh_on barrage       partial_band  JSR= -10.0 dB r=2 jammed=1.000 BER=0.1226 (3 s)
2026-09-28 21:07:06 | src.experiments.frequency_agility | INFO   | [frequency_agility qkv] fh_on barrage       partial_band  JSR=  -6.0 dB r=2 jammed=1.000 BER=0.1047 (2 s)
2026-09-28 21:07:08 | src.experiments.frequency_agility | INFO   | [frequency_agility qkv] fh_on barrage       partial_band  JSR=  -2.0 dB r=2 jammed=1.000 BER=0.2574 (2 s)
2026-09-28 21:07:10 | src.experiments.frequency_agility | INFO   | [frequency_agility qkv] fh_on barrage       partial_band  JSR=   2.0 dB r=2 jammed=1.000 BER=0.4744 (2 s)
2026-09-28 21:07:12 | src.experiments.frequency_agility | INFO   | [frequency_agility qkv] fh_on barrage       partial_band  JSR=   6.0 dB r=2 jammed=1.000 BER=0.4972 (2 s)
2026-09-28 21:07:14 | src.experiments.frequency_agility | INFO   | [frequency_agility qkv] fh_on barrage       partial_band  JSR=  10.0 dB r=2 jammed=1.000 BER=0.4973 (2 s)
2026-09-28 21:07:20 | src.experiments.frequency_agility | INFO   | [frequency_agility qkv] fh_on barrage       cw            JSR= -10.0 dB r=3 jammed=1.000 BER=0.1181 (2 s)
2026-09-28 21:07:22 | src.experiments.frequency_agility | INFO   | [frequency_agility qkv] fh_on barrage       cw            JSR=  -6.0 dB r=3 jammed=1.000 BER=0.1059 (2 s)
2026-09-28 21:07:24 | src.experiments.frequency_agility | INFO   | [frequency_agility qkv] fh_on barrage       cw            JSR=  -2.0 dB r=3 jammed=1.000 BER=0.3227 (2 s)
2026-09-28 21:07:25 | src.experiments.frequency_agility | INFO   | [frequency_agility qkv] fh_on barrage       cw            JSR=   2.0 dB r=3 jammed=1.000 BER=0.4955 (2 s)
2026-09-28 21:07:27 | src.experiments.frequency_agility | INFO   | [frequency_agility qkv] fh_on barrage       cw            JSR=   6.0 dB r=3 jammed=1.000 BER=0.4997 (2 s)
2026-09-28 21:07:29 | src.experiments.frequency_agility | INFO   | [frequency_agility qkv] fh_on barrage       cw            JSR=  10.0 dB r=3 jammed=1.000 BER=0.4997 (2 s)
2026-09-28 21:07:32 | src.experiments.frequency_agility | INFO   | [frequency_agility qkv] fh_on barrage       partial_band  JSR= -10.0 dB r=3 jammed=1.000 BER=0.1292 (3 s)
2026-09-28 21:07:34 | src.experiments.frequency_agility | INFO   | [frequency_agility qkv] fh_on barrage       partial_band  JSR=  -6.0 dB r=3 jammed=1.000 BER=0.1053 (2 s)
2026-09-28 21:07:36 | src.experiments.frequency_agility | INFO   | [frequency_agility qkv] fh_on barrage       partial_band  JSR=  -2.0 dB r=3 jammed=1.000 BER=0.1590 (2 s)
2026-09-28 21:07:38 | src.experiments.frequency_agility | INFO   | [frequency_agility qkv] fh_on barrage       partial_band  JSR=   2.0 dB r=3 jammed=1.000 BER=0.4237 (2 s)
2026-09-28 21:07:40 | src.experiments.frequency_agility | INFO   | [frequency_agility qkv] fh_on barrage       partial_band  JSR=   6.0 dB r=3 jammed=1.000 BER=0.4988 (2 s)
2026-09-28 21:07:42 | src.experiments.frequency_agility | INFO   | [frequency_agility qkv] fh_on barrage       partial_band  JSR=  10.0 dB r=3 jammed=1.000 BER=0.4997 (2 s)
2026-09-28 21:07:48 | src.experiments.frequency_agility | INFO   | [frequency_agility qkv] fh_on barrage       cw            JSR= -10.0 dB r=4 jammed=1.000 BER=0.1236 (2 s)
2026-09-28 21:07:50 | src.experiments.frequency_agility | INFO   | [frequency_agility qkv] fh_on barrage       cw            JSR=  -6.0 dB r=4 jammed=1.000 BER=0.1148 (2 s)
2026-09-28 21:07:52 | src.experiments.frequency_agility | INFO   | [frequency_agility qkv] fh_on barrage       cw            JSR=  -2.0 dB r=4 jammed=1.000 BER=0.3239 (2 s)
2026-09-28 21:07:54 | src.experiments.frequency_agility | INFO   | [frequency_agility qkv] fh_on barrage       cw            JSR=   2.0 dB r=4 jammed=1.000 BER=0.4911 (2 s)
2026-09-28 21:07:56 | src.experiments.frequency_agility | INFO   | [frequency_agility qkv] fh_on barrage       cw            JSR=   6.0 dB r=4 jammed=1.000 BER=0.4959 (2 s)
2026-09-28 21:07:58 | src.experiments.frequency_agility | INFO   | [frequency_agility qkv] fh_on barrage       cw            JSR=  10.0 dB r=4 jammed=1.000 BER=0.4959 (2 s)
2026-09-28 21:08:00 | src.experiments.frequency_agility | INFO   | [frequency_agility qkv] fh_on barrage       partial_band  JSR= -10.0 dB r=4 jammed=1.000 BER=0.1747 (3 s)
2026-09-28 21:08:02 | src.experiments.frequency_agility | INFO   | [frequency_agility qkv] fh_on barrage       partial_band  JSR=  -6.0 dB r=4 jammed=1.000 BER=0.2072 (2 s)
2026-09-28 21:08:04 | src.experiments.frequency_agility | INFO   | [frequency_agility qkv] fh_on barrage       partial_band  JSR=  -2.0 dB r=4 jammed=1.000 BER=0.3058 (2 s)
2026-09-28 21:08:06 | src.experiments.frequency_agility | INFO   | [frequency_agility qkv] fh_on barrage       partial_band  JSR=   2.0 dB r=4 jammed=1.000 BER=0.4494 (2 s)
2026-09-28 21:08:08 | src.experiments.frequency_agility | INFO   | [frequency_agility qkv] fh_on barrage       partial_band  JSR=   6.0 dB r=4 jammed=1.000 BER=0.4983 (2 s)
2026-09-28 21:08:10 | src.experiments.frequency_agility | INFO   | [frequency_agility qkv] fh_on barrage       partial_band  JSR=  10.0 dB r=4 jammed=1.000 BER=0.5025 (2 s)
2026-09-28 21:08:16 | src.experiments.frequency_agility | INFO   | [frequency_agility qkv] fh_on fixed_partial cw            JSR= -10.0 dB r=0 jammed=0.250 BER=0.1696 (2 s)
2026-09-28 21:08:18 | src.experiments.frequency_agility | INFO   | [frequency_agility qkv] fh_on fixed_partial cw            JSR=  -6.0 dB r=0 jammed=0.250 BER=0.1982 (2 s)
2026-09-28 21:08:20 | src.experiments.frequency_agility | INFO   | [frequency_agility qkv] fh_on fixed_partial cw            JSR=  -2.0 dB r=0 jammed=0.250 BER=0.2347 (2 s)
2026-09-28 21:08:22 | src.experiments.frequency_agility | INFO   | [frequency_agility qkv] fh_on fixed_partial cw            JSR=   2.0 dB r=0 jammed=0.250 BER=0.2406 (2 s)
2026-09-28 21:08:23 | src.experiments.frequency_agility | INFO   | [frequency_agility qkv] fh_on fixed_partial cw            JSR=   6.0 dB r=0 jammed=0.250 BER=0.2406 (2 s)
2026-09-28 21:08:25 | src.experiments.frequency_agility | INFO   | [frequency_agility qkv] fh_on fixed_partial cw            JSR=  10.0 dB r=0 jammed=0.250 BER=0.2406 (2 s)
2026-09-28 21:08:28 | src.experiments.frequency_agility | INFO   | [frequency_agility qkv] fh_on fixed_partial partial_band  JSR= -10.0 dB r=0 jammed=0.250 BER=0.1600 (3 s)
2026-09-28 21:08:30 | src.experiments.frequency_agility | INFO   | [frequency_agility qkv] fh_on fixed_partial partial_band  JSR=  -6.0 dB r=0 jammed=0.250 BER=0.1701 (2 s)
2026-09-28 21:08:32 | src.experiments.frequency_agility | INFO   | [frequency_agility qkv] fh_on fixed_partial partial_band  JSR=  -2.0 dB r=0 jammed=0.250 BER=0.1963 (2 s)
2026-09-28 21:08:34 | src.experiments.frequency_agility | INFO   | [frequency_agility qkv] fh_on fixed_partial partial_band  JSR=   2.0 dB r=0 jammed=0.250 BER=0.2298 (2 s)
2026-09-28 21:08:36 | src.experiments.frequency_agility | INFO   | [frequency_agility qkv] fh_on fixed_partial partial_band  JSR=   6.0 dB r=0 jammed=0.250 BER=0.2397 (2 s)
2026-09-28 21:08:38 | src.experiments.frequency_agility | INFO   | [frequency_agility qkv] fh_on fixed_partial partial_band  JSR=  10.0 dB r=0 jammed=0.250 BER=0.2404 (2 s)
2026-09-28 21:08:44 | src.experiments.frequency_agility | INFO   | [frequency_agility qkv] fh_on fixed_partial cw            JSR= -10.0 dB r=1 jammed=0.250 BER=0.1661 (2 s)
2026-09-28 21:08:46 | src.experiments.frequency_agility | INFO   | [frequency_agility qkv] fh_on fixed_partial cw            JSR=  -6.0 dB r=1 jammed=0.250 BER=0.1873 (2 s)
2026-09-28 21:08:47 | src.experiments.frequency_agility | INFO   | [frequency_agility qkv] fh_on fixed_partial cw            JSR=  -2.0 dB r=1 jammed=0.250 BER=0.2302 (2 s)
2026-09-28 21:08:49 | src.experiments.frequency_agility | INFO   | [frequency_agility qkv] fh_on fixed_partial cw            JSR=   2.0 dB r=1 jammed=0.250 BER=0.2441 (2 s)
2026-09-28 21:08:51 | src.experiments.frequency_agility | INFO   | [frequency_agility qkv] fh_on fixed_partial cw            JSR=   6.0 dB r=1 jammed=0.250 BER=0.2441 (2 s)
2026-09-28 21:08:53 | src.experiments.frequency_agility | INFO   | [frequency_agility qkv] fh_on fixed_partial cw            JSR=  10.0 dB r=1 jammed=0.250 BER=0.2441 (2 s)
2026-09-28 21:08:55 | src.experiments.frequency_agility | INFO   | [frequency_agility qkv] fh_on fixed_partial partial_band  JSR= -10.0 dB r=1 jammed=0.250 BER=0.1492 (2 s)
2026-09-28 21:08:58 | src.experiments.frequency_agility | INFO   | [frequency_agility qkv] fh_on fixed_partial partial_band  JSR=  -6.0 dB r=1 jammed=0.250 BER=0.1437 (2 s)
2026-09-28 21:09:00 | src.experiments.frequency_agility | INFO   | [frequency_agility qkv] fh_on fixed_partial partial_band  JSR=  -2.0 dB r=1 jammed=0.250 BER=0.1562 (2 s)
2026-09-28 21:09:02 | src.experiments.frequency_agility | INFO   | [frequency_agility qkv] fh_on fixed_partial partial_band  JSR=   2.0 dB r=1 jammed=0.250 BER=0.2220 (2 s)
2026-09-28 21:09:03 | src.experiments.frequency_agility | INFO   | [frequency_agility qkv] fh_on fixed_partial partial_band  JSR=   6.0 dB r=1 jammed=0.250 BER=0.2418 (2 s)
2026-09-28 21:09:05 | src.experiments.frequency_agility | INFO   | [frequency_agility qkv] fh_on fixed_partial partial_band  JSR=  10.0 dB r=1 jammed=0.250 BER=0.2421 (2 s)
2026-09-28 21:09:11 | src.experiments.frequency_agility | INFO   | [frequency_agility qkv] fh_on fixed_partial cw            JSR= -10.0 dB r=2 jammed=0.250 BER=0.1588 (3 s)
2026-09-28 21:09:13 | src.experiments.frequency_agility | INFO   | [frequency_agility qkv] fh_on fixed_partial cw            JSR=  -6.0 dB r=2 jammed=0.250 BER=0.1601 (2 s)
2026-09-28 21:09:15 | src.experiments.frequency_agility | INFO   | [frequency_agility qkv] fh_on fixed_partial cw            JSR=  -2.0 dB r=2 jammed=0.250 BER=0.1623 (2 s)
2026-09-28 21:09:17 | src.experiments.frequency_agility | INFO   | [frequency_agility qkv] fh_on fixed_partial cw            JSR=   2.0 dB r=2 jammed=0.250 BER=0.1648 (2 s)
2026-09-28 21:09:19 | src.experiments.frequency_agility | INFO   | [frequency_agility qkv] fh_on fixed_partial cw            JSR=   6.0 dB r=2 jammed=0.250 BER=0.1560 (2 s)
2026-09-28 21:09:20 | src.experiments.frequency_agility | INFO   | [frequency_agility qkv] fh_on fixed_partial cw            JSR=  10.0 dB r=2 jammed=0.250 BER=0.1517 (2 s)
2026-09-28 21:09:23 | src.experiments.frequency_agility | INFO   | [frequency_agility qkv] fh_on fixed_partial partial_band  JSR= -10.0 dB r=2 jammed=0.250 BER=0.1504 (2 s)
2026-09-28 21:09:25 | src.experiments.frequency_agility | INFO   | [frequency_agility qkv] fh_on fixed_partial partial_band  JSR=  -6.0 dB r=2 jammed=0.250 BER=0.1470 (3 s)
2026-09-28 21:09:27 | src.experiments.frequency_agility | INFO   | [frequency_agility qkv] fh_on fixed_partial partial_band  JSR=  -2.0 dB r=2 jammed=0.250 BER=0.1842 (2 s)
2026-09-28 21:09:29 | src.experiments.frequency_agility | INFO   | [frequency_agility qkv] fh_on fixed_partial partial_band  JSR=   2.0 dB r=2 jammed=0.250 BER=0.2374 (2 s)
2026-09-28 21:09:31 | src.experiments.frequency_agility | INFO   | [frequency_agility qkv] fh_on fixed_partial partial_band  JSR=   6.0 dB r=2 jammed=0.250 BER=0.2422 (2 s)
2026-09-28 21:09:33 | src.experiments.frequency_agility | INFO   | [frequency_agility qkv] fh_on fixed_partial partial_band  JSR=  10.0 dB r=2 jammed=0.250 BER=0.2423 (2 s)
2026-09-28 21:09:38 | src.experiments.frequency_agility | INFO   | [frequency_agility qkv] fh_on fixed_partial cw            JSR= -10.0 dB r=3 jammed=0.250 BER=0.1502 (2 s)
2026-09-28 21:09:40 | src.experiments.frequency_agility | INFO   | [frequency_agility qkv] fh_on fixed_partial cw            JSR=  -6.0 dB r=3 jammed=0.250 BER=0.1472 (2 s)
2026-09-28 21:09:42 | src.experiments.frequency_agility | INFO   | [frequency_agility qkv] fh_on fixed_partial cw            JSR=  -2.0 dB r=3 jammed=0.250 BER=0.2001 (2 s)
2026-09-28 21:09:44 | src.experiments.frequency_agility | INFO   | [frequency_agility qkv] fh_on fixed_partial cw            JSR=   2.0 dB r=3 jammed=0.250 BER=0.2460 (2 s)
2026-09-28 21:09:46 | src.experiments.frequency_agility | INFO   | [frequency_agility qkv] fh_on fixed_partial cw            JSR=   6.0 dB r=3 jammed=0.250 BER=0.2470 (2 s)
2026-09-28 21:09:48 | src.experiments.frequency_agility | INFO   | [frequency_agility qkv] fh_on fixed_partial cw            JSR=  10.0 dB r=3 jammed=0.250 BER=0.2470 (2 s)
2026-09-28 21:09:50 | src.experiments.frequency_agility | INFO   | [frequency_agility qkv] fh_on fixed_partial partial_band  JSR= -10.0 dB r=3 jammed=0.250 BER=0.1533 (2 s)
2026-09-28 21:09:52 | src.experiments.frequency_agility | INFO   | [frequency_agility qkv] fh_on fixed_partial partial_band  JSR=  -6.0 dB r=3 jammed=0.250 BER=0.1479 (2 s)
2026-09-28 21:09:55 | src.experiments.frequency_agility | INFO   | [frequency_agility qkv] fh_on fixed_partial partial_band  JSR=  -2.0 dB r=3 jammed=0.250 BER=0.1601 (2 s)
2026-09-28 21:09:56 | src.experiments.frequency_agility | INFO   | [frequency_agility qkv] fh_on fixed_partial partial_band  JSR=   2.0 dB r=3 jammed=0.250 BER=0.2261 (2 s)
2026-09-28 21:09:58 | src.experiments.frequency_agility | INFO   | [frequency_agility qkv] fh_on fixed_partial partial_band  JSR=   6.0 dB r=3 jammed=0.250 BER=0.2467 (2 s)
2026-09-28 21:10:00 | src.experiments.frequency_agility | INFO   | [frequency_agility qkv] fh_on fixed_partial partial_band  JSR=  10.0 dB r=3 jammed=0.250 BER=0.2470 (2 s)
2026-09-28 21:10:06 | src.experiments.frequency_agility | INFO   | [frequency_agility qkv] fh_on fixed_partial cw            JSR= -10.0 dB r=4 jammed=0.250 BER=0.1468 (2 s)
2026-09-28 21:10:08 | src.experiments.frequency_agility | INFO   | [frequency_agility qkv] fh_on fixed_partial cw            JSR=  -6.0 dB r=4 jammed=0.250 BER=0.1448 (2 s)
2026-09-28 21:10:10 | src.experiments.frequency_agility | INFO   | [frequency_agility qkv] fh_on fixed_partial cw            JSR=  -2.0 dB r=4 jammed=0.250 BER=0.1986 (2 s)
2026-09-28 21:10:12 | src.experiments.frequency_agility | INFO   | [frequency_agility qkv] fh_on fixed_partial cw            JSR=   2.0 dB r=4 jammed=0.250 BER=0.2397 (2 s)
2026-09-28 21:10:13 | src.experiments.frequency_agility | INFO   | [frequency_agility qkv] fh_on fixed_partial cw            JSR=   6.0 dB r=4 jammed=0.250 BER=0.2407 (2 s)
2026-09-28 21:10:15 | src.experiments.frequency_agility | INFO   | [frequency_agility qkv] fh_on fixed_partial cw            JSR=  10.0 dB r=4 jammed=0.250 BER=0.2407 (2 s)
2026-09-28 21:10:17 | src.experiments.frequency_agility | INFO   | [frequency_agility qkv] fh_on fixed_partial partial_band  JSR= -10.0 dB r=4 jammed=0.250 BER=0.1585 (2 s)
2026-09-28 21:10:19 | src.experiments.frequency_agility | INFO   | [frequency_agility qkv] fh_on fixed_partial partial_band  JSR=  -6.0 dB r=4 jammed=0.250 BER=0.1670 (2 s)
2026-09-28 21:10:22 | src.experiments.frequency_agility | INFO   | [frequency_agility qkv] fh_on fixed_partial partial_band  JSR=  -2.0 dB r=4 jammed=0.250 BER=0.1905 (2 s)
2026-09-28 21:10:24 | src.experiments.frequency_agility | INFO   | [frequency_agility qkv] fh_on fixed_partial partial_band  JSR=   2.0 dB r=4 jammed=0.250 BER=0.2267 (2 s)
2026-09-28 21:10:26 | src.experiments.frequency_agility | INFO   | [frequency_agility qkv] fh_on fixed_partial partial_band  JSR=   6.0 dB r=4 jammed=0.250 BER=0.2390 (2 s)
2026-09-28 21:10:27 | src.experiments.frequency_agility | INFO   | [frequency_agility qkv] fh_on fixed_partial partial_band  JSR=  10.0 dB r=4 jammed=0.250 BER=0.2401 (2 s)
2026-09-28 21:10:32 | src.experiments.frequency_agility | INFO   | [frequency_agility qkv] fh_on sweep         cw            JSR= -10.0 dB r=0 jammed=0.121 BER=0.1670 (2 s)
2026-09-28 21:10:35 | src.experiments.frequency_agility | INFO   | [frequency_agility qkv] fh_on sweep         cw            JSR=  -6.0 dB r=0 jammed=0.121 BER=0.1814 (2 s)
2026-09-28 21:10:37 | src.experiments.frequency_agility | INFO   | [frequency_agility qkv] fh_on sweep         cw            JSR=  -2.0 dB r=0 jammed=0.121 BER=0.1999 (2 s)
2026-09-28 21:10:39 | src.experiments.frequency_agility | INFO   | [frequency_agility qkv] fh_on sweep         cw            JSR=   2.0 dB r=0 jammed=0.121 BER=0.2020 (2 s)
2026-09-28 21:10:41 | src.experiments.frequency_agility | INFO   | [frequency_agility qkv] fh_on sweep         cw            JSR=   6.0 dB r=0 jammed=0.121 BER=0.2020 (2 s)
2026-09-28 21:10:42 | src.experiments.frequency_agility | INFO   | [frequency_agility qkv] fh_on sweep         cw            JSR=  10.0 dB r=0 jammed=0.121 BER=0.2020 (2 s)
2026-09-28 21:10:44 | src.experiments.frequency_agility | INFO   | [frequency_agility qkv] fh_on sweep         partial_band  JSR= -10.0 dB r=0 jammed=0.121 BER=0.1620 (2 s)
2026-09-28 21:10:46 | src.experiments.frequency_agility | INFO   | [frequency_agility qkv] fh_on sweep         partial_band  JSR=  -6.0 dB r=0 jammed=0.121 BER=0.1671 (2 s)
2026-09-28 21:10:49 | src.experiments.frequency_agility | INFO   | [frequency_agility qkv] fh_on sweep         partial_band  JSR=  -2.0 dB r=0 jammed=0.121 BER=0.1806 (2 s)
2026-09-28 21:10:51 | src.experiments.frequency_agility | INFO   | [frequency_agility qkv] fh_on sweep         partial_band  JSR=   2.0 dB r=0 jammed=0.121 BER=0.1971 (2 s)
2026-09-28 21:10:53 | src.experiments.frequency_agility | INFO   | [frequency_agility qkv] fh_on sweep         partial_band  JSR=   6.0 dB r=0 jammed=0.121 BER=0.2018 (2 s)
2026-09-28 21:10:55 | src.experiments.frequency_agility | INFO   | [frequency_agility qkv] fh_on sweep         partial_band  JSR=  10.0 dB r=0 jammed=0.121 BER=0.2019 (2 s)
2026-09-28 21:11:00 | src.experiments.frequency_agility | INFO   | [frequency_agility qkv] fh_on sweep         cw            JSR= -10.0 dB r=1 jammed=0.124 BER=0.1572 (2 s)
2026-09-28 21:11:02 | src.experiments.frequency_agility | INFO   | [frequency_agility qkv] fh_on sweep         cw            JSR=  -6.0 dB r=1 jammed=0.124 BER=0.1680 (2 s)
2026-09-28 21:11:04 | src.experiments.frequency_agility | INFO   | [frequency_agility qkv] fh_on sweep         cw            JSR=  -2.0 dB r=1 jammed=0.124 BER=0.1872 (2 s)
2026-09-28 21:11:06 | src.experiments.frequency_agility | INFO   | [frequency_agility qkv] fh_on sweep         cw            JSR=   2.0 dB r=1 jammed=0.124 BER=0.1939 (2 s)
2026-09-28 21:11:08 | src.experiments.frequency_agility | INFO   | [frequency_agility qkv] fh_on sweep         cw            JSR=   6.0 dB r=1 jammed=0.124 BER=0.1939 (2 s)
2026-09-28 21:11:10 | src.experiments.frequency_agility | INFO   | [frequency_agility qkv] fh_on sweep         cw            JSR=  10.0 dB r=1 jammed=0.124 BER=0.1939 (2 s)
2026-09-28 21:11:11 | src.experiments.frequency_agility | INFO   | [frequency_agility qkv] fh_on sweep         partial_band  JSR= -10.0 dB r=1 jammed=0.124 BER=0.1479 (2 s)
2026-09-28 21:11:13 | src.experiments.frequency_agility | INFO   | [frequency_agility qkv] fh_on sweep         partial_band  JSR=  -6.0 dB r=1 jammed=0.124 BER=0.1457 (2 s)
2026-09-28 21:11:16 | src.experiments.frequency_agility | INFO   | [frequency_agility qkv] fh_on sweep         partial_band  JSR=  -2.0 dB r=1 jammed=0.124 BER=0.1521 (2 s)
2026-09-28 21:11:18 | src.experiments.frequency_agility | INFO   | [frequency_agility qkv] fh_on sweep         partial_band  JSR=   2.0 dB r=1 jammed=0.124 BER=0.1842 (2 s)
2026-09-28 21:11:20 | src.experiments.frequency_agility | INFO   | [frequency_agility qkv] fh_on sweep         partial_band  JSR=   6.0 dB r=1 jammed=0.124 BER=0.1950 (2 s)
2026-09-28 21:11:22 | src.experiments.frequency_agility | INFO   | [frequency_agility qkv] fh_on sweep         partial_band  JSR=  10.0 dB r=1 jammed=0.124 BER=0.1951 (2 s)
2026-09-28 21:11:27 | src.experiments.frequency_agility | INFO   | [frequency_agility qkv] fh_on sweep         cw            JSR= -10.0 dB r=2 jammed=0.120 BER=0.1540 (2 s)
2026-09-28 21:11:29 | src.experiments.frequency_agility | INFO   | [frequency_agility qkv] fh_on sweep         cw            JSR=  -6.0 dB r=2 jammed=0.120 BER=0.1547 (2 s)
2026-09-28 21:11:31 | src.experiments.frequency_agility | INFO   | [frequency_agility qkv] fh_on sweep         cw            JSR=  -2.0 dB r=2 jammed=0.120 BER=0.1560 (2 s)
2026-09-28 21:11:33 | src.experiments.frequency_agility | INFO   | [frequency_agility qkv] fh_on sweep         cw            JSR=   2.0 dB r=2 jammed=0.120 BER=0.1573 (2 s)
2026-09-28 21:11:35 | src.experiments.frequency_agility | INFO   | [frequency_agility qkv] fh_on sweep         cw            JSR=   6.0 dB r=2 jammed=0.120 BER=0.1538 (2 s)
2026-09-28 21:11:37 | src.experiments.frequency_agility | INFO   | [frequency_agility qkv] fh_on sweep         cw            JSR=  10.0 dB r=2 jammed=0.120 BER=0.1505 (2 s)
2026-09-28 21:11:39 | src.experiments.frequency_agility | INFO   | [frequency_agility qkv] fh_on sweep         partial_band  JSR= -10.0 dB r=2 jammed=0.120 BER=0.1499 (2 s)
2026-09-28 21:11:41 | src.experiments.frequency_agility | INFO   | [frequency_agility qkv] fh_on sweep         partial_band  JSR=  -6.0 dB r=2 jammed=0.120 BER=0.1483 (2 s)
2026-09-28 21:11:43 | src.experiments.frequency_agility | INFO   | [frequency_agility qkv] fh_on sweep         partial_band  JSR=  -2.0 dB r=2 jammed=0.120 BER=0.1652 (2 s)
2026-09-28 21:11:45 | src.experiments.frequency_agility | INFO   | [frequency_agility qkv] fh_on sweep         partial_band  JSR=   2.0 dB r=2 jammed=0.120 BER=0.1929 (2 s)
2026-09-28 21:11:47 | src.experiments.frequency_agility | INFO   | [frequency_agility qkv] fh_on sweep         partial_band  JSR=   6.0 dB r=2 jammed=0.120 BER=0.1963 (2 s)
2026-09-28 21:11:49 | src.experiments.frequency_agility | INFO   | [frequency_agility qkv] fh_on sweep         partial_band  JSR=  10.0 dB r=2 jammed=0.120 BER=0.1963 (2 s)
2026-09-28 21:11:54 | src.experiments.frequency_agility | INFO   | [frequency_agility qkv] fh_on sweep         cw            JSR= -10.0 dB r=3 jammed=0.121 BER=0.1447 (2 s)
2026-09-28 21:11:56 | src.experiments.frequency_agility | INFO   | [frequency_agility qkv] fh_on sweep         cw            JSR=  -6.0 dB r=3 jammed=0.121 BER=0.1430 (2 s)
2026-09-28 21:11:58 | src.experiments.frequency_agility | INFO   | [frequency_agility qkv] fh_on sweep         cw            JSR=  -2.0 dB r=3 jammed=0.121 BER=0.1699 (2 s)
2026-09-28 21:12:00 | src.experiments.frequency_agility | INFO   | [frequency_agility qkv] fh_on sweep         cw            JSR=   2.0 dB r=3 jammed=0.121 BER=0.1930 (2 s)
2026-09-28 21:12:02 | src.experiments.frequency_agility | INFO   | [frequency_agility qkv] fh_on sweep         cw            JSR=   6.0 dB r=3 jammed=0.121 BER=0.1932 (2 s)
2026-09-28 21:12:04 | src.experiments.frequency_agility | INFO   | [frequency_agility qkv] fh_on sweep         cw            JSR=  10.0 dB r=3 jammed=0.121 BER=0.1932 (2 s)
2026-09-28 21:12:06 | src.experiments.frequency_agility | INFO   | [frequency_agility qkv] fh_on sweep         partial_band  JSR= -10.0 dB r=3 jammed=0.121 BER=0.1463 (2 s)
2026-09-28 21:12:08 | src.experiments.frequency_agility | INFO   | [frequency_agility qkv] fh_on sweep         partial_band  JSR=  -6.0 dB r=3 jammed=0.121 BER=0.1433 (2 s)
2026-09-28 21:12:09 | src.experiments.frequency_agility | INFO   | [frequency_agility qkv] fh_on sweep         partial_band  JSR=  -2.0 dB r=3 jammed=0.121 BER=0.1507 (2 s)
2026-09-28 21:12:12 | src.experiments.frequency_agility | INFO   | [frequency_agility qkv] fh_on sweep         partial_band  JSR=   2.0 dB r=3 jammed=0.121 BER=0.1829 (2 s)
2026-09-28 21:12:14 | src.experiments.frequency_agility | INFO   | [frequency_agility qkv] fh_on sweep         partial_band  JSR=   6.0 dB r=3 jammed=0.121 BER=0.1931 (2 s)
2026-09-28 21:12:16 | src.experiments.frequency_agility | INFO   | [frequency_agility qkv] fh_on sweep         partial_band  JSR=  10.0 dB r=3 jammed=0.121 BER=0.1932 (2 s)
2026-09-28 21:12:21 | src.experiments.frequency_agility | INFO   | [frequency_agility qkv] fh_on sweep         cw            JSR= -10.0 dB r=4 jammed=0.123 BER=0.1542 (2 s)
2026-09-28 21:12:23 | src.experiments.frequency_agility | INFO   | [frequency_agility qkv] fh_on sweep         cw            JSR=  -6.0 dB r=4 jammed=0.123 BER=0.1535 (2 s)
2026-09-28 21:12:25 | src.experiments.frequency_agility | INFO   | [frequency_agility qkv] fh_on sweep         cw            JSR=  -2.0 dB r=4 jammed=0.123 BER=0.1805 (2 s)
2026-09-28 21:12:27 | src.experiments.frequency_agility | INFO   | [frequency_agility qkv] fh_on sweep         cw            JSR=   2.0 dB r=4 jammed=0.123 BER=0.2014 (2 s)
2026-09-28 21:12:29 | src.experiments.frequency_agility | INFO   | [frequency_agility qkv] fh_on sweep         cw            JSR=   6.0 dB r=4 jammed=0.123 BER=0.2023 (2 s)
2026-09-28 21:12:31 | src.experiments.frequency_agility | INFO   | [frequency_agility qkv] fh_on sweep         cw            JSR=  10.0 dB r=4 jammed=0.123 BER=0.2023 (2 s)
2026-09-28 21:12:33 | src.experiments.frequency_agility | INFO   | [frequency_agility qkv] fh_on sweep         partial_band  JSR= -10.0 dB r=4 jammed=0.123 BER=0.1608 (2 s)
2026-09-28 21:12:35 | src.experiments.frequency_agility | INFO   | [frequency_agility qkv] fh_on sweep         partial_band  JSR=  -6.0 dB r=4 jammed=0.123 BER=0.1646 (2 s)
2026-09-28 21:12:36 | src.experiments.frequency_agility | INFO   | [frequency_agility qkv] fh_on sweep         partial_band  JSR=  -2.0 dB r=4 jammed=0.123 BER=0.1761 (2 s)
2026-09-28 21:12:38 | src.experiments.frequency_agility | INFO   | [frequency_agility qkv] fh_on sweep         partial_band  JSR=   2.0 dB r=4 jammed=0.123 BER=0.1926 (2 s)
2026-09-28 21:12:41 | src.experiments.frequency_agility | INFO   | [frequency_agility qkv] fh_on sweep         partial_band  JSR=   6.0 dB r=4 jammed=0.123 BER=0.1989 (2 s)
2026-09-28 21:12:43 | src.experiments.frequency_agility | INFO   | [frequency_agility qkv] fh_on sweep         partial_band  JSR=  10.0 dB r=4 jammed=0.123 BER=0.1994 (2 s)
2026-09-28 21:12:48 | src.experiments.frequency_agility | INFO   | [frequency_agility qkv] fh_on follower      cw            JSR= -10.0 dB r=0 jammed=0.000 BER=0.1555 (2 s)
2026-09-28 21:12:50 | src.experiments.frequency_agility | INFO   | [frequency_agility qkv] fh_on follower      cw            JSR=  -6.0 dB r=0 jammed=0.000 BER=0.1555 (2 s)
2026-09-28 21:12:51 | src.experiments.frequency_agility | INFO   | [frequency_agility qkv] fh_on follower      cw            JSR=  -2.0 dB r=0 jammed=0.000 BER=0.1555 (2 s)
2026-09-28 21:12:54 | src.experiments.frequency_agility | INFO   | [frequency_agility qkv] fh_on follower      cw            JSR=   2.0 dB r=0 jammed=0.000 BER=0.1555 (2 s)
2026-09-28 21:12:56 | src.experiments.frequency_agility | INFO   | [frequency_agility qkv] fh_on follower      cw            JSR=   6.0 dB r=0 jammed=0.000 BER=0.1555 (2 s)
2026-09-28 21:12:58 | src.experiments.frequency_agility | INFO   | [frequency_agility qkv] fh_on follower      cw            JSR=  10.0 dB r=0 jammed=0.000 BER=0.1555 (2 s)
2026-09-28 21:13:00 | src.experiments.frequency_agility | INFO   | [frequency_agility qkv] fh_on follower      partial_band  JSR= -10.0 dB r=0 jammed=0.000 BER=0.1555 (2 s)
2026-09-28 21:13:02 | src.experiments.frequency_agility | INFO   | [frequency_agility qkv] fh_on follower      partial_band  JSR=  -6.0 dB r=0 jammed=0.000 BER=0.1555 (2 s)
2026-09-28 21:13:03 | src.experiments.frequency_agility | INFO   | [frequency_agility qkv] fh_on follower      partial_band  JSR=  -2.0 dB r=0 jammed=0.000 BER=0.1555 (2 s)
2026-09-28 21:13:05 | src.experiments.frequency_agility | INFO   | [frequency_agility qkv] fh_on follower      partial_band  JSR=   2.0 dB r=0 jammed=0.000 BER=0.1555 (2 s)
2026-09-28 21:13:07 | src.experiments.frequency_agility | INFO   | [frequency_agility qkv] fh_on follower      partial_band  JSR=   6.0 dB r=0 jammed=0.000 BER=0.1555 (2 s)
2026-09-28 21:13:10 | src.experiments.frequency_agility | INFO   | [frequency_agility qkv] fh_on follower      partial_band  JSR=  10.0 dB r=0 jammed=0.000 BER=0.1555 (2 s)
2026-09-28 21:13:15 | src.experiments.frequency_agility | INFO   | [frequency_agility qkv] fh_on follower      cw            JSR= -10.0 dB r=1 jammed=0.000 BER=0.1557 (2 s)
2026-09-28 21:13:16 | src.experiments.frequency_agility | INFO   | [frequency_agility qkv] fh_on follower      cw            JSR=  -6.0 dB r=1 jammed=0.000 BER=0.1557 (2 s)
2026-09-28 21:13:18 | src.experiments.frequency_agility | INFO   | [frequency_agility qkv] fh_on follower      cw            JSR=  -2.0 dB r=1 jammed=0.000 BER=0.1557 (2 s)
2026-09-28 21:13:20 | src.experiments.frequency_agility | INFO   | [frequency_agility qkv] fh_on follower      cw            JSR=   2.0 dB r=1 jammed=0.000 BER=0.1557 (2 s)
2026-09-28 21:13:23 | src.experiments.frequency_agility | INFO   | [frequency_agility qkv] fh_on follower      cw            JSR=   6.0 dB r=1 jammed=0.000 BER=0.1557 (2 s)
2026-09-28 21:13:25 | src.experiments.frequency_agility | INFO   | [frequency_agility qkv] fh_on follower      cw            JSR=  10.0 dB r=1 jammed=0.000 BER=0.1557 (2 s)
2026-09-28 21:13:27 | src.experiments.frequency_agility | INFO   | [frequency_agility qkv] fh_on follower      partial_band  JSR= -10.0 dB r=1 jammed=0.000 BER=0.1557 (2 s)
2026-09-28 21:13:29 | src.experiments.frequency_agility | INFO   | [frequency_agility qkv] fh_on follower      partial_band  JSR=  -6.0 dB r=1 jammed=0.000 BER=0.1557 (2 s)
2026-09-28 21:13:30 | src.experiments.frequency_agility | INFO   | [frequency_agility qkv] fh_on follower      partial_band  JSR=  -2.0 dB r=1 jammed=0.000 BER=0.1557 (2 s)
2026-09-28 21:13:32 | src.experiments.frequency_agility | INFO   | [frequency_agility qkv] fh_on follower      partial_band  JSR=   2.0 dB r=1 jammed=0.000 BER=0.1557 (2 s)
2026-09-28 21:13:34 | src.experiments.frequency_agility | INFO   | [frequency_agility qkv] fh_on follower      partial_band  JSR=   6.0 dB r=1 jammed=0.000 BER=0.1557 (2 s)
2026-09-28 21:13:36 | src.experiments.frequency_agility | INFO   | [frequency_agility qkv] fh_on follower      partial_band  JSR=  10.0 dB r=1 jammed=0.000 BER=0.1557 (2 s)
2026-09-28 21:13:42 | src.experiments.frequency_agility | INFO   | [frequency_agility qkv] fh_on follower      cw            JSR= -10.0 dB r=2 jammed=0.000 BER=0.1582 (2 s)
2026-09-28 21:13:43 | src.experiments.frequency_agility | INFO   | [frequency_agility qkv] fh_on follower      cw            JSR=  -6.0 dB r=2 jammed=0.000 BER=0.1582 (2 s)
2026-09-28 21:13:45 | src.experiments.frequency_agility | INFO   | [frequency_agility qkv] fh_on follower      cw            JSR=  -2.0 dB r=2 jammed=0.000 BER=0.1582 (2 s)
2026-09-28 21:13:47 | src.experiments.frequency_agility | INFO   | [frequency_agility qkv] fh_on follower      cw            JSR=   2.0 dB r=2 jammed=0.000 BER=0.1582 (2 s)
2026-09-28 21:13:49 | src.experiments.frequency_agility | INFO   | [frequency_agility qkv] fh_on follower      cw            JSR=   6.0 dB r=2 jammed=0.000 BER=0.1582 (2 s)
2026-09-28 21:13:52 | src.experiments.frequency_agility | INFO   | [frequency_agility qkv] fh_on follower      cw            JSR=  10.0 dB r=2 jammed=0.000 BER=0.1582 (2 s)
2026-09-28 21:13:54 | src.experiments.frequency_agility | INFO   | [frequency_agility qkv] fh_on follower      partial_band  JSR= -10.0 dB r=2 jammed=0.000 BER=0.1582 (2 s)
2026-09-28 21:13:55 | src.experiments.frequency_agility | INFO   | [frequency_agility qkv] fh_on follower      partial_band  JSR=  -6.0 dB r=2 jammed=0.000 BER=0.1582 (2 s)
2026-09-28 21:13:57 | src.experiments.frequency_agility | INFO   | [frequency_agility qkv] fh_on follower      partial_band  JSR=  -2.0 dB r=2 jammed=0.000 BER=0.1582 (2 s)
2026-09-28 21:13:59 | src.experiments.frequency_agility | INFO   | [frequency_agility qkv] fh_on follower      partial_band  JSR=   2.0 dB r=2 jammed=0.000 BER=0.1582 (2 s)
2026-09-28 21:14:01 | src.experiments.frequency_agility | INFO   | [frequency_agility qkv] fh_on follower      partial_band  JSR=   6.0 dB r=2 jammed=0.000 BER=0.1582 (2 s)
2026-09-28 21:14:03 | src.experiments.frequency_agility | INFO   | [frequency_agility qkv] fh_on follower      partial_band  JSR=  10.0 dB r=2 jammed=0.000 BER=0.1582 (2 s)
2026-09-28 21:14:09 | src.experiments.frequency_agility | INFO   | [frequency_agility qkv] fh_on follower      cw            JSR= -10.0 dB r=3 jammed=0.000 BER=0.1577 (2 s)
2026-09-28 21:14:10 | src.experiments.frequency_agility | INFO   | [frequency_agility qkv] fh_on follower      cw            JSR=  -6.0 dB r=3 jammed=0.000 BER=0.1577 (2 s)
2026-09-28 21:14:12 | src.experiments.frequency_agility | INFO   | [frequency_agility qkv] fh_on follower      cw            JSR=  -2.0 dB r=3 jammed=0.000 BER=0.1577 (2 s)
2026-09-28 21:14:14 | src.experiments.frequency_agility | INFO   | [frequency_agility qkv] fh_on follower      cw            JSR=   2.0 dB r=3 jammed=0.000 BER=0.1577 (2 s)
2026-09-28 21:14:16 | src.experiments.frequency_agility | INFO   | [frequency_agility qkv] fh_on follower      cw            JSR=   6.0 dB r=3 jammed=0.000 BER=0.1577 (2 s)
2026-09-28 21:14:18 | src.experiments.frequency_agility | INFO   | [frequency_agility qkv] fh_on follower      cw            JSR=  10.0 dB r=3 jammed=0.000 BER=0.1577 (2 s)
2026-09-28 21:14:21 | src.experiments.frequency_agility | INFO   | [frequency_agility qkv] fh_on follower      partial_band  JSR= -10.0 dB r=3 jammed=0.000 BER=0.1577 (2 s)
2026-09-28 21:14:22 | src.experiments.frequency_agility | INFO   | [frequency_agility qkv] fh_on follower      partial_band  JSR=  -6.0 dB r=3 jammed=0.000 BER=0.1577 (2 s)
2026-09-28 21:14:24 | src.experiments.frequency_agility | INFO   | [frequency_agility qkv] fh_on follower      partial_band  JSR=  -2.0 dB r=3 jammed=0.000 BER=0.1577 (2 s)
2026-09-28 21:14:26 | src.experiments.frequency_agility | INFO   | [frequency_agility qkv] fh_on follower      partial_band  JSR=   2.0 dB r=3 jammed=0.000 BER=0.1577 (2 s)
2026-09-28 21:14:28 | src.experiments.frequency_agility | INFO   | [frequency_agility qkv] fh_on follower      partial_band  JSR=   6.0 dB r=3 jammed=0.000 BER=0.1577 (2 s)
2026-09-28 21:14:29 | src.experiments.frequency_agility | INFO   | [frequency_agility qkv] fh_on follower      partial_band  JSR=  10.0 dB r=3 jammed=0.000 BER=0.1577 (2 s)
2026-09-28 21:14:36 | src.experiments.frequency_agility | INFO   | [frequency_agility qkv] fh_on follower      cw            JSR= -10.0 dB r=4 jammed=0.000 BER=0.1577 (2 s)
2026-09-28 21:14:37 | src.experiments.frequency_agility | INFO   | [frequency_agility qkv] fh_on follower      cw            JSR=  -6.0 dB r=4 jammed=0.000 BER=0.1577 (2 s)
2026-09-28 21:14:39 | src.experiments.frequency_agility | INFO   | [frequency_agility qkv] fh_on follower      cw            JSR=  -2.0 dB r=4 jammed=0.000 BER=0.1577 (2 s)
2026-09-28 21:14:41 | src.experiments.frequency_agility | INFO   | [frequency_agility qkv] fh_on follower      cw            JSR=   2.0 dB r=4 jammed=0.000 BER=0.1577 (2 s)
2026-09-28 21:14:43 | src.experiments.frequency_agility | INFO   | [frequency_agility qkv] fh_on follower      cw            JSR=   6.0 dB r=4 jammed=0.000 BER=0.1577 (2 s)
2026-09-28 21:14:45 | src.experiments.frequency_agility | INFO   | [frequency_agility qkv] fh_on follower      cw            JSR=  10.0 dB r=4 jammed=0.000 BER=0.1577 (2 s)
2026-09-28 21:14:48 | src.experiments.frequency_agility | INFO   | [frequency_agility qkv] fh_on follower      partial_band  JSR= -10.0 dB r=4 jammed=0.000 BER=0.1577 (2 s)
2026-09-28 21:14:49 | src.experiments.frequency_agility | INFO   | [frequency_agility qkv] fh_on follower      partial_band  JSR=  -6.0 dB r=4 jammed=0.000 BER=0.1577 (2 s)
2026-09-28 21:14:51 | src.experiments.frequency_agility | INFO   | [frequency_agility qkv] fh_on follower      partial_band  JSR=  -2.0 dB r=4 jammed=0.000 BER=0.1577 (2 s)
2026-09-28 21:14:53 | src.experiments.frequency_agility | INFO   | [frequency_agility qkv] fh_on follower      partial_band  JSR=   2.0 dB r=4 jammed=0.000 BER=0.1577 (2 s)
2026-09-28 21:14:55 | src.experiments.frequency_agility | INFO   | [frequency_agility qkv] fh_on follower      partial_band  JSR=   6.0 dB r=4 jammed=0.000 BER=0.1577 (2 s)
2026-09-28 21:14:57 | src.experiments.frequency_agility | INFO   | [frequency_agility qkv] fh_on follower      partial_band  JSR=  10.0 dB r=4 jammed=0.000 BER=0.1577 (2 s)
2026-09-28 21:14:57 | src.experiments.frequency_agility | INFO   | [frequency_agility qkv] BER-vs-JSR summary saved to /content/drive/MyDrive/DHUC_RUN/qkv_ber/full/frequency_agility/qkv/frequency_agility_vs_jsr.csv
2026-09-28 21:15:15 | src.experiments.frequency_agility | INFO   | [frequency_agility qkv] dwell=1 (100000 Hz) sweep         JSR=6.0 dB jammed=0.125 BER=0.1886 [0.1714, 0.2058]
2026-09-28 21:15:32 | src.experiments.frequency_agility | INFO   | [frequency_agility qkv] dwell=1 (100000 Hz) follower      JSR=6.0 dB jammed=0.000 BER=0.1570 [0.1559, 0.1581]
2026-09-28 21:15:50 | src.experiments.frequency_agility | INFO   | [frequency_agility qkv] dwell=2 (50000 Hz) sweep         JSR=6.0 dB jammed=0.126 BER=0.1904 [0.1725, 0.2083]
2026-09-28 21:16:07 | src.experiments.frequency_agility | INFO   | [frequency_agility qkv] dwell=2 (50000 Hz) follower      JSR=6.0 dB jammed=0.000 BER=0.1555 [0.1532, 0.1579]
2026-09-28 21:16:26 | src.experiments.frequency_agility | INFO   | [frequency_agility qkv] dwell=4 (25000 Hz) sweep         JSR=6.0 dB jammed=0.127 BER=0.1924 [0.1758, 0.2090]
2026-09-28 21:16:43 | src.experiments.frequency_agility | INFO   | [frequency_agility qkv] dwell=4 (25000 Hz) follower      JSR=6.0 dB jammed=0.500 BER=0.2919 [0.2230, 0.3608]
2026-09-28 21:17:00 | src.experiments.frequency_agility | INFO   | [frequency_agility qkv] dwell=8 (12500 Hz) sweep         JSR=6.0 dB jammed=0.126 BER=0.1919 [0.1747, 0.2090]
2026-09-28 21:17:18 | src.experiments.frequency_agility | INFO   | [frequency_agility qkv] dwell=8 (12500 Hz) follower      JSR=6.0 dB jammed=0.750 BER=0.3606 [0.2573, 0.4639]
2026-09-28 21:17:37 | src.experiments.frequency_agility | INFO   | [frequency_agility qkv] dwell=16 (6250 Hz) sweep         JSR=6.0 dB jammed=0.129 BER=0.1947 [0.1793, 0.2100]
2026-09-28 21:17:54 | src.experiments.frequency_agility | INFO   | [frequency_agility qkv] dwell=16 (6250 Hz) follower      JSR=6.0 dB jammed=0.875 BER=0.3969 [0.2784, 0.5154]
2026-09-28 21:17:54 | src.experiments.frequency_agility | INFO   | [frequency_agility qkv] BER-vs-hop-rate summary saved to /content/drive/MyDrive/DHUC_RUN/qkv_ber/full/frequency_agility/qkv/frequency_agility_vs_dwell.csv
2026-09-28 21:19:23 | src.experiments.frequency_agility | INFO   | [frequency_agility qkv] BER-vs-reaction-latency summary saved to /content/drive/MyDrive/DHUC_RUN/qkv_ber/full/frequency_agility/qkv/frequency_agility_vs_reaction.csv
2026-09-28 21:19:24 | __main__                       | INFO   | RSS [frequency_agility qkv] = 1.68 GB
2026-09-28 21:19:24 | __main__                       | INFO   | frequency_agility experiment completed. Output in /content/drive/MyDrive/DHUC_RUN/qkv_ber/full/frequency_agility
2026-09-28 21:19:24 | __main__                       | INFO   | checkpoint provenance saved: /content/drive/MyDrive/DHUC_RUN/qkv_ber/full/frequency_agility/logs/checkpoint_provenance.json
2026-09-28 21:19:24 | __main__                       | INFO   | Experiment frequency_agility completed successfully.
2026-09-28 21:19:24 | __main__                       | INFO   | ================================================================================
2026-09-28 21:19:24 | __main__                       | INFO   | SUMMARY
2026-09-28 21:19:24 | __main__                       | INFO   | ================================================================================
2026-09-28 21:19:24 | __main__                       | INFO   | frequency_agility: OK
2026-09-28 21:19:24 | __main__                       | INFO   | All requested experiments finished. Output in: /content/drive/MyDrive/DHUC_RUN/qkv_ber
2026-09-28 21:19:31 | root                           | INFO   | Logging configured: file=/content/drive/MyDrive/DHUC_RUN/qkv_ber/full/logs/runner.log level=INFO
2026-09-28 21:19:31 | __main__                       | INFO   | Mode: full
2026-09-28 21:19:31 | __main__                       | INFO   | Run root: /content/drive/MyDrive/DHUC_RUN/qkv_ber/full
2026-09-28 21:19:31 | __main__                       | INFO   | Models: qkv
2026-09-28 21:19:31 | __main__                       | INFO   | No dataset regeneration: False
2026-09-28 21:19:31 | __main__                       | INFO   | ================================================================================
2026-09-28 21:19:31 | __main__                       | INFO   | EXPERIMENT channel_generalization
2026-09-28 21:19:31 | __main__                       | INFO   | ================================================================================
2026-09-28 21:19:31 | __main__                       | INFO   | experiment_name = channel_generalization_full
2026-09-28 21:19:31 | __main__                       | INFO   | seed = 42
2026-09-28 21:19:31 | __main__                       | INFO   | lambda_mse = 2
2026-09-28 21:19:31 | __main__                       | INFO   | sequence_length = 100
2026-09-28 21:19:31 | __main__                       | INFO   | map_type = logistic / map_param = 3.9
2026-09-28 21:19:31 | __main__                       | INFO   | backbone_type = qkv
2026-09-28 21:19:31 | __main__                       | INFO   | epochs = 5
2026-09-28 21:19:31 | src.utils.config_loader        | INFO   | config snapshot saved: /content/drive/MyDrive/DHUC_RUN/qkv_ber/full/channel_generalization/logs/config_used.yaml
2026-09-28 21:19:31 | __main__                       | INFO   | ============================================================
2026-09-28 21:19:31 | __main__                       | INFO   | channel_generalization experiment (models=['qkv'])
2026-09-28 21:19:31 | __main__                       | INFO   | ============================================================
2026-09-28 21:19:31 | __main__                       | INFO   | channel_generalization qkv: model loaded from /content/drive/MyDrive/DHUC_RUN/qkv_ber/full/ber_vs_snr/k3_doppler_full/qkv/best_model.keras
2026-09-28 21:24:28 | src.experiments.channel_generalization | INFO   | [channel_generalization qkv] nominal            pooled_ber=0.000233 [0.000212, 0.000257] min_snr@target=n/a
2026-09-28 21:28:39 | src.experiments.channel_generalization | INFO   | [channel_generalization qkv] b_tdl_d            pooled_ber=0.157212 [0.156462, 0.157966] min_snr@target=n/a
2026-09-28 21:32:51 | src.experiments.channel_generalization | INFO   | [channel_generalization qkv] b_tdl_d_light      pooled_ber=0.031528 [0.031169, 0.031891] min_snr@target=n/a
2026-09-28 21:37:07 | src.experiments.channel_generalization | INFO   | [channel_generalization qkv] b_tdl_a            pooled_ber=0.206912 [0.206077, 0.207750] min_snr@target=n/a
2026-09-28 21:40:01 | src.experiments.channel_generalization | INFO   | [channel_generalization qkv] c_two_ray_jakes    pooled_ber=0.058200 [0.057718, 0.058686] min_snr@target=n/a
2026-09-28 21:40:01 | __main__                       | INFO   | RSS [channel_generalization qkv] = 1.62 GB
2026-09-28 21:40:01 | __main__                       | INFO   | channel_generalization experiment completed. Output in /content/drive/MyDrive/DHUC_RUN/qkv_ber/full/channel_generalization
2026-09-28 21:40:01 | __main__                       | INFO   | checkpoint provenance saved: /content/drive/MyDrive/DHUC_RUN/qkv_ber/full/channel_generalization/logs/checkpoint_provenance.json
2026-09-28 21:40:01 | __main__                       | INFO   | Experiment channel_generalization completed successfully.
2026-09-28 21:40:01 | __main__                       | INFO   | ================================================================================
2026-09-28 21:40:01 | __main__                       | INFO   | SUMMARY
2026-09-28 21:40:01 | __main__                       | INFO   | ================================================================================
2026-09-28 21:40:01 | __main__                       | INFO   | channel_generalization: OK
2026-09-28 21:40:01 | __main__                       | INFO   | All requested experiments finished. Output in: /content/drive/MyDrive/DHUC_RUN/qkv_ber
2026-09-28 21:40:08 | root                           | INFO   | Logging configured: file=/content/drive/MyDrive/DHUC_RUN/qkv_ber/full/logs/runner.log level=INFO
2026-09-28 21:40:08 | __main__                       | INFO   | Mode: full
2026-09-28 21:40:08 | __main__                       | INFO   | Run root: /content/drive/MyDrive/DHUC_RUN/qkv_ber/full
2026-09-28 21:40:08 | __main__                       | INFO   | Models: qkv
2026-09-28 21:40:08 | __main__                       | INFO   | No dataset regeneration: False
2026-09-28 21:40:08 | __main__                       | INFO   | ================================================================================
2026-09-28 21:40:08 | __main__                       | INFO   | EXPERIMENT peer_estimation
2026-09-28 21:40:08 | __main__                       | INFO   | ================================================================================
2026-09-28 21:40:08 | __main__                       | INFO   | experiment_name = peer_estimation_full
2026-09-28 21:40:08 | __main__                       | INFO   | seed = 42
2026-09-28 21:40:08 | __main__                       | INFO   | lambda_mse = 2
2026-09-28 21:40:08 | __main__                       | INFO   | sequence_length = 100
2026-09-28 21:40:08 | __main__                       | INFO   | map_type = logistic / map_param = 3.9
2026-09-28 21:40:08 | __main__                       | INFO   | backbone_type = qkv
2026-09-28 21:40:08 | __main__                       | INFO   | epochs = 5
2026-09-28 21:40:08 | src.utils.config_loader        | INFO   | config snapshot saved: /content/drive/MyDrive/DHUC_RUN/qkv_ber/full/peer_estimation/logs/config_used.yaml
2026-09-28 21:40:08 | __main__                       | INFO   | ============================================================
2026-09-28 21:40:08 | __main__                       | INFO   | peer_estimation experiment (models=['qkv'])
2026-09-28 21:40:08 | __main__                       | INFO   | ============================================================
2026-09-28 21:40:08 | __main__                       | INFO   | peer_estimation qkv: model loaded from /content/drive/MyDrive/DHUC_RUN/qkv_ber/full/ber_vs_snr/iod_peers/qkv/best_model.keras
2026-09-28 21:40:13 | src.experiments.peer_estimation | INFO   | peer_estimation qkv: 16000 samples, target_id=0.0800, peer_false=0.0143 -> /content/drive/MyDrive/DHUC_RUN/qkv_ber/full/peer_estimation/qkv
2026-09-28 21:40:13 | __main__                       | INFO   | RSS [peer_estimation qkv] = 1.62 GB
2026-09-28 21:40:13 | __main__                       | INFO   | peer_estimation experiment completed. Output in /content/drive/MyDrive/DHUC_RUN/qkv_ber/full/peer_estimation
2026-09-28 21:40:13 | __main__                       | INFO   | checkpoint provenance saved: /content/drive/MyDrive/DHUC_RUN/qkv_ber/full/peer_estimation/logs/checkpoint_provenance.json
2026-09-28 21:40:13 | __main__                       | INFO   | Experiment peer_estimation completed successfully.
2026-09-28 21:40:13 | __main__                       | INFO   | ================================================================================
2026-09-28 21:40:13 | __main__                       | INFO   | SUMMARY
2026-09-28 21:40:13 | __main__                       | INFO   | ================================================================================
2026-09-28 21:40:13 | __main__                       | INFO   | peer_estimation: OK
2026-09-28 21:40:13 | __main__                       | INFO   | All requested experiments finished. Output in: /content/drive/MyDrive/DHUC_RUN/qkv_ber
