2026-09-28 19:14:17 | root                           | INFO   | Logging configured: file=/content/drive/MyDrive/DHUC_RUN/qkv_jam/full/logs/runner.log level=INFO
2026-09-28 19:14:17 | __main__                       | INFO   | Mode: full
2026-09-28 19:14:17 | __main__                       | INFO   | Run root: /content/drive/MyDrive/DHUC_RUN/qkv_jam/full
2026-09-28 19:14:17 | __main__                       | INFO   | Models: qkv
2026-09-28 19:14:17 | __main__                       | INFO   | No dataset regeneration: False
2026-09-28 19:14:17 | __main__                       | INFO   | ================================================================================
2026-09-28 19:14:17 | __main__                       | INFO   | EXPERIMENT jamming
2026-09-28 19:14:17 | __main__                       | INFO   | ================================================================================
2026-09-28 19:14:17 | __main__                       | INFO   | experiment_name = jamming_full
2026-09-28 19:14:17 | __main__                       | INFO   | seed = 42
2026-09-28 19:14:17 | __main__                       | INFO   | lambda_mse = 2
2026-09-28 19:14:17 | __main__                       | INFO   | sequence_length = 100
2026-09-28 19:14:17 | __main__                       | INFO   | map_type = logistic / map_param = 3.9
2026-09-28 19:14:17 | __main__                       | INFO   | backbone_type = qkv
2026-09-28 19:14:17 | __main__                       | INFO   | epochs = 30
2026-09-28 19:14:17 | src.utils.config_loader        | INFO   | config snapshot saved: /content/drive/MyDrive/DHUC_RUN/qkv_jam/full/jamming/logs/config_used.yaml
2026-09-28 19:14:17 | __main__                       | INFO   | ============================================================
2026-09-28 19:14:17 | __main__                       | INFO   | Experiment jamming: jamming robustness + explainability
2026-09-28 19:14:17 | __main__                       | INFO   | ============================================================
2026-09-28 19:14:17 | __main__                       | INFO   | jamming: --model=qkv -> models filtered to: ['qkv']
2026-09-28 19:14:17 | __main__                       | INFO   | Models to test: ['qkv']
2026-09-28 19:14:17 | src.experiments.pipeline       | INFO   | Dataset not found in data/raw/d1f4aa61, generating...
2026-09-28 19:14:17 | src.data.dataset_generator     | INFO   | saved data/raw/d1f4aa61/train_snr-5_echo1.npz: 3750 symbols, x shape=(3750, 100), tau in [1, 33], f_d in [3.795e-10, 7.998e-05]
2026-09-28 19:14:18 | src.data.dataset_generator     | INFO   | saved data/raw/d1f4aa61/train_snr-5_echo3.npz: 3750 symbols, x shape=(3750, 100), tau in [1, 33], f_d in [8.168e-09, 7.999e-05]
2026-09-28 19:14:18 | src.data.dataset_generator     | INFO   | saved data/raw/d1f4aa61/train_snr-3_echo1.npz: 3750 symbols, x shape=(3750, 100), tau in [1, 33], f_d in [3.435e-09, 7.996e-05]
2026-09-28 19:14:18 | src.data.dataset_generator     | INFO   | saved data/raw/d1f4aa61/train_snr-3_echo3.npz: 3750 symbols, x shape=(3750, 100), tau in [1, 33], f_d in [2.401e-08, 7.998e-05]
2026-09-28 19:14:18 | src.data.dataset_generator     | INFO   | saved data/raw/d1f4aa61/train_snr-1_echo1.npz: 3750 symbols, x shape=(3750, 100), tau in [1, 33], f_d in [2.142e-09, 8.000e-05]
2026-09-28 19:14:18 | src.data.dataset_generator     | INFO   | saved data/raw/d1f4aa61/train_snr-1_echo3.npz: 3750 symbols, x shape=(3750, 100), tau in [1, 33], f_d in [7.802e-09, 8.000e-05]
2026-09-28 19:14:19 | src.data.dataset_generator     | INFO   | saved data/raw/d1f4aa61/train_snr1_echo1.npz: 3750 symbols, x shape=(3750, 100), tau in [1, 33], f_d in [3.942e-09, 7.999e-05]
2026-09-28 19:14:19 | src.data.dataset_generator     | INFO   | saved data/raw/d1f4aa61/train_snr1_echo3.npz: 3750 symbols, x shape=(3750, 100), tau in [1, 33], f_d in [3.859e-08, 7.999e-05]
2026-09-28 19:14:19 | src.data.dataset_generator     | INFO   | saved data/raw/d1f4aa61/train_snr3_echo1.npz: 3750 symbols, x shape=(3750, 100), tau in [1, 33], f_d in [7.464e-09, 7.997e-05]
2026-09-28 19:14:19 | src.data.dataset_generator     | INFO   | saved data/raw/d1f4aa61/train_snr3_echo3.npz: 3750 symbols, x shape=(3750, 100), tau in [1, 33], f_d in [2.724e-09, 7.999e-05]
2026-09-28 19:14:19 | src.data.dataset_generator     | INFO   | saved data/raw/d1f4aa61/train_snr5_echo1.npz: 3750 symbols, x shape=(3750, 100), tau in [1, 33], f_d in [9.249e-08, 8.000e-05]
2026-09-28 19:14:20 | src.data.dataset_generator     | INFO   | saved data/raw/d1f4aa61/train_snr5_echo3.npz: 3750 symbols, x shape=(3750, 100), tau in [1, 33], f_d in [1.880e-08, 8.000e-05]
2026-09-28 19:14:20 | src.data.dataset_generator     | INFO   | saved data/raw/d1f4aa61/train_snr7_echo1.npz: 3750 symbols, x shape=(3750, 100), tau in [1, 33], f_d in [1.089e-08, 7.998e-05]
2026-09-28 19:14:20 | src.data.dataset_generator     | INFO   | saved data/raw/d1f4aa61/train_snr7_echo3.npz: 3750 symbols, x shape=(3750, 100), tau in [1, 33], f_d in [8.283e-09, 7.999e-05]
2026-09-28 19:14:20 | src.data.dataset_generator     | INFO   | saved data/raw/d1f4aa61/train_snr9_echo1.npz: 3750 symbols, x shape=(3750, 100), tau in [1, 33], f_d in [1.458e-08, 7.997e-05]
2026-09-28 19:14:21 | src.data.dataset_generator     | INFO   | saved data/raw/d1f4aa61/train_snr9_echo3.npz: 3750 symbols, x shape=(3750, 100), tau in [1, 33], f_d in [7.954e-09, 7.997e-05]
2026-09-28 19:14:21 | src.data.dataset_generator     | INFO   | saved data/raw/d1f4aa61/train_snr11_echo1.npz: 3750 symbols, x shape=(3750, 100), tau in [1, 33], f_d in [6.483e-09, 7.999e-05]
2026-09-28 19:14:21 | src.data.dataset_generator     | INFO   | saved data/raw/d1f4aa61/train_snr11_echo3.npz: 3750 symbols, x shape=(3750, 100), tau in [1, 33], f_d in [3.231e-08, 8.000e-05]
2026-09-28 19:14:21 | src.data.dataset_generator     | INFO   | saved data/raw/d1f4aa61/train_snr13_echo1.npz: 3750 symbols, x shape=(3750, 100), tau in [1, 33], f_d in [2.780e-08, 7.997e-05]
2026-09-28 19:14:21 | src.data.dataset_generator     | INFO   | saved data/raw/d1f4aa61/train_snr13_echo3.npz: 3750 symbols, x shape=(3750, 100), tau in [1, 33], f_d in [6.069e-09, 7.999e-05]
2026-09-28 19:14:22 | src.data.dataset_generator     | INFO   | saved data/raw/d1f4aa61/train_snr15_echo1.npz: 3750 symbols, x shape=(3750, 100), tau in [1, 33], f_d in [5.738e-09, 7.998e-05]
2026-09-28 19:14:22 | src.data.dataset_generator     | INFO   | saved data/raw/d1f4aa61/train_snr15_echo3.npz: 3750 symbols, x shape=(3750, 100), tau in [1, 33], f_d in [4.044e-08, 7.997e-05]
2026-09-28 19:14:22 | src.data.dataset_generator     | INFO   | saved data/raw/d1f4aa61/train_snr17_echo1.npz: 3750 symbols, x shape=(3750, 100), tau in [1, 33], f_d in [6.484e-09, 7.995e-05]
2026-09-28 19:14:22 | src.data.dataset_generator     | INFO   | saved data/raw/d1f4aa61/train_snr17_echo3.npz: 3750 symbols, x shape=(3750, 100), tau in [1, 33], f_d in [3.281e-08, 7.998e-05]
2026-09-28 19:14:23 | src.data.dataset_generator     | INFO   | saved data/raw/d1f4aa61/train_snr19_echo1.npz: 3750 symbols, x shape=(3750, 100), tau in [1, 33], f_d in [7.303e-08, 8.000e-05]
2026-09-28 19:14:23 | src.data.dataset_generator     | INFO   | saved data/raw/d1f4aa61/train_snr19_echo3.npz: 3750 symbols, x shape=(3750, 100), tau in [1, 33], f_d in [3.687e-08, 7.996e-05]
2026-09-28 19:14:23 | src.data.dataset_generator     | INFO   | saved data/raw/d1f4aa61/train_snr21_echo1.npz: 3750 symbols, x shape=(3750, 100), tau in [1, 33], f_d in [9.642e-09, 7.998e-05]
2026-09-28 19:14:24 | src.data.dataset_generator     | INFO   | saved data/raw/d1f4aa61/train_snr21_echo3.npz: 3750 symbols, x shape=(3750, 100), tau in [1, 33], f_d in [8.610e-09, 7.998e-05]
2026-09-28 19:14:24 | src.data.dataset_generator     | INFO   | split 'train': 28 files generated, 3750 symbols per combination (combos=28)
2026-09-28 19:14:24 | src.data.dataset_generator     | INFO   | saved data/raw/d1f4aa61/val_snr-5_echo1.npz: 5000 symbols, x shape=(5000, 100), tau in [1, 33], f_d in [2.454e-08, 7.999e-05]
2026-09-28 19:14:25 | src.data.dataset_generator     | INFO   | saved data/raw/d1f4aa61/val_snr-5_echo3.npz: 5000 symbols, x shape=(5000, 100), tau in [1, 33], f_d in [9.208e-09, 7.999e-05]
2026-09-28 19:14:25 | src.data.dataset_generator     | INFO   | saved data/raw/d1f4aa61/val_snr-3_echo1.npz: 5000 symbols, x shape=(5000, 100), tau in [1, 33], f_d in [2.573e-10, 8.000e-05]
2026-09-28 19:14:26 | src.data.dataset_generator     | INFO   | saved data/raw/d1f4aa61/val_snr-3_echo3.npz: 5000 symbols, x shape=(5000, 100), tau in [1, 33], f_d in [3.260e-09, 7.991e-05]
2026-09-28 19:14:26 | src.data.dataset_generator     | INFO   | saved data/raw/d1f4aa61/val_snr-1_echo1.npz: 5000 symbols, x shape=(5000, 100), tau in [1, 33], f_d in [2.391e-08, 7.994e-05]
2026-09-28 19:14:27 | src.data.dataset_generator     | INFO   | saved data/raw/d1f4aa61/val_snr-1_echo3.npz: 5000 symbols, x shape=(5000, 100), tau in [1, 33], f_d in [1.406e-09, 8.000e-05]
2026-09-28 19:14:27 | src.data.dataset_generator     | INFO   | saved data/raw/d1f4aa61/val_snr1_echo1.npz: 5000 symbols, x shape=(5000, 100), tau in [1, 33], f_d in [4.595e-10, 7.997e-05]
2026-09-28 19:14:27 | src.data.dataset_generator     | INFO   | saved data/raw/d1f4aa61/val_snr1_echo3.npz: 5000 symbols, x shape=(5000, 100), tau in [1, 33], f_d in [4.812e-09, 8.000e-05]
2026-09-28 19:14:28 | src.data.dataset_generator     | INFO   | saved data/raw/d1f4aa61/val_snr3_echo1.npz: 5000 symbols, x shape=(5000, 100), tau in [1, 33], f_d in [3.124e-09, 8.000e-05]
2026-09-28 19:14:28 | src.data.dataset_generator     | INFO   | saved data/raw/d1f4aa61/val_snr3_echo3.npz: 5000 symbols, x shape=(5000, 100), tau in [1, 33], f_d in [2.243e-08, 7.999e-05]
2026-09-28 19:14:28 | src.data.dataset_generator     | INFO   | saved data/raw/d1f4aa61/val_snr5_echo1.npz: 5000 symbols, x shape=(5000, 100), tau in [1, 33], f_d in [1.013e-08, 7.999e-05]
2026-09-28 19:14:29 | src.data.dataset_generator     | INFO   | saved data/raw/d1f4aa61/val_snr5_echo3.npz: 5000 symbols, x shape=(5000, 100), tau in [1, 33], f_d in [1.401e-08, 7.999e-05]
2026-09-28 19:14:29 | src.data.dataset_generator     | INFO   | saved data/raw/d1f4aa61/val_snr7_echo1.npz: 5000 symbols, x shape=(5000, 100), tau in [1, 33], f_d in [2.254e-08, 7.998e-05]
2026-09-28 19:14:29 | src.data.dataset_generator     | INFO   | saved data/raw/d1f4aa61/val_snr7_echo3.npz: 5000 symbols, x shape=(5000, 100), tau in [1, 33], f_d in [1.340e-08, 7.998e-05]
2026-09-28 19:14:29 | src.data.dataset_generator     | INFO   | saved data/raw/d1f4aa61/val_snr9_echo1.npz: 5000 symbols, x shape=(5000, 100), tau in [1, 33], f_d in [9.315e-09, 7.998e-05]
2026-09-28 19:14:30 | src.data.dataset_generator     | INFO   | saved data/raw/d1f4aa61/val_snr9_echo3.npz: 5000 symbols, x shape=(5000, 100), tau in [1, 33], f_d in [3.424e-09, 8.000e-05]
2026-09-28 19:14:30 | src.data.dataset_generator     | INFO   | saved data/raw/d1f4aa61/val_snr11_echo1.npz: 5000 symbols, x shape=(5000, 100), tau in [1, 33], f_d in [1.285e-11, 7.999e-05]
2026-09-28 19:14:30 | src.data.dataset_generator     | INFO   | saved data/raw/d1f4aa61/val_snr11_echo3.npz: 5000 symbols, x shape=(5000, 100), tau in [1, 33], f_d in [1.710e-08, 8.000e-05]
2026-09-28 19:14:31 | src.data.dataset_generator     | INFO   | saved data/raw/d1f4aa61/val_snr13_echo1.npz: 5000 symbols, x shape=(5000, 100), tau in [1, 33], f_d in [9.832e-09, 7.998e-05]
2026-09-28 19:14:31 | src.data.dataset_generator     | INFO   | saved data/raw/d1f4aa61/val_snr13_echo3.npz: 5000 symbols, x shape=(5000, 100), tau in [1, 33], f_d in [7.625e-10, 7.998e-05]
2026-09-28 19:14:31 | src.data.dataset_generator     | INFO   | saved data/raw/d1f4aa61/val_snr15_echo1.npz: 5000 symbols, x shape=(5000, 100), tau in [1, 33], f_d in [1.984e-08, 7.999e-05]
2026-09-28 19:14:31 | src.data.dataset_generator     | INFO   | saved data/raw/d1f4aa61/val_snr15_echo3.npz: 5000 symbols, x shape=(5000, 100), tau in [1, 33], f_d in [1.115e-08, 7.998e-05]
2026-09-28 19:14:32 | src.data.dataset_generator     | INFO   | saved data/raw/d1f4aa61/val_snr17_echo1.npz: 5000 symbols, x shape=(5000, 100), tau in [1, 33], f_d in [3.878e-09, 8.000e-05]
2026-09-28 19:14:32 | src.data.dataset_generator     | INFO   | saved data/raw/d1f4aa61/val_snr17_echo3.npz: 5000 symbols, x shape=(5000, 100), tau in [1, 33], f_d in [8.004e-09, 7.997e-05]
2026-09-28 19:14:32 | src.data.dataset_generator     | INFO   | saved data/raw/d1f4aa61/val_snr19_echo1.npz: 5000 symbols, x shape=(5000, 100), tau in [1, 33], f_d in [2.621e-08, 7.999e-05]
2026-09-28 19:14:33 | src.data.dataset_generator     | INFO   | saved data/raw/d1f4aa61/val_snr19_echo3.npz: 5000 symbols, x shape=(5000, 100), tau in [1, 33], f_d in [8.752e-09, 8.000e-05]
2026-09-28 19:14:33 | src.data.dataset_generator     | INFO   | saved data/raw/d1f4aa61/val_snr21_echo1.npz: 5000 symbols, x shape=(5000, 100), tau in [1, 33], f_d in [2.638e-09, 7.996e-05]
2026-09-28 19:14:33 | src.data.dataset_generator     | INFO   | saved data/raw/d1f4aa61/val_snr21_echo3.npz: 5000 symbols, x shape=(5000, 100), tau in [1, 33], f_d in [5.689e-08, 8.000e-05]
2026-09-28 19:14:33 | src.data.dataset_generator     | INFO   | split 'val': 28 files generated, 5000 symbols per combination (combos=28)
2026-09-28 19:14:34 | src.data.dataset_generator     | INFO   | saved data/raw/d1f4aa61/test_snr-5_echo1.npz: 20000 symbols, x shape=(20000, 100), tau in [1, 33], f_d in [5.907e-09, 7.999e-05]
2026-09-28 19:14:36 | src.data.dataset_generator     | INFO   | saved data/raw/d1f4aa61/test_snr-5_echo3.npz: 20000 symbols, x shape=(20000, 100), tau in [1, 33], f_d in [7.431e-10, 7.999e-05]
2026-09-28 19:14:37 | src.data.dataset_generator     | INFO   | saved data/raw/d1f4aa61/test_snr-3_echo1.npz: 20000 symbols, x shape=(20000, 100), tau in [1, 33], f_d in [3.074e-09, 8.000e-05]
2026-09-28 19:14:39 | src.data.dataset_generator     | INFO   | saved data/raw/d1f4aa61/test_snr-3_echo3.npz: 20000 symbols, x shape=(20000, 100), tau in [1, 33], f_d in [4.446e-09, 8.000e-05]
2026-09-28 19:14:41 | src.data.dataset_generator     | INFO   | saved data/raw/d1f4aa61/test_snr-1_echo1.npz: 20000 symbols, x shape=(20000, 100), tau in [1, 33], f_d in [6.471e-09, 7.999e-05]
2026-09-28 19:14:43 | src.data.dataset_generator     | INFO   | saved data/raw/d1f4aa61/test_snr-1_echo3.npz: 20000 symbols, x shape=(20000, 100), tau in [1, 33], f_d in [3.631e-09, 7.999e-05]
2026-09-28 19:14:44 | src.data.dataset_generator     | INFO   | saved data/raw/d1f4aa61/test_snr1_echo1.npz: 20000 symbols, x shape=(20000, 100), tau in [1, 33], f_d in [8.244e-09, 7.997e-05]
2026-09-28 19:14:45 | src.data.dataset_generator     | INFO   | saved data/raw/d1f4aa61/test_snr1_echo3.npz: 20000 symbols, x shape=(20000, 100), tau in [1, 33], f_d in [4.142e-09, 8.000e-05]
2026-09-28 19:14:46 | src.data.dataset_generator     | INFO   | saved data/raw/d1f4aa61/test_snr3_echo1.npz: 20000 symbols, x shape=(20000, 100), tau in [1, 33], f_d in [4.338e-09, 7.999e-05]
2026-09-28 19:14:47 | src.data.dataset_generator     | INFO   | saved data/raw/d1f4aa61/test_snr3_echo3.npz: 20000 symbols, x shape=(20000, 100), tau in [1, 33], f_d in [1.064e-09, 8.000e-05]
2026-09-28 19:14:48 | src.data.dataset_generator     | INFO   | saved data/raw/d1f4aa61/test_snr5_echo1.npz: 20000 symbols, x shape=(20000, 100), tau in [1, 33], f_d in [8.955e-10, 7.999e-05]
2026-09-28 19:14:50 | src.data.dataset_generator     | INFO   | saved data/raw/d1f4aa61/test_snr5_echo3.npz: 20000 symbols, x shape=(20000, 100), tau in [1, 33], f_d in [4.564e-09, 8.000e-05]
2026-09-28 19:14:51 | src.data.dataset_generator     | INFO   | saved data/raw/d1f4aa61/test_snr7_echo1.npz: 20000 symbols, x shape=(20000, 100), tau in [1, 33], f_d in [8.022e-09, 8.000e-05]
2026-09-28 19:14:52 | src.data.dataset_generator     | INFO   | saved data/raw/d1f4aa61/test_snr7_echo3.npz: 20000 symbols, x shape=(20000, 100), tau in [1, 33], f_d in [1.673e-09, 7.999e-05]
2026-09-28 19:14:53 | src.data.dataset_generator     | INFO   | saved data/raw/d1f4aa61/test_snr9_echo1.npz: 20000 symbols, x shape=(20000, 100), tau in [1, 33], f_d in [2.774e-09, 8.000e-05]
2026-09-28 19:14:55 | src.data.dataset_generator     | INFO   | saved data/raw/d1f4aa61/test_snr9_echo3.npz: 20000 symbols, x shape=(20000, 100), tau in [1, 33], f_d in [1.520e-10, 8.000e-05]
2026-09-28 19:14:57 | src.data.dataset_generator     | INFO   | saved data/raw/d1f4aa61/test_snr11_echo1.npz: 20000 symbols, x shape=(20000, 100), tau in [1, 33], f_d in [7.359e-09, 8.000e-05]
2026-09-28 19:14:58 | src.data.dataset_generator     | INFO   | saved data/raw/d1f4aa61/test_snr11_echo3.npz: 20000 symbols, x shape=(20000, 100), tau in [1, 33], f_d in [7.119e-09, 8.000e-05]
2026-09-28 19:14:59 | src.data.dataset_generator     | INFO   | saved data/raw/d1f4aa61/test_snr13_echo1.npz: 20000 symbols, x shape=(20000, 100), tau in [1, 33], f_d in [6.121e-09, 7.999e-05]
2026-09-28 19:15:01 | src.data.dataset_generator     | INFO   | saved data/raw/d1f4aa61/test_snr13_echo3.npz: 20000 symbols, x shape=(20000, 100), tau in [1, 33], f_d in [8.292e-10, 7.999e-05]
2026-09-28 19:15:02 | src.data.dataset_generator     | INFO   | saved data/raw/d1f4aa61/test_snr15_echo1.npz: 20000 symbols, x shape=(20000, 100), tau in [1, 33], f_d in [1.449e-08, 7.999e-05]
2026-09-28 19:15:03 | src.data.dataset_generator     | INFO   | saved data/raw/d1f4aa61/test_snr15_echo3.npz: 20000 symbols, x shape=(20000, 100), tau in [1, 33], f_d in [5.225e-09, 8.000e-05]
2026-09-28 19:15:04 | src.data.dataset_generator     | INFO   | saved data/raw/d1f4aa61/test_snr17_echo1.npz: 20000 symbols, x shape=(20000, 100), tau in [1, 33], f_d in [2.473e-09, 7.999e-05]
2026-09-28 19:15:05 | src.data.dataset_generator     | INFO   | saved data/raw/d1f4aa61/test_snr17_echo3.npz: 20000 symbols, x shape=(20000, 100), tau in [1, 33], f_d in [7.551e-09, 8.000e-05]
2026-09-28 19:15:06 | src.data.dataset_generator     | INFO   | saved data/raw/d1f4aa61/test_snr19_echo1.npz: 20000 symbols, x shape=(20000, 100), tau in [1, 33], f_d in [3.986e-09, 7.999e-05]
2026-09-28 19:15:08 | src.data.dataset_generator     | INFO   | saved data/raw/d1f4aa61/test_snr19_echo3.npz: 20000 symbols, x shape=(20000, 100), tau in [1, 33], f_d in [2.010e-09, 7.999e-05]
2026-09-28 19:15:10 | src.data.dataset_generator     | INFO   | saved data/raw/d1f4aa61/test_snr21_echo1.npz: 20000 symbols, x shape=(20000, 100), tau in [1, 33], f_d in [6.336e-09, 8.000e-05]
2026-09-28 19:15:12 | src.data.dataset_generator     | INFO   | saved data/raw/d1f4aa61/test_snr21_echo3.npz: 20000 symbols, x shape=(20000, 100), tau in [1, 33], f_d in [8.638e-09, 8.000e-05]
2026-09-28 19:15:12 | src.data.dataset_generator     | INFO   | split 'test': 28 files generated, 20000 symbols per combination (combos=28)
2026-09-28 19:15:13 | src.data.data_loader           | INFO   | split 'test': 560000 total samples, x shape=(560000, 100), tau in [1.00, 33.00], f_d in [1.520e-10, 8.000e-05]
2026-09-28 19:15:14 | src.data.data_loader           | INFO   | balancing verified: 20000 samples for each of the 28 (SNR, K) combinations
2026-09-28 19:16:49 | src.experiments.pipeline       | INFO   | Static test set loaded: 560000 samples
2026-09-28 19:16:49 | __main__                       | INFO   | ============================================================
2026-09-28 19:16:49 | __main__                       | INFO   | Model: qkv
2026-09-28 19:16:49 | __main__                       | INFO   | ============================================================
2026-09-28 19:16:49 | src.experiments.pipeline       | INFO   | Dataset already present in data/raw/d1f4aa61
2026-09-28 19:16:49 | src.data.data_loader           | INFO   | split 'train': 105000 total samples, x shape=(105000, 100), tau in [1.00, 33.00], f_d in [3.795e-10, 8.000e-05]
2026-09-28 19:16:49 | src.data.data_loader           | INFO   | balancing verified: 3750 samples for each of the 28 (SNR, K) combinations
2026-09-28 19:17:06 | src.experiments.pipeline       | INFO   | Split 'train': 105000 samples
2026-09-28 19:17:06 | src.data.data_loader           | INFO   | split 'val': 140000 total samples, x shape=(140000, 100), tau in [1.00, 33.00], f_d in [1.285e-11, 8.000e-05]
2026-09-28 19:17:06 | src.data.data_loader           | INFO   | balancing verified: 5000 samples for each of the 28 (SNR, K) combinations
2026-09-28 19:17:31 | src.experiments.pipeline       | INFO   | Split 'val': 140000 samples
2026-09-28 19:17:34 | src.data.data_loader           | INFO   | dataset built: n=105000, batch_size=128, feature_mode=iq, shuffle=True, seed=42
2026-09-28 19:17:34 | src.data.data_loader           | INFO   | dataset built: n=140000, batch_size=128, feature_mode=iq, shuffle=False, seed=42
2026-09-28 19:17:34 | src.experiments.pipeline       | INFO   | build_model 'qkv': model seed applied = 15 (from model.seeds.qkv, dataset seed stays 42)
2026-09-28 19:17:36 | src.models.heads               | INFO   | communication_head built: input_dim=64, units=128, M=2, params=8578
2026-09-28 19:17:36 | src.models.heads               | INFO   | sensing_head built: input_dim=228, units=32, output_units=2, params=7394
2026-09-28 19:17:40 | src.models.ultra_can_qkv       | INFO   | model 'dual_head_ultra_can_qkv' built: comm=8578 params, sensing=7394 params, TOTAL=43204 params, lambda_mse=2
2026-09-28 19:17:40 | src.experiments.pipeline       | INFO   | Model 'dual_head_ultra_can_qkv' built: 43204 trainable parameters.
2026-09-28 19:17:40 | src.experiments.pipeline       | INFO   | Training for 30 epochs, lambda_mse=2.0000
2026-09-28 19:17:40 | src.training.trainer           | INFO   | Sensing component weights: delay=1.000, f_doppler=1.000
2026-09-28 19:17:40 | src.training.trainer           | INFO   | Trainer initialized: lambda_mse = 2.0
2026-09-28 19:17:41 | src.training.trainer           | INFO   | Model compiled: loss_weights = {'comm': 1.0, 'sensing': 2}, lr=0.001000, optimizer=adam, label_smoothing=0.1, lr_schedule=cosine, sensing_range_penalty=1.0, sensing_component_weights=[1.0, 1.0]
2026-09-28 19:17:43 | src.training.trainer           | INFO   | Callbacks configured: 5
2026-09-28 19:17:43 | src.training.trainer           | INFO   | Starting training: epochs=30, batch_size=128
2026-09-28 19:25:23 | src.training.trainer           | INFO   | History saved to /content/drive/MyDrive/DHUC_RUN/qkv_jam/full/jamming/qkv/logs/history.csv
2026-09-28 19:25:23 | src.training.trainer           | INFO   | Metadata saved to /content/drive/MyDrive/DHUC_RUN/qkv_jam/full/jamming/qkv/logs/run_metadata.json
2026-09-28 19:25:23 | src.training.trainer           | INFO   | Training completed in 30 epochs. Best val_loss = 0.339808, best loss = 0.331479
2026-09-28 19:25:23 | src.training.trainer           | INFO   | Best weights reloaded from /content/drive/MyDrive/DHUC_RUN/qkv_jam/full/jamming/qkv/logs/best_weights.weights.h5 before evaluation/saving
2026-09-28 19:25:23 | src.evaluation.evaluator       | INFO   | ONLINE evaluation over 14 SNR points (batch=100000, max_symbols=2000000, floor BER=2.5e-07)
2026-09-28 19:25:38 | src.evaluation.evaluator       | WARNING | SNR=-5.0 dB: 17/200000 sensing elements outside [0,1] (min=-0.0783, max=1.1259) -> clamped
2026-09-28 19:25:53 | src.evaluation.evaluator       | WARNING | SNR=-3.0 dB: 14/200000 sensing elements outside [0,1] (min=-0.0432, max=1.1728) -> clamped
2026-09-28 19:26:09 | src.evaluation.evaluator       | WARNING | SNR=-1.0 dB: 14/200000 sensing elements outside [0,1] (min=-0.0252, max=1.1612) -> clamped
2026-09-28 19:26:23 | src.evaluation.evaluator       | WARNING | SNR=1.0 dB: 16/200000 sensing elements outside [0,1] (min=-0.0208, max=1.0645) -> clamped
2026-09-28 19:26:54 | src.evaluation.evaluator       | WARNING | SNR=3.0 dB: 130/400000 sensing elements outside [0,1] (min=-0.0445, max=1.2108) -> clamped
2026-09-28 19:27:42 | src.evaluation.evaluator       | WARNING | SNR=5.0 dB: 309/600000 sensing elements outside [0,1] (min=-0.0679, max=1.0924) -> clamped
2026-09-28 19:29:01 | src.evaluation.evaluator       | WARNING | SNR=7.0 dB: 936/1000000 sensing elements outside [0,1] (min=-0.0907, max=1.1283) -> clamped
2026-09-28 19:30:51 | src.evaluation.evaluator       | WARNING | SNR=9.0 dB: 2121/1400000 sensing elements outside [0,1] (min=-0.1009, max=1.2193) -> clamped
2026-09-28 19:33:11 | src.evaluation.evaluator       | WARNING | SNR=11.0 dB: 4104/1800000 sensing elements outside [0,1] (min=-0.0802, max=1.1662) -> clamped
2026-09-28 19:36:05 | src.evaluation.evaluator       | WARNING | SNR=13.0 dB: 7288/2200000 sensing elements outside [0,1] (min=-0.1158, max=1.1896) -> clamped
2026-09-28 19:38:11 | src.evaluation.evaluator       | WARNING | SNR=15.0 dB: 6647/1600000 sensing elements outside [0,1] (min=-0.1073, max=1.2143) -> clamped
2026-09-28 19:40:48 | src.evaluation.evaluator       | WARNING | SNR=17.0 dB: 10791/2000000 sensing elements outside [0,1] (min=-0.0979, max=1.1556) -> clamped
2026-09-28 19:43:56 | src.evaluation.evaluator       | WARNING | SNR=19.0 dB: 15349/2400000 sensing elements outside [0,1] (min=-0.1184, max=1.1626) -> clamped
2026-09-28 19:47:07 | src.evaluation.evaluator       | WARNING | SNR=21.0 dB: 17248/2400000 sensing elements outside [0,1] (min=-0.1117, max=1.1648) -> clamped
2026-09-28 19:47:07 | src.evaluation.evaluator       | INFO   | Online evaluation completed for 14 SNR points
2026-09-28 19:47:07 | src.experiments.pipeline       | INFO   | Metrics saved to /content/drive/MyDrive/DHUC_RUN/qkv_jam/full/jamming/qkv/metrics.csv
2026-09-28 19:47:08 | src.evaluation.evaluator       | INFO   | BER plot saved to /content/drive/MyDrive/DHUC_RUN/qkv_jam/full/jamming/qkv/plots/ber_vs_snr_dual_head_ultra_can_qkv.pdf
2026-09-28 19:47:08 | src.experiments.pipeline       | INFO   | BER vs SNR plot saved to /content/drive/MyDrive/DHUC_RUN/qkv_jam/full/jamming/qkv/plots/ber_vs_snr_dual_head_ultra_can_qkv.pdf
2026-09-28 19:47:08 | src.experiments.pipeline       | INFO   | Model saved to /content/drive/MyDrive/DHUC_RUN/qkv_jam/full/jamming/qkv/best_model.keras
2026-09-28 19:47:08 | src.utils.config_loader        | INFO   | config snapshot saved: /content/drive/MyDrive/DHUC_RUN/qkv_jam/full/jamming/qkv/logs/config_used.yaml
2026-09-28 19:47:08 | src.evaluation.evaluator       | INFO   | ONLINE evaluation over 14 SNR points (batch=100000, max_symbols=2000000, floor BER=2.5e-07)
2026-09-28 19:47:23 | src.evaluation.evaluator       | WARNING | SNR=-5.0 dB: 17/200000 sensing elements outside [0,1] (min=-0.0783, max=1.1259) -> clamped
2026-09-28 19:47:38 | src.evaluation.evaluator       | WARNING | SNR=-3.0 dB: 14/200000 sensing elements outside [0,1] (min=-0.0432, max=1.1728) -> clamped
2026-09-28 19:47:53 | src.evaluation.evaluator       | WARNING | SNR=-1.0 dB: 14/200000 sensing elements outside [0,1] (min=-0.0252, max=1.1612) -> clamped
2026-09-28 19:48:08 | src.evaluation.evaluator       | WARNING | SNR=1.0 dB: 16/200000 sensing elements outside [0,1] (min=-0.0208, max=1.0645) -> clamped
2026-09-28 19:48:41 | src.evaluation.evaluator       | WARNING | SNR=3.0 dB: 130/400000 sensing elements outside [0,1] (min=-0.0445, max=1.2108) -> clamped
2026-09-28 19:49:28 | src.evaluation.evaluator       | WARNING | SNR=5.0 dB: 309/600000 sensing elements outside [0,1] (min=-0.0679, max=1.0924) -> clamped
2026-09-28 19:50:46 | src.evaluation.evaluator       | WARNING | SNR=7.0 dB: 936/1000000 sensing elements outside [0,1] (min=-0.0907, max=1.1283) -> clamped
2026-09-28 19:52:37 | src.evaluation.evaluator       | WARNING | SNR=9.0 dB: 2121/1400000 sensing elements outside [0,1] (min=-0.1009, max=1.2193) -> clamped
2026-09-28 19:55:00 | src.evaluation.evaluator       | WARNING | SNR=11.0 dB: 4104/1800000 sensing elements outside [0,1] (min=-0.0802, max=1.1662) -> clamped
2026-09-28 19:57:59 | src.evaluation.evaluator       | WARNING | SNR=13.0 dB: 7288/2200000 sensing elements outside [0,1] (min=-0.1158, max=1.1896) -> clamped
2026-09-28 20:00:07 | src.evaluation.evaluator       | WARNING | SNR=15.0 dB: 6647/1600000 sensing elements outside [0,1] (min=-0.1073, max=1.2143) -> clamped
2026-09-28 20:02:50 | src.evaluation.evaluator       | WARNING | SNR=17.0 dB: 10791/2000000 sensing elements outside [0,1] (min=-0.0979, max=1.1556) -> clamped
2026-09-28 20:06:06 | src.evaluation.evaluator       | WARNING | SNR=19.0 dB: 15349/2400000 sensing elements outside [0,1] (min=-0.1184, max=1.1626) -> clamped
2026-09-28 20:09:20 | src.evaluation.evaluator       | WARNING | SNR=21.0 dB: 17248/2400000 sensing elements outside [0,1] (min=-0.1117, max=1.1648) -> clamped
2026-09-28 20:09:20 | src.evaluation.evaluator       | INFO   | Online evaluation completed for 14 SNR points
2026-09-28 20:09:20 | __main__                       | INFO   | Sensing OK: corr(tau) max = 0.937, MSE_tau high-SNR = 11.10
2026-09-28 20:09:20 | __main__                       | INFO   | Sensing head matches its peak picker: corr(tau) 0.937 vs 0.904, exact delay rate 0.262 vs 0.927
2026-09-28 20:09:20 | __main__                       | WARNING | fD is not resolvable from the current parameters (max corr(fD) = 0.005): the Doppler phase accumulated over N_seq=100 samples with max_doppler=8e-05 is ~0.05 rad (Cramer-Rao bound). Estimating fD requires longer windows or a larger max_doppler.
2026-09-28 20:09:21 | src.evaluation.evaluator       | INFO   | BER plot saved to /content/drive/MyDrive/DHUC_RUN/qkv_jam/full/jamming/qkv/jamming/plots/ber_vs_snr_dual_head_ultra_can_qkv.pdf
2026-09-28 20:09:21 | src.experiments.pipeline       | INFO   | Starting jamming evaluation for JSR = [-10.0, -8.0, -6.0, -4.0, -2.0, 0.0, 2.0, 4.0, 6.0, 8.0, 10.0], types = ['cw', 'barrage', 'partial_band'], max_symbols = 40000, realizations = 5
2026-09-28 20:09:21 | src.experiments.run_jamming    | INFO   | Running baseline evaluation...
2026-09-28 20:09:21 | src.evaluation.evaluator       | INFO   | Starting evaluation over 14 SNR points
2026-09-28 20:09:24 | src.evaluation.evaluator       | WARNING | SNR=-3.0 dB: 1/256 sensing elements outside [0,1] (min=0.2561, max=1.0066) -> clamped
2026-09-28 20:09:33 | src.evaluation.evaluator       | WARNING | SNR=-1.0 dB: 3/768 sensing elements outside [0,1] (min=-0.0283, max=1.0621) -> clamped
2026-09-28 20:09:53 | src.evaluation.evaluator       | WARNING | SNR=1.0 dB: 4/1024 sensing elements outside [0,1] (min=0.0481, max=1.1227) -> clamped
2026-09-28 20:10:28 | src.evaluation.evaluator       | WARNING | SNR=3.0 dB: 37/9216 sensing elements outside [0,1] (min=-0.0565, max=1.0797) -> clamped
2026-09-28 20:11:01 | src.evaluation.evaluator       | WARNING | SNR=5.0 dB: 37/9216 sensing elements outside [0,1] (min=-0.0616, max=1.1282) -> clamped
2026-09-28 20:11:34 | src.evaluation.evaluator       | WARNING | SNR=7.0 dB: 72/16640 sensing elements outside [0,1] (min=-0.0486, max=1.1144) -> clamped
2026-09-28 20:12:08 | src.evaluation.evaluator       | WARNING | SNR=9.0 dB: 110/23424 sensing elements outside [0,1] (min=-0.0538, max=1.0883) -> clamped
2026-09-28 20:12:41 | src.evaluation.evaluator       | WARNING | SNR=11.0 dB: 197/39040 sensing elements outside [0,1] (min=-0.0598, max=1.2114) -> clamped
2026-09-28 20:13:14 | src.evaluation.evaluator       | WARNING | SNR=13.0 dB: 259/45696 sensing elements outside [0,1] (min=-0.0872, max=1.1101) -> clamped
2026-09-28 20:13:47 | src.evaluation.evaluator       | WARNING | SNR=15.0 dB: 323/49920 sensing elements outside [0,1] (min=-0.0655, max=1.1012) -> clamped
2026-09-28 20:14:22 | src.evaluation.evaluator       | WARNING | SNR=17.0 dB: 410/56960 sensing elements outside [0,1] (min=-0.0773, max=1.0983) -> clamped
2026-09-28 20:14:55 | src.evaluation.evaluator       | WARNING | SNR=19.0 dB: 506/58880 sensing elements outside [0,1] (min=-0.0901, max=1.0941) -> clamped
2026-09-28 20:15:28 | src.evaluation.evaluator       | WARNING | SNR=21.0 dB: 591/63360 sensing elements outside [0,1] (min=-0.0878, max=1.1160) -> clamped
2026-09-28 20:15:28 | src.evaluation.evaluator       | INFO   | Evaluation completed for 14 SNR points
2026-09-28 20:15:29 | src.experiments.run_jamming    | INFO   | Baseline saved to /content/drive/MyDrive/DHUC_RUN/qkv_jam/full/jamming/qkv/jamming/baseline_metrics.csv
2026-09-28 20:15:29 | src.experiments.run_jamming    | INFO   | Baseline mean BER = 0.011777
2026-09-28 20:15:29 | src.experiments.jamming_interpretability | INFO   | [jamming] test set thinned to 40000 of 560000 symbols per realization
2026-09-28 20:15:29 | src.experiments.run_jamming    | INFO   | Processing jamming: cw (5 realization(s))
2026-09-28 20:15:29 | src.evaluation.evaluator       | INFO   | Starting evaluation over 14 SNR points
2026-09-28 20:15:30 | src.evaluation.evaluator       | WARNING | SNR=-3.0 dB: 1/256 sensing elements outside [0,1] (min=0.1776, max=1.0335) -> clamped
2026-09-28 20:15:32 | src.evaluation.evaluator       | WARNING | SNR=-1.0 dB: 1/256 sensing elements outside [0,1] (min=0.1253, max=1.0052) -> clamped
2026-09-28 20:15:35 | src.evaluation.evaluator       | WARNING | SNR=1.0 dB: 2/512 sensing elements outside [0,1] (min=0.1460, max=1.0231) -> clamped
2026-09-28 20:15:37 | src.evaluation.evaluator       | WARNING | SNR=3.0 dB: 2/512 sensing elements outside [0,1] (min=0.1128, max=1.0994) -> clamped
2026-09-28 20:15:40 | src.evaluation.evaluator       | WARNING | SNR=5.0 dB: 5/1280 sensing elements outside [0,1] (min=-0.0620, max=1.0450) -> clamped
2026-09-28 20:15:42 | src.evaluation.evaluator       | WARNING | SNR=7.0 dB: 6/1280 sensing elements outside [0,1] (min=0.0317, max=1.0545) -> clamped
2026-09-28 20:15:44 | src.evaluation.evaluator       | WARNING | SNR=9.0 dB: 6/1280 sensing elements outside [0,1] (min=-0.0296, max=1.0118) -> clamped
2026-09-28 20:15:47 | src.evaluation.evaluator       | WARNING | SNR=11.0 dB: 9/1792 sensing elements outside [0,1] (min=0.0114, max=1.0543) -> clamped
2026-09-28 20:15:50 | src.evaluation.evaluator       | WARNING | SNR=13.0 dB: 13/2386 sensing elements outside [0,1] (min=-0.0376, max=1.0404) -> clamped
2026-09-28 20:15:52 | src.evaluation.evaluator       | WARNING | SNR=15.0 dB: 12/2304 sensing elements outside [0,1] (min=-0.0202, max=1.0524) -> clamped
2026-09-28 20:15:55 | src.evaluation.evaluator       | WARNING | SNR=17.0 dB: 13/2816 sensing elements outside [0,1] (min=-0.0203, max=1.0346) -> clamped
2026-09-28 20:15:57 | src.evaluation.evaluator       | WARNING | SNR=19.0 dB: 8/1536 sensing elements outside [0,1] (min=-0.0371, max=1.0313) -> clamped
2026-09-28 20:15:59 | src.evaluation.evaluator       | WARNING | SNR=21.0 dB: 13/2560 sensing elements outside [0,1] (min=-0.0056, max=1.1155) -> clamped
2026-09-28 20:15:59 | src.evaluation.evaluator       | INFO   | Evaluation completed for 14 SNR points
2026-09-28 20:15:59 | src.experiments.run_jamming    | INFO   | jamming cw r=0 JSR=-10.0 dB | BER=0.03746
2026-09-28 20:15:59 | src.evaluation.evaluator       | INFO   | Starting evaluation over 14 SNR points
2026-09-28 20:16:00 | src.evaluation.evaluator       | WARNING | SNR=-3.0 dB: 1/256 sensing elements outside [0,1] (min=0.1746, max=1.0524) -> clamped
2026-09-28 20:16:04 | src.evaluation.evaluator       | WARNING | SNR=3.0 dB: 1/256 sensing elements outside [0,1] (min=0.1619, max=1.0150) -> clamped
2026-09-28 20:16:05 | src.evaluation.evaluator       | WARNING | SNR=5.0 dB: 2/512 sensing elements outside [0,1] (min=0.0984, max=1.0085) -> clamped
2026-09-28 20:16:07 | src.evaluation.evaluator       | WARNING | SNR=7.0 dB: 3/768 sensing elements outside [0,1] (min=0.0320, max=1.0591) -> clamped
2026-09-28 20:16:08 | src.evaluation.evaluator       | WARNING | SNR=9.0 dB: 2/256 sensing elements outside [0,1] (min=-0.0239, max=1.0017) -> clamped
2026-09-28 20:16:10 | src.evaluation.evaluator       | WARNING | SNR=11.0 dB: 6/1280 sensing elements outside [0,1] (min=0.0066, max=1.0419) -> clamped
2026-09-28 20:16:12 | src.evaluation.evaluator       | WARNING | SNR=13.0 dB: 6/1280 sensing elements outside [0,1] (min=-0.0345, max=1.0452) -> clamped
2026-09-28 20:16:13 | src.evaluation.evaluator       | WARNING | SNR=15.0 dB: 7/1024 sensing elements outside [0,1] (min=-0.0174, max=1.0092) -> clamped
2026-09-28 20:16:14 | src.evaluation.evaluator       | WARNING | SNR=17.0 dB: 8/1280 sensing elements outside [0,1] (min=-0.0149, max=1.0219) -> clamped
2026-09-28 20:16:16 | src.evaluation.evaluator       | WARNING | SNR=19.0 dB: 5/1024 sensing elements outside [0,1] (min=0.0072, max=1.0392) -> clamped
2026-09-28 20:16:18 | src.evaluation.evaluator       | WARNING | SNR=21.0 dB: 7/1792 sensing elements outside [0,1] (min=-0.0089, max=1.1190) -> clamped
2026-09-28 20:16:18 | src.evaluation.evaluator       | INFO   | Evaluation completed for 14 SNR points
2026-09-28 20:16:18 | src.experiments.run_jamming    | INFO   | jamming cw r=0 JSR=-8.0 dB | BER=0.08246
2026-09-28 20:16:18 | src.evaluation.evaluator       | INFO   | Starting evaluation over 14 SNR points
2026-09-28 20:16:21 | src.evaluation.evaluator       | WARNING | SNR=5.0 dB: 1/256 sensing elements outside [0,1] (min=0.0952, max=1.0074) -> clamped
2026-09-28 20:16:23 | src.evaluation.evaluator       | WARNING | SNR=11.0 dB: 2/256 sensing elements outside [0,1] (min=0.0991, max=1.0504) -> clamped
2026-09-28 20:16:24 | src.evaluation.evaluator       | WARNING | SNR=15.0 dB: 2/256 sensing elements outside [0,1] (min=0.1437, max=1.0043) -> clamped
2026-09-28 20:16:25 | src.evaluation.evaluator       | WARNING | SNR=17.0 dB: 5/512 sensing elements outside [0,1] (min=-0.0004, max=1.0247) -> clamped
2026-09-28 20:16:25 | src.evaluation.evaluator       | WARNING | SNR=19.0 dB: 1/256 sensing elements outside [0,1] (min=0.0313, max=1.0241) -> clamped
2026-09-28 20:16:26 | src.evaluation.evaluator       | WARNING | SNR=21.0 dB: 1/256 sensing elements outside [0,1] (min=0.0799, max=1.0110) -> clamped
2026-09-28 20:16:26 | src.evaluation.evaluator       | INFO   | Evaluation completed for 14 SNR points
2026-09-28 20:16:26 | src.experiments.run_jamming    | INFO   | jamming cw r=0 JSR=-6.0 dB | BER=0.18102
2026-09-28 20:16:26 | src.evaluation.evaluator       | INFO   | Starting evaluation over 14 SNR points
2026-09-28 20:16:27 | src.evaluation.evaluator       | WARNING | SNR=5.0 dB: 2/256 sensing elements outside [0,1] (min=0.0933, max=1.0174) -> clamped
2026-09-28 20:16:29 | src.evaluation.evaluator       | WARNING | SNR=15.0 dB: 1/256 sensing elements outside [0,1] (min=0.1434, max=1.0004) -> clamped
2026-09-28 20:16:29 | src.evaluation.evaluator       | WARNING | SNR=17.0 dB: 1/256 sensing elements outside [0,1] (min=0.0046, max=1.0317) -> clamped
2026-09-28 20:16:29 | src.evaluation.evaluator       | WARNING | SNR=19.0 dB: 1/256 sensing elements outside [0,1] (min=0.0324, max=1.0334) -> clamped
2026-09-28 20:16:30 | src.evaluation.evaluator       | INFO   | Evaluation completed for 14 SNR points
2026-09-28 20:16:30 | src.experiments.run_jamming    | INFO   | jamming cw r=0 JSR=-4.0 dB | BER=0.33687
2026-09-28 20:16:30 | src.evaluation.evaluator       | INFO   | Starting evaluation over 14 SNR points
2026-09-28 20:16:31 | src.evaluation.evaluator       | WARNING | SNR=5.0 dB: 2/256 sensing elements outside [0,1] (min=0.1009, max=1.0290) -> clamped
2026-09-28 20:16:33 | src.evaluation.evaluator       | WARNING | SNR=17.0 dB: 2/512 sensing elements outside [0,1] (min=0.0103, max=1.0330) -> clamped
2026-09-28 20:16:33 | src.evaluation.evaluator       | WARNING | SNR=19.0 dB: 1/256 sensing elements outside [0,1] (min=0.0337, max=1.0364) -> clamped
2026-09-28 20:16:34 | src.evaluation.evaluator       | INFO   | Evaluation completed for 14 SNR points
2026-09-28 20:16:34 | src.experiments.run_jamming    | INFO   | jamming cw r=0 JSR=-2.0 dB | BER=0.47321
2026-09-28 20:16:34 | src.evaluation.evaluator       | INFO   | Starting evaluation over 14 SNR points
2026-09-28 20:16:35 | src.evaluation.evaluator       | WARNING | SNR=1.0 dB: 1/256 sensing elements outside [0,1] (min=0.1534, max=1.0073) -> clamped
2026-09-28 20:16:35 | src.evaluation.evaluator       | WARNING | SNR=5.0 dB: 1/256 sensing elements outside [0,1] (min=0.1148, max=1.0364) -> clamped
2026-09-28 20:16:36 | src.evaluation.evaluator       | WARNING | SNR=17.0 dB: 2/512 sensing elements outside [0,1] (min=0.0131, max=1.0378) -> clamped
2026-09-28 20:16:37 | src.evaluation.evaluator       | WARNING | SNR=19.0 dB: 1/256 sensing elements outside [0,1] (min=0.0253, max=1.0257) -> clamped
2026-09-28 20:16:37 | src.evaluation.evaluator       | INFO   | Evaluation completed for 14 SNR points
2026-09-28 20:16:37 | src.experiments.run_jamming    | INFO   | jamming cw r=0 JSR=0.0 dB | BER=0.50725
2026-09-28 20:16:37 | src.evaluation.evaluator       | INFO   | Starting evaluation over 14 SNR points
2026-09-28 20:16:37 | src.evaluation.evaluator       | WARNING | SNR=-5.0 dB: 1/256 sensing elements outside [0,1] (min=0.1480, max=1.0064) -> clamped
2026-09-28 20:16:38 | src.evaluation.evaluator       | WARNING | SNR=1.0 dB: 1/256 sensing elements outside [0,1] (min=0.1602, max=1.0370) -> clamped
2026-09-28 20:16:38 | src.evaluation.evaluator       | WARNING | SNR=5.0 dB: 1/256 sensing elements outside [0,1] (min=0.1284, max=1.0399) -> clamped
2026-09-28 20:16:38 | src.evaluation.evaluator       | WARNING | SNR=7.0 dB: 1/256 sensing elements outside [0,1] (min=0.1765, max=1.0026) -> clamped
2026-09-28 20:16:39 | src.evaluation.evaluator       | WARNING | SNR=17.0 dB: 2/512 sensing elements outside [0,1] (min=0.0170, max=1.0526) -> clamped
2026-09-28 20:16:39 | src.evaluation.evaluator       | WARNING | SNR=19.0 dB: 1/256 sensing elements outside [0,1] (min=0.0266, max=1.0035) -> clamped
2026-09-28 20:16:40 | src.evaluation.evaluator       | WARNING | SNR=21.0 dB: 1/256 sensing elements outside [0,1] (min=-0.0096, max=0.9636) -> clamped
2026-09-28 20:16:40 | src.evaluation.evaluator       | INFO   | Evaluation completed for 14 SNR points
2026-09-28 20:16:40 | src.experiments.run_jamming    | INFO   | jamming cw r=0 JSR=2.0 dB | BER=0.50977
2026-09-28 20:16:40 | src.evaluation.evaluator       | INFO   | Starting evaluation over 14 SNR points
2026-09-28 20:16:40 | src.evaluation.evaluator       | WARNING | SNR=-5.0 dB: 1/256 sensing elements outside [0,1] (min=0.1518, max=1.1013) -> clamped
2026-09-28 20:16:40 | src.evaluation.evaluator       | WARNING | SNR=-3.0 dB: 1/256 sensing elements outside [0,1] (min=0.2374, max=1.0271) -> clamped
2026-09-28 20:16:41 | src.evaluation.evaluator       | WARNING | SNR=1.0 dB: 1/256 sensing elements outside [0,1] (min=0.1701, max=1.0657) -> clamped
2026-09-28 20:16:41 | src.evaluation.evaluator       | WARNING | SNR=3.0 dB: 1/256 sensing elements outside [0,1] (min=0.0722, max=1.0196) -> clamped
2026-09-28 20:16:41 | src.evaluation.evaluator       | WARNING | SNR=5.0 dB: 1/256 sensing elements outside [0,1] (min=0.1108, max=1.0453) -> clamped
2026-09-28 20:16:41 | src.evaluation.evaluator       | WARNING | SNR=7.0 dB: 1/256 sensing elements outside [0,1] (min=0.1933, max=1.0135) -> clamped
2026-09-28 20:16:42 | src.evaluation.evaluator       | WARNING | SNR=13.0 dB: 1/256 sensing elements outside [0,1] (min=0.0453, max=1.0156) -> clamped
2026-09-28 20:16:42 | src.evaluation.evaluator       | WARNING | SNR=17.0 dB: 3/512 sensing elements outside [0,1] (min=0.0252, max=1.0854) -> clamped
2026-09-28 20:16:42 | src.evaluation.evaluator       | WARNING | SNR=19.0 dB: 1/256 sensing elements outside [0,1] (min=0.0368, max=1.0247) -> clamped
2026-09-28 20:16:43 | src.evaluation.evaluator       | WARNING | SNR=21.0 dB: 2/512 sensing elements outside [0,1] (min=-0.0179, max=1.0314) -> clamped
2026-09-28 20:16:43 | src.evaluation.evaluator       | INFO   | Evaluation completed for 14 SNR points
2026-09-28 20:16:43 | src.experiments.run_jamming    | INFO   | jamming cw r=0 JSR=4.0 dB | BER=0.51032
2026-09-28 20:16:43 | src.evaluation.evaluator       | INFO   | Starting evaluation over 14 SNR points
2026-09-28 20:16:43 | src.evaluation.evaluator       | WARNING | SNR=-5.0 dB: 1/256 sensing elements outside [0,1] (min=0.1124, max=1.2061) -> clamped
2026-09-28 20:16:43 | src.evaluation.evaluator       | WARNING | SNR=-3.0 dB: 3/512 sensing elements outside [0,1] (min=0.1278, max=1.1468) -> clamped
2026-09-28 20:16:43 | src.evaluation.evaluator       | WARNING | SNR=1.0 dB: 2/512 sensing elements outside [0,1] (min=0.1326, max=1.1044) -> clamped
2026-09-28 20:16:44 | src.evaluation.evaluator       | WARNING | SNR=3.0 dB: 2/256 sensing elements outside [0,1] (min=0.0563, max=1.0814) -> clamped
2026-09-28 20:16:44 | src.evaluation.evaluator       | WARNING | SNR=5.0 dB: 2/512 sensing elements outside [0,1] (min=0.1148, max=1.0546) -> clamped
2026-09-28 20:16:44 | src.evaluation.evaluator       | WARNING | SNR=7.0 dB: 2/256 sensing elements outside [0,1] (min=0.1556, max=1.0511) -> clamped
2026-09-28 20:16:45 | src.evaluation.evaluator       | WARNING | SNR=13.0 dB: 3/512 sensing elements outside [0,1] (min=0.0780, max=1.0502) -> clamped
2026-09-28 20:16:45 | src.evaluation.evaluator       | WARNING | SNR=15.0 dB: 1/256 sensing elements outside [0,1] (min=0.1241, max=1.0272) -> clamped
2026-09-28 20:16:45 | src.evaluation.evaluator       | WARNING | SNR=17.0 dB: 3/512 sensing elements outside [0,1] (min=0.0364, max=1.1345) -> clamped
2026-09-28 20:16:45 | src.evaluation.evaluator       | WARNING | SNR=19.0 dB: 1/256 sensing elements outside [0,1] (min=0.0568, max=1.0534) -> clamped
2026-09-28 20:16:46 | src.evaluation.evaluator       | WARNING | SNR=21.0 dB: 4/512 sensing elements outside [0,1] (min=-0.0192, max=1.0974) -> clamped
2026-09-28 20:16:46 | src.evaluation.evaluator       | INFO   | Evaluation completed for 14 SNR points
2026-09-28 20:16:46 | src.experiments.run_jamming    | INFO   | jamming cw r=0 JSR=6.0 dB | BER=0.51032
2026-09-28 20:16:46 | src.evaluation.evaluator       | INFO   | Starting evaluation over 14 SNR points
2026-09-28 20:16:46 | src.evaluation.evaluator       | WARNING | SNR=-5.0 dB: 3/512 sensing elements outside [0,1] (min=0.0443, max=1.2957) -> clamped
2026-09-28 20:16:46 | src.evaluation.evaluator       | WARNING | SNR=-3.0 dB: 4/512 sensing elements outside [0,1] (min=0.0690, max=1.2969) -> clamped
2026-09-28 20:16:47 | src.evaluation.evaluator       | WARNING | SNR=1.0 dB: 3/512 sensing elements outside [0,1] (min=0.1278, max=1.1755) -> clamped
2026-09-28 20:16:47 | src.evaluation.evaluator       | WARNING | SNR=3.0 dB: 5/512 sensing elements outside [0,1] (min=0.0381, max=1.1698) -> clamped
2026-09-28 20:16:47 | src.evaluation.evaluator       | WARNING | SNR=5.0 dB: 2/512 sensing elements outside [0,1] (min=0.0985, max=1.0809) -> clamped
2026-09-28 20:16:48 | src.evaluation.evaluator       | WARNING | SNR=7.0 dB: 6/512 sensing elements outside [0,1] (min=0.0402, max=1.1149) -> clamped
2026-09-28 20:16:48 | src.evaluation.evaluator       | WARNING | SNR=9.0 dB: 2/512 sensing elements outside [0,1] (min=0.0479, max=1.0197) -> clamped
2026-09-28 20:16:48 | src.evaluation.evaluator       | WARNING | SNR=11.0 dB: 5/512 sensing elements outside [0,1] (min=0.0281, max=1.0551) -> clamped
2026-09-28 20:16:49 | src.evaluation.evaluator       | WARNING | SNR=13.0 dB: 4/512 sensing elements outside [0,1] (min=0.0775, max=1.0878) -> clamped
2026-09-28 20:16:49 | src.evaluation.evaluator       | WARNING | SNR=15.0 dB: 1/256 sensing elements outside [0,1] (min=0.0829, max=1.0754) -> clamped
2026-09-28 20:16:49 | src.evaluation.evaluator       | WARNING | SNR=17.0 dB: 5/512 sensing elements outside [0,1] (min=0.0540, max=1.1917) -> clamped
2026-09-28 20:16:49 | src.evaluation.evaluator       | WARNING | SNR=19.0 dB: 3/512 sensing elements outside [0,1] (min=0.0854, max=1.0902) -> clamped
2026-09-28 20:16:50 | src.evaluation.evaluator       | WARNING | SNR=21.0 dB: 7/512 sensing elements outside [0,1] (min=-0.0312, max=1.1680) -> clamped
2026-09-28 20:16:50 | src.evaluation.evaluator       | INFO   | Evaluation completed for 14 SNR points
2026-09-28 20:16:50 | src.experiments.run_jamming    | INFO   | jamming cw r=0 JSR=8.0 dB | BER=0.51032
2026-09-28 20:16:50 | src.evaluation.evaluator       | INFO   | Starting evaluation over 14 SNR points
2026-09-28 20:16:50 | src.evaluation.evaluator       | WARNING | SNR=-5.0 dB: 8/512 sensing elements outside [0,1] (min=0.0058, max=1.3643) -> clamped
2026-09-28 20:16:50 | src.evaluation.evaluator       | WARNING | SNR=-3.0 dB: 7/512 sensing elements outside [0,1] (min=-0.0008, max=1.5001) -> clamped
2026-09-28 20:16:50 | src.evaluation.evaluator       | WARNING | SNR=-1.0 dB: 4/256 sensing elements outside [0,1] (min=0.0846, max=1.0662) -> clamped
2026-09-28 20:16:51 | src.evaluation.evaluator       | WARNING | SNR=1.0 dB: 12/512 sensing elements outside [0,1] (min=0.1078, max=1.3887) -> clamped
2026-09-28 20:16:51 | src.evaluation.evaluator       | WARNING | SNR=3.0 dB: 11/512 sensing elements outside [0,1] (min=0.0136, max=1.2958) -> clamped
2026-09-28 20:16:51 | src.evaluation.evaluator       | WARNING | SNR=5.0 dB: 5/512 sensing elements outside [0,1] (min=0.0852, max=1.1726) -> clamped
2026-09-28 20:16:51 | src.evaluation.evaluator       | WARNING | SNR=7.0 dB: 15/512 sensing elements outside [0,1] (min=-0.0579, max=1.2729) -> clamped
2026-09-28 20:16:51 | src.evaluation.evaluator       | WARNING | SNR=9.0 dB: 7/512 sensing elements outside [0,1] (min=0.0080, max=1.1331) -> clamped
2026-09-28 20:16:51 | src.evaluation.evaluator       | WARNING | SNR=11.0 dB: 12/512 sensing elements outside [0,1] (min=-0.0050, max=1.1586) -> clamped
2026-09-28 20:16:52 | src.evaluation.evaluator       | WARNING | SNR=13.0 dB: 10/512 sensing elements outside [0,1] (min=0.0625, max=1.2553) -> clamped
2026-09-28 20:16:52 | src.evaluation.evaluator       | WARNING | SNR=15.0 dB: 8/512 sensing elements outside [0,1] (min=0.0597, max=1.1742) -> clamped
2026-09-28 20:16:52 | src.evaluation.evaluator       | WARNING | SNR=17.0 dB: 9/512 sensing elements outside [0,1] (min=0.0330, max=1.2548) -> clamped
2026-09-28 20:16:52 | src.evaluation.evaluator       | WARNING | SNR=19.0 dB: 5/512 sensing elements outside [0,1] (min=0.0749, max=1.1499) -> clamped
2026-09-28 20:16:52 | src.evaluation.evaluator       | WARNING | SNR=21.0 dB: 12/512 sensing elements outside [0,1] (min=-0.0461, max=1.2763) -> clamped
2026-09-28 20:16:52 | src.evaluation.evaluator       | INFO   | Evaluation completed for 14 SNR points
2026-09-28 20:16:52 | src.experiments.run_jamming    | INFO   | jamming cw r=0 JSR=10.0 dB | BER=0.51032
2026-09-28 20:16:53 | src.evaluation.evaluator       | INFO   | Starting evaluation over 14 SNR points
2026-09-28 20:16:58 | src.evaluation.evaluator       | WARNING | SNR=1.0 dB: 1/256 sensing elements outside [0,1] (min=0.0950, max=1.0277) -> clamped
2026-09-28 20:17:01 | src.evaluation.evaluator       | WARNING | SNR=3.0 dB: 1/256 sensing elements outside [0,1] (min=0.0598, max=1.0395) -> clamped
2026-09-28 20:17:04 | src.evaluation.evaluator       | WARNING | SNR=5.0 dB: 4/1024 sensing elements outside [0,1] (min=-0.0831, max=1.0814) -> clamped
2026-09-28 20:17:07 | src.evaluation.evaluator       | WARNING | SNR=7.0 dB: 4/768 sensing elements outside [0,1] (min=-0.0238, max=1.0430) -> clamped
2026-09-28 20:17:09 | src.evaluation.evaluator       | WARNING | SNR=9.0 dB: 4/1024 sensing elements outside [0,1] (min=-0.0115, max=1.0046) -> clamped
2026-09-28 20:17:11 | src.evaluation.evaluator       | WARNING | SNR=11.0 dB: 10/2048 sensing elements outside [0,1] (min=-0.0102, max=1.0705) -> clamped
2026-09-28 20:17:13 | src.evaluation.evaluator       | WARNING | SNR=13.0 dB: 11/2304 sensing elements outside [0,1] (min=-0.0400, max=1.0759) -> clamped
2026-09-28 20:17:16 | src.evaluation.evaluator       | WARNING | SNR=15.0 dB: 8/2048 sensing elements outside [0,1] (min=-0.0292, max=1.0708) -> clamped
2026-09-28 20:17:19 | src.evaluation.evaluator       | WARNING | SNR=17.0 dB: 6/1536 sensing elements outside [0,1] (min=-0.0280, max=1.0548) -> clamped
2026-09-28 20:17:22 | src.evaluation.evaluator       | WARNING | SNR=19.0 dB: 10/2048 sensing elements outside [0,1] (min=-0.0738, max=1.0381) -> clamped
2026-09-28 20:17:24 | src.evaluation.evaluator       | WARNING | SNR=21.0 dB: 10/2304 sensing elements outside [0,1] (min=-0.0230, max=1.0397) -> clamped
2026-09-28 20:17:24 | src.evaluation.evaluator       | INFO   | Evaluation completed for 14 SNR points
2026-09-28 20:17:24 | src.experiments.run_jamming    | INFO   | jamming cw r=1 JSR=-10.0 dB | BER=0.02626
2026-09-28 20:17:24 | src.evaluation.evaluator       | INFO   | Starting evaluation over 14 SNR points
2026-09-28 20:17:30 | src.evaluation.evaluator       | WARNING | SNR=3.0 dB: 2/512 sensing elements outside [0,1] (min=-0.0034, max=1.0418) -> clamped
2026-09-28 20:17:32 | src.evaluation.evaluator       | WARNING | SNR=5.0 dB: 3/768 sensing elements outside [0,1] (min=-0.0860, max=1.0791) -> clamped
2026-09-28 20:17:35 | src.evaluation.evaluator       | WARNING | SNR=7.0 dB: 4/768 sensing elements outside [0,1] (min=-0.0212, max=1.0331) -> clamped
2026-09-28 20:17:37 | src.evaluation.evaluator       | WARNING | SNR=9.0 dB: 2/512 sensing elements outside [0,1] (min=-0.0137, max=1.0062) -> clamped
2026-09-28 20:17:39 | src.evaluation.evaluator       | WARNING | SNR=11.0 dB: 6/1280 sensing elements outside [0,1] (min=-0.0133, max=1.0695) -> clamped
2026-09-28 20:17:42 | src.evaluation.evaluator       | WARNING | SNR=13.0 dB: 6/1536 sensing elements outside [0,1] (min=-0.0425, max=1.0768) -> clamped
2026-09-28 20:17:44 | src.evaluation.evaluator       | WARNING | SNR=15.0 dB: 6/1280 sensing elements outside [0,1] (min=-0.0278, max=1.0682) -> clamped
2026-09-28 20:17:47 | src.evaluation.evaluator       | WARNING | SNR=17.0 dB: 6/1536 sensing elements outside [0,1] (min=-0.0314, max=1.0471) -> clamped
2026-09-28 20:17:50 | src.evaluation.evaluator       | WARNING | SNR=19.0 dB: 8/2048 sensing elements outside [0,1] (min=-0.0638, max=1.0396) -> clamped
2026-09-28 20:17:52 | src.evaluation.evaluator       | WARNING | SNR=21.0 dB: 5/1024 sensing elements outside [0,1] (min=-0.0229, max=1.0312) -> clamped
2026-09-28 20:17:52 | src.evaluation.evaluator       | INFO   | Evaluation completed for 14 SNR points
2026-09-28 20:17:52 | src.experiments.run_jamming    | INFO   | jamming cw r=1 JSR=-8.0 dB | BER=0.05441
2026-09-28 20:17:52 | src.evaluation.evaluator       | INFO   | Starting evaluation over 14 SNR points
2026-09-28 20:17:58 | src.evaluation.evaluator       | WARNING | SNR=11.0 dB: 1/256 sensing elements outside [0,1] (min=0.0568, max=1.0269) -> clamped
2026-09-28 20:18:00 | src.evaluation.evaluator       | WARNING | SNR=13.0 dB: 2/512 sensing elements outside [0,1] (min=-0.0150, max=1.0778) -> clamped
2026-09-28 20:18:02 | src.evaluation.evaluator       | WARNING | SNR=17.0 dB: 2/512 sensing elements outside [0,1] (min=-0.0111, max=0.9877) -> clamped
2026-09-28 20:18:03 | src.evaluation.evaluator       | WARNING | SNR=19.0 dB: 4/768 sensing elements outside [0,1] (min=-0.0033, max=1.0394) -> clamped
2026-09-28 20:18:04 | src.evaluation.evaluator       | WARNING | SNR=21.0 dB: 1/256 sensing elements outside [0,1] (min=-0.0146, max=0.9329) -> clamped
2026-09-28 20:18:04 | src.evaluation.evaluator       | INFO   | Evaluation completed for 14 SNR points
2026-09-28 20:18:04 | src.experiments.run_jamming    | INFO   | jamming cw r=1 JSR=-6.0 dB | BER=0.11894
2026-09-28 20:18:04 | src.evaluation.evaluator       | INFO   | Starting evaluation over 14 SNR points
2026-09-28 20:18:08 | src.evaluation.evaluator       | WARNING | SNR=11.0 dB: 1/256 sensing elements outside [0,1] (min=0.0796, max=1.0195) -> clamped
2026-09-28 20:18:08 | src.evaluation.evaluator       | WARNING | SNR=13.0 dB: 1/256 sensing elements outside [0,1] (min=-0.0163, max=0.9445) -> clamped
2026-09-28 20:18:09 | src.evaluation.evaluator       | WARNING | SNR=19.0 dB: 1/256 sensing elements outside [0,1] (min=0.0081, max=1.0099) -> clamped
2026-09-28 20:18:10 | src.evaluation.evaluator       | WARNING | SNR=21.0 dB: 1/256 sensing elements outside [0,1] (min=-0.0150, max=0.9207) -> clamped
2026-09-28 20:18:10 | src.evaluation.evaluator       | INFO   | Evaluation completed for 14 SNR points
2026-09-28 20:18:10 | src.experiments.run_jamming    | INFO   | jamming cw r=1 JSR=-4.0 dB | BER=0.24637
2026-09-28 20:18:10 | src.evaluation.evaluator       | INFO   | Starting evaluation over 14 SNR points
2026-09-28 20:18:12 | src.evaluation.evaluator       | WARNING | SNR=11.0 dB: 1/256 sensing elements outside [0,1] (min=0.1111, max=1.0080) -> clamped
2026-09-28 20:18:12 | src.evaluation.evaluator       | WARNING | SNR=13.0 dB: 1/256 sensing elements outside [0,1] (min=-0.0179, max=0.9349) -> clamped
2026-09-28 20:18:13 | src.evaluation.evaluator       | WARNING | SNR=19.0 dB: 1/256 sensing elements outside [0,1] (min=0.0261, max=1.0156) -> clamped
2026-09-28 20:18:13 | src.evaluation.evaluator       | WARNING | SNR=21.0 dB: 1/256 sensing elements outside [0,1] (min=-0.0164, max=0.9213) -> clamped
2026-09-28 20:18:13 | src.evaluation.evaluator       | INFO   | Evaluation completed for 14 SNR points
2026-09-28 20:18:13 | src.experiments.run_jamming    | INFO   | jamming cw r=1 JSR=-2.0 dB | BER=0.41276
2026-09-28 20:18:13 | src.evaluation.evaluator       | INFO   | Starting evaluation over 14 SNR points
2026-09-28 20:18:15 | src.evaluation.evaluator       | WARNING | SNR=13.0 dB: 1/256 sensing elements outside [0,1] (min=-0.0167, max=0.9100) -> clamped
2026-09-28 20:18:16 | src.evaluation.evaluator       | WARNING | SNR=19.0 dB: 1/256 sensing elements outside [0,1] (min=0.0527, max=1.0228) -> clamped
2026-09-28 20:18:16 | src.evaluation.evaluator       | WARNING | SNR=21.0 dB: 1/256 sensing elements outside [0,1] (min=-0.0160, max=0.9212) -> clamped
2026-09-28 20:18:16 | src.evaluation.evaluator       | INFO   | Evaluation completed for 14 SNR points
2026-09-28 20:18:16 | src.experiments.run_jamming    | INFO   | jamming cw r=1 JSR=0.0 dB | BER=0.49665
2026-09-28 20:18:17 | src.evaluation.evaluator       | INFO   | Starting evaluation over 14 SNR points
2026-09-28 20:18:19 | src.evaluation.evaluator       | WARNING | SNR=13.0 dB: 1/256 sensing elements outside [0,1] (min=-0.0136, max=0.8978) -> clamped
2026-09-28 20:18:20 | src.evaluation.evaluator       | WARNING | SNR=19.0 dB: 1/256 sensing elements outside [0,1] (min=0.0956, max=1.0257) -> clamped
2026-09-28 20:18:20 | src.evaluation.evaluator       | WARNING | SNR=21.0 dB: 1/256 sensing elements outside [0,1] (min=-0.0077, max=0.9280) -> clamped
2026-09-28 20:18:20 | src.evaluation.evaluator       | INFO   | Evaluation completed for 14 SNR points
2026-09-28 20:18:20 | src.experiments.run_jamming    | INFO   | jamming cw r=1 JSR=2.0 dB | BER=0.50977
2026-09-28 20:18:20 | src.evaluation.evaluator       | INFO   | Starting evaluation over 14 SNR points
2026-09-28 20:18:22 | src.evaluation.evaluator       | WARNING | SNR=13.0 dB: 1/256 sensing elements outside [0,1] (min=-0.0084, max=0.8657) -> clamped
2026-09-28 20:18:23 | src.evaluation.evaluator       | WARNING | SNR=19.0 dB: 1/256 sensing elements outside [0,1] (min=0.1270, max=1.0120) -> clamped
2026-09-28 20:18:23 | src.evaluation.evaluator       | INFO   | Evaluation completed for 14 SNR points
2026-09-28 20:18:23 | src.experiments.run_jamming    | INFO   | jamming cw r=1 JSR=4.0 dB | BER=0.51032
2026-09-28 20:18:23 | src.evaluation.evaluator       | INFO   | Starting evaluation over 14 SNR points
2026-09-28 20:18:25 | src.evaluation.evaluator       | WARNING | SNR=13.0 dB: 1/256 sensing elements outside [0,1] (min=-0.0157, max=0.8037) -> clamped
2026-09-28 20:18:26 | src.evaluation.evaluator       | INFO   | Evaluation completed for 14 SNR points
2026-09-28 20:18:26 | src.experiments.run_jamming    | INFO   | jamming cw r=1 JSR=6.0 dB | BER=0.51032
2026-09-28 20:18:26 | src.evaluation.evaluator       | INFO   | Starting evaluation over 14 SNR points
2026-09-28 20:18:27 | src.evaluation.evaluator       | WARNING | SNR=7.0 dB: 1/256 sensing elements outside [0,1] (min=0.1450, max=1.0096) -> clamped
2026-09-28 20:18:28 | src.evaluation.evaluator       | WARNING | SNR=13.0 dB: 1/256 sensing elements outside [0,1] (min=-0.0271, max=0.7924) -> clamped
2026-09-28 20:18:28 | src.evaluation.evaluator       | INFO   | Evaluation completed for 14 SNR points
2026-09-28 20:18:28 | src.experiments.run_jamming    | INFO   | jamming cw r=1 JSR=8.0 dB | BER=0.51032
2026-09-28 20:18:29 | src.evaluation.evaluator       | INFO   | Starting evaluation over 14 SNR points
2026-09-28 20:18:30 | src.evaluation.evaluator       | WARNING | SNR=7.0 dB: 1/256 sensing elements outside [0,1] (min=0.1654, max=1.0271) -> clamped
2026-09-28 20:18:31 | src.evaluation.evaluator       | WARNING | SNR=13.0 dB: 1/256 sensing elements outside [0,1] (min=-0.0140, max=0.7827) -> clamped
2026-09-28 20:18:32 | src.evaluation.evaluator       | INFO   | Evaluation completed for 14 SNR points
2026-09-28 20:18:32 | src.experiments.run_jamming    | INFO   | jamming cw r=1 JSR=10.0 dB | BER=0.51032
2026-09-28 20:18:33 | src.evaluation.evaluator       | INFO   | Starting evaluation over 14 SNR points
2026-09-28 20:18:35 | src.evaluation.evaluator       | WARNING | SNR=-3.0 dB: 1/256 sensing elements outside [0,1] (min=-0.0394, max=0.8437) -> clamped
2026-09-28 20:18:40 | src.evaluation.evaluator       | WARNING | SNR=1.0 dB: 2/512 sensing elements outside [0,1] (min=-0.0111, max=1.0460) -> clamped
2026-09-28 20:18:42 | src.evaluation.evaluator       | WARNING | SNR=3.0 dB: 2/512 sensing elements outside [0,1] (min=0.0592, max=1.0553) -> clamped
2026-09-28 20:18:45 | src.evaluation.evaluator       | WARNING | SNR=5.0 dB: 3/768 sensing elements outside [0,1] (min=-0.0027, max=1.0609) -> clamped
2026-09-28 20:18:48 | src.evaluation.evaluator       | WARNING | SNR=7.0 dB: 3/768 sensing elements outside [0,1] (min=-0.0115, max=1.0240) -> clamped
2026-09-28 20:18:50 | src.evaluation.evaluator       | WARNING | SNR=9.0 dB: 2/512 sensing elements outside [0,1] (min=-0.0390, max=1.0090) -> clamped
2026-09-28 20:18:52 | src.evaluation.evaluator       | WARNING | SNR=11.0 dB: 3/768 sensing elements outside [0,1] (min=0.0626, max=1.0524) -> clamped
2026-09-28 20:18:55 | src.evaluation.evaluator       | WARNING | SNR=13.0 dB: 6/1280 sensing elements outside [0,1] (min=-0.0052, max=1.0472) -> clamped
2026-09-28 20:18:57 | src.evaluation.evaluator       | WARNING | SNR=15.0 dB: 8/2048 sensing elements outside [0,1] (min=-0.0137, max=1.0781) -> clamped
2026-09-28 20:19:00 | src.evaluation.evaluator       | WARNING | SNR=17.0 dB: 5/1280 sensing elements outside [0,1] (min=-0.0035, max=1.0597) -> clamped
2026-09-28 20:19:03 | src.evaluation.evaluator       | WARNING | SNR=19.0 dB: 6/1536 sensing elements outside [0,1] (min=-0.0682, max=1.0147) -> clamped
2026-09-28 20:19:05 | src.evaluation.evaluator       | WARNING | SNR=21.0 dB: 10/2560 sensing elements outside [0,1] (min=-0.0133, max=1.0772) -> clamped
2026-09-28 20:19:05 | src.evaluation.evaluator       | INFO   | Evaluation completed for 14 SNR points
2026-09-28 20:19:05 | src.experiments.run_jamming    | INFO   | jamming cw r=2 JSR=-10.0 dB | BER=0.01157
2026-09-28 20:19:05 | src.evaluation.evaluator       | INFO   | Starting evaluation over 14 SNR points
2026-09-28 20:19:08 | src.evaluation.evaluator       | WARNING | SNR=-3.0 dB: 1/256 sensing elements outside [0,1] (min=-0.0435, max=0.8400) -> clamped
2026-09-28 20:19:12 | src.evaluation.evaluator       | WARNING | SNR=1.0 dB: 2/512 sensing elements outside [0,1] (min=-0.0162, max=1.0422) -> clamped
2026-09-28 20:19:16 | src.evaluation.evaluator       | WARNING | SNR=3.0 dB: 2/512 sensing elements outside [0,1] (min=0.0671, max=1.0528) -> clamped
2026-09-28 20:19:18 | src.evaluation.evaluator       | WARNING | SNR=5.0 dB: 2/512 sensing elements outside [0,1] (min=0.0596, max=1.0501) -> clamped
2026-09-28 20:19:21 | src.evaluation.evaluator       | WARNING | SNR=7.0 dB: 2/512 sensing elements outside [0,1] (min=-0.0052, max=1.0188) -> clamped
2026-09-28 20:19:23 | src.evaluation.evaluator       | WARNING | SNR=9.0 dB: 2/512 sensing elements outside [0,1] (min=-0.0255, max=1.0045) -> clamped
2026-09-28 20:19:25 | src.evaluation.evaluator       | WARNING | SNR=11.0 dB: 2/512 sensing elements outside [0,1] (min=0.0757, max=1.0467) -> clamped
2026-09-28 20:19:28 | src.evaluation.evaluator       | WARNING | SNR=13.0 dB: 4/1024 sensing elements outside [0,1] (min=0.0002, max=1.0426) -> clamped
2026-09-28 20:19:31 | src.evaluation.evaluator       | WARNING | SNR=15.0 dB: 3/768 sensing elements outside [0,1] (min=-0.0116, max=1.0772) -> clamped
2026-09-28 20:19:33 | src.evaluation.evaluator       | WARNING | SNR=17.0 dB: 4/1024 sensing elements outside [0,1] (min=-0.0041, max=1.0542) -> clamped
2026-09-28 20:19:35 | src.evaluation.evaluator       | WARNING | SNR=19.0 dB: 3/768 sensing elements outside [0,1] (min=-0.0543, max=1.0015) -> clamped
2026-09-28 20:19:38 | src.evaluation.evaluator       | WARNING | SNR=21.0 dB: 6/1536 sensing elements outside [0,1] (min=-0.0084, max=1.0717) -> clamped
2026-09-28 20:19:38 | src.evaluation.evaluator       | INFO   | Evaluation completed for 14 SNR points
2026-09-28 20:19:38 | src.experiments.run_jamming    | INFO   | jamming cw r=2 JSR=-8.0 dB | BER=0.01194
2026-09-28 20:19:38 | src.evaluation.evaluator       | INFO   | Starting evaluation over 14 SNR points
2026-09-28 20:19:40 | src.evaluation.evaluator       | WARNING | SNR=-3.0 dB: 1/256 sensing elements outside [0,1] (min=-0.0499, max=0.8320) -> clamped
2026-09-28 20:19:46 | src.evaluation.evaluator       | WARNING | SNR=1.0 dB: 2/512 sensing elements outside [0,1] (min=-0.0173, max=1.0358) -> clamped
2026-09-28 20:19:49 | src.evaluation.evaluator       | WARNING | SNR=3.0 dB: 2/512 sensing elements outside [0,1] (min=0.0690, max=1.0498) -> clamped
2026-09-28 20:19:51 | src.evaluation.evaluator       | WARNING | SNR=5.0 dB: 2/512 sensing elements outside [0,1] (min=0.0758, max=1.0356) -> clamped
2026-09-28 20:19:53 | src.evaluation.evaluator       | WARNING | SNR=7.0 dB: 1/256 sensing elements outside [0,1] (min=0.2238, max=1.0122) -> clamped
2026-09-28 20:19:55 | src.evaluation.evaluator       | WARNING | SNR=9.0 dB: 1/256 sensing elements outside [0,1] (min=-0.0107, max=0.9533) -> clamped
2026-09-28 20:19:58 | src.evaluation.evaluator       | WARNING | SNR=11.0 dB: 2/512 sensing elements outside [0,1] (min=0.0969, max=1.0379) -> clamped
2026-09-28 20:20:01 | src.evaluation.evaluator       | WARNING | SNR=13.0 dB: 2/512 sensing elements outside [0,1] (min=0.0605, max=1.0337) -> clamped
2026-09-28 20:20:03 | src.evaluation.evaluator       | WARNING | SNR=15.0 dB: 4/768 sensing elements outside [0,1] (min=-0.0080, max=1.0671) -> clamped
2026-09-28 20:20:06 | src.evaluation.evaluator       | WARNING | SNR=17.0 dB: 2/512 sensing elements outside [0,1] (min=-0.0021, max=1.0413) -> clamped
2026-09-28 20:20:08 | src.evaluation.evaluator       | WARNING | SNR=19.0 dB: 2/512 sensing elements outside [0,1] (min=-0.0287, max=0.9669) -> clamped
2026-09-28 20:20:10 | src.evaluation.evaluator       | WARNING | SNR=21.0 dB: 6/1536 sensing elements outside [0,1] (min=-0.0032, max=1.0669) -> clamped
2026-09-28 20:20:10 | src.evaluation.evaluator       | INFO   | Evaluation completed for 14 SNR points
2026-09-28 20:20:10 | src.experiments.run_jamming    | INFO   | jamming cw r=2 JSR=-6.0 dB | BER=0.01238
2026-09-28 20:20:10 | src.evaluation.evaluator       | INFO   | Starting evaluation over 14 SNR points
2026-09-28 20:20:13 | src.evaluation.evaluator       | WARNING | SNR=-3.0 dB: 1/256 sensing elements outside [0,1] (min=-0.0638, max=0.8183) -> clamped
2026-09-28 20:20:18 | src.evaluation.evaluator       | WARNING | SNR=1.0 dB: 2/512 sensing elements outside [0,1] (min=-0.0106, max=1.0267) -> clamped
2026-09-28 20:20:20 | src.evaluation.evaluator       | WARNING | SNR=3.0 dB: 2/512 sensing elements outside [0,1] (min=0.0743, max=1.0491) -> clamped
2026-09-28 20:20:23 | src.evaluation.evaluator       | WARNING | SNR=5.0 dB: 2/512 sensing elements outside [0,1] (min=0.1016, max=1.0155) -> clamped
2026-09-28 20:20:31 | src.evaluation.evaluator       | WARNING | SNR=11.0 dB: 1/256 sensing elements outside [0,1] (min=0.1244, max=1.0259) -> clamped
2026-09-28 20:20:33 | src.evaluation.evaluator       | WARNING | SNR=13.0 dB: 1/256 sensing elements outside [0,1] (min=0.1286, max=1.0196) -> clamped
2026-09-28 20:20:35 | src.evaluation.evaluator       | WARNING | SNR=15.0 dB: 4/768 sensing elements outside [0,1] (min=-0.0185, max=1.0381) -> clamped
2026-09-28 20:20:38 | src.evaluation.evaluator       | WARNING | SNR=17.0 dB: 1/256 sensing elements outside [0,1] (min=0.0893, max=1.0118) -> clamped
2026-09-28 20:20:43 | src.evaluation.evaluator       | WARNING | SNR=21.0 dB: 1/256 sensing elements outside [0,1] (min=0.0756, max=1.0539) -> clamped
2026-09-28 20:20:43 | src.evaluation.evaluator       | INFO   | Evaluation completed for 14 SNR points
2026-09-28 20:20:43 | src.experiments.run_jamming    | INFO   | jamming cw r=2 JSR=-4.0 dB | BER=0.01352
2026-09-28 20:20:43 | src.evaluation.evaluator       | INFO   | Starting evaluation over 14 SNR points
2026-09-28 20:20:50 | src.evaluation.evaluator       | WARNING | SNR=1.0 dB: 1/256 sensing elements outside [0,1] (min=0.2024, max=1.0117) -> clamped
2026-09-28 20:20:53 | src.evaluation.evaluator       | WARNING | SNR=3.0 dB: 1/256 sensing elements outside [0,1] (min=0.1308, max=1.0396) -> clamped
2026-09-28 20:21:03 | src.evaluation.evaluator       | WARNING | SNR=11.0 dB: 1/256 sensing elements outside [0,1] (min=0.1161, max=1.0134) -> clamped
2026-09-28 20:21:07 | src.evaluation.evaluator       | WARNING | SNR=15.0 dB: 1/256 sensing elements outside [0,1] (min=-0.0347, max=0.8957) -> clamped
2026-09-28 20:21:15 | src.evaluation.evaluator       | WARNING | SNR=21.0 dB: 1/256 sensing elements outside [0,1] (min=0.1190, max=1.0303) -> clamped
2026-09-28 20:21:15 | src.evaluation.evaluator       | INFO   | Evaluation completed for 14 SNR points
2026-09-28 20:21:15 | src.experiments.run_jamming    | INFO   | jamming cw r=2 JSR=-2.0 dB | BER=0.01526
2026-09-28 20:21:16 | src.evaluation.evaluator       | INFO   | Starting evaluation over 14 SNR points
2026-09-28 20:21:16 | src.evaluation.evaluator       | WARNING | SNR=-5.0 dB: 1/256 sensing elements outside [0,1] (min=0.2470, max=1.0127) -> clamped
2026-09-28 20:21:22 | src.evaluation.evaluator       | WARNING | SNR=1.0 dB: 1/256 sensing elements outside [0,1] (min=-0.0216, max=0.7833) -> clamped
2026-09-28 20:21:24 | src.evaluation.evaluator       | WARNING | SNR=3.0 dB: 1/256 sensing elements outside [0,1] (min=0.1721, max=1.0129) -> clamped
2026-09-28 20:21:39 | src.evaluation.evaluator       | WARNING | SNR=15.0 dB: 1/256 sensing elements outside [0,1] (min=-0.0526, max=0.8833) -> clamped
2026-09-28 20:21:47 | src.evaluation.evaluator       | INFO   | Evaluation completed for 14 SNR points
2026-09-28 20:21:47 | src.experiments.run_jamming    | INFO   | jamming cw r=2 JSR=0.0 dB | BER=0.01909
2026-09-28 20:21:47 | src.evaluation.evaluator       | INFO   | Starting evaluation over 14 SNR points
2026-09-28 20:21:52 | src.evaluation.evaluator       | WARNING | SNR=1.0 dB: 1/256 sensing elements outside [0,1] (min=-0.0573, max=0.7580) -> clamped
2026-09-28 20:22:10 | src.evaluation.evaluator       | WARNING | SNR=15.0 dB: 1/256 sensing elements outside [0,1] (min=-0.0704, max=0.8534) -> clamped
2026-09-28 20:22:17 | src.evaluation.evaluator       | INFO   | Evaluation completed for 14 SNR points
2026-09-28 20:22:17 | src.experiments.run_jamming    | INFO   | jamming cw r=2 JSR=2.0 dB | BER=0.02754
2026-09-28 20:22:17 | src.evaluation.evaluator       | INFO   | Starting evaluation over 14 SNR points
2026-09-28 20:22:21 | src.evaluation.evaluator       | WARNING | SNR=1.0 dB: 1/256 sensing elements outside [0,1] (min=-0.0831, max=0.7272) -> clamped
2026-09-28 20:22:29 | src.evaluation.evaluator       | WARNING | SNR=7.0 dB: 1/256 sensing elements outside [0,1] (min=-0.0260, max=0.8810) -> clamped
2026-09-28 20:22:40 | src.evaluation.evaluator       | WARNING | SNR=15.0 dB: 1/256 sensing elements outside [0,1] (min=-0.1060, max=0.7997) -> clamped
2026-09-28 20:22:47 | src.evaluation.evaluator       | INFO   | Evaluation completed for 14 SNR points
2026-09-28 20:22:47 | src.experiments.run_jamming    | INFO   | jamming cw r=2 JSR=4.0 dB | BER=0.04467
2026-09-28 20:22:47 | src.evaluation.evaluator       | INFO   | Starting evaluation over 14 SNR points
2026-09-28 20:22:47 | src.evaluation.evaluator       | WARNING | SNR=-5.0 dB: 1/256 sensing elements outside [0,1] (min=-0.0225, max=0.7713) -> clamped
2026-09-28 20:22:57 | src.evaluation.evaluator       | WARNING | SNR=7.0 dB: 2/512 sensing elements outside [0,1] (min=-0.0271, max=0.8134) -> clamped
2026-09-28 20:23:01 | src.evaluation.evaluator       | WARNING | SNR=11.0 dB: 1/256 sensing elements outside [0,1] (min=-0.0127, max=0.8774) -> clamped
2026-09-28 20:23:06 | src.evaluation.evaluator       | WARNING | SNR=15.0 dB: 2/338 sensing elements outside [0,1] (min=-0.1344, max=0.7309) -> clamped
2026-09-28 20:23:14 | src.evaluation.evaluator       | INFO   | Evaluation completed for 14 SNR points
2026-09-28 20:23:14 | src.experiments.run_jamming    | INFO   | jamming cw r=2 JSR=6.0 dB | BER=0.06326
2026-09-28 20:23:14 | src.evaluation.evaluator       | INFO   | Starting evaluation over 14 SNR points
2026-09-28 20:23:14 | src.evaluation.evaluator       | WARNING | SNR=-5.0 dB: 6/768 sensing elements outside [0,1] (min=-0.1269, max=0.7722) -> clamped
2026-09-28 20:23:15 | src.evaluation.evaluator       | WARNING | SNR=-3.0 dB: 1/256 sensing elements outside [0,1] (min=-0.0151, max=0.7366) -> clamped
2026-09-28 20:23:15 | src.evaluation.evaluator       | WARNING | SNR=-1.0 dB: 5/1280 sensing elements outside [0,1] (min=-0.0933, max=0.7908) -> clamped
2026-09-28 20:23:16 | src.evaluation.evaluator       | WARNING | SNR=1.0 dB: 7/1280 sensing elements outside [0,1] (min=-0.1449, max=0.7092) -> clamped
2026-09-28 20:23:18 | src.evaluation.evaluator       | WARNING | SNR=3.0 dB: 12/2048 sensing elements outside [0,1] (min=-0.0911, max=0.7362) -> clamped
2026-09-28 20:23:20 | src.evaluation.evaluator       | WARNING | SNR=5.0 dB: 16/2816 sensing elements outside [0,1] (min=-0.1195, max=0.7585) -> clamped
2026-09-28 20:23:23 | src.evaluation.evaluator       | WARNING | SNR=7.0 dB: 18/3328 sensing elements outside [0,1] (min=-0.1783, max=0.7633) -> clamped
2026-09-28 20:23:25 | src.evaluation.evaluator       | WARNING | SNR=9.0 dB: 15/2816 sensing elements outside [0,1] (min=-0.1156, max=0.6893) -> clamped
2026-09-28 20:23:28 | src.evaluation.evaluator       | WARNING | SNR=11.0 dB: 13/2560 sensing elements outside [0,1] (min=-0.1098, max=0.8344) -> clamped
2026-09-28 20:23:30 | src.evaluation.evaluator       | WARNING | SNR=13.0 dB: 9/1792 sensing elements outside [0,1] (min=-0.1419, max=0.7463) -> clamped
2026-09-28 20:23:32 | src.evaluation.evaluator       | WARNING | SNR=15.0 dB: 12/2386 sensing elements outside [0,1] (min=-0.1634, max=0.7756) -> clamped
2026-09-28 20:23:35 | src.evaluation.evaluator       | WARNING | SNR=17.0 dB: 19/2816 sensing elements outside [0,1] (min=-0.1026, max=0.7650) -> clamped
2026-09-28 20:23:38 | src.evaluation.evaluator       | WARNING | SNR=19.0 dB: 16/2816 sensing elements outside [0,1] (min=-0.1360, max=0.7055) -> clamped
2026-09-28 20:23:40 | src.evaluation.evaluator       | WARNING | SNR=21.0 dB: 12/2304 sensing elements outside [0,1] (min=-0.1220, max=0.7738) -> clamped
2026-09-28 20:23:40 | src.evaluation.evaluator       | INFO   | Evaluation completed for 14 SNR points
2026-09-28 20:23:40 | src.experiments.run_jamming    | INFO   | jamming cw r=2 JSR=8.0 dB | BER=0.07498
2026-09-28 20:23:40 | src.evaluation.evaluator       | INFO   | Starting evaluation over 14 SNR points
2026-09-28 20:23:40 | src.evaluation.evaluator       | WARNING | SNR=-5.0 dB: 20/768 sensing elements outside [0,1] (min=-0.2807, max=0.7587) -> clamped
2026-09-28 20:23:41 | src.evaluation.evaluator       | WARNING | SNR=-3.0 dB: 21/768 sensing elements outside [0,1] (min=-0.1515, max=0.7533) -> clamped
2026-09-28 20:23:41 | src.evaluation.evaluator       | WARNING | SNR=-1.0 dB: 17/1024 sensing elements outside [0,1] (min=-0.1891, max=0.7102) -> clamped
2026-09-28 20:23:42 | src.evaluation.evaluator       | WARNING | SNR=1.0 dB: 31/1280 sensing elements outside [0,1] (min=-0.2645, max=0.7381) -> clamped
2026-09-28 20:23:42 | src.evaluation.evaluator       | WARNING | SNR=3.0 dB: 36/1792 sensing elements outside [0,1] (min=-0.1970, max=0.7592) -> clamped
2026-09-28 20:23:43 | src.evaluation.evaluator       | WARNING | SNR=5.0 dB: 59/2304 sensing elements outside [0,1] (min=-0.3222, max=0.7251) -> clamped
2026-09-28 20:23:44 | src.evaluation.evaluator       | WARNING | SNR=7.0 dB: 64/2560 sensing elements outside [0,1] (min=-0.3577, max=0.7012) -> clamped
2026-09-28 20:23:45 | src.evaluation.evaluator       | WARNING | SNR=9.0 dB: 43/2304 sensing elements outside [0,1] (min=-0.2048, max=0.7001) -> clamped
2026-09-28 20:23:46 | src.evaluation.evaluator       | WARNING | SNR=11.0 dB: 77/3072 sensing elements outside [0,1] (min=-0.2190, max=0.7086) -> clamped
2026-09-28 20:23:48 | src.evaluation.evaluator       | WARNING | SNR=13.0 dB: 67/3072 sensing elements outside [0,1] (min=-0.2503, max=0.7644) -> clamped
2026-09-28 20:23:49 | src.evaluation.evaluator       | WARNING | SNR=15.0 dB: 52/2560 sensing elements outside [0,1] (min=-0.3635, max=0.7177) -> clamped
2026-09-28 20:23:51 | src.evaluation.evaluator       | WARNING | SNR=17.0 dB: 71/3584 sensing elements outside [0,1] (min=-0.2808, max=0.7826) -> clamped
2026-09-28 20:23:52 | src.evaluation.evaluator       | WARNING | SNR=19.0 dB: 62/3072 sensing elements outside [0,1] (min=-0.3097, max=0.7118) -> clamped
2026-09-28 20:23:53 | src.evaluation.evaluator       | WARNING | SNR=21.0 dB: 60/2816 sensing elements outside [0,1] (min=-0.2440, max=0.7523) -> clamped
2026-09-28 20:23:53 | src.evaluation.evaluator       | INFO   | Evaluation completed for 14 SNR points
2026-09-28 20:23:53 | src.experiments.run_jamming    | INFO   | jamming cw r=2 JSR=10.0 dB | BER=0.13166
2026-09-28 20:23:54 | src.evaluation.evaluator       | INFO   | Starting evaluation over 14 SNR points
2026-09-28 20:23:58 | src.evaluation.evaluator       | WARNING | SNR=1.0 dB: 1/256 sensing elements outside [0,1] (min=0.2123, max=1.0079) -> clamped
2026-09-28 20:24:00 | src.evaluation.evaluator       | WARNING | SNR=3.0 dB: 1/256 sensing elements outside [0,1] (min=0.1350, max=1.0380) -> clamped
2026-09-28 20:24:02 | src.evaluation.evaluator       | WARNING | SNR=5.0 dB: 3/768 sensing elements outside [0,1] (min=-0.0731, max=1.0422) -> clamped
2026-09-28 20:24:05 | src.evaluation.evaluator       | WARNING | SNR=7.0 dB: 2/512 sensing elements outside [0,1] (min=-0.0006, max=1.0448) -> clamped
2026-09-28 20:24:08 | src.evaluation.evaluator       | WARNING | SNR=9.0 dB: 1/256 sensing elements outside [0,1] (min=-0.0276, max=0.8984) -> clamped
2026-09-28 20:24:10 | src.evaluation.evaluator       | WARNING | SNR=11.0 dB: 3/768 sensing elements outside [0,1] (min=0.0228, max=1.0280) -> clamped
2026-09-28 20:24:13 | src.evaluation.evaluator       | WARNING | SNR=13.0 dB: 8/2048 sensing elements outside [0,1] (min=-0.0107, max=1.0325) -> clamped
2026-09-28 20:24:15 | src.evaluation.evaluator       | WARNING | SNR=15.0 dB: 3/768 sensing elements outside [0,1] (min=0.0107, max=1.0543) -> clamped
2026-09-28 20:24:17 | src.evaluation.evaluator       | WARNING | SNR=17.0 dB: 6/1536 sensing elements outside [0,1] (min=-0.0061, max=1.0626) -> clamped
2026-09-28 20:24:20 | src.evaluation.evaluator       | WARNING | SNR=19.0 dB: 7/1792 sensing elements outside [0,1] (min=-0.0524, max=1.0056) -> clamped
2026-09-28 20:24:23 | src.evaluation.evaluator       | WARNING | SNR=21.0 dB: 3/512 sensing elements outside [0,1] (min=-0.0222, max=1.0701) -> clamped
2026-09-28 20:24:23 | src.evaluation.evaluator       | INFO   | Evaluation completed for 14 SNR points
2026-09-28 20:24:23 | src.experiments.run_jamming    | INFO   | jamming cw r=3 JSR=-10.0 dB | BER=0.04374
2026-09-28 20:24:23 | src.evaluation.evaluator       | INFO   | Starting evaluation over 14 SNR points
2026-09-28 20:24:29 | src.evaluation.evaluator       | WARNING | SNR=9.0 dB: 1/256 sensing elements outside [0,1] (min=-0.0186, max=0.8839) -> clamped
2026-09-28 20:24:30 | src.evaluation.evaluator       | WARNING | SNR=13.0 dB: 3/768 sensing elements outside [0,1] (min=-0.0143, max=1.0247) -> clamped
2026-09-28 20:24:33 | src.evaluation.evaluator       | WARNING | SNR=17.0 dB: 1/256 sensing elements outside [0,1] (min=-0.0018, max=0.9745) -> clamped
2026-09-28 20:24:34 | src.evaluation.evaluator       | WARNING | SNR=19.0 dB: 1/256 sensing elements outside [0,1] (min=0.1202, max=1.0070) -> clamped
2026-09-28 20:24:35 | src.evaluation.evaluator       | INFO   | Evaluation completed for 14 SNR points
2026-09-28 20:24:35 | src.experiments.run_jamming    | INFO   | jamming cw r=3 JSR=-8.0 dB | BER=0.10327
2026-09-28 20:24:35 | src.evaluation.evaluator       | INFO   | Starting evaluation over 14 SNR points
2026-09-28 20:24:39 | src.evaluation.evaluator       | WARNING | SNR=13.0 dB: 1/256 sensing elements outside [0,1] (min=0.1452, max=1.0234) -> clamped
2026-09-28 20:24:41 | src.evaluation.evaluator       | INFO   | Evaluation completed for 14 SNR points
2026-09-28 20:24:41 | src.experiments.run_jamming    | INFO   | jamming cw r=3 JSR=-6.0 dB | BER=0.22563
2026-09-28 20:24:41 | src.evaluation.evaluator       | INFO   | Starting evaluation over 14 SNR points
2026-09-28 20:24:45 | src.evaluation.evaluator       | INFO   | Evaluation completed for 14 SNR points
2026-09-28 20:24:45 | src.experiments.run_jamming    | INFO   | jamming cw r=3 JSR=-4.0 dB | BER=0.38365
2026-09-28 20:24:45 | src.evaluation.evaluator       | INFO   | Starting evaluation over 14 SNR points
2026-09-28 20:24:47 | src.evaluation.evaluator       | WARNING | SNR=9.0 dB: 1/256 sensing elements outside [0,1] (min=-0.0028, max=0.9435) -> clamped
2026-09-28 20:24:47 | src.evaluation.evaluator       | WARNING | SNR=11.0 dB: 1/256 sensing elements outside [0,1] (min=0.1012, max=1.0146) -> clamped
2026-09-28 20:24:48 | src.evaluation.evaluator       | INFO   | Evaluation completed for 14 SNR points
2026-09-28 20:24:48 | src.experiments.run_jamming    | INFO   | jamming cw r=3 JSR=-2.0 dB | BER=0.46708
2026-09-28 20:24:48 | src.evaluation.evaluator       | INFO   | Starting evaluation over 14 SNR points
2026-09-28 20:24:51 | src.evaluation.evaluator       | WARNING | SNR=9.0 dB: 1/256 sensing elements outside [0,1] (min=-0.0158, max=0.9475) -> clamped
2026-09-28 20:24:51 | src.evaluation.evaluator       | WARNING | SNR=11.0 dB: 1/256 sensing elements outside [0,1] (min=0.0980, max=1.0341) -> clamped
2026-09-28 20:24:51 | src.evaluation.evaluator       | WARNING | SNR=19.0 dB: 1/256 sensing elements outside [0,1] (min=0.1586, max=1.0018) -> clamped
2026-09-28 20:24:52 | src.evaluation.evaluator       | INFO   | Evaluation completed for 14 SNR points
2026-09-28 20:24:52 | src.experiments.run_jamming    | INFO   | jamming cw r=3 JSR=0.0 dB | BER=0.48717
2026-09-28 20:24:52 | src.evaluation.evaluator       | INFO   | Starting evaluation over 14 SNR points
2026-09-28 20:24:53 | src.evaluation.evaluator       | WARNING | SNR=9.0 dB: 1/256 sensing elements outside [0,1] (min=-0.0427, max=0.9476) -> clamped
2026-09-28 20:24:54 | src.evaluation.evaluator       | WARNING | SNR=11.0 dB: 1/256 sensing elements outside [0,1] (min=0.0931, max=1.0640) -> clamped
2026-09-28 20:24:54 | src.evaluation.evaluator       | WARNING | SNR=15.0 dB: 1/256 sensing elements outside [0,1] (min=-0.0049, max=0.9969) -> clamped
2026-09-28 20:24:54 | src.evaluation.evaluator       | WARNING | SNR=19.0 dB: 2/512 sensing elements outside [0,1] (min=0.1127, max=1.0201) -> clamped
2026-09-28 20:24:55 | src.evaluation.evaluator       | INFO   | Evaluation completed for 14 SNR points
2026-09-28 20:24:55 | src.experiments.run_jamming    | INFO   | jamming cw r=3 JSR=2.0 dB | BER=0.48940
2026-09-28 20:24:55 | src.evaluation.evaluator       | INFO   | Starting evaluation over 14 SNR points
2026-09-28 20:24:55 | src.evaluation.evaluator       | WARNING | SNR=1.0 dB: 1/256 sensing elements outside [0,1] (min=0.1564, max=1.0171) -> clamped
2026-09-28 20:24:56 | src.evaluation.evaluator       | WARNING | SNR=5.0 dB: 1/256 sensing elements outside [0,1] (min=0.1167, max=1.0278) -> clamped
2026-09-28 20:24:56 | src.evaluation.evaluator       | WARNING | SNR=9.0 dB: 1/256 sensing elements outside [0,1] (min=-0.0558, max=0.9378) -> clamped
2026-09-28 20:24:56 | src.evaluation.evaluator       | WARNING | SNR=11.0 dB: 1/256 sensing elements outside [0,1] (min=0.0845, max=1.0512) -> clamped
2026-09-28 20:24:57 | src.evaluation.evaluator       | WARNING | SNR=13.0 dB: 1/256 sensing elements outside [0,1] (min=0.0125, max=1.0094) -> clamped
2026-09-28 20:24:57 | src.evaluation.evaluator       | WARNING | SNR=15.0 dB: 3/512 sensing elements outside [0,1] (min=-0.0005, max=1.0407) -> clamped
2026-09-28 20:24:57 | src.evaluation.evaluator       | WARNING | SNR=19.0 dB: 2/512 sensing elements outside [0,1] (min=0.0612, max=1.0355) -> clamped
2026-09-28 20:24:57 | src.evaluation.evaluator       | WARNING | SNR=21.0 dB: 2/256 sensing elements outside [0,1] (min=0.0199, max=1.0255) -> clamped
2026-09-28 20:24:57 | src.evaluation.evaluator       | INFO   | Evaluation completed for 14 SNR points
2026-09-28 20:24:57 | src.experiments.run_jamming    | INFO   | jamming cw r=3 JSR=4.0 dB | BER=0.48968
2026-09-28 20:24:57 | src.evaluation.evaluator       | INFO   | Starting evaluation over 14 SNR points
2026-09-28 20:24:58 | src.evaluation.evaluator       | WARNING | SNR=-5.0 dB: 1/256 sensing elements outside [0,1] (min=-0.0099, max=0.8923) -> clamped
2026-09-28 20:24:58 | src.evaluation.evaluator       | WARNING | SNR=-3.0 dB: 3/256 sensing elements outside [0,1] (min=0.1711, max=1.0402) -> clamped
2026-09-28 20:24:58 | src.evaluation.evaluator       | WARNING | SNR=-1.0 dB: 1/256 sensing elements outside [0,1] (min=0.1000, max=1.0088) -> clamped
2026-09-28 20:24:58 | src.evaluation.evaluator       | WARNING | SNR=1.0 dB: 1/256 sensing elements outside [0,1] (min=0.1128, max=1.0755) -> clamped
2026-09-28 20:24:58 | src.evaluation.evaluator       | WARNING | SNR=3.0 dB: 1/256 sensing elements outside [0,1] (min=0.0784, max=1.0109) -> clamped
2026-09-28 20:24:59 | src.evaluation.evaluator       | WARNING | SNR=5.0 dB: 1/256 sensing elements outside [0,1] (min=0.0847, max=1.0753) -> clamped
2026-09-28 20:24:59 | src.evaluation.evaluator       | WARNING | SNR=7.0 dB: 1/256 sensing elements outside [0,1] (min=0.1254, max=1.0560) -> clamped
2026-09-28 20:24:59 | src.evaluation.evaluator       | WARNING | SNR=9.0 dB: 1/256 sensing elements outside [0,1] (min=-0.0689, max=0.9762) -> clamped
2026-09-28 20:24:59 | src.evaluation.evaluator       | WARNING | SNR=11.0 dB: 1/256 sensing elements outside [0,1] (min=0.0751, max=1.0082) -> clamped
2026-09-28 20:24:59 | src.evaluation.evaluator       | WARNING | SNR=13.0 dB: 1/256 sensing elements outside [0,1] (min=0.0332, max=1.0581) -> clamped
2026-09-28 20:25:00 | src.evaluation.evaluator       | WARNING | SNR=15.0 dB: 2/512 sensing elements outside [0,1] (min=0.0174, max=1.0414) -> clamped
2026-09-28 20:25:00 | src.evaluation.evaluator       | WARNING | SNR=19.0 dB: 3/512 sensing elements outside [0,1] (min=0.0285, max=1.0664) -> clamped
2026-09-28 20:25:00 | src.evaluation.evaluator       | WARNING | SNR=21.0 dB: 2/256 sensing elements outside [0,1] (min=0.0055, max=1.0501) -> clamped
2026-09-28 20:25:00 | src.evaluation.evaluator       | INFO   | Evaluation completed for 14 SNR points
2026-09-28 20:25:00 | src.experiments.run_jamming    | INFO   | jamming cw r=3 JSR=6.0 dB | BER=0.48968
2026-09-28 20:25:00 | src.evaluation.evaluator       | INFO   | Starting evaluation over 14 SNR points
2026-09-28 20:25:01 | src.evaluation.evaluator       | WARNING | SNR=-5.0 dB: 1/256 sensing elements outside [0,1] (min=-0.1163, max=0.9422) -> clamped
2026-09-28 20:25:01 | src.evaluation.evaluator       | WARNING | SNR=-3.0 dB: 4/512 sensing elements outside [0,1] (min=-0.0582, max=1.0907) -> clamped
2026-09-28 20:25:01 | src.evaluation.evaluator       | WARNING | SNR=-1.0 dB: 1/256 sensing elements outside [0,1] (min=0.0216, max=1.0750) -> clamped
2026-09-28 20:25:01 | src.evaluation.evaluator       | WARNING | SNR=1.0 dB: 2/512 sensing elements outside [0,1] (min=0.0759, max=1.1447) -> clamped
2026-09-28 20:25:02 | src.evaluation.evaluator       | WARNING | SNR=3.0 dB: 1/256 sensing elements outside [0,1] (min=0.0717, max=1.0893) -> clamped
2026-09-28 20:25:02 | src.evaluation.evaluator       | WARNING | SNR=5.0 dB: 3/512 sensing elements outside [0,1] (min=0.0308, max=1.0806) -> clamped
2026-09-28 20:25:02 | src.evaluation.evaluator       | WARNING | SNR=7.0 dB: 3/512 sensing elements outside [0,1] (min=-0.0190, max=1.1198) -> clamped
2026-09-28 20:25:03 | src.evaluation.evaluator       | WARNING | SNR=9.0 dB: 4/512 sensing elements outside [0,1] (min=-0.0983, max=1.0151) -> clamped
2026-09-28 20:25:03 | src.evaluation.evaluator       | WARNING | SNR=13.0 dB: 2/256 sensing elements outside [0,1] (min=0.0690, max=1.0945) -> clamped
2026-09-28 20:25:03 | src.evaluation.evaluator       | WARNING | SNR=15.0 dB: 3/512 sensing elements outside [0,1] (min=0.0256, max=1.0442) -> clamped
2026-09-28 20:25:04 | src.evaluation.evaluator       | WARNING | SNR=19.0 dB: 3/512 sensing elements outside [0,1] (min=-0.0263, max=1.1073) -> clamped
2026-09-28 20:25:04 | src.evaluation.evaluator       | WARNING | SNR=21.0 dB: 4/512 sensing elements outside [0,1] (min=-0.0017, max=1.0774) -> clamped
2026-09-28 20:25:04 | src.evaluation.evaluator       | INFO   | Evaluation completed for 14 SNR points
2026-09-28 20:25:04 | src.experiments.run_jamming    | INFO   | jamming cw r=3 JSR=8.0 dB | BER=0.48968
2026-09-28 20:25:04 | src.evaluation.evaluator       | INFO   | Starting evaluation over 14 SNR points
2026-09-28 20:25:04 | src.evaluation.evaluator       | WARNING | SNR=-5.0 dB: 9/512 sensing elements outside [0,1] (min=-0.2286, max=1.0932) -> clamped
2026-09-28 20:25:05 | src.evaluation.evaluator       | WARNING | SNR=-3.0 dB: 7/512 sensing elements outside [0,1] (min=-0.1403, max=1.1839) -> clamped
2026-09-28 20:25:05 | src.evaluation.evaluator       | WARNING | SNR=-1.0 dB: 5/512 sensing elements outside [0,1] (min=-0.1084, max=1.0347) -> clamped
2026-09-28 20:25:05 | src.evaluation.evaluator       | WARNING | SNR=1.0 dB: 2/512 sensing elements outside [0,1] (min=0.0110, max=1.1464) -> clamped
2026-09-28 20:25:05 | src.evaluation.evaluator       | WARNING | SNR=3.0 dB: 7/512 sensing elements outside [0,1] (min=-0.0807, max=1.1847) -> clamped
2026-09-28 20:25:06 | src.evaluation.evaluator       | WARNING | SNR=5.0 dB: 6/512 sensing elements outside [0,1] (min=-0.0419, max=1.0977) -> clamped
2026-09-28 20:25:06 | src.evaluation.evaluator       | WARNING | SNR=7.0 dB: 5/512 sensing elements outside [0,1] (min=-0.1192, max=1.1643) -> clamped
2026-09-28 20:25:06 | src.evaluation.evaluator       | WARNING | SNR=9.0 dB: 4/512 sensing elements outside [0,1] (min=-0.1455, max=1.0580) -> clamped
2026-09-28 20:25:06 | src.evaluation.evaluator       | WARNING | SNR=11.0 dB: 1/256 sensing elements outside [0,1] (min=-0.0304, max=0.8940) -> clamped
2026-09-28 20:25:06 | src.evaluation.evaluator       | WARNING | SNR=13.0 dB: 2/256 sensing elements outside [0,1] (min=0.1146, max=1.1110) -> clamped
2026-09-28 20:25:07 | src.evaluation.evaluator       | WARNING | SNR=15.0 dB: 4/512 sensing elements outside [0,1] (min=-0.0434, max=1.0388) -> clamped
2026-09-28 20:25:07 | src.evaluation.evaluator       | WARNING | SNR=17.0 dB: 1/256 sensing elements outside [0,1] (min=-0.0271, max=0.9944) -> clamped
2026-09-28 20:25:07 | src.evaluation.evaluator       | WARNING | SNR=19.0 dB: 5/512 sensing elements outside [0,1] (min=-0.0894, max=1.1110) -> clamped
2026-09-28 20:25:07 | src.evaluation.evaluator       | WARNING | SNR=21.0 dB: 7/512 sensing elements outside [0,1] (min=-0.0515, max=1.0977) -> clamped
2026-09-28 20:25:07 | src.evaluation.evaluator       | INFO   | Evaluation completed for 14 SNR points
2026-09-28 20:25:07 | src.experiments.run_jamming    | INFO   | jamming cw r=3 JSR=10.0 dB | BER=0.48968
2026-09-28 20:25:07 | src.evaluation.evaluator       | INFO   | Starting evaluation over 14 SNR points
2026-09-28 20:25:13 | src.evaluation.evaluator       | WARNING | SNR=1.0 dB: 1/256 sensing elements outside [0,1] (min=0.2130, max=1.0201) -> clamped
2026-09-28 20:25:15 | src.evaluation.evaluator       | WARNING | SNR=3.0 dB: 1/256 sensing elements outside [0,1] (min=0.0977, max=1.0614) -> clamped
2026-09-28 20:25:18 | src.evaluation.evaluator       | WARNING | SNR=5.0 dB: 2/512 sensing elements outside [0,1] (min=-0.0300, max=1.0534) -> clamped
2026-09-28 20:25:21 | src.evaluation.evaluator       | WARNING | SNR=7.0 dB: 3/768 sensing elements outside [0,1] (min=-0.0150, max=1.0570) -> clamped
2026-09-28 20:25:23 | src.evaluation.evaluator       | WARNING | SNR=9.0 dB: 2/512 sensing elements outside [0,1] (min=-0.0197, max=0.9680) -> clamped
2026-09-28 20:25:25 | src.evaluation.evaluator       | WARNING | SNR=11.0 dB: 3/768 sensing elements outside [0,1] (min=0.0155, max=1.0712) -> clamped
2026-09-28 20:25:28 | src.evaluation.evaluator       | WARNING | SNR=13.0 dB: 8/1792 sensing elements outside [0,1] (min=-0.0193, max=1.0157) -> clamped
2026-09-28 20:25:30 | src.evaluation.evaluator       | WARNING | SNR=15.0 dB: 11/2816 sensing elements outside [0,1] (min=-0.0170, max=1.0601) -> clamped
2026-09-28 20:25:33 | src.evaluation.evaluator       | WARNING | SNR=17.0 dB: 10/2304 sensing elements outside [0,1] (min=-0.0198, max=1.0499) -> clamped
2026-09-28 20:25:35 | src.evaluation.evaluator       | WARNING | SNR=19.0 dB: 6/1536 sensing elements outside [0,1] (min=-0.0919, max=1.0387) -> clamped
2026-09-28 20:25:38 | src.evaluation.evaluator       | WARNING | SNR=21.0 dB: 12/2560 sensing elements outside [0,1] (min=-0.0343, max=1.0661) -> clamped
2026-09-28 20:25:38 | src.evaluation.evaluator       | INFO   | Evaluation completed for 14 SNR points
2026-09-28 20:25:38 | src.experiments.run_jamming    | INFO   | jamming cw r=4 JSR=-10.0 dB | BER=0.03515
2026-09-28 20:25:38 | src.evaluation.evaluator       | INFO   | Starting evaluation over 14 SNR points
2026-09-28 20:25:44 | src.evaluation.evaluator       | WARNING | SNR=7.0 dB: 1/256 sensing elements outside [0,1] (min=0.1150, max=1.0184) -> clamped
2026-09-28 20:25:48 | src.evaluation.evaluator       | WARNING | SNR=11.0 dB: 1/256 sensing elements outside [0,1] (min=-0.0092, max=0.9461) -> clamped
2026-09-28 20:25:49 | src.evaluation.evaluator       | WARNING | SNR=13.0 dB: 2/256 sensing elements outside [0,1] (min=-0.0181, max=1.0081) -> clamped
2026-09-28 20:25:50 | src.evaluation.evaluator       | WARNING | SNR=15.0 dB: 4/1024 sensing elements outside [0,1] (min=-0.0130, max=1.0183) -> clamped
2026-09-28 20:25:51 | src.evaluation.evaluator       | WARNING | SNR=17.0 dB: 4/768 sensing elements outside [0,1] (min=-0.0084, max=1.0306) -> clamped
2026-09-28 20:25:52 | src.evaluation.evaluator       | WARNING | SNR=19.0 dB: 3/768 sensing elements outside [0,1] (min=-0.0242, max=1.0320) -> clamped
2026-09-28 20:25:54 | src.evaluation.evaluator       | WARNING | SNR=21.0 dB: 6/1280 sensing elements outside [0,1] (min=-0.0051, max=1.0515) -> clamped
2026-09-28 20:25:54 | src.evaluation.evaluator       | INFO   | Evaluation completed for 14 SNR points
2026-09-28 20:25:54 | src.experiments.run_jamming    | INFO   | jamming cw r=4 JSR=-8.0 dB | BER=0.08200
2026-09-28 20:25:54 | src.evaluation.evaluator       | INFO   | Starting evaluation over 14 SNR points
2026-09-28 20:25:58 | src.evaluation.evaluator       | WARNING | SNR=11.0 dB: 1/256 sensing elements outside [0,1] (min=-0.0147, max=0.9481) -> clamped
2026-09-28 20:25:59 | src.evaluation.evaluator       | WARNING | SNR=15.0 dB: 1/256 sensing elements outside [0,1] (min=-0.0159, max=0.9236) -> clamped
2026-09-28 20:26:00 | src.evaluation.evaluator       | WARNING | SNR=17.0 dB: 3/512 sensing elements outside [0,1] (min=-0.0088, max=1.0141) -> clamped
2026-09-28 20:26:00 | src.evaluation.evaluator       | WARNING | SNR=19.0 dB: 2/512 sensing elements outside [0,1] (min=0.0786, max=1.0279) -> clamped
2026-09-28 20:26:01 | src.evaluation.evaluator       | WARNING | SNR=21.0 dB: 2/256 sensing elements outside [0,1] (min=0.0858, max=1.0179) -> clamped
2026-09-28 20:26:01 | src.evaluation.evaluator       | INFO   | Evaluation completed for 14 SNR points
2026-09-28 20:26:01 | src.experiments.run_jamming    | INFO   | jamming cw r=4 JSR=-6.0 dB | BER=0.18666
2026-09-28 20:26:01 | src.evaluation.evaluator       | INFO   | Starting evaluation over 14 SNR points
2026-09-28 20:26:04 | src.evaluation.evaluator       | WARNING | SNR=11.0 dB: 1/256 sensing elements outside [0,1] (min=-0.0147, max=0.9511) -> clamped
2026-09-28 20:26:04 | src.evaluation.evaluator       | WARNING | SNR=13.0 dB: 1/256 sensing elements outside [0,1] (min=0.0670, max=1.0027) -> clamped
2026-09-28 20:26:04 | src.evaluation.evaluator       | WARNING | SNR=15.0 dB: 1/256 sensing elements outside [0,1] (min=-0.0154, max=0.9324) -> clamped
2026-09-28 20:26:05 | src.evaluation.evaluator       | WARNING | SNR=17.0 dB: 1/256 sensing elements outside [0,1] (min=-0.0021, max=0.9134) -> clamped
2026-09-28 20:26:05 | src.evaluation.evaluator       | WARNING | SNR=21.0 dB: 2/256 sensing elements outside [0,1] (min=0.0782, max=1.0210) -> clamped
2026-09-28 20:26:05 | src.evaluation.evaluator       | INFO   | Evaluation completed for 14 SNR points
2026-09-28 20:26:05 | src.experiments.run_jamming    | INFO   | jamming cw r=4 JSR=-4.0 dB | BER=0.34422
2026-09-28 20:26:05 | src.evaluation.evaluator       | INFO   | Starting evaluation over 14 SNR points
2026-09-28 20:26:07 | src.evaluation.evaluator       | WARNING | SNR=11.0 dB: 1/256 sensing elements outside [0,1] (min=-0.0140, max=0.9568) -> clamped
2026-09-28 20:26:08 | src.evaluation.evaluator       | WARNING | SNR=21.0 dB: 2/256 sensing elements outside [0,1] (min=0.0902, max=1.0291) -> clamped
2026-09-28 20:26:08 | src.evaluation.evaluator       | INFO   | Evaluation completed for 14 SNR points
2026-09-28 20:26:08 | src.experiments.run_jamming    | INFO   | jamming cw r=4 JSR=-2.0 dB | BER=0.45592
2026-09-28 20:26:08 | src.evaluation.evaluator       | INFO   | Starting evaluation over 14 SNR points
2026-09-28 20:26:10 | src.evaluation.evaluator       | WARNING | SNR=11.0 dB: 1/256 sensing elements outside [0,1] (min=-0.0202, max=0.9431) -> clamped
2026-09-28 20:26:11 | src.evaluation.evaluator       | WARNING | SNR=17.0 dB: 1/256 sensing elements outside [0,1] (min=-0.0040, max=0.9300) -> clamped
2026-09-28 20:26:11 | src.evaluation.evaluator       | WARNING | SNR=21.0 dB: 2/256 sensing elements outside [0,1] (min=0.1115, max=1.0426) -> clamped
2026-09-28 20:26:11 | src.evaluation.evaluator       | INFO   | Evaluation completed for 14 SNR points
2026-09-28 20:26:11 | src.experiments.run_jamming    | INFO   | jamming cw r=4 JSR=0.0 dB | BER=0.48382
2026-09-28 20:26:11 | src.evaluation.evaluator       | INFO   | Starting evaluation over 14 SNR points
2026-09-28 20:26:13 | src.evaluation.evaluator       | WARNING | SNR=11.0 dB: 1/256 sensing elements outside [0,1] (min=-0.0055, max=0.9151) -> clamped
2026-09-28 20:26:13 | src.evaluation.evaluator       | WARNING | SNR=13.0 dB: 1/256 sensing elements outside [0,1] (min=-0.0039, max=0.9197) -> clamped
2026-09-28 20:26:14 | src.evaluation.evaluator       | WARNING | SNR=21.0 dB: 2/256 sensing elements outside [0,1] (min=0.1368, max=1.0530) -> clamped
2026-09-28 20:26:14 | src.evaluation.evaluator       | INFO   | Evaluation completed for 14 SNR points
2026-09-28 20:26:14 | src.experiments.run_jamming    | INFO   | jamming cw r=4 JSR=2.0 dB | BER=0.48884
2026-09-28 20:26:14 | src.evaluation.evaluator       | INFO   | Starting evaluation over 14 SNR points
2026-09-28 20:26:16 | src.evaluation.evaluator       | WARNING | SNR=3.0 dB: 1/256 sensing elements outside [0,1] (min=0.1724, max=1.0003) -> clamped
2026-09-28 20:26:17 | src.evaluation.evaluator       | WARNING | SNR=17.0 dB: 1/256 sensing elements outside [0,1] (min=0.1859, max=1.0118) -> clamped
2026-09-28 20:26:18 | src.evaluation.evaluator       | WARNING | SNR=21.0 dB: 2/256 sensing elements outside [0,1] (min=0.1687, max=1.0587) -> clamped
2026-09-28 20:26:18 | src.evaluation.evaluator       | INFO   | Evaluation completed for 14 SNR points
2026-09-28 20:26:18 | src.experiments.run_jamming    | INFO   | jamming cw r=4 JSR=4.0 dB | BER=0.48968
2026-09-28 20:26:18 | src.evaluation.evaluator       | INFO   | Starting evaluation over 14 SNR points
2026-09-28 20:26:19 | src.evaluation.evaluator       | WARNING | SNR=3.0 dB: 1/256 sensing elements outside [0,1] (min=0.2337, max=1.0155) -> clamped
2026-09-28 20:26:20 | src.evaluation.evaluator       | WARNING | SNR=17.0 dB: 1/256 sensing elements outside [0,1] (min=0.2316, max=1.0314) -> clamped
2026-09-28 20:26:21 | src.evaluation.evaluator       | WARNING | SNR=21.0 dB: 2/256 sensing elements outside [0,1] (min=0.2206, max=1.0682) -> clamped
2026-09-28 20:26:21 | src.evaluation.evaluator       | INFO   | Evaluation completed for 14 SNR points
2026-09-28 20:26:21 | src.experiments.run_jamming    | INFO   | jamming cw r=4 JSR=6.0 dB | BER=0.48968
2026-09-28 20:26:21 | src.evaluation.evaluator       | INFO   | Starting evaluation over 14 SNR points
2026-09-28 20:26:22 | src.evaluation.evaluator       | WARNING | SNR=3.0 dB: 1/256 sensing elements outside [0,1] (min=0.2968, max=1.0369) -> clamped
2026-09-28 20:26:23 | src.evaluation.evaluator       | WARNING | SNR=17.0 dB: 2/512 sensing elements outside [0,1] (min=0.1563, max=1.0553) -> clamped
2026-09-28 20:26:23 | src.evaluation.evaluator       | WARNING | SNR=19.0 dB: 1/256 sensing elements outside [0,1] (min=0.2198, max=1.0021) -> clamped
2026-09-28 20:26:24 | src.evaluation.evaluator       | WARNING | SNR=21.0 dB: 3/256 sensing elements outside [0,1] (min=0.2859, max=1.0980) -> clamped
2026-09-28 20:26:24 | src.evaluation.evaluator       | INFO   | Evaluation completed for 14 SNR points
2026-09-28 20:26:24 | src.experiments.run_jamming    | INFO   | jamming cw r=4 JSR=8.0 dB | BER=0.48968
2026-09-28 20:26:24 | src.evaluation.evaluator       | INFO   | Starting evaluation over 14 SNR points
2026-09-28 20:26:24 | src.evaluation.evaluator       | WARNING | SNR=-5.0 dB: 2/256 sensing elements outside [0,1] (min=0.1428, max=1.0589) -> clamped
2026-09-28 20:26:24 | src.evaluation.evaluator       | WARNING | SNR=-1.0 dB: 3/512 sensing elements outside [0,1] (min=0.2867, max=1.0331) -> clamped
2026-09-28 20:26:25 | src.evaluation.evaluator       | WARNING | SNR=3.0 dB: 1/256 sensing elements outside [0,1] (min=0.3260, max=1.0610) -> clamped
2026-09-28 20:26:25 | src.evaluation.evaluator       | WARNING | SNR=9.0 dB: 3/512 sensing elements outside [0,1] (min=0.3134, max=1.0118) -> clamped
2026-09-28 20:26:25 | src.evaluation.evaluator       | WARNING | SNR=11.0 dB: 2/256 sensing elements outside [0,1] (min=0.3120, max=1.0549) -> clamped
2026-09-28 20:26:26 | src.evaluation.evaluator       | WARNING | SNR=13.0 dB: 1/256 sensing elements outside [0,1] (min=0.2143, max=1.0048) -> clamped
2026-09-28 20:26:26 | src.evaluation.evaluator       | WARNING | SNR=15.0 dB: 3/512 sensing elements outside [0,1] (min=0.2195, max=1.0233) -> clamped
2026-09-28 20:26:26 | src.evaluation.evaluator       | WARNING | SNR=17.0 dB: 2/512 sensing elements outside [0,1] (min=0.2845, max=1.0757) -> clamped
2026-09-28 20:26:26 | src.evaluation.evaluator       | WARNING | SNR=19.0 dB: 2/256 sensing elements outside [0,1] (min=0.2994, max=1.0318) -> clamped
2026-09-28 20:26:26 | src.evaluation.evaluator       | WARNING | SNR=21.0 dB: 4/256 sensing elements outside [0,1] (min=0.3823, max=1.1373) -> clamped
2026-09-28 20:26:26 | src.evaluation.evaluator       | INFO   | Evaluation completed for 14 SNR points
2026-09-28 20:26:26 | src.experiments.run_jamming    | INFO   | jamming cw r=4 JSR=10.0 dB | BER=0.48968
2026-09-28 20:26:26 | src.experiments.run_jamming    | INFO   | Results for cw saved to /content/drive/MyDrive/DHUC_RUN/qkv_jam/full/jamming/qkv/jamming/jamming_results_cw.csv
2026-09-28 20:26:26 | src.experiments.run_jamming    | INFO   | Per-realization results for cw saved to /content/drive/MyDrive/DHUC_RUN/qkv_jam/full/jamming/qkv/jamming/jamming_realizations_cw.csv
2026-09-28 20:26:26 | src.experiments.run_jamming    | INFO   | Processing jamming: barrage (5 realization(s))
2026-09-28 20:26:27 | src.evaluation.evaluator       | INFO   | Starting evaluation over 14 SNR points
2026-09-28 20:26:30 | src.evaluation.evaluator       | WARNING | SNR=-3.0 dB: 1/256 sensing elements outside [0,1] (min=-0.0068, max=0.8766) -> clamped
2026-09-28 20:26:35 | src.evaluation.evaluator       | WARNING | SNR=1.0 dB: 2/512 sensing elements outside [0,1] (min=0.0901, max=1.0447) -> clamped
2026-09-28 20:26:37 | src.evaluation.evaluator       | WARNING | SNR=3.0 dB: 1/256 sensing elements outside [0,1] (min=0.0226, max=1.0646) -> clamped
2026-09-28 20:26:39 | src.evaluation.evaluator       | WARNING | SNR=5.0 dB: 6/1362 sensing elements outside [0,1] (min=-0.0238, max=1.0855) -> clamped
2026-09-28 20:26:42 | src.evaluation.evaluator       | WARNING | SNR=7.0 dB: 3/768 sensing elements outside [0,1] (min=-0.0046, max=1.0263) -> clamped
2026-09-28 20:26:45 | src.evaluation.evaluator       | WARNING | SNR=9.0 dB: 2/512 sensing elements outside [0,1] (min=-0.0245, max=1.0470) -> clamped
2026-09-28 20:26:47 | src.evaluation.evaluator       | WARNING | SNR=11.0 dB: 6/1536 sensing elements outside [0,1] (min=-0.0342, max=1.0677) -> clamped
2026-09-28 20:26:50 | src.evaluation.evaluator       | WARNING | SNR=13.0 dB: 4/768 sensing elements outside [0,1] (min=0.0051, max=1.0611) -> clamped
2026-09-28 20:26:52 | src.evaluation.evaluator       | WARNING | SNR=15.0 dB: 3/768 sensing elements outside [0,1] (min=0.0614, max=1.0457) -> clamped
2026-09-28 20:26:54 | src.evaluation.evaluator       | WARNING | SNR=17.0 dB: 7/1792 sensing elements outside [0,1] (min=-0.0025, max=1.0915) -> clamped
2026-09-28 20:26:57 | src.evaluation.evaluator       | WARNING | SNR=19.0 dB: 4/1024 sensing elements outside [0,1] (min=-0.0568, max=1.0091) -> clamped
2026-09-28 20:27:00 | src.evaluation.evaluator       | WARNING | SNR=21.0 dB: 6/1536 sensing elements outside [0,1] (min=-0.0074, max=1.0834) -> clamped
2026-09-28 20:27:00 | src.evaluation.evaluator       | INFO   | Evaluation completed for 14 SNR points
2026-09-28 20:27:00 | src.experiments.run_jamming    | INFO   | jamming barrage r=0 JSR=-10.0 dB | BER=0.01381
2026-09-28 20:27:00 | src.evaluation.evaluator       | INFO   | Starting evaluation over 14 SNR points
2026-09-28 20:27:02 | src.evaluation.evaluator       | WARNING | SNR=-3.0 dB: 1/256 sensing elements outside [0,1] (min=-0.0017, max=0.9095) -> clamped
2026-09-28 20:27:07 | src.evaluation.evaluator       | WARNING | SNR=1.0 dB: 2/512 sensing elements outside [0,1] (min=-0.0025, max=1.0499) -> clamped
2026-09-28 20:27:09 | src.evaluation.evaluator       | WARNING | SNR=3.0 dB: 1/256 sensing elements outside [0,1] (min=0.0122, max=1.0669) -> clamped
2026-09-28 20:27:12 | src.evaluation.evaluator       | WARNING | SNR=5.0 dB: 4/1024 sensing elements outside [0,1] (min=-0.0076, max=1.0824) -> clamped
2026-09-28 20:27:15 | src.evaluation.evaluator       | WARNING | SNR=7.0 dB: 2/512 sensing elements outside [0,1] (min=0.0793, max=1.0294) -> clamped
2026-09-28 20:27:17 | src.evaluation.evaluator       | WARNING | SNR=9.0 dB: 2/512 sensing elements outside [0,1] (min=-0.0085, max=1.0514) -> clamped
2026-09-28 20:27:19 | src.evaluation.evaluator       | WARNING | SNR=11.0 dB: 3/768 sensing elements outside [0,1] (min=-0.0336, max=1.0560) -> clamped
2026-09-28 20:27:21 | src.evaluation.evaluator       | WARNING | SNR=13.0 dB: 4/768 sensing elements outside [0,1] (min=0.0189, max=1.0435) -> clamped
2026-09-28 20:27:24 | src.evaluation.evaluator       | WARNING | SNR=15.0 dB: 2/512 sensing elements outside [0,1] (min=0.0699, max=1.0345) -> clamped
2026-09-28 20:27:27 | src.evaluation.evaluator       | WARNING | SNR=17.0 dB: 5/1280 sensing elements outside [0,1] (min=0.0418, max=1.0913) -> clamped
2026-09-28 20:27:30 | src.evaluation.evaluator       | WARNING | SNR=19.0 dB: 1/256 sensing elements outside [0,1] (min=-0.0405, max=0.9312) -> clamped
2026-09-28 20:27:32 | src.evaluation.evaluator       | WARNING | SNR=21.0 dB: 3/768 sensing elements outside [0,1] (min=0.0318, max=1.0791) -> clamped
2026-09-28 20:27:32 | src.evaluation.evaluator       | INFO   | Evaluation completed for 14 SNR points
2026-09-28 20:27:32 | src.experiments.run_jamming    | INFO   | jamming barrage r=0 JSR=-8.0 dB | BER=0.01519
2026-09-28 20:27:32 | src.evaluation.evaluator       | INFO   | Starting evaluation over 14 SNR points
2026-09-28 20:27:38 | src.evaluation.evaluator       | WARNING | SNR=1.0 dB: 2/512 sensing elements outside [0,1] (min=-0.0089, max=1.0548) -> clamped
2026-09-28 20:27:41 | src.evaluation.evaluator       | WARNING | SNR=3.0 dB: 1/256 sensing elements outside [0,1] (min=0.0066, max=1.0623) -> clamped
2026-09-28 20:27:44 | src.evaluation.evaluator       | WARNING | SNR=5.0 dB: 1/256 sensing elements outside [0,1] (min=0.1506, max=1.0740) -> clamped
2026-09-28 20:27:46 | src.evaluation.evaluator       | WARNING | SNR=7.0 dB: 2/512 sensing elements outside [0,1] (min=0.1071, max=1.0262) -> clamped
2026-09-28 20:27:48 | src.evaluation.evaluator       | WARNING | SNR=9.0 dB: 1/256 sensing elements outside [0,1] (min=0.0583, max=1.0544) -> clamped
2026-09-28 20:27:51 | src.evaluation.evaluator       | WARNING | SNR=11.0 dB: 3/768 sensing elements outside [0,1] (min=-0.0274, max=1.0404) -> clamped
2026-09-28 20:27:53 | src.evaluation.evaluator       | WARNING | SNR=13.0 dB: 1/256 sensing elements outside [0,1] (min=0.1456, max=1.0040) -> clamped
2026-09-28 20:27:56 | src.evaluation.evaluator       | WARNING | SNR=15.0 dB: 1/256 sensing elements outside [0,1] (min=0.0915, max=1.0176) -> clamped
2026-09-28 20:27:59 | src.evaluation.evaluator       | WARNING | SNR=17.0 dB: 2/512 sensing elements outside [0,1] (min=0.0545, max=1.0907) -> clamped
2026-09-28 20:28:01 | src.evaluation.evaluator       | WARNING | SNR=19.0 dB: 1/256 sensing elements outside [0,1] (min=-0.0144, max=0.9087) -> clamped
2026-09-28 20:28:03 | src.evaluation.evaluator       | WARNING | SNR=21.0 dB: 2/512 sensing elements outside [0,1] (min=0.0931, max=1.0729) -> clamped
2026-09-28 20:28:03 | src.evaluation.evaluator       | INFO   | Evaluation completed for 14 SNR points
2026-09-28 20:28:03 | src.experiments.run_jamming    | INFO   | jamming barrage r=0 JSR=-6.0 dB | BER=0.01999
2026-09-28 20:28:03 | src.evaluation.evaluator       | INFO   | Starting evaluation over 14 SNR points
2026-09-28 20:28:10 | src.evaluation.evaluator       | WARNING | SNR=1.0 dB: 2/512 sensing elements outside [0,1] (min=-0.0088, max=1.0589) -> clamped
2026-09-28 20:28:12 | src.evaluation.evaluator       | WARNING | SNR=3.0 dB: 1/256 sensing elements outside [0,1] (min=0.0085, max=1.0450) -> clamped
2026-09-28 20:28:15 | src.evaluation.evaluator       | WARNING | SNR=5.0 dB: 2/512 sensing elements outside [0,1] (min=0.1681, max=1.0543) -> clamped
2026-09-28 20:28:17 | src.evaluation.evaluator       | WARNING | SNR=7.0 dB: 2/512 sensing elements outside [0,1] (min=0.1415, max=1.0117) -> clamped
2026-09-28 20:28:19 | src.evaluation.evaluator       | WARNING | SNR=9.0 dB: 1/256 sensing elements outside [0,1] (min=0.1041, max=1.0550) -> clamped
2026-09-28 20:28:21 | src.evaluation.evaluator       | WARNING | SNR=11.0 dB: 3/768 sensing elements outside [0,1] (min=-0.0097, max=1.0258) -> clamped
2026-09-28 20:28:29 | src.evaluation.evaluator       | WARNING | SNR=17.0 dB: 1/256 sensing elements outside [0,1] (min=0.0877, max=1.0846) -> clamped
2026-09-28 20:28:34 | src.evaluation.evaluator       | WARNING | SNR=21.0 dB: 2/512 sensing elements outside [0,1] (min=0.1153, max=1.0615) -> clamped
2026-09-28 20:28:34 | src.evaluation.evaluator       | INFO   | Evaluation completed for 14 SNR points
2026-09-28 20:28:34 | src.experiments.run_jamming    | INFO   | jamming barrage r=0 JSR=-4.0 dB | BER=0.02674
2026-09-28 20:28:34 | src.evaluation.evaluator       | INFO   | Starting evaluation over 14 SNR points
2026-09-28 20:28:35 | src.evaluation.evaluator       | WARNING | SNR=-3.0 dB: 1/256 sensing elements outside [0,1] (min=-0.0141, max=0.7505) -> clamped
2026-09-28 20:28:39 | src.evaluation.evaluator       | WARNING | SNR=1.0 dB: 2/512 sensing elements outside [0,1] (min=-0.0066, max=1.0581) -> clamped
2026-09-28 20:28:42 | src.evaluation.evaluator       | WARNING | SNR=3.0 dB: 1/256 sensing elements outside [0,1] (min=0.0126, max=1.0123) -> clamped
2026-09-28 20:28:44 | src.evaluation.evaluator       | WARNING | SNR=5.0 dB: 2/512 sensing elements outside [0,1] (min=0.1895, max=1.0359) -> clamped
2026-09-28 20:28:48 | src.evaluation.evaluator       | WARNING | SNR=9.0 dB: 1/256 sensing elements outside [0,1] (min=0.1830, max=1.0467) -> clamped
2026-09-28 20:28:51 | src.evaluation.evaluator       | WARNING | SNR=11.0 dB: 2/512 sensing elements outside [0,1] (min=0.0754, max=1.0090) -> clamped
2026-09-28 20:28:59 | src.evaluation.evaluator       | WARNING | SNR=17.0 dB: 1/256 sensing elements outside [0,1] (min=0.1870, max=1.0697) -> clamped
2026-09-28 20:29:03 | src.evaluation.evaluator       | WARNING | SNR=21.0 dB: 2/512 sensing elements outside [0,1] (min=0.1629, max=1.0463) -> clamped
2026-09-28 20:29:03 | src.evaluation.evaluator       | INFO   | Evaluation completed for 14 SNR points
2026-09-28 20:29:03 | src.experiments.run_jamming    | INFO   | jamming barrage r=0 JSR=-2.0 dB | BER=0.04300
2026-09-28 20:29:03 | src.evaluation.evaluator       | INFO   | Starting evaluation over 14 SNR points
2026-09-28 20:29:04 | src.evaluation.evaluator       | WARNING | SNR=-3.0 dB: 1/256 sensing elements outside [0,1] (min=-0.0233, max=0.7722) -> clamped
2026-09-28 20:29:23 | src.evaluation.evaluator       | WARNING | SNR=21.0 dB: 1/256 sensing elements outside [0,1] (min=0.2060, max=1.0049) -> clamped
2026-09-28 20:29:23 | src.evaluation.evaluator       | INFO   | Evaluation completed for 14 SNR points
2026-09-28 20:29:23 | src.experiments.run_jamming    | INFO   | jamming barrage r=0 JSR=0.0 dB | BER=0.07444
2026-09-28 20:29:23 | src.evaluation.evaluator       | INFO   | Starting evaluation over 14 SNR points
2026-09-28 20:29:25 | src.evaluation.evaluator       | WARNING | SNR=-3.0 dB: 1/256 sensing elements outside [0,1] (min=-0.0099, max=0.8089) -> clamped
2026-09-28 20:29:33 | src.evaluation.evaluator       | INFO   | Evaluation completed for 14 SNR points
2026-09-28 20:29:33 | src.experiments.run_jamming    | INFO   | jamming barrage r=0 JSR=2.0 dB | BER=0.12867
2026-09-28 20:29:33 | src.evaluation.evaluator       | INFO   | Starting evaluation over 14 SNR points
2026-09-28 20:29:34 | src.evaluation.evaluator       | WARNING | SNR=-3.0 dB: 1/256 sensing elements outside [0,1] (min=-0.0017, max=0.8392) -> clamped
2026-09-28 20:29:39 | src.evaluation.evaluator       | WARNING | SNR=15.0 dB: 1/256 sensing elements outside [0,1] (min=0.2284, max=1.0351) -> clamped
2026-09-28 20:29:41 | src.evaluation.evaluator       | INFO   | Evaluation completed for 14 SNR points
2026-09-28 20:29:41 | src.experiments.run_jamming    | INFO   | jamming barrage r=0 JSR=4.0 dB | BER=0.20525
2026-09-28 20:29:41 | src.evaluation.evaluator       | INFO   | Starting evaluation over 14 SNR points
2026-09-28 20:29:44 | src.evaluation.evaluator       | WARNING | SNR=13.0 dB: 1/256 sensing elements outside [0,1] (min=-0.0039, max=0.8657) -> clamped
2026-09-28 20:29:44 | src.evaluation.evaluator       | WARNING | SNR=15.0 dB: 1/256 sensing elements outside [0,1] (min=0.1782, max=1.0156) -> clamped
2026-09-28 20:29:45 | src.evaluation.evaluator       | INFO   | Evaluation completed for 14 SNR points
2026-09-28 20:29:45 | src.experiments.run_jamming    | INFO   | jamming barrage r=0 JSR=6.0 dB | BER=0.27488
2026-09-28 20:29:45 | src.evaluation.evaluator       | INFO   | Starting evaluation over 14 SNR points
2026-09-28 20:29:46 | src.evaluation.evaluator       | WARNING | SNR=-5.0 dB: 2/512 sensing elements outside [0,1] (min=-0.0178, max=1.0191) -> clamped
2026-09-28 20:29:46 | src.evaluation.evaluator       | WARNING | SNR=-1.0 dB: 3/768 sensing elements outside [0,1] (min=-0.0348, max=1.0565) -> clamped
2026-09-28 20:29:47 | src.evaluation.evaluator       | WARNING | SNR=1.0 dB: 2/256 sensing elements outside [0,1] (min=-0.0501, max=1.0006) -> clamped
2026-09-28 20:29:47 | src.evaluation.evaluator       | WARNING | SNR=3.0 dB: 1/256 sensing elements outside [0,1] (min=-0.0497, max=0.9141) -> clamped
2026-09-28 20:29:47 | src.evaluation.evaluator       | WARNING | SNR=5.0 dB: 1/256 sensing elements outside [0,1] (min=0.0293, max=1.0506) -> clamped
2026-09-28 20:29:48 | src.evaluation.evaluator       | WARNING | SNR=11.0 dB: 1/256 sensing elements outside [0,1] (min=0.0540, max=1.0159) -> clamped
2026-09-28 20:29:48 | src.evaluation.evaluator       | WARNING | SNR=13.0 dB: 2/512 sensing elements outside [0,1] (min=-0.0468, max=1.1052) -> clamped
2026-09-28 20:29:49 | src.evaluation.evaluator       | WARNING | SNR=15.0 dB: 2/512 sensing elements outside [0,1] (min=-0.0084, max=1.1127) -> clamped
2026-09-28 20:29:50 | src.evaluation.evaluator       | INFO   | Evaluation completed for 14 SNR points
2026-09-28 20:29:50 | src.experiments.run_jamming    | INFO   | jamming barrage r=0 JSR=8.0 dB | BER=0.35184
2026-09-28 20:29:50 | src.evaluation.evaluator       | INFO   | Starting evaluation over 14 SNR points
2026-09-28 20:29:50 | src.evaluation.evaluator       | WARNING | SNR=-5.0 dB: 8/512 sensing elements outside [0,1] (min=-0.0821, max=1.1900) -> clamped
2026-09-28 20:29:50 | src.evaluation.evaluator       | WARNING | SNR=-3.0 dB: 7/512 sensing elements outside [0,1] (min=-0.0565, max=1.2399) -> clamped
2026-09-28 20:29:51 | src.evaluation.evaluator       | WARNING | SNR=-1.0 dB: 18/768 sensing elements outside [0,1] (min=-0.1580, max=1.1711) -> clamped
2026-09-28 20:29:51 | src.evaluation.evaluator       | WARNING | SNR=1.0 dB: 8/768 sensing elements outside [0,1] (min=-0.1981, max=1.1634) -> clamped
2026-09-28 20:29:52 | src.evaluation.evaluator       | WARNING | SNR=3.0 dB: 8/768 sensing elements outside [0,1] (min=-0.1209, max=1.0581) -> clamped
2026-09-28 20:29:52 | src.evaluation.evaluator       | WARNING | SNR=5.0 dB: 3/512 sensing elements outside [0,1] (min=-0.0246, max=1.0251) -> clamped
2026-09-28 20:29:52 | src.evaluation.evaluator       | WARNING | SNR=7.0 dB: 5/512 sensing elements outside [0,1] (min=-0.0718, max=1.0280) -> clamped
2026-09-28 20:29:53 | src.evaluation.evaluator       | WARNING | SNR=9.0 dB: 4/512 sensing elements outside [0,1] (min=-0.0148, max=1.0789) -> clamped
2026-09-28 20:29:53 | src.evaluation.evaluator       | WARNING | SNR=11.0 dB: 6/768 sensing elements outside [0,1] (min=-0.1003, max=1.1617) -> clamped
2026-09-28 20:29:53 | src.evaluation.evaluator       | WARNING | SNR=13.0 dB: 5/512 sensing elements outside [0,1] (min=-0.1487, max=1.0612) -> clamped
2026-09-28 20:29:53 | src.evaluation.evaluator       | WARNING | SNR=15.0 dB: 6/512 sensing elements outside [0,1] (min=-0.1513, max=1.0947) -> clamped
2026-09-28 20:29:54 | src.evaluation.evaluator       | WARNING | SNR=17.0 dB: 5/512 sensing elements outside [0,1] (min=-0.0727, max=1.1605) -> clamped
2026-09-28 20:29:54 | src.evaluation.evaluator       | WARNING | SNR=19.0 dB: 4/512 sensing elements outside [0,1] (min=-0.0476, max=1.0332) -> clamped
2026-09-28 20:29:54 | src.evaluation.evaluator       | WARNING | SNR=21.0 dB: 5/512 sensing elements outside [0,1] (min=-0.0999, max=1.0804) -> clamped
2026-09-28 20:29:54 | src.evaluation.evaluator       | INFO   | Evaluation completed for 14 SNR points
2026-09-28 20:29:54 | src.experiments.run_jamming    | INFO   | jamming barrage r=0 JSR=10.0 dB | BER=0.40476
2026-09-28 20:29:54 | src.evaluation.evaluator       | INFO   | Starting evaluation over 14 SNR points
2026-09-28 20:29:57 | src.evaluation.evaluator       | WARNING | SNR=-3.0 dB: 1/256 sensing elements outside [0,1] (min=0.1578, max=1.0068) -> clamped
2026-09-28 20:30:01 | src.evaluation.evaluator       | WARNING | SNR=1.0 dB: 2/512 sensing elements outside [0,1] (min=-0.0294, max=1.0021) -> clamped
2026-09-28 20:30:04 | src.evaluation.evaluator       | WARNING | SNR=3.0 dB: 2/512 sensing elements outside [0,1] (min=0.0198, max=1.0727) -> clamped
2026-09-28 20:30:07 | src.evaluation.evaluator       | WARNING | SNR=5.0 dB: 4/1024 sensing elements outside [0,1] (min=-0.0804, max=1.1051) -> clamped
2026-09-28 20:30:09 | src.evaluation.evaluator       | WARNING | SNR=7.0 dB: 2/512 sensing elements outside [0,1] (min=-0.0034, max=1.0585) -> clamped
2026-09-28 20:30:14 | src.evaluation.evaluator       | WARNING | SNR=11.0 dB: 4/1024 sensing elements outside [0,1] (min=0.0366, max=1.0799) -> clamped
2026-09-28 20:30:16 | src.evaluation.evaluator       | WARNING | SNR=13.0 dB: 11/2304 sensing elements outside [0,1] (min=-0.0282, max=1.0813) -> clamped
2026-09-28 20:30:18 | src.evaluation.evaluator       | WARNING | SNR=15.0 dB: 6/1536 sensing elements outside [0,1] (min=-0.0164, max=1.0656) -> clamped
2026-09-28 20:30:22 | src.evaluation.evaluator       | WARNING | SNR=17.0 dB: 6/1536 sensing elements outside [0,1] (min=-0.0239, max=1.0775) -> clamped
2026-09-28 20:30:24 | src.evaluation.evaluator       | WARNING | SNR=19.0 dB: 3/768 sensing elements outside [0,1] (min=-0.0475, max=1.0348) -> clamped
2026-09-28 20:30:26 | src.evaluation.evaluator       | WARNING | SNR=21.0 dB: 3/768 sensing elements outside [0,1] (min=0.0352, max=1.0922) -> clamped
2026-09-28 20:30:26 | src.evaluation.evaluator       | INFO   | Evaluation completed for 14 SNR points
2026-09-28 20:30:26 | src.experiments.run_jamming    | INFO   | jamming barrage r=1 JSR=-10.0 dB | BER=0.01326
2026-09-28 20:30:26 | src.evaluation.evaluator       | INFO   | Starting evaluation over 14 SNR points
2026-09-28 20:30:28 | src.evaluation.evaluator       | WARNING | SNR=-3.0 dB: 1/256 sensing elements outside [0,1] (min=0.1425, max=1.0042) -> clamped
2026-09-28 20:30:33 | src.evaluation.evaluator       | WARNING | SNR=1.0 dB: 1/256 sensing elements outside [0,1] (min=-0.0370, max=0.8702) -> clamped
2026-09-28 20:30:37 | src.evaluation.evaluator       | WARNING | SNR=3.0 dB: 2/512 sensing elements outside [0,1] (min=0.0310, max=1.0733) -> clamped
2026-09-28 20:30:39 | src.evaluation.evaluator       | WARNING | SNR=5.0 dB: 3/768 sensing elements outside [0,1] (min=-0.0798, max=1.0985) -> clamped
2026-09-28 20:30:41 | src.evaluation.evaluator       | WARNING | SNR=7.0 dB: 2/512 sensing elements outside [0,1] (min=-0.0071, max=1.0507) -> clamped
2026-09-28 20:30:46 | src.evaluation.evaluator       | WARNING | SNR=11.0 dB: 2/512 sensing elements outside [0,1] (min=0.0588, max=1.0762) -> clamped
2026-09-28 20:30:49 | src.evaluation.evaluator       | WARNING | SNR=13.0 dB: 9/2304 sensing elements outside [0,1] (min=-0.0239, max=1.0815) -> clamped
2026-09-28 20:30:51 | src.evaluation.evaluator       | WARNING | SNR=15.0 dB: 3/768 sensing elements outside [0,1] (min=-0.0028, max=1.0715) -> clamped
2026-09-28 20:30:54 | src.evaluation.evaluator       | WARNING | SNR=17.0 dB: 5/1280 sensing elements outside [0,1] (min=-0.0094, max=1.0730) -> clamped
2026-09-28 20:30:56 | src.evaluation.evaluator       | WARNING | SNR=19.0 dB: 3/768 sensing elements outside [0,1] (min=-0.0279, max=1.0290) -> clamped
2026-09-28 20:30:58 | src.evaluation.evaluator       | WARNING | SNR=21.0 dB: 2/512 sensing elements outside [0,1] (min=0.0789, max=1.0941) -> clamped
2026-09-28 20:30:58 | src.evaluation.evaluator       | INFO   | Evaluation completed for 14 SNR points
2026-09-28 20:30:58 | src.experiments.run_jamming    | INFO   | jamming barrage r=1 JSR=-8.0 dB | BER=0.01521
2026-09-28 20:30:58 | src.evaluation.evaluator       | INFO   | Starting evaluation over 14 SNR points
2026-09-28 20:31:00 | src.evaluation.evaluator       | WARNING | SNR=-3.0 dB: 1/256 sensing elements outside [0,1] (min=0.1310, max=1.0356) -> clamped
2026-09-28 20:31:06 | src.evaluation.evaluator       | WARNING | SNR=1.0 dB: 1/256 sensing elements outside [0,1] (min=-0.0457, max=0.8672) -> clamped
2026-09-28 20:31:08 | src.evaluation.evaluator       | WARNING | SNR=3.0 dB: 2/512 sensing elements outside [0,1] (min=0.0634, max=1.0767) -> clamped
2026-09-28 20:31:10 | src.evaluation.evaluator       | WARNING | SNR=5.0 dB: 2/512 sensing elements outside [0,1] (min=-0.0760, max=1.0893) -> clamped
2026-09-28 20:31:13 | src.evaluation.evaluator       | WARNING | SNR=7.0 dB: 2/512 sensing elements outside [0,1] (min=-0.0113, max=1.0407) -> clamped
2026-09-28 20:31:18 | src.evaluation.evaluator       | WARNING | SNR=11.0 dB: 2/512 sensing elements outside [0,1] (min=0.0775, max=1.0653) -> clamped
2026-09-28 20:31:21 | src.evaluation.evaluator       | WARNING | SNR=13.0 dB: 6/1536 sensing elements outside [0,1] (min=-0.0156, max=1.0730) -> clamped
2026-09-28 20:31:23 | src.evaluation.evaluator       | WARNING | SNR=15.0 dB: 2/512 sensing elements outside [0,1] (min=0.0770, max=1.0718) -> clamped
2026-09-28 20:31:25 | src.evaluation.evaluator       | WARNING | SNR=17.0 dB: 1/256 sensing elements outside [0,1] (min=0.0337, max=1.0652) -> clamped
2026-09-28 20:31:27 | src.evaluation.evaluator       | WARNING | SNR=19.0 dB: 2/512 sensing elements outside [0,1] (min=0.0504, max=1.0326) -> clamped
2026-09-28 20:31:30 | src.evaluation.evaluator       | WARNING | SNR=21.0 dB: 2/512 sensing elements outside [0,1] (min=0.0923, max=1.0950) -> clamped
2026-09-28 20:31:30 | src.evaluation.evaluator       | INFO   | Evaluation completed for 14 SNR points
2026-09-28 20:31:30 | src.experiments.run_jamming    | INFO   | jamming barrage r=1 JSR=-6.0 dB | BER=0.01865
2026-09-28 20:31:30 | src.evaluation.evaluator       | INFO   | Starting evaluation over 14 SNR points
2026-09-28 20:31:37 | src.evaluation.evaluator       | WARNING | SNR=1.0 dB: 1/256 sensing elements outside [0,1] (min=-0.0486, max=0.8592) -> clamped
2026-09-28 20:31:39 | src.evaluation.evaluator       | WARNING | SNR=3.0 dB: 2/512 sensing elements outside [0,1] (min=0.1364, max=1.0804) -> clamped
2026-09-28 20:31:41 | src.evaluation.evaluator       | WARNING | SNR=5.0 dB: 2/512 sensing elements outside [0,1] (min=-0.0670, max=1.0729) -> clamped
2026-09-28 20:31:43 | src.evaluation.evaluator       | WARNING | SNR=7.0 dB: 2/512 sensing elements outside [0,1] (min=-0.0136, max=1.0171) -> clamped
2026-09-28 20:31:49 | src.evaluation.evaluator       | WARNING | SNR=11.0 dB: 2/512 sensing elements outside [0,1] (min=0.0860, max=1.0434) -> clamped
2026-09-28 20:31:51 | src.evaluation.evaluator       | WARNING | SNR=13.0 dB: 5/1280 sensing elements outside [0,1] (min=-0.0040, max=1.0464) -> clamped
2026-09-28 20:31:54 | src.evaluation.evaluator       | WARNING | SNR=15.0 dB: 1/256 sensing elements outside [0,1] (min=0.1059, max=1.0684) -> clamped
2026-09-28 20:31:56 | src.evaluation.evaluator       | WARNING | SNR=17.0 dB: 1/256 sensing elements outside [0,1] (min=0.0477, max=1.0490) -> clamped
2026-09-28 20:31:58 | src.evaluation.evaluator       | WARNING | SNR=19.0 dB: 2/512 sensing elements outside [0,1] (min=0.0784, max=1.0307) -> clamped
2026-09-28 20:32:01 | src.evaluation.evaluator       | WARNING | SNR=21.0 dB: 2/512 sensing elements outside [0,1] (min=0.1112, max=1.0876) -> clamped
2026-09-28 20:32:01 | src.evaluation.evaluator       | INFO   | Evaluation completed for 14 SNR points
2026-09-28 20:32:01 | src.experiments.run_jamming    | INFO   | jamming barrage r=1 JSR=-4.0 dB | BER=0.02655
2026-09-28 20:32:01 | src.evaluation.evaluator       | INFO   | Starting evaluation over 14 SNR points
2026-09-28 20:32:06 | src.evaluation.evaluator       | WARNING | SNR=1.0 dB: 1/256 sensing elements outside [0,1] (min=-0.0667, max=0.8464) -> clamped
2026-09-28 20:32:08 | src.evaluation.evaluator       | WARNING | SNR=3.0 dB: 2/512 sensing elements outside [0,1] (min=0.1833, max=1.0714) -> clamped
2026-09-28 20:32:10 | src.evaluation.evaluator       | WARNING | SNR=5.0 dB: 2/512 sensing elements outside [0,1] (min=-0.0533, max=1.0464) -> clamped
2026-09-28 20:32:13 | src.evaluation.evaluator       | WARNING | SNR=7.0 dB: 1/256 sensing elements outside [0,1] (min=-0.0065, max=0.8618) -> clamped
2026-09-28 20:32:18 | src.evaluation.evaluator       | WARNING | SNR=11.0 dB: 1/256 sensing elements outside [0,1] (min=0.0799, max=1.0006) -> clamped
2026-09-28 20:32:21 | src.evaluation.evaluator       | WARNING | SNR=13.0 dB: 2/512 sensing elements outside [0,1] (min=0.1676, max=1.0277) -> clamped
2026-09-28 20:32:23 | src.evaluation.evaluator       | WARNING | SNR=15.0 dB: 1/256 sensing elements outside [0,1] (min=0.1098, max=1.0453) -> clamped
2026-09-28 20:32:25 | src.evaluation.evaluator       | WARNING | SNR=17.0 dB: 1/256 sensing elements outside [0,1] (min=0.0656, max=1.0289) -> clamped
2026-09-28 20:32:27 | src.evaluation.evaluator       | WARNING | SNR=19.0 dB: 1/256 sensing elements outside [0,1] (min=0.0891, max=1.0026) -> clamped
2026-09-28 20:32:31 | src.evaluation.evaluator       | WARNING | SNR=21.0 dB: 2/512 sensing elements outside [0,1] (min=0.1123, max=1.0651) -> clamped
2026-09-28 20:32:31 | src.evaluation.evaluator       | INFO   | Evaluation completed for 14 SNR points
2026-09-28 20:32:31 | src.experiments.run_jamming    | INFO   | jamming barrage r=1 JSR=-2.0 dB | BER=0.04156
2026-09-28 20:32:31 | src.evaluation.evaluator       | INFO   | Starting evaluation over 14 SNR points
2026-09-28 20:32:36 | src.evaluation.evaluator       | WARNING | SNR=5.0 dB: 1/256 sensing elements outside [0,1] (min=-0.0349, max=0.7748) -> clamped
2026-09-28 20:32:46 | src.evaluation.evaluator       | WARNING | SNR=15.0 dB: 1/256 sensing elements outside [0,1] (min=0.1134, max=1.0152) -> clamped
2026-09-28 20:32:51 | src.evaluation.evaluator       | INFO   | Evaluation completed for 14 SNR points
2026-09-28 20:32:51 | src.experiments.run_jamming    | INFO   | jamming barrage r=1 JSR=0.0 dB | BER=0.07410
2026-09-28 20:32:52 | src.evaluation.evaluator       | INFO   | Starting evaluation over 14 SNR points
2026-09-28 20:33:03 | src.evaluation.evaluator       | INFO   | Evaluation completed for 14 SNR points
2026-09-28 20:33:03 | src.experiments.run_jamming    | INFO   | jamming barrage r=1 JSR=2.0 dB | BER=0.12719
2026-09-28 20:33:03 | src.evaluation.evaluator       | INFO   | Starting evaluation over 14 SNR points
2026-09-28 20:33:09 | src.evaluation.evaluator       | INFO   | Evaluation completed for 14 SNR points
2026-09-28 20:33:09 | src.experiments.run_jamming    | INFO   | jamming barrage r=1 JSR=4.0 dB | BER=0.20665
2026-09-28 20:33:09 | src.evaluation.evaluator       | INFO   | Starting evaluation over 14 SNR points
2026-09-28 20:33:14 | src.evaluation.evaluator       | WARNING | SNR=21.0 dB: 1/256 sensing elements outside [0,1] (min=-0.0504, max=0.8033) -> clamped
2026-09-28 20:33:14 | src.evaluation.evaluator       | INFO   | Evaluation completed for 14 SNR points
2026-09-28 20:33:14 | src.experiments.run_jamming    | INFO   | jamming barrage r=1 JSR=6.0 dB | BER=0.28595
2026-09-28 20:33:14 | src.evaluation.evaluator       | INFO   | Starting evaluation over 14 SNR points
2026-09-28 20:33:15 | src.evaluation.evaluator       | WARNING | SNR=-5.0 dB: 3/512 sensing elements outside [0,1] (min=-0.1179, max=1.0612) -> clamped
2026-09-28 20:33:15 | src.evaluation.evaluator       | WARNING | SNR=-3.0 dB: 1/256 sensing elements outside [0,1] (min=0.0468, max=1.0314) -> clamped
2026-09-28 20:33:15 | src.evaluation.evaluator       | WARNING | SNR=-1.0 dB: 1/256 sensing elements outside [0,1] (min=-0.0734, max=0.8765) -> clamped
2026-09-28 20:33:15 | src.evaluation.evaluator       | WARNING | SNR=1.0 dB: 1/256 sensing elements outside [0,1] (min=0.0151, max=1.0588) -> clamped
2026-09-28 20:33:16 | src.evaluation.evaluator       | WARNING | SNR=5.0 dB: 2/512 sensing elements outside [0,1] (min=-0.0138, max=1.0208) -> clamped
2026-09-28 20:33:17 | src.evaluation.evaluator       | WARNING | SNR=9.0 dB: 1/256 sensing elements outside [0,1] (min=0.1362, max=1.0152) -> clamped
2026-09-28 20:33:17 | src.evaluation.evaluator       | WARNING | SNR=11.0 dB: 1/256 sensing elements outside [0,1] (min=0.0111, max=1.0176) -> clamped
2026-09-28 20:33:17 | src.evaluation.evaluator       | WARNING | SNR=13.0 dB: 1/256 sensing elements outside [0,1] (min=0.1717, max=1.0554) -> clamped
2026-09-28 20:33:18 | src.evaluation.evaluator       | WARNING | SNR=15.0 dB: 1/256 sensing elements outside [0,1] (min=0.0145, max=1.0057) -> clamped
2026-09-28 20:33:18 | src.evaluation.evaluator       | WARNING | SNR=17.0 dB: 3/256 sensing elements outside [0,1] (min=-0.0235, max=1.0706) -> clamped
2026-09-28 20:33:18 | src.evaluation.evaluator       | WARNING | SNR=19.0 dB: 2/512 sensing elements outside [0,1] (min=-0.0304, max=0.9383) -> clamped
2026-09-28 20:33:18 | src.evaluation.evaluator       | WARNING | SNR=21.0 dB: 1/256 sensing elements outside [0,1] (min=-0.1022, max=0.8607) -> clamped
2026-09-28 20:33:18 | src.evaluation.evaluator       | INFO   | Evaluation completed for 14 SNR points
2026-09-28 20:33:18 | src.experiments.run_jamming    | INFO   | jamming barrage r=1 JSR=8.0 dB | BER=0.34431
2026-09-28 20:33:19 | src.evaluation.evaluator       | INFO   | Starting evaluation over 14 SNR points
2026-09-28 20:33:19 | src.evaluation.evaluator       | WARNING | SNR=-5.0 dB: 8/512 sensing elements outside [0,1] (min=-0.2279, max=1.2333) -> clamped
2026-09-28 20:33:19 | src.evaluation.evaluator       | WARNING | SNR=-3.0 dB: 7/512 sensing elements outside [0,1] (min=-0.0701, max=1.2400) -> clamped
2026-09-28 20:33:19 | src.evaluation.evaluator       | WARNING | SNR=-1.0 dB: 5/512 sensing elements outside [0,1] (min=-0.3180, max=1.1196) -> clamped
2026-09-28 20:33:19 | src.evaluation.evaluator       | WARNING | SNR=1.0 dB: 5/512 sensing elements outside [0,1] (min=-0.1319, max=1.2199) -> clamped
2026-09-28 20:33:20 | src.evaluation.evaluator       | WARNING | SNR=3.0 dB: 3/768 sensing elements outside [0,1] (min=-0.0433, max=1.0035) -> clamped
2026-09-28 20:33:20 | src.evaluation.evaluator       | WARNING | SNR=5.0 dB: 6/768 sensing elements outside [0,1] (min=-0.1059, max=1.2398) -> clamped
2026-09-28 20:33:20 | src.evaluation.evaluator       | WARNING | SNR=7.0 dB: 4/512 sensing elements outside [0,1] (min=-0.1111, max=0.9843) -> clamped
2026-09-28 20:33:20 | src.evaluation.evaluator       | WARNING | SNR=9.0 dB: 4/512 sensing elements outside [0,1] (min=-0.0113, max=1.1255) -> clamped
2026-09-28 20:33:20 | src.evaluation.evaluator       | WARNING | SNR=11.0 dB: 2/512 sensing elements outside [0,1] (min=-0.0614, max=1.0037) -> clamped
2026-09-28 20:33:21 | src.evaluation.evaluator       | WARNING | SNR=13.0 dB: 2/512 sensing elements outside [0,1] (min=-0.1036, max=1.1897) -> clamped
2026-09-28 20:33:21 | src.evaluation.evaluator       | WARNING | SNR=15.0 dB: 4/512 sensing elements outside [0,1] (min=-0.1324, max=1.1406) -> clamped
2026-09-28 20:33:21 | src.evaluation.evaluator       | WARNING | SNR=17.0 dB: 9/512 sensing elements outside [0,1] (min=-0.0768, max=1.2104) -> clamped
2026-09-28 20:33:21 | src.evaluation.evaluator       | WARNING | SNR=19.0 dB: 9/768 sensing elements outside [0,1] (min=-0.0990, max=1.0351) -> clamped
2026-09-28 20:33:22 | src.evaluation.evaluator       | WARNING | SNR=21.0 dB: 4/512 sensing elements outside [0,1] (min=-0.1389, max=1.0418) -> clamped
2026-09-28 20:33:22 | src.evaluation.evaluator       | INFO   | Evaluation completed for 14 SNR points
2026-09-28 20:33:22 | src.experiments.run_jamming    | INFO   | jamming barrage r=1 JSR=10.0 dB | BER=0.40262
2026-09-28 20:33:22 | src.evaluation.evaluator       | INFO   | Starting evaluation over 14 SNR points
2026-09-28 20:33:30 | src.evaluation.evaluator       | WARNING | SNR=1.0 dB: 1/256 sensing elements outside [0,1] (min=0.1505, max=1.0374) -> clamped
2026-09-28 20:33:32 | src.evaluation.evaluator       | WARNING | SNR=3.0 dB: 1/256 sensing elements outside [0,1] (min=0.1732, max=1.0471) -> clamped
2026-09-28 20:33:35 | src.evaluation.evaluator       | WARNING | SNR=5.0 dB: 4/1024 sensing elements outside [0,1] (min=-0.0036, max=1.0507) -> clamped
2026-09-28 20:33:37 | src.evaluation.evaluator       | WARNING | SNR=7.0 dB: 6/1536 sensing elements outside [0,1] (min=-0.0049, max=1.0411) -> clamped
2026-09-28 20:33:39 | src.evaluation.evaluator       | WARNING | SNR=9.0 dB: 5/1280 sensing elements outside [0,1] (min=-0.0176, max=1.0378) -> clamped
2026-09-28 20:33:42 | src.evaluation.evaluator       | WARNING | SNR=11.0 dB: 3/768 sensing elements outside [0,1] (min=0.0691, max=1.0404) -> clamped
2026-09-28 20:33:45 | src.evaluation.evaluator       | WARNING | SNR=13.0 dB: 7/1536 sensing elements outside [0,1] (min=0.0226, max=1.0226) -> clamped
2026-09-28 20:33:47 | src.evaluation.evaluator       | WARNING | SNR=15.0 dB: 7/1792 sensing elements outside [0,1] (min=0.0100, max=1.0515) -> clamped
2026-09-28 20:33:50 | src.evaluation.evaluator       | WARNING | SNR=17.0 dB: 6/1280 sensing elements outside [0,1] (min=-0.0211, max=1.0957) -> clamped
2026-09-28 20:33:52 | src.evaluation.evaluator       | WARNING | SNR=19.0 dB: 2/512 sensing elements outside [0,1] (min=-0.0348, max=0.9800) -> clamped
2026-09-28 20:33:54 | src.evaluation.evaluator       | WARNING | SNR=21.0 dB: 3/768 sensing elements outside [0,1] (min=0.0337, max=1.0745) -> clamped
2026-09-28 20:33:54 | src.evaluation.evaluator       | INFO   | Evaluation completed for 14 SNR points
2026-09-28 20:33:54 | src.experiments.run_jamming    | INFO   | jamming barrage r=2 JSR=-10.0 dB | BER=0.01367
2026-09-28 20:33:54 | src.evaluation.evaluator       | INFO   | Starting evaluation over 14 SNR points
2026-09-28 20:34:02 | src.evaluation.evaluator       | WARNING | SNR=1.0 dB: 1/256 sensing elements outside [0,1] (min=0.1481, max=1.0278) -> clamped
2026-09-28 20:34:04 | src.evaluation.evaluator       | WARNING | SNR=3.0 dB: 1/256 sensing elements outside [0,1] (min=0.1940, max=1.0426) -> clamped
2026-09-28 20:34:06 | src.evaluation.evaluator       | WARNING | SNR=5.0 dB: 3/768 sensing elements outside [0,1] (min=0.1245, max=1.0553) -> clamped
2026-09-28 20:34:09 | src.evaluation.evaluator       | WARNING | SNR=7.0 dB: 2/512 sensing elements outside [0,1] (min=0.1066, max=1.0283) -> clamped
2026-09-28 20:34:12 | src.evaluation.evaluator       | WARNING | SNR=9.0 dB: 4/1024 sensing elements outside [0,1] (min=-0.0110, max=1.0305) -> clamped
2026-09-28 20:34:14 | src.evaluation.evaluator       | WARNING | SNR=11.0 dB: 3/768 sensing elements outside [0,1] (min=0.0736, max=1.0235) -> clamped
2026-09-28 20:34:17 | src.evaluation.evaluator       | WARNING | SNR=13.0 dB: 2/512 sensing elements outside [0,1] (min=0.0199, max=1.0337) -> clamped
2026-09-28 20:34:19 | src.evaluation.evaluator       | WARNING | SNR=15.0 dB: 4/1024 sensing elements outside [0,1] (min=0.0250, max=1.0553) -> clamped
2026-09-28 20:34:21 | src.evaluation.evaluator       | WARNING | SNR=17.0 dB: 5/1024 sensing elements outside [0,1] (min=-0.0200, max=1.0971) -> clamped
2026-09-28 20:34:24 | src.evaluation.evaluator       | WARNING | SNR=19.0 dB: 1/256 sensing elements outside [0,1] (min=-0.0123, max=0.9742) -> clamped
2026-09-28 20:34:27 | src.evaluation.evaluator       | WARNING | SNR=21.0 dB: 1/256 sensing elements outside [0,1] (min=0.0855, max=1.0697) -> clamped
2026-09-28 20:34:27 | src.evaluation.evaluator       | INFO   | Evaluation completed for 14 SNR points
2026-09-28 20:34:27 | src.experiments.run_jamming    | INFO   | jamming barrage r=2 JSR=-8.0 dB | BER=0.01577
2026-09-28 20:34:27 | src.evaluation.evaluator       | INFO   | Starting evaluation over 14 SNR points
2026-09-28 20:34:34 | src.evaluation.evaluator       | WARNING | SNR=1.0 dB: 1/256 sensing elements outside [0,1] (min=0.1309, max=1.0105) -> clamped
2026-09-28 20:34:36 | src.evaluation.evaluator       | WARNING | SNR=3.0 dB: 1/256 sensing elements outside [0,1] (min=0.2013, max=1.0376) -> clamped
2026-09-28 20:34:39 | src.evaluation.evaluator       | WARNING | SNR=5.0 dB: 3/768 sensing elements outside [0,1] (min=0.1255, max=1.0583) -> clamped
2026-09-28 20:34:42 | src.evaluation.evaluator       | WARNING | SNR=7.0 dB: 1/256 sensing elements outside [0,1] (min=0.1442, max=1.0036) -> clamped
2026-09-28 20:34:44 | src.evaluation.evaluator       | WARNING | SNR=9.0 dB: 3/768 sensing elements outside [0,1] (min=0.0491, max=1.0201) -> clamped
2026-09-28 20:34:46 | src.evaluation.evaluator       | WARNING | SNR=11.0 dB: 1/256 sensing elements outside [0,1] (min=0.2042, max=1.0164) -> clamped
2026-09-28 20:34:48 | src.evaluation.evaluator       | WARNING | SNR=13.0 dB: 2/512 sensing elements outside [0,1] (min=0.0203, max=1.0615) -> clamped
2026-09-28 20:34:51 | src.evaluation.evaluator       | WARNING | SNR=15.0 dB: 4/1024 sensing elements outside [0,1] (min=0.0561, max=1.0688) -> clamped
2026-09-28 20:34:53 | src.evaluation.evaluator       | WARNING | SNR=17.0 dB: 5/1024 sensing elements outside [0,1] (min=-0.0128, max=1.0946) -> clamped
2026-09-28 20:34:59 | src.evaluation.evaluator       | WARNING | SNR=21.0 dB: 2/512 sensing elements outside [0,1] (min=0.1084, max=1.0566) -> clamped
2026-09-28 20:34:59 | src.evaluation.evaluator       | INFO   | Evaluation completed for 14 SNR points
2026-09-28 20:34:59 | src.experiments.run_jamming    | INFO   | jamming barrage r=2 JSR=-6.0 dB | BER=0.01910
2026-09-28 20:34:59 | src.evaluation.evaluator       | INFO   | Starting evaluation over 14 SNR points
2026-09-28 20:35:05 | src.evaluation.evaluator       | WARNING | SNR=1.0 dB: 1/256 sensing elements outside [0,1] (min=0.1997, max=1.0074) -> clamped
2026-09-28 20:35:07 | src.evaluation.evaluator       | WARNING | SNR=3.0 dB: 1/256 sensing elements outside [0,1] (min=0.2169, max=1.0271) -> clamped
2026-09-28 20:35:10 | src.evaluation.evaluator       | WARNING | SNR=5.0 dB: 2/512 sensing elements outside [0,1] (min=0.1096, max=1.0184) -> clamped
2026-09-28 20:35:15 | src.evaluation.evaluator       | WARNING | SNR=9.0 dB: 1/256 sensing elements outside [0,1] (min=0.1253, max=1.0073) -> clamped
2026-09-28 20:35:19 | src.evaluation.evaluator       | WARNING | SNR=13.0 dB: 2/512 sensing elements outside [0,1] (min=0.0222, max=1.0918) -> clamped
2026-09-28 20:35:22 | src.evaluation.evaluator       | WARNING | SNR=15.0 dB: 2/512 sensing elements outside [0,1] (min=0.0953, max=1.0837) -> clamped
2026-09-28 20:35:25 | src.evaluation.evaluator       | WARNING | SNR=17.0 dB: 3/768 sensing elements outside [0,1] (min=0.0830, max=1.0852) -> clamped
2026-09-28 20:35:30 | src.evaluation.evaluator       | WARNING | SNR=21.0 dB: 2/512 sensing elements outside [0,1] (min=0.1320, max=1.0370) -> clamped
2026-09-28 20:35:30 | src.evaluation.evaluator       | INFO   | Evaluation completed for 14 SNR points
2026-09-28 20:35:30 | src.experiments.run_jamming    | INFO   | jamming barrage r=2 JSR=-4.0 dB | BER=0.02656
2026-09-28 20:35:30 | src.evaluation.evaluator       | INFO   | Starting evaluation over 14 SNR points
2026-09-28 20:35:34 | src.evaluation.evaluator       | WARNING | SNR=1.0 dB: 1/256 sensing elements outside [0,1] (min=0.2597, max=1.0336) -> clamped
2026-09-28 20:35:37 | src.evaluation.evaluator       | WARNING | SNR=3.0 dB: 1/256 sensing elements outside [0,1] (min=0.2564, max=1.0012) -> clamped
2026-09-28 20:35:40 | src.evaluation.evaluator       | WARNING | SNR=5.0 dB: 1/256 sensing elements outside [0,1] (min=0.2308, max=1.0066) -> clamped
2026-09-28 20:35:49 | src.evaluation.evaluator       | WARNING | SNR=13.0 dB: 1/256 sensing elements outside [0,1] (min=0.2361, max=1.1260) -> clamped
2026-09-28 20:35:52 | src.evaluation.evaluator       | WARNING | SNR=15.0 dB: 1/256 sensing elements outside [0,1] (min=0.2394, max=1.0967) -> clamped
2026-09-28 20:35:55 | src.evaluation.evaluator       | WARNING | SNR=17.0 dB: 3/768 sensing elements outside [0,1] (min=0.0902, max=1.0633) -> clamped
2026-09-28 20:35:57 | src.evaluation.evaluator       | WARNING | SNR=19.0 dB: 1/256 sensing elements outside [0,1] (min=0.1285, max=1.0093) -> clamped
2026-09-28 20:35:59 | src.evaluation.evaluator       | WARNING | SNR=21.0 dB: 1/256 sensing elements outside [0,1] (min=0.1768, max=1.0119) -> clamped
2026-09-28 20:35:59 | src.evaluation.evaluator       | INFO   | Evaluation completed for 14 SNR points
2026-09-28 20:35:59 | src.experiments.run_jamming    | INFO   | jamming barrage r=2 JSR=-2.0 dB | BER=0.04310
2026-09-28 20:35:59 | src.evaluation.evaluator       | INFO   | Starting evaluation over 14 SNR points
2026-09-28 20:36:02 | src.evaluation.evaluator       | WARNING | SNR=1.0 dB: 1/256 sensing elements outside [0,1] (min=0.2690, max=1.0464) -> clamped
2026-09-28 20:36:16 | src.evaluation.evaluator       | WARNING | SNR=17.0 dB: 1/256 sensing elements outside [0,1] (min=0.1529, max=1.0144) -> clamped
2026-09-28 20:36:19 | src.evaluation.evaluator       | INFO   | Evaluation completed for 14 SNR points
2026-09-28 20:36:19 | src.experiments.run_jamming    | INFO   | jamming barrage r=2 JSR=0.0 dB | BER=0.07508
2026-09-28 20:36:19 | src.evaluation.evaluator       | INFO   | Starting evaluation over 14 SNR points
2026-09-28 20:36:20 | src.evaluation.evaluator       | WARNING | SNR=-5.0 dB: 1/256 sensing elements outside [0,1] (min=0.1078, max=1.0035) -> clamped
2026-09-28 20:36:22 | src.evaluation.evaluator       | WARNING | SNR=1.0 dB: 1/256 sensing elements outside [0,1] (min=0.2595, max=1.0554) -> clamped
2026-09-28 20:36:30 | src.evaluation.evaluator       | INFO   | Evaluation completed for 14 SNR points
2026-09-28 20:36:30 | src.experiments.run_jamming    | INFO   | jamming barrage r=2 JSR=2.0 dB | BER=0.12756
2026-09-28 20:36:30 | src.evaluation.evaluator       | INFO   | Starting evaluation over 14 SNR points
2026-09-28 20:36:30 | src.evaluation.evaluator       | WARNING | SNR=-5.0 dB: 1/256 sensing elements outside [0,1] (min=0.0423, max=1.0383) -> clamped
2026-09-28 20:36:31 | src.evaluation.evaluator       | WARNING | SNR=1.0 dB: 1/256 sensing elements outside [0,1] (min=0.2212, max=1.0749) -> clamped
2026-09-28 20:36:37 | src.evaluation.evaluator       | INFO   | Evaluation completed for 14 SNR points
2026-09-28 20:36:37 | src.experiments.run_jamming    | INFO   | jamming barrage r=2 JSR=4.0 dB | BER=0.20174
2026-09-28 20:36:37 | src.evaluation.evaluator       | INFO   | Starting evaluation over 14 SNR points
2026-09-28 20:36:38 | src.evaluation.evaluator       | WARNING | SNR=-5.0 dB: 3/256 sensing elements outside [0,1] (min=-0.0456, max=1.0612) -> clamped
2026-09-28 20:36:38 | src.evaluation.evaluator       | WARNING | SNR=-3.0 dB: 1/256 sensing elements outside [0,1] (min=0.1244, max=1.0041) -> clamped
2026-09-28 20:36:39 | src.evaluation.evaluator       | WARNING | SNR=1.0 dB: 1/256 sensing elements outside [0,1] (min=0.1681, max=1.0827) -> clamped
2026-09-28 20:36:39 | src.evaluation.evaluator       | WARNING | SNR=7.0 dB: 1/256 sensing elements outside [0,1] (min=-0.0090, max=0.7926) -> clamped
2026-09-28 20:36:42 | src.evaluation.evaluator       | INFO   | Evaluation completed for 14 SNR points
2026-09-28 20:36:42 | src.experiments.run_jamming    | INFO   | jamming barrage r=2 JSR=6.0 dB | BER=0.27827
2026-09-28 20:36:42 | src.evaluation.evaluator       | INFO   | Starting evaluation over 14 SNR points
2026-09-28 20:36:42 | src.evaluation.evaluator       | WARNING | SNR=-5.0 dB: 4/512 sensing elements outside [0,1] (min=-0.1438, max=1.2199) -> clamped
2026-09-28 20:36:42 | src.evaluation.evaluator       | WARNING | SNR=-3.0 dB: 2/256 sensing elements outside [0,1] (min=-0.0004, max=1.0195) -> clamped
2026-09-28 20:36:42 | src.evaluation.evaluator       | WARNING | SNR=-1.0 dB: 2/512 sensing elements outside [0,1] (min=-0.0205, max=0.9949) -> clamped
2026-09-28 20:36:43 | src.evaluation.evaluator       | WARNING | SNR=1.0 dB: 3/768 sensing elements outside [0,1] (min=-0.1051, max=1.0911) -> clamped
2026-09-28 20:36:43 | src.evaluation.evaluator       | WARNING | SNR=3.0 dB: 2/256 sensing elements outside [0,1] (min=-0.0622, max=0.9249) -> clamped
2026-09-28 20:36:43 | src.evaluation.evaluator       | WARNING | SNR=5.0 dB: 2/512 sensing elements outside [0,1] (min=-0.0056, max=1.1242) -> clamped
2026-09-28 20:36:44 | src.evaluation.evaluator       | WARNING | SNR=7.0 dB: 2/256 sensing elements outside [0,1] (min=-0.1345, max=0.9006) -> clamped
2026-09-28 20:36:45 | src.evaluation.evaluator       | WARNING | SNR=13.0 dB: 2/512 sensing elements outside [0,1] (min=-0.0975, max=0.9389) -> clamped
2026-09-28 20:36:45 | src.evaluation.evaluator       | WARNING | SNR=15.0 dB: 4/512 sensing elements outside [0,1] (min=-0.0688, max=1.1101) -> clamped
2026-09-28 20:36:45 | src.evaluation.evaluator       | WARNING | SNR=17.0 dB: 1/256 sensing elements outside [0,1] (min=0.0540, max=1.0394) -> clamped
2026-09-28 20:36:45 | src.evaluation.evaluator       | WARNING | SNR=19.0 dB: 1/256 sensing elements outside [0,1] (min=0.0631, max=1.0024) -> clamped
2026-09-28 20:36:46 | src.evaluation.evaluator       | WARNING | SNR=21.0 dB: 1/256 sensing elements outside [0,1] (min=-0.0851, max=0.7543) -> clamped
2026-09-28 20:36:46 | src.evaluation.evaluator       | INFO   | Evaluation completed for 14 SNR points
2026-09-28 20:36:46 | src.experiments.run_jamming    | INFO   | jamming barrage r=2 JSR=8.0 dB | BER=0.34794
2026-09-28 20:36:46 | src.evaluation.evaluator       | INFO   | Starting evaluation over 14 SNR points
2026-09-28 20:36:46 | src.evaluation.evaluator       | WARNING | SNR=-5.0 dB: 20/768 sensing elements outside [0,1] (min=-0.2111, max=1.5168) -> clamped
2026-09-28 20:36:46 | src.evaluation.evaluator       | WARNING | SNR=-3.0 dB: 8/512 sensing elements outside [0,1] (min=-0.1039, max=1.1092) -> clamped
2026-09-28 20:36:47 | src.evaluation.evaluator       | WARNING | SNR=-1.0 dB: 8/768 sensing elements outside [0,1] (min=-0.1290, max=1.2004) -> clamped
2026-09-28 20:36:47 | src.evaluation.evaluator       | WARNING | SNR=1.0 dB: 8/768 sensing elements outside [0,1] (min=-0.1831, max=1.0944) -> clamped
2026-09-28 20:36:47 | src.evaluation.evaluator       | WARNING | SNR=3.0 dB: 6/512 sensing elements outside [0,1] (min=-0.0876, max=0.9646) -> clamped
2026-09-28 20:36:47 | src.evaluation.evaluator       | WARNING | SNR=5.0 dB: 4/512 sensing elements outside [0,1] (min=-0.1380, max=1.2478) -> clamped
2026-09-28 20:36:48 | src.evaluation.evaluator       | WARNING | SNR=7.0 dB: 6/512 sensing elements outside [0,1] (min=-0.2787, max=1.0389) -> clamped
2026-09-28 20:36:48 | src.evaluation.evaluator       | WARNING | SNR=9.0 dB: 4/256 sensing elements outside [0,1] (min=-0.0793, max=0.8756) -> clamped
2026-09-28 20:36:48 | src.evaluation.evaluator       | WARNING | SNR=11.0 dB: 5/512 sensing elements outside [0,1] (min=-0.0903, max=0.9551) -> clamped
2026-09-28 20:36:49 | src.evaluation.evaluator       | WARNING | SNR=13.0 dB: 9/768 sensing elements outside [0,1] (min=-0.2655, max=1.0840) -> clamped
2026-09-28 20:36:49 | src.evaluation.evaluator       | WARNING | SNR=15.0 dB: 8/512 sensing elements outside [0,1] (min=-0.0941, max=1.4441) -> clamped
2026-09-28 20:36:49 | src.evaluation.evaluator       | WARNING | SNR=17.0 dB: 11/768 sensing elements outside [0,1] (min=-0.1358, max=1.2276) -> clamped
2026-09-28 20:36:50 | src.evaluation.evaluator       | WARNING | SNR=19.0 dB: 5/512 sensing elements outside [0,1] (min=-0.1366, max=1.0971) -> clamped
2026-09-28 20:36:50 | src.evaluation.evaluator       | WARNING | SNR=21.0 dB: 3/256 sensing elements outside [0,1] (min=-0.1588, max=0.8465) -> clamped
2026-09-28 20:36:50 | src.evaluation.evaluator       | INFO   | Evaluation completed for 14 SNR points
2026-09-28 20:36:50 | src.experiments.run_jamming    | INFO   | jamming barrage r=2 JSR=10.0 dB | BER=0.40774
2026-09-28 20:36:50 | src.evaluation.evaluator       | INFO   | Starting evaluation over 14 SNR points
2026-09-28 20:36:57 | src.evaluation.evaluator       | WARNING | SNR=1.0 dB: 2/512 sensing elements outside [0,1] (min=0.0843, max=1.0580) -> clamped
2026-09-28 20:37:00 | src.evaluation.evaluator       | WARNING | SNR=3.0 dB: 2/512 sensing elements outside [0,1] (min=-0.0108, max=1.0366) -> clamped
2026-09-28 20:37:02 | src.evaluation.evaluator       | WARNING | SNR=5.0 dB: 4/1024 sensing elements outside [0,1] (min=-0.0933, max=1.0343) -> clamped
2026-09-28 20:37:05 | src.evaluation.evaluator       | WARNING | SNR=7.0 dB: 1/256 sensing elements outside [0,1] (min=-0.0057, max=0.9914) -> clamped
2026-09-28 20:37:08 | src.evaluation.evaluator       | WARNING | SNR=9.0 dB: 3/768 sensing elements outside [0,1] (min=-0.0068, max=1.0162) -> clamped
2026-09-28 20:37:10 | src.evaluation.evaluator       | WARNING | SNR=11.0 dB: 5/1024 sensing elements outside [0,1] (min=0.0071, max=1.0535) -> clamped
2026-09-28 20:37:12 | src.evaluation.evaluator       | WARNING | SNR=13.0 dB: 8/2048 sensing elements outside [0,1] (min=-0.0417, max=1.0300) -> clamped
2026-09-28 20:37:14 | src.evaluation.evaluator       | WARNING | SNR=15.0 dB: 8/2048 sensing elements outside [0,1] (min=-0.0071, max=1.0732) -> clamped
2026-09-28 20:37:17 | src.evaluation.evaluator       | WARNING | SNR=17.0 dB: 8/1792 sensing elements outside [0,1] (min=-0.0543, max=1.0689) -> clamped
2026-09-28 20:37:20 | src.evaluation.evaluator       | WARNING | SNR=19.0 dB: 5/1280 sensing elements outside [0,1] (min=-0.0934, max=1.0034) -> clamped
2026-09-28 20:37:23 | src.evaluation.evaluator       | WARNING | SNR=21.0 dB: 6/1536 sensing elements outside [0,1] (min=-0.0508, max=1.0866) -> clamped
2026-09-28 20:37:23 | src.evaluation.evaluator       | INFO   | Evaluation completed for 14 SNR points
2026-09-28 20:37:23 | src.experiments.run_jamming    | INFO   | jamming barrage r=3 JSR=-10.0 dB | BER=0.01334
2026-09-28 20:37:23 | src.evaluation.evaluator       | INFO   | Starting evaluation over 14 SNR points
2026-09-28 20:37:29 | src.evaluation.evaluator       | WARNING | SNR=1.0 dB: 2/512 sensing elements outside [0,1] (min=0.0848, max=1.0578) -> clamped
2026-09-28 20:37:32 | src.evaluation.evaluator       | WARNING | SNR=3.0 dB: 2/512 sensing elements outside [0,1] (min=-0.0115, max=1.0261) -> clamped
2026-09-28 20:37:35 | src.evaluation.evaluator       | WARNING | SNR=5.0 dB: 3/768 sensing elements outside [0,1] (min=-0.0967, max=1.0200) -> clamped
2026-09-28 20:37:40 | src.evaluation.evaluator       | WARNING | SNR=9.0 dB: 1/256 sensing elements outside [0,1] (min=0.0685, max=1.0155) -> clamped
2026-09-28 20:37:42 | src.evaluation.evaluator       | WARNING | SNR=11.0 dB: 4/1024 sensing elements outside [0,1] (min=0.0183, max=1.0428) -> clamped
2026-09-28 20:37:44 | src.evaluation.evaluator       | WARNING | SNR=13.0 dB: 6/1536 sensing elements outside [0,1] (min=-0.0401, max=1.0318) -> clamped
2026-09-28 20:37:47 | src.evaluation.evaluator       | WARNING | SNR=15.0 dB: 4/1024 sensing elements outside [0,1] (min=0.0498, max=1.0731) -> clamped
2026-09-28 20:37:50 | src.evaluation.evaluator       | WARNING | SNR=17.0 dB: 5/1280 sensing elements outside [0,1] (min=-0.0467, max=1.0660) -> clamped
2026-09-28 20:37:52 | src.evaluation.evaluator       | WARNING | SNR=19.0 dB: 3/768 sensing elements outside [0,1] (min=-0.0908, max=0.9870) -> clamped
2026-09-28 20:37:55 | src.evaluation.evaluator       | WARNING | SNR=21.0 dB: 5/1280 sensing elements outside [0,1] (min=-0.0447, max=1.0856) -> clamped
2026-09-28 20:37:55 | src.evaluation.evaluator       | INFO   | Evaluation completed for 14 SNR points
2026-09-28 20:37:55 | src.experiments.run_jamming    | INFO   | jamming barrage r=3 JSR=-8.0 dB | BER=0.01507
2026-09-28 20:37:55 | src.evaluation.evaluator       | INFO   | Starting evaluation over 14 SNR points
2026-09-28 20:38:01 | src.evaluation.evaluator       | WARNING | SNR=1.0 dB: 2/512 sensing elements outside [0,1] (min=0.1419, max=1.0545) -> clamped
2026-09-28 20:38:04 | src.evaluation.evaluator       | WARNING | SNR=3.0 dB: 2/512 sensing elements outside [0,1] (min=-0.0088, max=1.0134) -> clamped
2026-09-28 20:38:07 | src.evaluation.evaluator       | WARNING | SNR=5.0 dB: 2/512 sensing elements outside [0,1] (min=-0.0986, max=1.0105) -> clamped
2026-09-28 20:38:09 | src.evaluation.evaluator       | WARNING | SNR=7.0 dB: 1/256 sensing elements outside [0,1] (min=0.0154, max=1.0017) -> clamped
2026-09-28 20:38:11 | src.evaluation.evaluator       | WARNING | SNR=9.0 dB: 1/256 sensing elements outside [0,1] (min=0.0959, max=1.0103) -> clamped
2026-09-28 20:38:13 | src.evaluation.evaluator       | WARNING | SNR=11.0 dB: 3/768 sensing elements outside [0,1] (min=0.0360, max=1.0246) -> clamped
2026-09-28 20:38:16 | src.evaluation.evaluator       | WARNING | SNR=13.0 dB: 5/1280 sensing elements outside [0,1] (min=-0.0291, max=1.0314) -> clamped
2026-09-28 20:38:19 | src.evaluation.evaluator       | WARNING | SNR=15.0 dB: 2/512 sensing elements outside [0,1] (min=0.0823, max=1.0691) -> clamped
2026-09-28 20:38:21 | src.evaluation.evaluator       | WARNING | SNR=17.0 dB: 2/512 sensing elements outside [0,1] (min=-0.0278, max=1.0574) -> clamped
2026-09-28 20:38:24 | src.evaluation.evaluator       | WARNING | SNR=19.0 dB: 1/256 sensing elements outside [0,1] (min=-0.0840, max=0.8885) -> clamped
2026-09-28 20:38:26 | src.evaluation.evaluator       | WARNING | SNR=21.0 dB: 2/512 sensing elements outside [0,1] (min=-0.0343, max=1.0796) -> clamped
2026-09-28 20:38:26 | src.evaluation.evaluator       | INFO   | Evaluation completed for 14 SNR points
2026-09-28 20:38:26 | src.experiments.run_jamming    | INFO   | jamming barrage r=3 JSR=-6.0 dB | BER=0.01884
2026-09-28 20:38:26 | src.evaluation.evaluator       | INFO   | Starting evaluation over 14 SNR points
2026-09-28 20:38:33 | src.evaluation.evaluator       | WARNING | SNR=1.0 dB: 2/512 sensing elements outside [0,1] (min=0.1481, max=1.0387) -> clamped
2026-09-28 20:38:38 | src.evaluation.evaluator       | WARNING | SNR=5.0 dB: 1/256 sensing elements outside [0,1] (min=-0.0988, max=0.8346) -> clamped
2026-09-28 20:38:40 | src.evaluation.evaluator       | WARNING | SNR=7.0 dB: 1/256 sensing elements outside [0,1] (min=0.0199, max=1.0099) -> clamped
2026-09-28 20:38:45 | src.evaluation.evaluator       | WARNING | SNR=11.0 dB: 2/512 sensing elements outside [0,1] (min=0.0861, max=1.0195) -> clamped
2026-09-28 20:38:48 | src.evaluation.evaluator       | WARNING | SNR=13.0 dB: 4/1024 sensing elements outside [0,1] (min=0.0707, max=1.0257) -> clamped
2026-09-28 20:38:50 | src.evaluation.evaluator       | WARNING | SNR=15.0 dB: 1/256 sensing elements outside [0,1] (min=0.0945, max=1.0647) -> clamped
2026-09-28 20:38:52 | src.evaluation.evaluator       | WARNING | SNR=17.0 dB: 2/512 sensing elements outside [0,1] (min=-0.0001, max=1.0412) -> clamped
2026-09-28 20:38:55 | src.evaluation.evaluator       | WARNING | SNR=19.0 dB: 1/256 sensing elements outside [0,1] (min=-0.0717, max=0.8586) -> clamped
2026-09-28 20:38:57 | src.evaluation.evaluator       | WARNING | SNR=21.0 dB: 2/512 sensing elements outside [0,1] (min=-0.0104, max=1.0711) -> clamped
2026-09-28 20:38:57 | src.evaluation.evaluator       | INFO   | Evaluation completed for 14 SNR points
2026-09-28 20:38:57 | src.experiments.run_jamming    | INFO   | jamming barrage r=3 JSR=-4.0 dB | BER=0.02696
2026-09-28 20:38:57 | src.evaluation.evaluator       | INFO   | Starting evaluation over 14 SNR points
2026-09-28 20:39:03 | src.evaluation.evaluator       | WARNING | SNR=1.0 dB: 1/256 sensing elements outside [0,1] (min=0.1447, max=1.0350) -> clamped
2026-09-28 20:39:08 | src.evaluation.evaluator       | WARNING | SNR=5.0 dB: 1/256 sensing elements outside [0,1] (min=-0.1048, max=0.8241) -> clamped
2026-09-28 20:39:10 | src.evaluation.evaluator       | WARNING | SNR=7.0 dB: 1/256 sensing elements outside [0,1] (min=0.0370, max=1.0089) -> clamped
2026-09-28 20:39:16 | src.evaluation.evaluator       | WARNING | SNR=11.0 dB: 1/256 sensing elements outside [0,1] (min=0.0687, max=1.0026) -> clamped
2026-09-28 20:39:18 | src.evaluation.evaluator       | WARNING | SNR=13.0 dB: 2/512 sensing elements outside [0,1] (min=0.1461, max=1.0194) -> clamped
2026-09-28 20:39:20 | src.evaluation.evaluator       | WARNING | SNR=15.0 dB: 1/256 sensing elements outside [0,1] (min=0.1124, max=1.0497) -> clamped
2026-09-28 20:39:23 | src.evaluation.evaluator       | WARNING | SNR=17.0 dB: 1/256 sensing elements outside [0,1] (min=0.2312, max=1.0250) -> clamped
2026-09-28 20:39:25 | src.evaluation.evaluator       | WARNING | SNR=19.0 dB: 1/256 sensing elements outside [0,1] (min=-0.0554, max=0.8426) -> clamped
2026-09-28 20:39:28 | src.evaluation.evaluator       | WARNING | SNR=21.0 dB: 1/256 sensing elements outside [0,1] (min=0.1666, max=1.0573) -> clamped
2026-09-28 20:39:28 | src.evaluation.evaluator       | INFO   | Evaluation completed for 14 SNR points
2026-09-28 20:39:28 | src.experiments.run_jamming    | INFO   | jamming barrage r=3 JSR=-2.0 dB | BER=0.04256
2026-09-28 20:39:28 | src.evaluation.evaluator       | INFO   | Starting evaluation over 14 SNR points
2026-09-28 20:39:29 | src.evaluation.evaluator       | WARNING | SNR=-3.0 dB: 1/256 sensing elements outside [0,1] (min=-0.0238, max=0.7415) -> clamped
2026-09-28 20:39:34 | src.evaluation.evaluator       | WARNING | SNR=5.0 dB: 1/256 sensing elements outside [0,1] (min=-0.1161, max=0.8041) -> clamped
2026-09-28 20:39:45 | src.evaluation.evaluator       | WARNING | SNR=17.0 dB: 1/256 sensing elements outside [0,1] (min=0.2305, max=1.0107) -> clamped
2026-09-28 20:39:47 | src.evaluation.evaluator       | WARNING | SNR=19.0 dB: 1/256 sensing elements outside [0,1] (min=-0.0196, max=0.8111) -> clamped
2026-09-28 20:39:48 | src.evaluation.evaluator       | WARNING | SNR=21.0 dB: 1/256 sensing elements outside [0,1] (min=0.2129, max=1.0358) -> clamped
2026-09-28 20:39:48 | src.evaluation.evaluator       | INFO   | Evaluation completed for 14 SNR points
2026-09-28 20:39:48 | src.experiments.run_jamming    | INFO   | jamming barrage r=3 JSR=0.0 dB | BER=0.07361
2026-09-28 20:39:48 | src.evaluation.evaluator       | INFO   | Starting evaluation over 14 SNR points
2026-09-28 20:39:49 | src.evaluation.evaluator       | WARNING | SNR=-5.0 dB: 1/256 sensing elements outside [0,1] (min=0.0812, max=1.0567) -> clamped
2026-09-28 20:39:49 | src.evaluation.evaluator       | WARNING | SNR=-3.0 dB: 1/256 sensing elements outside [0,1] (min=-0.0705, max=0.7425) -> clamped
2026-09-28 20:39:50 | src.evaluation.evaluator       | WARNING | SNR=1.0 dB: 1/256 sensing elements outside [0,1] (min=0.0781, max=1.0090) -> clamped
2026-09-28 20:39:57 | src.evaluation.evaluator       | WARNING | SNR=17.0 dB: 1/256 sensing elements outside [0,1] (min=0.1975, max=1.0002) -> clamped
2026-09-28 20:39:59 | src.evaluation.evaluator       | INFO   | Evaluation completed for 14 SNR points
2026-09-28 20:39:59 | src.experiments.run_jamming    | INFO   | jamming barrage r=3 JSR=2.0 dB | BER=0.12641
2026-09-28 20:39:59 | src.evaluation.evaluator       | INFO   | Starting evaluation over 14 SNR points
2026-09-28 20:40:00 | src.evaluation.evaluator       | WARNING | SNR=-5.0 dB: 1/256 sensing elements outside [0,1] (min=0.1071, max=1.0423) -> clamped
2026-09-28 20:40:00 | src.evaluation.evaluator       | WARNING | SNR=-3.0 dB: 1/256 sensing elements outside [0,1] (min=-0.1575, max=0.7486) -> clamped
2026-09-28 20:40:06 | src.evaluation.evaluator       | INFO   | Evaluation completed for 14 SNR points
2026-09-28 20:40:06 | src.experiments.run_jamming    | INFO   | jamming barrage r=3 JSR=4.0 dB | BER=0.19835
2026-09-28 20:40:06 | src.evaluation.evaluator       | INFO   | Starting evaluation over 14 SNR points
2026-09-28 20:40:06 | src.evaluation.evaluator       | WARNING | SNR=-5.0 dB: 1/256 sensing elements outside [0,1] (min=0.0490, max=1.1393) -> clamped
2026-09-28 20:40:07 | src.evaluation.evaluator       | WARNING | SNR=1.0 dB: 2/512 sensing elements outside [0,1] (min=-0.0163, max=1.0285) -> clamped
2026-09-28 20:40:07 | src.evaluation.evaluator       | WARNING | SNR=3.0 dB: 1/256 sensing elements outside [0,1] (min=0.1564, max=1.0249) -> clamped
2026-09-28 20:40:08 | src.evaluation.evaluator       | WARNING | SNR=5.0 dB: 1/256 sensing elements outside [0,1] (min=0.2026, max=1.0359) -> clamped
2026-09-28 20:40:11 | src.evaluation.evaluator       | INFO   | Evaluation completed for 14 SNR points
2026-09-28 20:40:11 | src.experiments.run_jamming    | INFO   | jamming barrage r=3 JSR=6.0 dB | BER=0.27037
2026-09-28 20:40:11 | src.evaluation.evaluator       | INFO   | Starting evaluation over 14 SNR points
2026-09-28 20:40:11 | src.evaluation.evaluator       | WARNING | SNR=-5.0 dB: 6/768 sensing elements outside [0,1] (min=-0.0256, max=1.2764) -> clamped
2026-09-28 20:40:12 | src.evaluation.evaluator       | WARNING | SNR=-3.0 dB: 4/768 sensing elements outside [0,1] (min=-0.0757, max=1.0462) -> clamped
2026-09-28 20:40:12 | src.evaluation.evaluator       | WARNING | SNR=-1.0 dB: 1/256 sensing elements outside [0,1] (min=0.0687, max=1.0232) -> clamped
2026-09-28 20:40:13 | src.evaluation.evaluator       | WARNING | SNR=1.0 dB: 3/512 sensing elements outside [0,1] (min=-0.0784, max=1.1321) -> clamped
2026-09-28 20:40:13 | src.evaluation.evaluator       | WARNING | SNR=5.0 dB: 2/256 sensing elements outside [0,1] (min=-0.0246, max=0.8098) -> clamped
2026-09-28 20:40:14 | src.evaluation.evaluator       | WARNING | SNR=7.0 dB: 1/256 sensing elements outside [0,1] (min=0.0251, max=1.0039) -> clamped
2026-09-28 20:40:14 | src.evaluation.evaluator       | WARNING | SNR=11.0 dB: 1/256 sensing elements outside [0,1] (min=0.0693, max=1.0082) -> clamped
2026-09-28 20:40:15 | src.evaluation.evaluator       | WARNING | SNR=13.0 dB: 1/256 sensing elements outside [0,1] (min=0.0271, max=1.0183) -> clamped
2026-09-28 20:40:15 | src.evaluation.evaluator       | WARNING | SNR=15.0 dB: 1/256 sensing elements outside [0,1] (min=-0.0216, max=0.9546) -> clamped
2026-09-28 20:40:15 | src.evaluation.evaluator       | WARNING | SNR=17.0 dB: 1/256 sensing elements outside [0,1] (min=-0.0266, max=0.8774) -> clamped
2026-09-28 20:40:16 | src.evaluation.evaluator       | WARNING | SNR=19.0 dB: 1/256 sensing elements outside [0,1] (min=0.1845, max=1.0071) -> clamped
2026-09-28 20:40:16 | src.evaluation.evaluator       | INFO   | Evaluation completed for 14 SNR points
2026-09-28 20:40:16 | src.experiments.run_jamming    | INFO   | jamming barrage r=3 JSR=8.0 dB | BER=0.33770
2026-09-28 20:40:16 | src.evaluation.evaluator       | INFO   | Starting evaluation over 14 SNR points
2026-09-28 20:40:16 | src.evaluation.evaluator       | WARNING | SNR=-5.0 dB: 11/512 sensing elements outside [0,1] (min=-0.1380, max=1.4195) -> clamped
2026-09-28 20:40:16 | src.evaluation.evaluator       | WARNING | SNR=-3.0 dB: 6/768 sensing elements outside [0,1] (min=-0.2428, max=1.2313) -> clamped
2026-09-28 20:40:17 | src.evaluation.evaluator       | WARNING | SNR=-1.0 dB: 8/768 sensing elements outside [0,1] (min=-0.1003, max=1.1271) -> clamped
2026-09-28 20:40:17 | src.evaluation.evaluator       | WARNING | SNR=1.0 dB: 13/768 sensing elements outside [0,1] (min=-0.2167, max=1.2288) -> clamped
2026-09-28 20:40:17 | src.evaluation.evaluator       | WARNING | SNR=3.0 dB: 6/512 sensing elements outside [0,1] (min=-0.1452, max=1.1269) -> clamped
2026-09-28 20:40:17 | src.evaluation.evaluator       | WARNING | SNR=5.0 dB: 6/512 sensing elements outside [0,1] (min=-0.0524, max=1.1237) -> clamped
2026-09-28 20:40:18 | src.evaluation.evaluator       | WARNING | SNR=7.0 dB: 6/512 sensing elements outside [0,1] (min=-0.1454, max=1.1709) -> clamped
2026-09-28 20:40:18 | src.evaluation.evaluator       | WARNING | SNR=9.0 dB: 3/512 sensing elements outside [0,1] (min=-0.0421, max=1.0019) -> clamped
2026-09-28 20:40:18 | src.evaluation.evaluator       | WARNING | SNR=11.0 dB: 8/768 sensing elements outside [0,1] (min=-0.1004, max=1.1369) -> clamped
2026-09-28 20:40:18 | src.evaluation.evaluator       | WARNING | SNR=13.0 dB: 10/768 sensing elements outside [0,1] (min=-0.0504, max=1.2344) -> clamped
2026-09-28 20:40:19 | src.evaluation.evaluator       | WARNING | SNR=15.0 dB: 7/512 sensing elements outside [0,1] (min=-0.1032, max=1.1021) -> clamped
2026-09-28 20:40:19 | src.evaluation.evaluator       | WARNING | SNR=17.0 dB: 8/768 sensing elements outside [0,1] (min=-0.1748, max=1.0379) -> clamped
2026-09-28 20:40:19 | src.evaluation.evaluator       | WARNING | SNR=19.0 dB: 8/768 sensing elements outside [0,1] (min=-0.1601, max=1.0978) -> clamped
2026-09-28 20:40:20 | src.evaluation.evaluator       | WARNING | SNR=21.0 dB: 5/768 sensing elements outside [0,1] (min=-0.0459, max=1.0933) -> clamped
2026-09-28 20:40:20 | src.evaluation.evaluator       | INFO   | Evaluation completed for 14 SNR points
2026-09-28 20:40:20 | src.experiments.run_jamming    | INFO   | jamming barrage r=3 JSR=10.0 dB | BER=0.38997
2026-09-28 20:40:20 | src.evaluation.evaluator       | INFO   | Starting evaluation over 14 SNR points
2026-09-28 20:40:22 | src.evaluation.evaluator       | WARNING | SNR=-3.0 dB: 1/256 sensing elements outside [0,1] (min=-0.0367, max=0.7358) -> clamped
2026-09-28 20:40:28 | src.evaluation.evaluator       | WARNING | SNR=1.0 dB: 2/512 sensing elements outside [0,1] (min=0.1313, max=1.0318) -> clamped
2026-09-28 20:40:30 | src.evaluation.evaluator       | WARNING | SNR=3.0 dB: 3/768 sensing elements outside [0,1] (min=0.0121, max=1.1002) -> clamped
2026-09-28 20:40:33 | src.evaluation.evaluator       | WARNING | SNR=5.0 dB: 2/512 sensing elements outside [0,1] (min=-0.0325, max=0.9753) -> clamped
2026-09-28 20:40:35 | src.evaluation.evaluator       | WARNING | SNR=7.0 dB: 3/768 sensing elements outside [0,1] (min=-0.0419, max=1.0636) -> clamped
2026-09-28 20:40:37 | src.evaluation.evaluator       | WARNING | SNR=9.0 dB: 2/512 sensing elements outside [0,1] (min=-0.0208, max=1.0100) -> clamped
2026-09-28 20:40:40 | src.evaluation.evaluator       | WARNING | SNR=11.0 dB: 1/256 sensing elements outside [0,1] (min=0.0621, max=1.0620) -> clamped
2026-09-28 20:40:43 | src.evaluation.evaluator       | WARNING | SNR=13.0 dB: 3/768 sensing elements outside [0,1] (min=0.0352, max=1.0315) -> clamped
2026-09-28 20:40:45 | src.evaluation.evaluator       | WARNING | SNR=15.0 dB: 5/1280 sensing elements outside [0,1] (min=-0.0127, max=1.1184) -> clamped
2026-09-28 20:40:47 | src.evaluation.evaluator       | WARNING | SNR=17.0 dB: 3/768 sensing elements outside [0,1] (min=0.0169, max=1.0636) -> clamped
2026-09-28 20:40:50 | src.evaluation.evaluator       | WARNING | SNR=19.0 dB: 3/768 sensing elements outside [0,1] (min=-0.0663, max=1.0185) -> clamped
2026-09-28 20:40:52 | src.evaluation.evaluator       | WARNING | SNR=21.0 dB: 6/1536 sensing elements outside [0,1] (min=-0.0004, max=1.1109) -> clamped
2026-09-28 20:40:52 | src.evaluation.evaluator       | INFO   | Evaluation completed for 14 SNR points
2026-09-28 20:40:52 | src.experiments.run_jamming    | INFO   | jamming barrage r=4 JSR=-10.0 dB | BER=0.01322
2026-09-28 20:40:52 | src.evaluation.evaluator       | INFO   | Starting evaluation over 14 SNR points
2026-09-28 20:40:55 | src.evaluation.evaluator       | WARNING | SNR=-3.0 dB: 1/256 sensing elements outside [0,1] (min=-0.0385, max=0.7411) -> clamped
2026-09-28 20:41:00 | src.evaluation.evaluator       | WARNING | SNR=1.0 dB: 2/512 sensing elements outside [0,1] (min=0.1442, max=1.0206) -> clamped
2026-09-28 20:41:02 | src.evaluation.evaluator       | WARNING | SNR=3.0 dB: 4/768 sensing elements outside [0,1] (min=-0.0045, max=1.0994) -> clamped
2026-09-28 20:41:04 | src.evaluation.evaluator       | WARNING | SNR=5.0 dB: 2/512 sensing elements outside [0,1] (min=-0.0215, max=0.9733) -> clamped
2026-09-28 20:41:07 | src.evaluation.evaluator       | WARNING | SNR=7.0 dB: 3/768 sensing elements outside [0,1] (min=-0.0414, max=1.0677) -> clamped
2026-09-28 20:41:10 | src.evaluation.evaluator       | WARNING | SNR=9.0 dB: 2/512 sensing elements outside [0,1] (min=-0.0069, max=1.0088) -> clamped
2026-09-28 20:41:12 | src.evaluation.evaluator       | WARNING | SNR=11.0 dB: 2/512 sensing elements outside [0,1] (min=0.0731, max=1.0481) -> clamped
2026-09-28 20:41:15 | src.evaluation.evaluator       | WARNING | SNR=13.0 dB: 2/512 sensing elements outside [0,1] (min=0.0346, max=1.0244) -> clamped
2026-09-28 20:41:17 | src.evaluation.evaluator       | WARNING | SNR=15.0 dB: 3/768 sensing elements outside [0,1] (min=0.0333, max=1.1305) -> clamped
2026-09-28 20:41:19 | src.evaluation.evaluator       | WARNING | SNR=17.0 dB: 2/512 sensing elements outside [0,1] (min=0.0632, max=1.0517) -> clamped
2026-09-28 20:41:22 | src.evaluation.evaluator       | WARNING | SNR=19.0 dB: 2/512 sensing elements outside [0,1] (min=-0.0531, max=1.0047) -> clamped
2026-09-28 20:41:25 | src.evaluation.evaluator       | WARNING | SNR=21.0 dB: 3/768 sensing elements outside [0,1] (min=0.0231, max=1.1140) -> clamped
2026-09-28 20:41:25 | src.evaluation.evaluator       | INFO   | Evaluation completed for 14 SNR points
2026-09-28 20:41:25 | src.experiments.run_jamming    | INFO   | jamming barrage r=4 JSR=-8.0 dB | BER=0.01527
2026-09-28 20:41:25 | src.evaluation.evaluator       | INFO   | Starting evaluation over 14 SNR points
2026-09-28 20:41:27 | src.evaluation.evaluator       | WARNING | SNR=-3.0 dB: 1/256 sensing elements outside [0,1] (min=0.1931, max=1.0141) -> clamped
2026-09-28 20:41:32 | src.evaluation.evaluator       | WARNING | SNR=1.0 dB: 2/512 sensing elements outside [0,1] (min=0.1568, max=1.0175) -> clamped
2026-09-28 20:41:34 | src.evaluation.evaluator       | WARNING | SNR=3.0 dB: 4/768 sensing elements outside [0,1] (min=-0.0121, max=1.0947) -> clamped
2026-09-28 20:41:39 | src.evaluation.evaluator       | WARNING | SNR=7.0 dB: 2/512 sensing elements outside [0,1] (min=-0.0321, max=1.0650) -> clamped
2026-09-28 20:41:44 | src.evaluation.evaluator       | WARNING | SNR=11.0 dB: 2/512 sensing elements outside [0,1] (min=0.0831, max=1.0251) -> clamped
2026-09-28 20:41:47 | src.evaluation.evaluator       | WARNING | SNR=13.0 dB: 1/256 sensing elements outside [0,1] (min=0.1958, max=1.0110) -> clamped
2026-09-28 20:41:49 | src.evaluation.evaluator       | WARNING | SNR=15.0 dB: 4/1024 sensing elements outside [0,1] (min=0.0695, max=1.1405) -> clamped
2026-09-28 20:41:51 | src.evaluation.evaluator       | WARNING | SNR=17.0 dB: 2/512 sensing elements outside [0,1] (min=0.1014, max=1.0370) -> clamped
2026-09-28 20:41:54 | src.evaluation.evaluator       | WARNING | SNR=19.0 dB: 1/256 sensing elements outside [0,1] (min=-0.0339, max=0.8715) -> clamped
2026-09-28 20:41:57 | src.evaluation.evaluator       | WARNING | SNR=21.0 dB: 3/768 sensing elements outside [0,1] (min=0.0365, max=1.1167) -> clamped
2026-09-28 20:41:57 | src.evaluation.evaluator       | INFO   | Evaluation completed for 14 SNR points
2026-09-28 20:41:57 | src.experiments.run_jamming    | INFO   | jamming barrage r=4 JSR=-6.0 dB | BER=0.01876
2026-09-28 20:41:57 | src.evaluation.evaluator       | INFO   | Starting evaluation over 14 SNR points
2026-09-28 20:41:58 | src.evaluation.evaluator       | WARNING | SNR=-3.0 dB: 1/256 sensing elements outside [0,1] (min=0.1970, max=1.0336) -> clamped
2026-09-28 20:42:03 | src.evaluation.evaluator       | WARNING | SNR=1.0 dB: 1/256 sensing elements outside [0,1] (min=0.2659, max=1.0614) -> clamped
2026-09-28 20:42:05 | src.evaluation.evaluator       | WARNING | SNR=3.0 dB: 3/512 sensing elements outside [0,1] (min=-0.0070, max=1.0859) -> clamped
2026-09-28 20:42:11 | src.evaluation.evaluator       | WARNING | SNR=7.0 dB: 2/512 sensing elements outside [0,1] (min=-0.0154, max=1.0575) -> clamped
2026-09-28 20:42:16 | src.evaluation.evaluator       | WARNING | SNR=11.0 dB: 1/256 sensing elements outside [0,1] (min=0.1402, max=1.0389) -> clamped
2026-09-28 20:42:21 | src.evaluation.evaluator       | WARNING | SNR=15.0 dB: 4/1024 sensing elements outside [0,1] (min=0.1015, max=1.1469) -> clamped
2026-09-28 20:42:24 | src.evaluation.evaluator       | WARNING | SNR=17.0 dB: 3/768 sensing elements outside [0,1] (min=0.0903, max=1.0110) -> clamped
2026-09-28 20:42:26 | src.evaluation.evaluator       | WARNING | SNR=19.0 dB: 1/256 sensing elements outside [0,1] (min=-0.0041, max=0.8504) -> clamped
2026-09-28 20:42:28 | src.evaluation.evaluator       | WARNING | SNR=21.0 dB: 1/256 sensing elements outside [0,1] (min=0.1272, max=1.1112) -> clamped
2026-09-28 20:42:28 | src.evaluation.evaluator       | INFO   | Evaluation completed for 14 SNR points
2026-09-28 20:42:28 | src.experiments.run_jamming    | INFO   | jamming barrage r=4 JSR=-4.0 dB | BER=0.02577
2026-09-28 20:42:28 | src.evaluation.evaluator       | INFO   | Starting evaluation over 14 SNR points
2026-09-28 20:42:30 | src.evaluation.evaluator       | WARNING | SNR=-3.0 dB: 1/256 sensing elements outside [0,1] (min=0.1927, max=1.0671) -> clamped
2026-09-28 20:42:33 | src.evaluation.evaluator       | WARNING | SNR=1.0 dB: 1/256 sensing elements outside [0,1] (min=0.2784, max=1.1009) -> clamped
2026-09-28 20:42:36 | src.evaluation.evaluator       | WARNING | SNR=3.0 dB: 2/512 sensing elements outside [0,1] (min=0.0096, max=1.0727) -> clamped
2026-09-28 20:42:39 | src.evaluation.evaluator       | WARNING | SNR=5.0 dB: 1/256 sensing elements outside [0,1] (min=0.2396, max=1.0131) -> clamped
2026-09-28 20:42:41 | src.evaluation.evaluator       | WARNING | SNR=7.0 dB: 1/256 sensing elements outside [0,1] (min=0.2584, max=1.0321) -> clamped
2026-09-28 20:42:46 | src.evaluation.evaluator       | WARNING | SNR=11.0 dB: 1/256 sensing elements outside [0,1] (min=0.1815, max=1.0471) -> clamped
2026-09-28 20:42:51 | src.evaluation.evaluator       | WARNING | SNR=15.0 dB: 3/768 sensing elements outside [0,1] (min=0.1807, max=1.1470) -> clamped
2026-09-28 20:42:54 | src.evaluation.evaluator       | WARNING | SNR=17.0 dB: 1/256 sensing elements outside [0,1] (min=0.1329, max=1.0184) -> clamped
2026-09-28 20:42:58 | src.evaluation.evaluator       | WARNING | SNR=21.0 dB: 1/256 sensing elements outside [0,1] (min=0.1641, max=1.0827) -> clamped
2026-09-28 20:42:58 | src.evaluation.evaluator       | INFO   | Evaluation completed for 14 SNR points
2026-09-28 20:42:58 | src.experiments.run_jamming    | INFO   | jamming barrage r=4 JSR=-2.0 dB | BER=0.04212
2026-09-28 20:42:58 | src.evaluation.evaluator       | INFO   | Starting evaluation over 14 SNR points
2026-09-28 20:42:59 | src.evaluation.evaluator       | WARNING | SNR=-3.0 dB: 1/256 sensing elements outside [0,1] (min=0.1960, max=1.1059) -> clamped
2026-09-28 20:43:00 | src.evaluation.evaluator       | WARNING | SNR=-1.0 dB: 1/256 sensing elements outside [0,1] (min=0.3099, max=1.0217) -> clamped
2026-09-28 20:43:01 | src.evaluation.evaluator       | WARNING | SNR=1.0 dB: 1/256 sensing elements outside [0,1] (min=0.2906, max=1.1305) -> clamped
2026-09-28 20:43:02 | src.evaluation.evaluator       | WARNING | SNR=3.0 dB: 1/256 sensing elements outside [0,1] (min=0.0246, max=1.0471) -> clamped
2026-09-28 20:43:13 | src.evaluation.evaluator       | WARNING | SNR=15.0 dB: 1/256 sensing elements outside [0,1] (min=0.2318, max=1.0538) -> clamped
2026-09-28 20:43:15 | src.evaluation.evaluator       | WARNING | SNR=17.0 dB: 1/256 sensing elements outside [0,1] (min=0.2040, max=1.0267) -> clamped
2026-09-28 20:43:19 | src.evaluation.evaluator       | WARNING | SNR=21.0 dB: 1/256 sensing elements outside [0,1] (min=0.2212, max=1.0405) -> clamped
2026-09-28 20:43:19 | src.evaluation.evaluator       | INFO   | Evaluation completed for 14 SNR points
2026-09-28 20:43:19 | src.experiments.run_jamming    | INFO   | jamming barrage r=4 JSR=0.0 dB | BER=0.07262
2026-09-28 20:43:19 | src.evaluation.evaluator       | INFO   | Starting evaluation over 14 SNR points
2026-09-28 20:43:20 | src.evaluation.evaluator       | WARNING | SNR=-3.0 dB: 2/512 sensing elements outside [0,1] (min=-0.0141, max=1.1351) -> clamped
2026-09-28 20:43:21 | src.evaluation.evaluator       | WARNING | SNR=-1.0 dB: 1/256 sensing elements outside [0,1] (min=0.3034, max=1.0650) -> clamped
2026-09-28 20:43:22 | src.evaluation.evaluator       | WARNING | SNR=1.0 dB: 1/256 sensing elements outside [0,1] (min=0.3022, max=1.1535) -> clamped
2026-09-28 20:43:23 | src.evaluation.evaluator       | WARNING | SNR=5.0 dB: 1/256 sensing elements outside [0,1] (min=-0.0157, max=0.7622) -> clamped
2026-09-28 20:43:27 | src.evaluation.evaluator       | WARNING | SNR=15.0 dB: 1/256 sensing elements outside [0,1] (min=0.2792, max=1.0490) -> clamped
2026-09-28 20:43:28 | src.evaluation.evaluator       | WARNING | SNR=17.0 dB: 1/256 sensing elements outside [0,1] (min=0.3040, max=1.0289) -> clamped
2026-09-28 20:43:30 | src.evaluation.evaluator       | WARNING | SNR=21.0 dB: 1/256 sensing elements outside [0,1] (min=-0.0355, max=0.8646) -> clamped
2026-09-28 20:43:30 | src.evaluation.evaluator       | INFO   | Evaluation completed for 14 SNR points
2026-09-28 20:43:30 | src.experiments.run_jamming    | INFO   | jamming barrage r=4 JSR=2.0 dB | BER=0.12597
2026-09-28 20:43:30 | src.evaluation.evaluator       | INFO   | Starting evaluation over 14 SNR points
2026-09-28 20:43:31 | src.evaluation.evaluator       | WARNING | SNR=-3.0 dB: 1/256 sensing elements outside [0,1] (min=-0.0613, max=0.8136) -> clamped
2026-09-28 20:43:31 | src.evaluation.evaluator       | WARNING | SNR=-1.0 dB: 1/256 sensing elements outside [0,1] (min=0.2790, max=1.1112) -> clamped
2026-09-28 20:43:31 | src.evaluation.evaluator       | WARNING | SNR=1.0 dB: 1/256 sensing elements outside [0,1] (min=0.2474, max=1.1903) -> clamped
2026-09-28 20:43:32 | src.evaluation.evaluator       | WARNING | SNR=5.0 dB: 1/256 sensing elements outside [0,1] (min=-0.0661, max=0.7581) -> clamped
2026-09-28 20:43:36 | src.evaluation.evaluator       | WARNING | SNR=15.0 dB: 1/256 sensing elements outside [0,1] (min=0.1507, max=1.0287) -> clamped
2026-09-28 20:43:37 | src.evaluation.evaluator       | WARNING | SNR=21.0 dB: 1/256 sensing elements outside [0,1] (min=-0.0857, max=0.9080) -> clamped
2026-09-28 20:43:37 | src.evaluation.evaluator       | INFO   | Evaluation completed for 14 SNR points
2026-09-28 20:43:37 | src.experiments.run_jamming    | INFO   | jamming barrage r=4 JSR=4.0 dB | BER=0.19539
2026-09-28 20:43:38 | src.evaluation.evaluator       | INFO   | Starting evaluation over 14 SNR points
2026-09-28 20:43:38 | src.evaluation.evaluator       | WARNING | SNR=-3.0 dB: 1/256 sensing elements outside [0,1] (min=0.1245, max=1.0327) -> clamped
2026-09-28 20:43:38 | src.evaluation.evaluator       | WARNING | SNR=-1.0 dB: 1/256 sensing elements outside [0,1] (min=0.2061, max=1.1545) -> clamped
2026-09-28 20:43:39 | src.evaluation.evaluator       | WARNING | SNR=1.0 dB: 3/512 sensing elements outside [0,1] (min=-0.0021, max=1.2243) -> clamped
2026-09-28 20:43:41 | src.evaluation.evaluator       | WARNING | SNR=15.0 dB: 1/256 sensing elements outside [0,1] (min=0.1613, max=1.0681) -> clamped
2026-09-28 20:43:42 | src.evaluation.evaluator       | WARNING | SNR=21.0 dB: 1/256 sensing elements outside [0,1] (min=-0.1098, max=0.9571) -> clamped
2026-09-28 20:43:42 | src.evaluation.evaluator       | INFO   | Evaluation completed for 14 SNR points
2026-09-28 20:43:42 | src.experiments.run_jamming    | INFO   | jamming barrage r=4 JSR=6.0 dB | BER=0.27711
2026-09-28 20:43:42 | src.evaluation.evaluator       | INFO   | Starting evaluation over 14 SNR points
2026-09-28 20:43:43 | src.evaluation.evaluator       | WARNING | SNR=-3.0 dB: 4/768 sensing elements outside [0,1] (min=-0.0176, max=1.1203) -> clamped
2026-09-28 20:43:43 | src.evaluation.evaluator       | WARNING | SNR=-1.0 dB: 2/512 sensing elements outside [0,1] (min=0.0614, max=1.2323) -> clamped
2026-09-28 20:43:43 | src.evaluation.evaluator       | WARNING | SNR=1.0 dB: 5/768 sensing elements outside [0,1] (min=-0.0910, max=1.2401) -> clamped
2026-09-28 20:43:44 | src.evaluation.evaluator       | WARNING | SNR=3.0 dB: 4/768 sensing elements outside [0,1] (min=-0.0399, max=1.0811) -> clamped
2026-09-28 20:43:44 | src.evaluation.evaluator       | WARNING | SNR=5.0 dB: 1/256 sensing elements outside [0,1] (min=0.0480, max=1.0145) -> clamped
2026-09-28 20:43:44 | src.evaluation.evaluator       | WARNING | SNR=7.0 dB: 2/512 sensing elements outside [0,1] (min=0.0390, max=1.0540) -> clamped
2026-09-28 20:43:45 | src.evaluation.evaluator       | WARNING | SNR=9.0 dB: 2/512 sensing elements outside [0,1] (min=-0.0460, max=1.0272) -> clamped
2026-09-28 20:43:45 | src.evaluation.evaluator       | WARNING | SNR=11.0 dB: 1/256 sensing elements outside [0,1] (min=0.0027, max=1.0036) -> clamped
2026-09-28 20:43:45 | src.evaluation.evaluator       | WARNING | SNR=13.0 dB: 1/256 sensing elements outside [0,1] (min=-0.0448, max=0.9559) -> clamped
2026-09-28 20:43:45 | src.evaluation.evaluator       | WARNING | SNR=15.0 dB: 1/256 sensing elements outside [0,1] (min=0.0719, max=1.0940) -> clamped
2026-09-28 20:43:46 | src.evaluation.evaluator       | WARNING | SNR=19.0 dB: 1/256 sensing elements outside [0,1] (min=-0.0030, max=0.7897) -> clamped
2026-09-28 20:43:46 | src.evaluation.evaluator       | WARNING | SNR=21.0 dB: 2/512 sensing elements outside [0,1] (min=-0.1213, max=0.9889) -> clamped
2026-09-28 20:43:46 | src.evaluation.evaluator       | INFO   | Evaluation completed for 14 SNR points
2026-09-28 20:43:46 | src.experiments.run_jamming    | INFO   | jamming barrage r=4 JSR=8.0 dB | BER=0.34515
2026-09-28 20:43:46 | src.evaluation.evaluator       | INFO   | Starting evaluation over 14 SNR points
2026-09-28 20:43:47 | src.evaluation.evaluator       | WARNING | SNR=-5.0 dB: 5/512 sensing elements outside [0,1] (min=-0.0597, max=0.9276) -> clamped
2026-09-28 20:43:47 | src.evaluation.evaluator       | WARNING | SNR=-3.0 dB: 10/768 sensing elements outside [0,1] (min=-0.1574, max=1.3935) -> clamped
2026-09-28 20:43:47 | src.evaluation.evaluator       | WARNING | SNR=-1.0 dB: 4/512 sensing elements outside [0,1] (min=-0.0751, max=1.3708) -> clamped
2026-09-28 20:43:48 | src.evaluation.evaluator       | WARNING | SNR=1.0 dB: 15/768 sensing elements outside [0,1] (min=-0.1947, max=1.4561) -> clamped
2026-09-28 20:43:48 | src.evaluation.evaluator       | WARNING | SNR=3.0 dB: 5/512 sensing elements outside [0,1] (min=-0.1696, max=0.9880) -> clamped
2026-09-28 20:43:48 | src.evaluation.evaluator       | WARNING | SNR=5.0 dB: 4/768 sensing elements outside [0,1] (min=-0.0652, max=1.2435) -> clamped
2026-09-28 20:43:49 | src.evaluation.evaluator       | WARNING | SNR=7.0 dB: 2/256 sensing elements outside [0,1] (min=0.0010, max=1.1038) -> clamped
2026-09-28 20:43:49 | src.evaluation.evaluator       | WARNING | SNR=9.0 dB: 5/512 sensing elements outside [0,1] (min=-0.1775, max=1.1267) -> clamped
2026-09-28 20:43:49 | src.evaluation.evaluator       | WARNING | SNR=11.0 dB: 5/768 sensing elements outside [0,1] (min=-0.0295, max=1.1018) -> clamped
2026-09-28 20:43:50 | src.evaluation.evaluator       | WARNING | SNR=13.0 dB: 8/768 sensing elements outside [0,1] (min=-0.1235, max=1.0826) -> clamped
2026-09-28 20:43:50 | src.evaluation.evaluator       | WARNING | SNR=15.0 dB: 9/768 sensing elements outside [0,1] (min=-0.0880, max=1.1575) -> clamped
2026-09-28 20:43:51 | src.evaluation.evaluator       | WARNING | SNR=17.0 dB: 2/512 sensing elements outside [0,1] (min=0.0082, max=1.1065) -> clamped
2026-09-28 20:43:51 | src.evaluation.evaluator       | WARNING | SNR=19.0 dB: 4/512 sensing elements outside [0,1] (min=-0.1392, max=0.9110) -> clamped
2026-09-28 20:43:51 | src.evaluation.evaluator       | WARNING | SNR=21.0 dB: 7/512 sensing elements outside [0,1] (min=-0.1439, max=1.2198) -> clamped
2026-09-28 20:43:51 | src.evaluation.evaluator       | INFO   | Evaluation completed for 14 SNR points
2026-09-28 20:43:51 | src.experiments.run_jamming    | INFO   | jamming barrage r=4 JSR=10.0 dB | BER=0.39881
2026-09-28 20:43:51 | src.experiments.run_jamming    | INFO   | Results for barrage saved to /content/drive/MyDrive/DHUC_RUN/qkv_jam/full/jamming/qkv/jamming/jamming_results_barrage.csv
2026-09-28 20:43:51 | src.experiments.run_jamming    | INFO   | Per-realization results for barrage saved to /content/drive/MyDrive/DHUC_RUN/qkv_jam/full/jamming/qkv/jamming/jamming_realizations_barrage.csv
2026-09-28 20:43:51 | src.experiments.run_jamming    | INFO   | Processing jamming: partial_band (5 realization(s))
2026-09-28 20:43:51 | src.evaluation.evaluator       | INFO   | Starting evaluation over 14 SNR points
2026-09-28 20:43:52 | src.evaluation.evaluator       | WARNING | SNR=-5.0 dB: 1/256 sensing elements outside [0,1] (min=-0.0147, max=0.8022) -> clamped
2026-09-28 20:43:58 | src.evaluation.evaluator       | WARNING | SNR=1.0 dB: 1/256 sensing elements outside [0,1] (min=0.1855, max=1.0473) -> clamped
2026-09-28 20:44:00 | src.evaluation.evaluator       | WARNING | SNR=3.0 dB: 1/256 sensing elements outside [0,1] (min=0.0895, max=1.0615) -> clamped
2026-09-28 20:44:03 | src.evaluation.evaluator       | WARNING | SNR=5.0 dB: 4/1024 sensing elements outside [0,1] (min=-0.0764, max=1.0531) -> clamped
2026-09-28 20:44:06 | src.evaluation.evaluator       | WARNING | SNR=7.0 dB: 1/256 sensing elements outside [0,1] (min=0.0824, max=1.0382) -> clamped
2026-09-28 20:44:08 | src.evaluation.evaluator       | WARNING | SNR=9.0 dB: 2/512 sensing elements outside [0,1] (min=-0.0282, max=0.9544) -> clamped
2026-09-28 20:44:11 | src.evaluation.evaluator       | WARNING | SNR=11.0 dB: 6/1536 sensing elements outside [0,1] (min=-0.0312, max=1.0491) -> clamped
2026-09-28 20:44:13 | src.evaluation.evaluator       | WARNING | SNR=13.0 dB: 5/1280 sensing elements outside [0,1] (min=-0.0263, max=1.0240) -> clamped
2026-09-28 20:44:15 | src.evaluation.evaluator       | WARNING | SNR=15.0 dB: 3/768 sensing elements outside [0,1] (min=-0.0280, max=1.0409) -> clamped
2026-09-28 20:44:19 | src.evaluation.evaluator       | WARNING | SNR=17.0 dB: 7/1536 sensing elements outside [0,1] (min=-0.0323, max=1.0216) -> clamped
2026-09-28 20:44:21 | src.evaluation.evaluator       | WARNING | SNR=19.0 dB: 9/1792 sensing elements outside [0,1] (min=-0.0684, max=1.0482) -> clamped
2026-09-28 20:44:23 | src.evaluation.evaluator       | WARNING | SNR=21.0 dB: 8/1792 sensing elements outside [0,1] (min=-0.0165, max=1.1041) -> clamped
2026-09-28 20:44:23 | src.evaluation.evaluator       | INFO   | Evaluation completed for 14 SNR points
2026-09-28 20:44:23 | src.experiments.run_jamming    | INFO   | jamming partial_band r=0 JSR=-10.0 dB | BER=0.01561
2026-09-28 20:44:23 | src.evaluation.evaluator       | INFO   | Starting evaluation over 14 SNR points
2026-09-28 20:44:24 | src.evaluation.evaluator       | WARNING | SNR=-5.0 dB: 1/256 sensing elements outside [0,1] (min=-0.0226, max=0.8049) -> clamped
2026-09-28 20:44:30 | src.evaluation.evaluator       | WARNING | SNR=1.0 dB: 1/256 sensing elements outside [0,1] (min=0.1995, max=1.0447) -> clamped
2026-09-28 20:44:33 | src.evaluation.evaluator       | WARNING | SNR=3.0 dB: 1/256 sensing elements outside [0,1] (min=0.1229, max=1.0612) -> clamped
2026-09-28 20:44:35 | src.evaluation.evaluator       | WARNING | SNR=5.0 dB: 2/512 sensing elements outside [0,1] (min=-0.0767, max=1.0457) -> clamped
2026-09-28 20:44:38 | src.evaluation.evaluator       | WARNING | SNR=7.0 dB: 1/256 sensing elements outside [0,1] (min=0.0914, max=1.0254) -> clamped
2026-09-28 20:44:40 | src.evaluation.evaluator       | WARNING | SNR=9.0 dB: 3/768 sensing elements outside [0,1] (min=-0.0078, max=0.9239) -> clamped
2026-09-28 20:44:42 | src.evaluation.evaluator       | WARNING | SNR=11.0 dB: 3/768 sensing elements outside [0,1] (min=-0.0240, max=1.0421) -> clamped
2026-09-28 20:44:45 | src.evaluation.evaluator       | WARNING | SNR=13.0 dB: 3/768 sensing elements outside [0,1] (min=-0.0220, max=1.0159) -> clamped
2026-09-28 20:44:48 | src.evaluation.evaluator       | WARNING | SNR=15.0 dB: 2/512 sensing elements outside [0,1] (min=-0.0220, max=1.0271) -> clamped
2026-09-28 20:44:50 | src.evaluation.evaluator       | WARNING | SNR=17.0 dB: 3/768 sensing elements outside [0,1] (min=-0.0209, max=1.0079) -> clamped
2026-09-28 20:44:52 | src.evaluation.evaluator       | WARNING | SNR=19.0 dB: 6/1280 sensing elements outside [0,1] (min=-0.0520, max=1.0576) -> clamped
2026-09-28 20:44:55 | src.evaluation.evaluator       | WARNING | SNR=21.0 dB: 5/1024 sensing elements outside [0,1] (min=-0.0120, max=1.1103) -> clamped
2026-09-28 20:44:55 | src.evaluation.evaluator       | INFO   | Evaluation completed for 14 SNR points
2026-09-28 20:44:55 | src.experiments.run_jamming    | INFO   | jamming partial_band r=0 JSR=-8.0 dB | BER=0.02332
2026-09-28 20:44:55 | src.evaluation.evaluator       | INFO   | Starting evaluation over 14 SNR points
2026-09-28 20:44:55 | src.evaluation.evaluator       | WARNING | SNR=-5.0 dB: 1/256 sensing elements outside [0,1] (min=-0.0328, max=0.8096) -> clamped
2026-09-28 20:45:00 | src.evaluation.evaluator       | WARNING | SNR=1.0 dB: 1/256 sensing elements outside [0,1] (min=0.2262, max=1.0399) -> clamped
2026-09-28 20:45:03 | src.evaluation.evaluator       | WARNING | SNR=3.0 dB: 1/256 sensing elements outside [0,1] (min=0.1450, max=1.0620) -> clamped
2026-09-28 20:45:05 | src.evaluation.evaluator       | WARNING | SNR=5.0 dB: 2/512 sensing elements outside [0,1] (min=-0.0776, max=1.0387) -> clamped
2026-09-28 20:45:07 | src.evaluation.evaluator       | WARNING | SNR=7.0 dB: 1/256 sensing elements outside [0,1] (min=0.0910, max=1.0101) -> clamped
2026-09-28 20:45:10 | src.evaluation.evaluator       | WARNING | SNR=9.0 dB: 1/256 sensing elements outside [0,1] (min=-0.0099, max=0.9084) -> clamped
2026-09-28 20:45:12 | src.evaluation.evaluator       | WARNING | SNR=11.0 dB: 2/512 sensing elements outside [0,1] (min=-0.0134, max=1.0333) -> clamped
2026-09-28 20:45:15 | src.evaluation.evaluator       | WARNING | SNR=13.0 dB: 1/256 sensing elements outside [0,1] (min=-0.0132, max=0.9208) -> clamped
2026-09-28 20:45:18 | src.evaluation.evaluator       | WARNING | SNR=15.0 dB: 1/256 sensing elements outside [0,1] (min=-0.0113, max=0.8797) -> clamped
2026-09-28 20:45:20 | src.evaluation.evaluator       | WARNING | SNR=17.0 dB: 2/512 sensing elements outside [0,1] (min=-0.0043, max=0.9841) -> clamped
2026-09-28 20:45:22 | src.evaluation.evaluator       | WARNING | SNR=19.0 dB: 5/1280 sensing elements outside [0,1] (min=-0.0245, max=1.0687) -> clamped
2026-09-28 20:45:25 | src.evaluation.evaluator       | WARNING | SNR=21.0 dB: 5/1024 sensing elements outside [0,1] (min=-0.0046, max=1.1148) -> clamped
2026-09-28 20:45:25 | src.evaluation.evaluator       | INFO   | Evaluation completed for 14 SNR points
2026-09-28 20:45:25 | src.experiments.run_jamming    | INFO   | jamming partial_band r=0 JSR=-6.0 dB | BER=0.04381
2026-09-28 20:45:25 | src.evaluation.evaluator       | INFO   | Starting evaluation over 14 SNR points
2026-09-28 20:45:25 | src.evaluation.evaluator       | WARNING | SNR=-5.0 dB: 1/256 sensing elements outside [0,1] (min=-0.0466, max=0.8149) -> clamped
2026-09-28 20:45:32 | src.evaluation.evaluator       | WARNING | SNR=9.0 dB: 1/256 sensing elements outside [0,1] (min=-0.0061, max=0.8835) -> clamped
2026-09-28 20:45:35 | src.evaluation.evaluator       | WARNING | SNR=13.0 dB: 1/256 sensing elements outside [0,1] (min=-0.0023, max=0.8791) -> clamped
2026-09-28 20:45:39 | src.evaluation.evaluator       | WARNING | SNR=19.0 dB: 1/256 sensing elements outside [0,1] (min=0.2191, max=1.0750) -> clamped
2026-09-28 20:45:40 | src.evaluation.evaluator       | WARNING | SNR=21.0 dB: 1/256 sensing elements outside [0,1] (min=0.1395, max=1.1187) -> clamped
2026-09-28 20:45:40 | src.evaluation.evaluator       | INFO   | Evaluation completed for 14 SNR points
2026-09-28 20:45:40 | src.experiments.run_jamming    | INFO   | jamming partial_band r=0 JSR=-4.0 dB | BER=0.09192
2026-09-28 20:45:40 | src.evaluation.evaluator       | INFO   | Starting evaluation over 14 SNR points
2026-09-28 20:45:48 | src.evaluation.evaluator       | INFO   | Evaluation completed for 14 SNR points
2026-09-28 20:45:48 | src.experiments.run_jamming    | INFO   | jamming partial_band r=0 JSR=-2.0 dB | BER=0.19436
2026-09-28 20:45:48 | src.evaluation.evaluator       | INFO   | Starting evaluation over 14 SNR points
2026-09-28 20:45:52 | src.evaluation.evaluator       | INFO   | Evaluation completed for 14 SNR points
2026-09-28 20:45:52 | src.experiments.run_jamming    | INFO   | jamming partial_band r=0 JSR=0.0 dB | BER=0.33240
2026-09-28 20:45:52 | src.evaluation.evaluator       | INFO   | Starting evaluation over 14 SNR points
2026-09-28 20:45:55 | src.evaluation.evaluator       | WARNING | SNR=19.0 dB: 1/256 sensing elements outside [0,1] (min=0.1878, max=1.0010) -> clamped
2026-09-28 20:45:55 | src.evaluation.evaluator       | INFO   | Evaluation completed for 14 SNR points
2026-09-28 20:45:55 | src.experiments.run_jamming    | INFO   | jamming partial_band r=0 JSR=2.0 dB | BER=0.44764
2026-09-28 20:45:55 | src.evaluation.evaluator       | INFO   | Starting evaluation over 14 SNR points
2026-09-28 20:45:59 | src.evaluation.evaluator       | INFO   | Evaluation completed for 14 SNR points
2026-09-28 20:45:59 | src.experiments.run_jamming    | INFO   | jamming partial_band r=0 JSR=4.0 dB | BER=0.49665
2026-09-28 20:45:59 | src.evaluation.evaluator       | INFO   | Starting evaluation over 14 SNR points
2026-09-28 20:46:02 | src.evaluation.evaluator       | INFO   | Evaluation completed for 14 SNR points
2026-09-28 20:46:02 | src.experiments.run_jamming    | INFO   | jamming partial_band r=0 JSR=6.0 dB | BER=0.50698
2026-09-28 20:46:02 | src.evaluation.evaluator       | INFO   | Starting evaluation over 14 SNR points
2026-09-28 20:46:02 | src.evaluation.evaluator       | WARNING | SNR=-3.0 dB: 1/256 sensing elements outside [0,1] (min=0.0903, max=1.0353) -> clamped
2026-09-28 20:46:03 | src.evaluation.evaluator       | WARNING | SNR=-1.0 dB: 1/256 sensing elements outside [0,1] (min=0.1179, max=1.1174) -> clamped
2026-09-28 20:46:03 | src.evaluation.evaluator       | WARNING | SNR=1.0 dB: 1/256 sensing elements outside [0,1] (min=0.1081, max=1.0224) -> clamped
2026-09-28 20:46:03 | src.evaluation.evaluator       | WARNING | SNR=7.0 dB: 1/256 sensing elements outside [0,1] (min=0.0963, max=1.0732) -> clamped
2026-09-28 20:46:04 | src.evaluation.evaluator       | WARNING | SNR=11.0 dB: 2/256 sensing elements outside [0,1] (min=-0.0363, max=0.8812) -> clamped
2026-09-28 20:46:05 | src.evaluation.evaluator       | WARNING | SNR=19.0 dB: 1/256 sensing elements outside [0,1] (min=-0.0278, max=0.9113) -> clamped
2026-09-28 20:46:05 | src.evaluation.evaluator       | INFO   | Evaluation completed for 14 SNR points
2026-09-28 20:46:05 | src.experiments.run_jamming    | INFO   | jamming partial_band r=0 JSR=8.0 dB | BER=0.50949
2026-09-28 20:46:05 | src.evaluation.evaluator       | INFO   | Starting evaluation over 14 SNR points
2026-09-28 20:46:05 | src.evaluation.evaluator       | WARNING | SNR=-5.0 dB: 10/512 sensing elements outside [0,1] (min=-0.0947, max=1.2724) -> clamped
2026-09-28 20:46:05 | src.evaluation.evaluator       | WARNING | SNR=-3.0 dB: 6/512 sensing elements outside [0,1] (min=-0.0034, max=1.2373) -> clamped
2026-09-28 20:46:06 | src.evaluation.evaluator       | WARNING | SNR=-1.0 dB: 4/512 sensing elements outside [0,1] (min=-0.0907, max=1.3374) -> clamped
2026-09-28 20:46:06 | src.evaluation.evaluator       | WARNING | SNR=1.0 dB: 6/512 sensing elements outside [0,1] (min=0.0217, max=1.1845) -> clamped
2026-09-28 20:46:06 | src.evaluation.evaluator       | WARNING | SNR=3.0 dB: 6/512 sensing elements outside [0,1] (min=-0.0864, max=1.0996) -> clamped
2026-09-28 20:46:06 | src.evaluation.evaluator       | WARNING | SNR=5.0 dB: 3/512 sensing elements outside [0,1] (min=-0.0137, max=1.2888) -> clamped
2026-09-28 20:46:06 | src.evaluation.evaluator       | WARNING | SNR=7.0 dB: 4/512 sensing elements outside [0,1] (min=0.0349, max=1.2933) -> clamped
2026-09-28 20:46:07 | src.evaluation.evaluator       | WARNING | SNR=9.0 dB: 5/512 sensing elements outside [0,1] (min=0.0742, max=1.0427) -> clamped
2026-09-28 20:46:07 | src.evaluation.evaluator       | WARNING | SNR=11.0 dB: 10/512 sensing elements outside [0,1] (min=-0.1895, max=1.1691) -> clamped
2026-09-28 20:46:07 | src.evaluation.evaluator       | WARNING | SNR=13.0 dB: 6/256 sensing elements outside [0,1] (min=0.0870, max=1.1677) -> clamped
2026-09-28 20:46:07 | src.evaluation.evaluator       | WARNING | SNR=15.0 dB: 5/512 sensing elements outside [0,1] (min=0.1498, max=1.2415) -> clamped
2026-09-28 20:46:07 | src.evaluation.evaluator       | WARNING | SNR=17.0 dB: 2/256 sensing elements outside [0,1] (min=0.0695, max=1.1190) -> clamped
2026-09-28 20:46:08 | src.evaluation.evaluator       | WARNING | SNR=19.0 dB: 7/512 sensing elements outside [0,1] (min=-0.0921, max=1.1414) -> clamped
2026-09-28 20:46:08 | src.evaluation.evaluator       | WARNING | SNR=21.0 dB: 7/512 sensing elements outside [0,1] (min=-0.0546, max=1.1620) -> clamped
2026-09-28 20:46:08 | src.evaluation.evaluator       | INFO   | Evaluation completed for 14 SNR points
2026-09-28 20:46:08 | src.experiments.run_jamming    | INFO   | jamming partial_band r=0 JSR=10.0 dB | BER=0.50949
2026-09-28 20:46:08 | src.evaluation.evaluator       | INFO   | Starting evaluation over 14 SNR points
2026-09-28 20:46:16 | src.evaluation.evaluator       | WARNING | SNR=1.0 dB: 1/256 sensing elements outside [0,1] (min=0.1632, max=1.0263) -> clamped
2026-09-28 20:46:18 | src.evaluation.evaluator       | WARNING | SNR=3.0 dB: 1/256 sensing elements outside [0,1] (min=0.1613, max=1.0573) -> clamped
2026-09-28 20:46:20 | src.evaluation.evaluator       | WARNING | SNR=5.0 dB: 3/768 sensing elements outside [0,1] (min=-0.0282, max=1.0612) -> clamped
2026-09-28 20:46:23 | src.evaluation.evaluator       | WARNING | SNR=7.0 dB: 4/1024 sensing elements outside [0,1] (min=-0.0174, max=1.0440) -> clamped
2026-09-28 20:46:25 | src.evaluation.evaluator       | WARNING | SNR=9.0 dB: 3/768 sensing elements outside [0,1] (min=-0.0267, max=1.0056) -> clamped
2026-09-28 20:46:28 | src.evaluation.evaluator       | WARNING | SNR=11.0 dB: 2/512 sensing elements outside [0,1] (min=0.0451, max=1.0591) -> clamped
2026-09-28 20:46:31 | src.evaluation.evaluator       | WARNING | SNR=13.0 dB: 7/1536 sensing elements outside [0,1] (min=-0.0006, max=1.0819) -> clamped
2026-09-28 20:46:33 | src.evaluation.evaluator       | WARNING | SNR=15.0 dB: 5/1280 sensing elements outside [0,1] (min=-0.0183, max=1.0479) -> clamped
2026-09-28 20:46:35 | src.evaluation.evaluator       | WARNING | SNR=17.0 dB: 3/768 sensing elements outside [0,1] (min=0.0377, max=1.0317) -> clamped
2026-09-28 20:46:37 | src.evaluation.evaluator       | WARNING | SNR=19.0 dB: 3/768 sensing elements outside [0,1] (min=-0.0735, max=1.0012) -> clamped
2026-09-28 20:46:39 | src.evaluation.evaluator       | WARNING | SNR=21.0 dB: 4/1024 sensing elements outside [0,1] (min=-0.0195, max=1.0735) -> clamped
2026-09-28 20:46:39 | src.evaluation.evaluator       | INFO   | Evaluation completed for 14 SNR points
2026-09-28 20:46:39 | src.experiments.run_jamming    | INFO   | jamming partial_band r=1 JSR=-10.0 dB | BER=0.02260
2026-09-28 20:46:40 | src.evaluation.evaluator       | INFO   | Starting evaluation over 14 SNR points
2026-09-28 20:46:46 | src.evaluation.evaluator       | WARNING | SNR=1.0 dB: 1/256 sensing elements outside [0,1] (min=0.1756, max=1.0290) -> clamped
2026-09-28 20:46:47 | src.evaluation.evaluator       | WARNING | SNR=3.0 dB: 1/256 sensing elements outside [0,1] (min=0.1612, max=1.0587) -> clamped
2026-09-28 20:46:50 | src.evaluation.evaluator       | WARNING | SNR=5.0 dB: 3/768 sensing elements outside [0,1] (min=-0.0180, max=1.0493) -> clamped
2026-09-28 20:46:52 | src.evaluation.evaluator       | WARNING | SNR=7.0 dB: 3/768 sensing elements outside [0,1] (min=-0.0279, max=1.0274) -> clamped
2026-09-28 20:46:54 | src.evaluation.evaluator       | WARNING | SNR=9.0 dB: 2/512 sensing elements outside [0,1] (min=-0.0115, max=0.9671) -> clamped
2026-09-28 20:46:57 | src.evaluation.evaluator       | WARNING | SNR=11.0 dB: 2/512 sensing elements outside [0,1] (min=0.0546, max=1.0344) -> clamped
2026-09-28 20:47:00 | src.evaluation.evaluator       | WARNING | SNR=13.0 dB: 3/512 sensing elements outside [0,1] (min=0.0677, max=1.0685) -> clamped
2026-09-28 20:47:02 | src.evaluation.evaluator       | WARNING | SNR=15.0 dB: 1/256 sensing elements outside [0,1] (min=0.0714, max=1.0395) -> clamped
2026-09-28 20:47:04 | src.evaluation.evaluator       | WARNING | SNR=17.0 dB: 2/512 sensing elements outside [0,1] (min=0.0525, max=1.0222) -> clamped
2026-09-28 20:47:07 | src.evaluation.evaluator       | WARNING | SNR=19.0 dB: 2/512 sensing elements outside [0,1] (min=-0.0627, max=0.9460) -> clamped
2026-09-28 20:47:09 | src.evaluation.evaluator       | WARNING | SNR=21.0 dB: 4/1024 sensing elements outside [0,1] (min=-0.0150, max=1.0723) -> clamped
2026-09-28 20:47:09 | src.evaluation.evaluator       | INFO   | Evaluation completed for 14 SNR points
2026-09-28 20:47:09 | src.experiments.run_jamming    | INFO   | jamming partial_band r=1 JSR=-8.0 dB | BER=0.04240
2026-09-28 20:47:09 | src.evaluation.evaluator       | INFO   | Starting evaluation over 14 SNR points
2026-09-28 20:47:17 | src.evaluation.evaluator       | WARNING | SNR=9.0 dB: 1/256 sensing elements outside [0,1] (min=-0.0008, max=0.9186) -> clamped
2026-09-28 20:47:19 | src.evaluation.evaluator       | WARNING | SNR=13.0 dB: 1/256 sensing elements outside [0,1] (min=0.0983, max=1.0408) -> clamped
2026-09-28 20:47:23 | src.evaluation.evaluator       | INFO   | Evaluation completed for 14 SNR points
2026-09-28 20:47:23 | src.experiments.run_jamming    | INFO   | jamming partial_band r=1 JSR=-6.0 dB | BER=0.09639
2026-09-28 20:47:23 | src.evaluation.evaluator       | INFO   | Starting evaluation over 14 SNR points
2026-09-28 20:47:24 | src.evaluation.evaluator       | WARNING | SNR=-3.0 dB: 1/256 sensing elements outside [0,1] (min=0.2295, max=1.0051) -> clamped
2026-09-28 20:47:30 | src.evaluation.evaluator       | INFO   | Evaluation completed for 14 SNR points
2026-09-28 20:47:30 | src.experiments.run_jamming    | INFO   | jamming partial_band r=1 JSR=-4.0 dB | BER=0.19961
2026-09-28 20:47:30 | src.evaluation.evaluator       | INFO   | Starting evaluation over 14 SNR points
2026-09-28 20:47:31 | src.evaluation.evaluator       | WARNING | SNR=-3.0 dB: 1/256 sensing elements outside [0,1] (min=0.2285, max=1.0206) -> clamped
2026-09-28 20:47:34 | src.evaluation.evaluator       | INFO   | Evaluation completed for 14 SNR points
2026-09-28 20:47:34 | src.experiments.run_jamming    | INFO   | jamming partial_band r=1 JSR=-2.0 dB | BER=0.33798
2026-09-28 20:47:34 | src.evaluation.evaluator       | INFO   | Starting evaluation over 14 SNR points
2026-09-28 20:47:35 | src.evaluation.evaluator       | WARNING | SNR=-3.0 dB: 1/256 sensing elements outside [0,1] (min=0.2378, max=1.0265) -> clamped
2026-09-28 20:47:37 | src.evaluation.evaluator       | INFO   | Evaluation completed for 14 SNR points
2026-09-28 20:47:37 | src.experiments.run_jamming    | INFO   | jamming partial_band r=1 JSR=0.0 dB | BER=0.44485
2026-09-28 20:47:37 | src.evaluation.evaluator       | INFO   | Starting evaluation over 14 SNR points
2026-09-28 20:47:37 | src.evaluation.evaluator       | WARNING | SNR=-5.0 dB: 1/256 sensing elements outside [0,1] (min=0.1930, max=1.0023) -> clamped
2026-09-28 20:47:38 | src.evaluation.evaluator       | WARNING | SNR=-3.0 dB: 1/256 sensing elements outside [0,1] (min=0.2346, max=1.0631) -> clamped
2026-09-28 20:47:39 | src.evaluation.evaluator       | WARNING | SNR=9.0 dB: 1/256 sensing elements outside [0,1] (min=0.1765, max=1.0367) -> clamped
2026-09-28 20:47:41 | src.evaluation.evaluator       | INFO   | Evaluation completed for 14 SNR points
2026-09-28 20:47:41 | src.experiments.run_jamming    | INFO   | jamming partial_band r=1 JSR=2.0 dB | BER=0.47991
2026-09-28 20:47:41 | src.evaluation.evaluator       | INFO   | Starting evaluation over 14 SNR points
2026-09-28 20:47:41 | src.evaluation.evaluator       | WARNING | SNR=-5.0 dB: 1/256 sensing elements outside [0,1] (min=0.1720, max=1.0584) -> clamped
2026-09-28 20:47:41 | src.evaluation.evaluator       | WARNING | SNR=-3.0 dB: 1/256 sensing elements outside [0,1] (min=0.1931, max=1.0389) -> clamped
2026-09-28 20:47:43 | src.evaluation.evaluator       | WARNING | SNR=9.0 dB: 1/256 sensing elements outside [0,1] (min=0.2179, max=1.1209) -> clamped
2026-09-28 20:47:44 | src.evaluation.evaluator       | INFO   | Evaluation completed for 14 SNR points
2026-09-28 20:47:44 | src.experiments.run_jamming    | INFO   | jamming partial_band r=1 JSR=4.0 dB | BER=0.48856
2026-09-28 20:47:44 | src.evaluation.evaluator       | INFO   | Starting evaluation over 14 SNR points
2026-09-28 20:47:44 | src.evaluation.evaluator       | WARNING | SNR=-5.0 dB: 2/512 sensing elements outside [0,1] (min=0.1182, max=1.1263) -> clamped
2026-09-28 20:47:45 | src.evaluation.evaluator       | WARNING | SNR=3.0 dB: 1/256 sensing elements outside [0,1] (min=0.1863, max=1.0008) -> clamped
2026-09-28 20:47:45 | src.evaluation.evaluator       | WARNING | SNR=5.0 dB: 2/256 sensing elements outside [0,1] (min=0.2331, max=1.0412) -> clamped
2026-09-28 20:47:45 | src.evaluation.evaluator       | WARNING | SNR=7.0 dB: 1/256 sensing elements outside [0,1] (min=-0.0223, max=0.8440) -> clamped
2026-09-28 20:47:46 | src.evaluation.evaluator       | WARNING | SNR=9.0 dB: 1/256 sensing elements outside [0,1] (min=0.0447, max=1.2477) -> clamped
2026-09-28 20:47:46 | src.evaluation.evaluator       | WARNING | SNR=13.0 dB: 1/256 sensing elements outside [0,1] (min=0.2386, max=1.0377) -> clamped
2026-09-28 20:47:46 | src.evaluation.evaluator       | WARNING | SNR=15.0 dB: 2/256 sensing elements outside [0,1] (min=0.2781, max=1.0194) -> clamped
2026-09-28 20:47:47 | src.evaluation.evaluator       | WARNING | SNR=19.0 dB: 1/256 sensing elements outside [0,1] (min=0.1694, max=1.1151) -> clamped
2026-09-28 20:47:47 | src.evaluation.evaluator       | INFO   | Evaluation completed for 14 SNR points
2026-09-28 20:47:47 | src.experiments.run_jamming    | INFO   | jamming partial_band r=1 JSR=6.0 dB | BER=0.48996
2026-09-28 20:47:47 | src.evaluation.evaluator       | INFO   | Starting evaluation over 14 SNR points
2026-09-28 20:47:47 | src.evaluation.evaluator       | WARNING | SNR=-5.0 dB: 5/512 sensing elements outside [0,1] (min=0.0567, max=1.1819) -> clamped
2026-09-28 20:47:47 | src.evaluation.evaluator       | WARNING | SNR=-3.0 dB: 1/256 sensing elements outside [0,1] (min=0.1040, max=1.0226) -> clamped
2026-09-28 20:47:47 | src.evaluation.evaluator       | WARNING | SNR=-1.0 dB: 8/512 sensing elements outside [0,1] (min=0.0084, max=1.0510) -> clamped
2026-09-28 20:47:48 | src.evaluation.evaluator       | WARNING | SNR=1.0 dB: 2/256 sensing elements outside [0,1] (min=0.0631, max=1.0350) -> clamped
2026-09-28 20:47:48 | src.evaluation.evaluator       | WARNING | SNR=3.0 dB: 3/512 sensing elements outside [0,1] (min=-0.0436, max=1.1207) -> clamped
2026-09-28 20:47:48 | src.evaluation.evaluator       | WARNING | SNR=5.0 dB: 3/256 sensing elements outside [0,1] (min=0.1441, max=1.1846) -> clamped
2026-09-28 20:47:48 | src.evaluation.evaluator       | WARNING | SNR=7.0 dB: 3/512 sensing elements outside [0,1] (min=-0.2481, max=1.0238) -> clamped
2026-09-28 20:47:48 | src.evaluation.evaluator       | WARNING | SNR=9.0 dB: 2/256 sensing elements outside [0,1] (min=-0.2080, max=1.3741) -> clamped
2026-09-28 20:47:49 | src.evaluation.evaluator       | WARNING | SNR=11.0 dB: 1/256 sensing elements outside [0,1] (min=0.1133, max=1.0068) -> clamped
2026-09-28 20:47:49 | src.evaluation.evaluator       | WARNING | SNR=13.0 dB: 2/256 sensing elements outside [0,1] (min=0.1153, max=1.0729) -> clamped
2026-09-28 20:47:49 | src.evaluation.evaluator       | WARNING | SNR=15.0 dB: 3/512 sensing elements outside [0,1] (min=-0.0542, max=1.1446) -> clamped
2026-09-28 20:47:49 | src.evaluation.evaluator       | WARNING | SNR=17.0 dB: 3/512 sensing elements outside [0,1] (min=-0.0239, max=1.0089) -> clamped
2026-09-28 20:47:49 | src.evaluation.evaluator       | WARNING | SNR=19.0 dB: 7/512 sensing elements outside [0,1] (min=-0.0088, max=1.2855) -> clamped
2026-09-28 20:47:49 | src.evaluation.evaluator       | WARNING | SNR=21.0 dB: 2/256 sensing elements outside [0,1] (min=-0.0255, max=1.1299) -> clamped
2026-09-28 20:47:49 | src.evaluation.evaluator       | INFO   | Evaluation completed for 14 SNR points
2026-09-28 20:47:49 | src.experiments.run_jamming    | INFO   | jamming partial_band r=1 JSR=8.0 dB | BER=0.49191
2026-09-28 20:47:50 | src.evaluation.evaluator       | INFO   | Starting evaluation over 14 SNR points
2026-09-28 20:47:50 | src.evaluation.evaluator       | WARNING | SNR=-5.0 dB: 20/512 sensing elements outside [0,1] (min=-0.2569, max=1.3130) -> clamped
2026-09-28 20:47:50 | src.evaluation.evaluator       | WARNING | SNR=-3.0 dB: 17/512 sensing elements outside [0,1] (min=-0.3075, max=1.1882) -> clamped
2026-09-28 20:47:50 | src.evaluation.evaluator       | WARNING | SNR=-1.0 dB: 12/512 sensing elements outside [0,1] (min=-0.1773, max=1.2841) -> clamped
2026-09-28 20:47:50 | src.evaluation.evaluator       | WARNING | SNR=1.0 dB: 14/512 sensing elements outside [0,1] (min=-0.1542, max=1.1464) -> clamped
2026-09-28 20:47:51 | src.evaluation.evaluator       | WARNING | SNR=3.0 dB: 13/512 sensing elements outside [0,1] (min=-0.1755, max=1.4211) -> clamped
2026-09-28 20:47:51 | src.evaluation.evaluator       | WARNING | SNR=5.0 dB: 13/512 sensing elements outside [0,1] (min=-0.0500, max=1.3237) -> clamped
2026-09-28 20:47:51 | src.evaluation.evaluator       | WARNING | SNR=7.0 dB: 13/512 sensing elements outside [0,1] (min=-0.4561, max=1.2073) -> clamped
2026-09-28 20:47:51 | src.evaluation.evaluator       | WARNING | SNR=9.0 dB: 15/512 sensing elements outside [0,1] (min=-0.4574, max=1.4805) -> clamped
2026-09-28 20:47:51 | src.evaluation.evaluator       | WARNING | SNR=11.0 dB: 6/512 sensing elements outside [0,1] (min=-0.0475, max=1.0295) -> clamped
2026-09-28 20:47:51 | src.evaluation.evaluator       | WARNING | SNR=13.0 dB: 13/512 sensing elements outside [0,1] (min=-0.1592, max=1.1919) -> clamped
2026-09-28 20:47:52 | src.evaluation.evaluator       | WARNING | SNR=15.0 dB: 15/512 sensing elements outside [0,1] (min=-0.2051, max=1.2417) -> clamped
2026-09-28 20:47:52 | src.evaluation.evaluator       | WARNING | SNR=17.0 dB: 11/512 sensing elements outside [0,1] (min=-0.2294, max=1.1320) -> clamped
2026-09-28 20:47:52 | src.evaluation.evaluator       | WARNING | SNR=19.0 dB: 20/512 sensing elements outside [0,1] (min=-0.2911, max=1.5313) -> clamped
2026-09-28 20:47:52 | src.evaluation.evaluator       | WARNING | SNR=21.0 dB: 10/512 sensing elements outside [0,1] (min=-0.1477, max=1.1845) -> clamped
2026-09-28 20:47:52 | src.evaluation.evaluator       | INFO   | Evaluation completed for 14 SNR points
2026-09-28 20:47:52 | src.experiments.run_jamming    | INFO   | jamming partial_band r=1 JSR=10.0 dB | BER=0.49526
2026-09-28 20:47:53 | src.evaluation.evaluator       | INFO   | Starting evaluation over 14 SNR points
2026-09-28 20:47:59 | src.evaluation.evaluator       | WARNING | SNR=1.0 dB: 2/512 sensing elements outside [0,1] (min=-0.0038, max=1.0292) -> clamped
2026-09-28 20:48:01 | src.evaluation.evaluator       | WARNING | SNR=3.0 dB: 2/512 sensing elements outside [0,1] (min=-0.0025, max=1.0505) -> clamped
2026-09-28 20:48:03 | src.evaluation.evaluator       | WARNING | SNR=5.0 dB: 3/768 sensing elements outside [0,1] (min=-0.0328, max=1.0658) -> clamped
2026-09-28 20:48:06 | src.evaluation.evaluator       | WARNING | SNR=7.0 dB: 2/512 sensing elements outside [0,1] (min=-0.0115, max=1.0426) -> clamped
2026-09-28 20:48:11 | src.evaluation.evaluator       | WARNING | SNR=11.0 dB: 2/512 sensing elements outside [0,1] (min=-0.0040, max=1.0157) -> clamped
2026-09-28 20:48:14 | src.evaluation.evaluator       | WARNING | SNR=13.0 dB: 6/1536 sensing elements outside [0,1] (min=-0.0051, max=1.0378) -> clamped
2026-09-28 20:48:16 | src.evaluation.evaluator       | WARNING | SNR=15.0 dB: 3/768 sensing elements outside [0,1] (min=-0.0131, max=1.0198) -> clamped
2026-09-28 20:48:18 | src.evaluation.evaluator       | WARNING | SNR=17.0 dB: 7/1536 sensing elements outside [0,1] (min=-0.0222, max=1.0441) -> clamped
2026-09-28 20:48:20 | src.evaluation.evaluator       | WARNING | SNR=19.0 dB: 4/1024 sensing elements outside [0,1] (min=-0.0628, max=1.0311) -> clamped
2026-09-28 20:48:23 | src.evaluation.evaluator       | WARNING | SNR=21.0 dB: 7/1536 sensing elements outside [0,1] (min=-0.0164, max=1.0520) -> clamped
2026-09-28 20:48:23 | src.evaluation.evaluator       | INFO   | Evaluation completed for 14 SNR points
2026-09-28 20:48:23 | src.experiments.run_jamming    | INFO   | jamming partial_band r=2 JSR=-10.0 dB | BER=0.03650
2026-09-28 20:48:24 | src.evaluation.evaluator       | INFO   | Starting evaluation over 14 SNR points
2026-09-28 20:48:30 | src.evaluation.evaluator       | WARNING | SNR=7.0 dB: 1/256 sensing elements outside [0,1] (min=0.1209, max=1.0222) -> clamped
2026-09-28 20:48:34 | src.evaluation.evaluator       | WARNING | SNR=13.0 dB: 1/256 sensing elements outside [0,1] (min=0.0235, max=1.0179) -> clamped
2026-09-28 20:48:35 | src.evaluation.evaluator       | WARNING | SNR=15.0 dB: 2/512 sensing elements outside [0,1] (min=-0.0037, max=1.0094) -> clamped
2026-09-28 20:48:37 | src.evaluation.evaluator       | WARNING | SNR=17.0 dB: 3/768 sensing elements outside [0,1] (min=-0.0110, max=1.0386) -> clamped
2026-09-28 20:48:39 | src.evaluation.evaluator       | WARNING | SNR=19.0 dB: 1/256 sensing elements outside [0,1] (min=0.1330, max=1.0153) -> clamped
2026-09-28 20:48:40 | src.evaluation.evaluator       | WARNING | SNR=21.0 dB: 1/256 sensing elements outside [0,1] (min=0.0003, max=1.0391) -> clamped
2026-09-28 20:48:40 | src.evaluation.evaluator       | INFO   | Evaluation completed for 14 SNR points
2026-09-28 20:48:40 | src.experiments.run_jamming    | INFO   | jamming partial_band r=2 JSR=-8.0 dB | BER=0.08109
2026-09-28 20:48:40 | src.evaluation.evaluator       | INFO   | Starting evaluation over 14 SNR points
2026-09-28 20:48:46 | src.evaluation.evaluator       | WARNING | SNR=17.0 dB: 1/256 sensing elements outside [0,1] (min=-0.0075, max=0.9158) -> clamped
2026-09-28 20:48:47 | src.evaluation.evaluator       | INFO   | Evaluation completed for 14 SNR points
2026-09-28 20:48:47 | src.experiments.run_jamming    | INFO   | jamming partial_band r=2 JSR=-6.0 dB | BER=0.17810
2026-09-28 20:48:47 | src.evaluation.evaluator       | INFO   | Starting evaluation over 14 SNR points
2026-09-28 20:48:51 | src.evaluation.evaluator       | WARNING | SNR=17.0 dB: 1/256 sensing elements outside [0,1] (min=-0.0013, max=0.9128) -> clamped
2026-09-28 20:48:52 | src.evaluation.evaluator       | INFO   | Evaluation completed for 14 SNR points
2026-09-28 20:48:52 | src.experiments.run_jamming    | INFO   | jamming partial_band r=2 JSR=-4.0 dB | BER=0.31641
2026-09-28 20:48:52 | src.evaluation.evaluator       | INFO   | Starting evaluation over 14 SNR points
2026-09-28 20:48:55 | src.evaluation.evaluator       | INFO   | Evaluation completed for 14 SNR points
2026-09-28 20:48:55 | src.experiments.run_jamming    | INFO   | jamming partial_band r=2 JSR=-2.0 dB | BER=0.42941
2026-09-28 20:48:55 | src.evaluation.evaluator       | INFO   | Starting evaluation over 14 SNR points
2026-09-28 20:48:58 | src.evaluation.evaluator       | INFO   | Evaluation completed for 14 SNR points
2026-09-28 20:48:58 | src.experiments.run_jamming    | INFO   | jamming partial_band r=2 JSR=0.0 dB | BER=0.47377
2026-09-28 20:48:58 | src.evaluation.evaluator       | INFO   | Starting evaluation over 14 SNR points
2026-09-28 20:49:01 | src.evaluation.evaluator       | INFO   | Evaluation completed for 14 SNR points
2026-09-28 20:49:01 | src.experiments.run_jamming    | INFO   | jamming partial_band r=2 JSR=2.0 dB | BER=0.48800
2026-09-28 20:49:01 | src.evaluation.evaluator       | INFO   | Starting evaluation over 14 SNR points
2026-09-28 20:49:01 | src.evaluation.evaluator       | WARNING | SNR=-5.0 dB: 1/256 sensing elements outside [0,1] (min=-0.0165, max=0.8388) -> clamped
2026-09-28 20:49:02 | src.evaluation.evaluator       | WARNING | SNR=3.0 dB: 1/256 sensing elements outside [0,1] (min=-0.0087, max=0.9202) -> clamped
2026-09-28 20:49:04 | src.evaluation.evaluator       | INFO   | Evaluation completed for 14 SNR points
2026-09-28 20:49:04 | src.experiments.run_jamming    | INFO   | jamming partial_band r=2 JSR=4.0 dB | BER=0.48912
2026-09-28 20:49:04 | src.evaluation.evaluator       | INFO   | Starting evaluation over 14 SNR points
2026-09-28 20:49:04 | src.evaluation.evaluator       | WARNING | SNR=-5.0 dB: 1/256 sensing elements outside [0,1] (min=-0.0075, max=0.8923) -> clamped
2026-09-28 20:49:04 | src.evaluation.evaluator       | WARNING | SNR=-1.0 dB: 1/256 sensing elements outside [0,1] (min=0.1730, max=1.0384) -> clamped
2026-09-28 20:49:05 | src.evaluation.evaluator       | WARNING | SNR=3.0 dB: 1/256 sensing elements outside [0,1] (min=-0.0485, max=0.9517) -> clamped
2026-09-28 20:49:06 | src.evaluation.evaluator       | WARNING | SNR=11.0 dB: 1/256 sensing elements outside [0,1] (min=0.1063, max=1.0093) -> clamped
2026-09-28 20:49:07 | src.evaluation.evaluator       | INFO   | Evaluation completed for 14 SNR points
2026-09-28 20:49:07 | src.experiments.run_jamming    | INFO   | jamming partial_band r=2 JSR=6.0 dB | BER=0.48968
2026-09-28 20:49:08 | src.evaluation.evaluator       | INFO   | Starting evaluation over 14 SNR points
2026-09-28 20:49:08 | src.evaluation.evaluator       | WARNING | SNR=-5.0 dB: 2/256 sensing elements outside [0,1] (min=0.0151, max=1.0689) -> clamped
2026-09-28 20:49:08 | src.evaluation.evaluator       | WARNING | SNR=-3.0 dB: 5/512 sensing elements outside [0,1] (min=0.0545, max=1.0725) -> clamped
2026-09-28 20:49:08 | src.evaluation.evaluator       | WARNING | SNR=-1.0 dB: 3/512 sensing elements outside [0,1] (min=0.0915, max=1.1526) -> clamped
2026-09-28 20:49:09 | src.evaluation.evaluator       | WARNING | SNR=1.0 dB: 2/512 sensing elements outside [0,1] (min=0.1087, max=1.1585) -> clamped
2026-09-28 20:49:09 | src.evaluation.evaluator       | WARNING | SNR=3.0 dB: 2/256 sensing elements outside [0,1] (min=-0.0447, max=1.0147) -> clamped
2026-09-28 20:49:09 | src.evaluation.evaluator       | WARNING | SNR=5.0 dB: 1/256 sensing elements outside [0,1] (min=0.1318, max=1.0251) -> clamped
2026-09-28 20:49:09 | src.evaluation.evaluator       | WARNING | SNR=7.0 dB: 1/256 sensing elements outside [0,1] (min=-0.0003, max=0.9430) -> clamped
2026-09-28 20:49:09 | src.evaluation.evaluator       | WARNING | SNR=9.0 dB: 1/256 sensing elements outside [0,1] (min=0.1345, max=1.0440) -> clamped
2026-09-28 20:49:10 | src.evaluation.evaluator       | WARNING | SNR=11.0 dB: 5/512 sensing elements outside [0,1] (min=-0.0515, max=1.0653) -> clamped
2026-09-28 20:49:10 | src.evaluation.evaluator       | WARNING | SNR=13.0 dB: 2/256 sensing elements outside [0,1] (min=-0.0790, max=1.0100) -> clamped
2026-09-28 20:49:10 | src.evaluation.evaluator       | WARNING | SNR=17.0 dB: 1/256 sensing elements outside [0,1] (min=0.1719, max=1.0005) -> clamped
2026-09-28 20:49:11 | src.evaluation.evaluator       | INFO   | Evaluation completed for 14 SNR points
2026-09-28 20:49:11 | src.experiments.run_jamming    | INFO   | jamming partial_band r=2 JSR=8.0 dB | BER=0.48968
2026-09-28 20:49:11 | src.evaluation.evaluator       | INFO   | Starting evaluation over 14 SNR points
2026-09-28 20:49:11 | src.evaluation.evaluator       | WARNING | SNR=-5.0 dB: 30/512 sensing elements outside [0,1] (min=-0.0170, max=1.2955) -> clamped
2026-09-28 20:49:11 | src.evaluation.evaluator       | WARNING | SNR=-3.0 dB: 37/512 sensing elements outside [0,1] (min=-0.0515, max=1.1990) -> clamped
2026-09-28 20:49:11 | src.evaluation.evaluator       | WARNING | SNR=-1.0 dB: 27/512 sensing elements outside [0,1] (min=0.0193, max=1.2700) -> clamped
2026-09-28 20:49:11 | src.evaluation.evaluator       | WARNING | SNR=1.0 dB: 28/512 sensing elements outside [0,1] (min=-0.0323, max=1.4514) -> clamped
2026-09-28 20:49:12 | src.evaluation.evaluator       | WARNING | SNR=3.0 dB: 15/512 sensing elements outside [0,1] (min=-0.0271, max=1.1147) -> clamped
2026-09-28 20:49:12 | src.evaluation.evaluator       | WARNING | SNR=5.0 dB: 20/512 sensing elements outside [0,1] (min=-0.0411, max=1.2362) -> clamped
2026-09-28 20:49:12 | src.evaluation.evaluator       | WARNING | SNR=7.0 dB: 16/512 sensing elements outside [0,1] (min=-0.0877, max=1.1447) -> clamped
2026-09-28 20:49:12 | src.evaluation.evaluator       | WARNING | SNR=9.0 dB: 14/512 sensing elements outside [0,1] (min=0.0061, max=1.3956) -> clamped
2026-09-28 20:49:12 | src.evaluation.evaluator       | WARNING | SNR=11.0 dB: 16/512 sensing elements outside [0,1] (min=-0.2245, max=1.2537) -> clamped
2026-09-28 20:49:13 | src.evaluation.evaluator       | WARNING | SNR=13.0 dB: 20/512 sensing elements outside [0,1] (min=-0.1835, max=1.1778) -> clamped
2026-09-28 20:49:13 | src.evaluation.evaluator       | WARNING | SNR=15.0 dB: 14/512 sensing elements outside [0,1] (min=0.0413, max=1.1417) -> clamped
2026-09-28 20:49:13 | src.evaluation.evaluator       | WARNING | SNR=17.0 dB: 14/512 sensing elements outside [0,1] (min=0.1054, max=1.1675) -> clamped
2026-09-28 20:49:13 | src.evaluation.evaluator       | WARNING | SNR=19.0 dB: 13/512 sensing elements outside [0,1] (min=-0.0101, max=1.1202) -> clamped
2026-09-28 20:49:13 | src.evaluation.evaluator       | WARNING | SNR=21.0 dB: 10/512 sensing elements outside [0,1] (min=0.0945, max=1.1141) -> clamped
2026-09-28 20:49:13 | src.evaluation.evaluator       | INFO   | Evaluation completed for 14 SNR points
2026-09-28 20:49:13 | src.experiments.run_jamming    | INFO   | jamming partial_band r=2 JSR=10.0 dB | BER=0.48996
2026-09-28 20:49:14 | src.evaluation.evaluator       | INFO   | Starting evaluation over 14 SNR points
2026-09-28 20:49:24 | src.evaluation.evaluator       | WARNING | SNR=3.0 dB: 2/512 sensing elements outside [0,1] (min=-0.0078, max=1.0662) -> clamped
2026-09-28 20:49:26 | src.evaluation.evaluator       | WARNING | SNR=5.0 dB: 3/768 sensing elements outside [0,1] (min=-0.0670, max=1.0864) -> clamped
2026-09-28 20:49:28 | src.evaluation.evaluator       | WARNING | SNR=7.0 dB: 1/256 sensing elements outside [0,1] (min=0.0924, max=1.0377) -> clamped
2026-09-28 20:49:30 | src.evaluation.evaluator       | WARNING | SNR=9.0 dB: 1/256 sensing elements outside [0,1] (min=-0.0125, max=0.9443) -> clamped
2026-09-28 20:49:32 | src.evaluation.evaluator       | WARNING | SNR=11.0 dB: 4/1024 sensing elements outside [0,1] (min=-0.0064, max=1.0368) -> clamped
2026-09-28 20:49:36 | src.evaluation.evaluator       | WARNING | SNR=13.0 dB: 7/1536 sensing elements outside [0,1] (min=-0.0112, max=1.0332) -> clamped
2026-09-28 20:49:38 | src.evaluation.evaluator       | WARNING | SNR=15.0 dB: 4/1024 sensing elements outside [0,1] (min=-0.0133, max=1.0652) -> clamped
2026-09-28 20:49:40 | src.evaluation.evaluator       | WARNING | SNR=17.0 dB: 3/768 sensing elements outside [0,1] (min=0.0316, max=1.0607) -> clamped
2026-09-28 20:49:43 | src.evaluation.evaluator       | WARNING | SNR=19.0 dB: 5/1280 sensing elements outside [0,1] (min=-0.0345, max=1.0102) -> clamped
2026-09-28 20:49:45 | src.evaluation.evaluator       | WARNING | SNR=21.0 dB: 5/1280 sensing elements outside [0,1] (min=-0.0157, max=1.0667) -> clamped
2026-09-28 20:49:45 | src.evaluation.evaluator       | INFO   | Evaluation completed for 14 SNR points
2026-09-28 20:49:45 | src.experiments.run_jamming    | INFO   | jamming partial_band r=3 JSR=-10.0 dB | BER=0.02475
2026-09-28 20:49:45 | src.evaluation.evaluator       | INFO   | Starting evaluation over 14 SNR points
2026-09-28 20:49:52 | src.evaluation.evaluator       | WARNING | SNR=3.0 dB: 1/256 sensing elements outside [0,1] (min=0.0479, max=1.0691) -> clamped
2026-09-28 20:49:54 | src.evaluation.evaluator       | WARNING | SNR=5.0 dB: 3/768 sensing elements outside [0,1] (min=-0.0604, max=1.0778) -> clamped
2026-09-28 20:49:56 | src.evaluation.evaluator       | WARNING | SNR=7.0 dB: 1/256 sensing elements outside [0,1] (min=0.1131, max=1.0162) -> clamped
2026-09-28 20:50:01 | src.evaluation.evaluator       | WARNING | SNR=11.0 dB: 2/512 sensing elements outside [0,1] (min=0.0313, max=1.0254) -> clamped
2026-09-28 20:50:03 | src.evaluation.evaluator       | WARNING | SNR=13.0 dB: 1/256 sensing elements outside [0,1] (min=-0.0080, max=0.9101) -> clamped
2026-09-28 20:50:06 | src.evaluation.evaluator       | WARNING | SNR=15.0 dB: 3/768 sensing elements outside [0,1] (min=0.0527, max=1.0545) -> clamped
2026-09-28 20:50:09 | src.evaluation.evaluator       | WARNING | SNR=17.0 dB: 2/512 sensing elements outside [0,1] (min=0.0558, max=1.0562) -> clamped
2026-09-28 20:50:11 | src.evaluation.evaluator       | WARNING | SNR=19.0 dB: 4/768 sensing elements outside [0,1] (min=-0.0118, max=1.0046) -> clamped
2026-09-28 20:50:13 | src.evaluation.evaluator       | WARNING | SNR=21.0 dB: 4/1024 sensing elements outside [0,1] (min=-0.0122, max=1.0556) -> clamped
2026-09-28 20:50:13 | src.evaluation.evaluator       | INFO   | Evaluation completed for 14 SNR points
2026-09-28 20:50:13 | src.experiments.run_jamming    | INFO   | jamming partial_band r=3 JSR=-8.0 dB | BER=0.04812
2026-09-28 20:50:13 | src.evaluation.evaluator       | INFO   | Starting evaluation over 14 SNR points
2026-09-28 20:50:26 | src.evaluation.evaluator       | INFO   | Evaluation completed for 14 SNR points
2026-09-28 20:50:26 | src.experiments.run_jamming    | INFO   | jamming partial_band r=3 JSR=-6.0 dB | BER=0.10592
2026-09-28 20:50:26 | src.evaluation.evaluator       | INFO   | Starting evaluation over 14 SNR points
2026-09-28 20:50:32 | src.evaluation.evaluator       | INFO   | Evaluation completed for 14 SNR points
2026-09-28 20:50:32 | src.experiments.run_jamming    | INFO   | jamming partial_band r=3 JSR=-4.0 dB | BER=0.21670
2026-09-28 20:50:32 | src.evaluation.evaluator       | INFO   | Starting evaluation over 14 SNR points
2026-09-28 20:50:36 | src.evaluation.evaluator       | INFO   | Evaluation completed for 14 SNR points
2026-09-28 20:50:36 | src.experiments.run_jamming    | INFO   | jamming partial_band r=3 JSR=-2.0 dB | BER=0.36858
2026-09-28 20:50:36 | src.evaluation.evaluator       | INFO   | Starting evaluation over 14 SNR points
2026-09-28 20:50:39 | src.evaluation.evaluator       | INFO   | Evaluation completed for 14 SNR points
2026-09-28 20:50:39 | src.experiments.run_jamming    | INFO   | jamming partial_band r=3 JSR=0.0 dB | BER=0.45573
2026-09-28 20:50:39 | src.evaluation.evaluator       | INFO   | Starting evaluation over 14 SNR points
2026-09-28 20:50:42 | src.evaluation.evaluator       | INFO   | Evaluation completed for 14 SNR points
2026-09-28 20:50:42 | src.experiments.run_jamming    | INFO   | jamming partial_band r=3 JSR=2.0 dB | BER=0.48242
2026-09-28 20:50:42 | src.evaluation.evaluator       | INFO   | Starting evaluation over 14 SNR points
2026-09-28 20:50:45 | src.evaluation.evaluator       | INFO   | Evaluation completed for 14 SNR points
2026-09-28 20:50:45 | src.experiments.run_jamming    | INFO   | jamming partial_band r=3 JSR=4.0 dB | BER=0.48828
2026-09-28 20:50:45 | src.evaluation.evaluator       | INFO   | Starting evaluation over 14 SNR points
2026-09-28 20:50:49 | src.evaluation.evaluator       | INFO   | Evaluation completed for 14 SNR points
2026-09-28 20:50:49 | src.experiments.run_jamming    | INFO   | jamming partial_band r=3 JSR=6.0 dB | BER=0.48968
2026-09-28 20:50:49 | src.evaluation.evaluator       | INFO   | Starting evaluation over 14 SNR points
2026-09-28 20:50:49 | src.evaluation.evaluator       | WARNING | SNR=-5.0 dB: 4/512 sensing elements outside [0,1] (min=0.0675, max=1.0448) -> clamped
2026-09-28 20:50:50 | src.evaluation.evaluator       | WARNING | SNR=-3.0 dB: 2/256 sensing elements outside [0,1] (min=0.0254, max=1.0679) -> clamped
2026-09-28 20:50:50 | src.evaluation.evaluator       | WARNING | SNR=-1.0 dB: 4/512 sensing elements outside [0,1] (min=0.0369, max=1.1017) -> clamped
2026-09-28 20:50:50 | src.evaluation.evaluator       | WARNING | SNR=1.0 dB: 3/512 sensing elements outside [0,1] (min=-0.0945, max=1.0707) -> clamped
2026-09-28 20:50:50 | src.evaluation.evaluator       | WARNING | SNR=3.0 dB: 1/256 sensing elements outside [0,1] (min=0.1228, max=1.0630) -> clamped
2026-09-28 20:50:50 | src.evaluation.evaluator       | WARNING | SNR=5.0 dB: 1/256 sensing elements outside [0,1] (min=0.1641, max=1.0452) -> clamped
2026-09-28 20:50:50 | src.evaluation.evaluator       | WARNING | SNR=7.0 dB: 1/256 sensing elements outside [0,1] (min=0.1670, max=1.0126) -> clamped
2026-09-28 20:50:51 | src.evaluation.evaluator       | WARNING | SNR=9.0 dB: 1/256 sensing elements outside [0,1] (min=0.2280, max=1.1144) -> clamped
2026-09-28 20:50:51 | src.evaluation.evaluator       | WARNING | SNR=11.0 dB: 1/256 sensing elements outside [0,1] (min=0.1992, max=1.0135) -> clamped
2026-09-28 20:50:51 | src.evaluation.evaluator       | WARNING | SNR=13.0 dB: 1/256 sensing elements outside [0,1] (min=0.1844, max=1.1053) -> clamped
2026-09-28 20:50:51 | src.evaluation.evaluator       | WARNING | SNR=15.0 dB: 2/256 sensing elements outside [0,1] (min=0.0481, max=1.0601) -> clamped
2026-09-28 20:50:51 | src.evaluation.evaluator       | WARNING | SNR=17.0 dB: 1/256 sensing elements outside [0,1] (min=0.2165, max=1.0446) -> clamped
2026-09-28 20:50:52 | src.evaluation.evaluator       | WARNING | SNR=19.0 dB: 3/512 sensing elements outside [0,1] (min=0.0487, max=1.0471) -> clamped
2026-09-28 20:50:52 | src.evaluation.evaluator       | WARNING | SNR=21.0 dB: 1/256 sensing elements outside [0,1] (min=0.2221, max=1.0869) -> clamped
2026-09-28 20:50:52 | src.evaluation.evaluator       | INFO   | Evaluation completed for 14 SNR points
2026-09-28 20:50:52 | src.experiments.run_jamming    | INFO   | jamming partial_band r=3 JSR=8.0 dB | BER=0.48968
2026-09-28 20:50:52 | src.evaluation.evaluator       | INFO   | Starting evaluation over 14 SNR points
2026-09-28 20:50:52 | src.evaluation.evaluator       | WARNING | SNR=-5.0 dB: 20/512 sensing elements outside [0,1] (min=-0.0463, max=1.3061) -> clamped
2026-09-28 20:50:52 | src.evaluation.evaluator       | WARNING | SNR=-3.0 dB: 23/512 sensing elements outside [0,1] (min=-0.0223, max=1.2807) -> clamped
2026-09-28 20:50:52 | src.evaluation.evaluator       | WARNING | SNR=-1.0 dB: 27/512 sensing elements outside [0,1] (min=-0.1033, max=1.2994) -> clamped
2026-09-28 20:50:53 | src.evaluation.evaluator       | WARNING | SNR=1.0 dB: 19/512 sensing elements outside [0,1] (min=-0.2560, max=1.2468) -> clamped
2026-09-28 20:50:53 | src.evaluation.evaluator       | WARNING | SNR=3.0 dB: 19/512 sensing elements outside [0,1] (min=0.0205, max=1.3075) -> clamped
2026-09-28 20:50:53 | src.evaluation.evaluator       | WARNING | SNR=5.0 dB: 20/512 sensing elements outside [0,1] (min=0.0790, max=1.2367) -> clamped
2026-09-28 20:50:53 | src.evaluation.evaluator       | WARNING | SNR=7.0 dB: 24/512 sensing elements outside [0,1] (min=-0.0494, max=1.2149) -> clamped
2026-09-28 20:50:53 | src.evaluation.evaluator       | WARNING | SNR=9.0 dB: 11/512 sensing elements outside [0,1] (min=0.0019, max=1.2841) -> clamped
2026-09-28 20:50:54 | src.evaluation.evaluator       | WARNING | SNR=11.0 dB: 14/512 sensing elements outside [0,1] (min=0.0768, max=1.1868) -> clamped
2026-09-28 20:50:54 | src.evaluation.evaluator       | WARNING | SNR=13.0 dB: 18/512 sensing elements outside [0,1] (min=0.0459, max=1.3972) -> clamped
2026-09-28 20:50:54 | src.evaluation.evaluator       | WARNING | SNR=15.0 dB: 19/512 sensing elements outside [0,1] (min=-0.0229, max=1.2974) -> clamped
2026-09-28 20:50:54 | src.evaluation.evaluator       | WARNING | SNR=17.0 dB: 18/512 sensing elements outside [0,1] (min=0.1204, max=1.2581) -> clamped
2026-09-28 20:50:54 | src.evaluation.evaluator       | WARNING | SNR=19.0 dB: 13/512 sensing elements outside [0,1] (min=-0.0329, max=1.2885) -> clamped
2026-09-28 20:50:55 | src.evaluation.evaluator       | WARNING | SNR=21.0 dB: 19/512 sensing elements outside [0,1] (min=0.0027, max=1.3898) -> clamped
2026-09-28 20:50:55 | src.evaluation.evaluator       | INFO   | Evaluation completed for 14 SNR points
2026-09-28 20:50:55 | src.experiments.run_jamming    | INFO   | jamming partial_band r=3 JSR=10.0 dB | BER=0.48968
2026-09-28 20:50:55 | src.evaluation.evaluator       | INFO   | Starting evaluation over 14 SNR points
2026-09-28 20:51:03 | src.evaluation.evaluator       | WARNING | SNR=1.0 dB: 1/256 sensing elements outside [0,1] (min=0.0961, max=1.0074) -> clamped
2026-09-28 20:51:05 | src.evaluation.evaluator       | WARNING | SNR=3.0 dB: 1/256 sensing elements outside [0,1] (min=0.0873, max=1.0410) -> clamped
2026-09-28 20:51:07 | src.evaluation.evaluator       | WARNING | SNR=5.0 dB: 3/768 sensing elements outside [0,1] (min=-0.0123, max=1.0345) -> clamped
2026-09-28 20:51:09 | src.evaluation.evaluator       | WARNING | SNR=7.0 dB: 3/768 sensing elements outside [0,1] (min=-0.0013, max=1.0867) -> clamped
2026-09-28 20:51:12 | src.evaluation.evaluator       | WARNING | SNR=9.0 dB: 1/256 sensing elements outside [0,1] (min=-0.0086, max=0.9551) -> clamped
2026-09-28 20:51:14 | src.evaluation.evaluator       | WARNING | SNR=11.0 dB: 2/512 sensing elements outside [0,1] (min=0.0622, max=1.0833) -> clamped
2026-09-28 20:51:17 | src.evaluation.evaluator       | WARNING | SNR=13.0 dB: 5/1280 sensing elements outside [0,1] (min=-0.0233, max=1.0599) -> clamped
2026-09-28 20:51:20 | src.evaluation.evaluator       | WARNING | SNR=15.0 dB: 8/1536 sensing elements outside [0,1] (min=-0.0138, max=1.0588) -> clamped
2026-09-28 20:51:22 | src.evaluation.evaluator       | WARNING | SNR=17.0 dB: 10/2304 sensing elements outside [0,1] (min=-0.0127, max=1.0318) -> clamped
2026-09-28 20:51:24 | src.evaluation.evaluator       | WARNING | SNR=19.0 dB: 2/512 sensing elements outside [0,1] (min=-0.0714, max=1.0060) -> clamped
2026-09-28 20:51:27 | src.evaluation.evaluator       | WARNING | SNR=21.0 dB: 7/1792 sensing elements outside [0,1] (min=-0.0065, max=1.0685) -> clamped
2026-09-28 20:51:27 | src.evaluation.evaluator       | INFO   | Evaluation completed for 14 SNR points
2026-09-28 20:51:27 | src.experiments.run_jamming    | INFO   | jamming partial_band r=4 JSR=-10.0 dB | BER=0.01474
2026-09-28 20:51:27 | src.evaluation.evaluator       | INFO   | Starting evaluation over 14 SNR points
2026-09-28 20:51:34 | src.evaluation.evaluator       | WARNING | SNR=1.0 dB: 2/512 sensing elements outside [0,1] (min=-0.0094, max=1.0060) -> clamped
2026-09-28 20:51:37 | src.evaluation.evaluator       | WARNING | SNR=3.0 dB: 1/256 sensing elements outside [0,1] (min=0.1132, max=1.0368) -> clamped
2026-09-28 20:51:39 | src.evaluation.evaluator       | WARNING | SNR=5.0 dB: 2/512 sensing elements outside [0,1] (min=0.1705, max=1.0302) -> clamped
2026-09-28 20:51:41 | src.evaluation.evaluator       | WARNING | SNR=7.0 dB: 2/512 sensing elements outside [0,1] (min=0.0546, max=1.0860) -> clamped
2026-09-28 20:51:47 | src.evaluation.evaluator       | WARNING | SNR=11.0 dB: 1/256 sensing elements outside [0,1] (min=0.0737, max=1.0802) -> clamped
2026-09-28 20:51:49 | src.evaluation.evaluator       | WARNING | SNR=13.0 dB: 4/1024 sensing elements outside [0,1] (min=-0.0218, max=1.0574) -> clamped
2026-09-28 20:51:51 | src.evaluation.evaluator       | WARNING | SNR=15.0 dB: 4/1024 sensing elements outside [0,1] (min=-0.0061, max=1.0526) -> clamped
2026-09-28 20:51:54 | src.evaluation.evaluator       | WARNING | SNR=17.0 dB: 5/1024 sensing elements outside [0,1] (min=-0.0110, max=1.0199) -> clamped
2026-09-28 20:51:56 | src.evaluation.evaluator       | WARNING | SNR=19.0 dB: 2/512 sensing elements outside [0,1] (min=-0.0558, max=1.0027) -> clamped
2026-09-28 20:51:59 | src.evaluation.evaluator       | WARNING | SNR=21.0 dB: 4/1024 sensing elements outside [0,1] (min=0.0234, max=1.0629) -> clamped
2026-09-28 20:51:59 | src.evaluation.evaluator       | INFO   | Evaluation completed for 14 SNR points
2026-09-28 20:51:59 | src.experiments.run_jamming    | INFO   | jamming partial_band r=4 JSR=-8.0 dB | BER=0.01897
2026-09-28 20:51:59 | src.evaluation.evaluator       | INFO   | Starting evaluation over 14 SNR points
2026-09-28 20:52:00 | src.evaluation.evaluator       | WARNING | SNR=-5.0 dB: 1/256 sensing elements outside [0,1] (min=-0.0050, max=0.7522) -> clamped
2026-09-28 20:52:05 | src.evaluation.evaluator       | WARNING | SNR=1.0 dB: 2/512 sensing elements outside [0,1] (min=-0.0142, max=1.0023) -> clamped
2026-09-28 20:52:07 | src.evaluation.evaluator       | WARNING | SNR=3.0 dB: 1/256 sensing elements outside [0,1] (min=0.1083, max=1.0310) -> clamped
2026-09-28 20:52:10 | src.evaluation.evaluator       | WARNING | SNR=5.0 dB: 2/512 sensing elements outside [0,1] (min=0.1919, max=1.0361) -> clamped
2026-09-28 20:52:12 | src.evaluation.evaluator       | WARNING | SNR=7.0 dB: 1/256 sensing elements outside [0,1] (min=0.1281, max=1.0825) -> clamped
2026-09-28 20:52:18 | src.evaluation.evaluator       | WARNING | SNR=11.0 dB: 1/256 sensing elements outside [0,1] (min=0.0813, max=1.0732) -> clamped
2026-09-28 20:52:20 | src.evaluation.evaluator       | WARNING | SNR=13.0 dB: 2/512 sensing elements outside [0,1] (min=-0.0178, max=1.0521) -> clamped
2026-09-28 20:52:22 | src.evaluation.evaluator       | WARNING | SNR=15.0 dB: 3/768 sensing elements outside [0,1] (min=0.0810, max=1.0453) -> clamped
2026-09-28 20:52:24 | src.evaluation.evaluator       | WARNING | SNR=17.0 dB: 4/768 sensing elements outside [0,1] (min=-0.0085, max=1.0070) -> clamped
2026-09-28 20:52:27 | src.evaluation.evaluator       | WARNING | SNR=19.0 dB: 1/256 sensing elements outside [0,1] (min=-0.0336, max=0.9276) -> clamped
2026-09-28 20:52:30 | src.evaluation.evaluator       | WARNING | SNR=21.0 dB: 3/768 sensing elements outside [0,1] (min=0.0794, max=1.0531) -> clamped
2026-09-28 20:52:30 | src.evaluation.evaluator       | INFO   | Evaluation completed for 14 SNR points
2026-09-28 20:52:30 | src.experiments.run_jamming    | INFO   | jamming partial_band r=4 JSR=-6.0 dB | BER=0.02975
2026-09-28 20:52:30 | src.evaluation.evaluator       | INFO   | Starting evaluation over 14 SNR points
2026-09-28 20:52:31 | src.evaluation.evaluator       | WARNING | SNR=-5.0 dB: 1/256 sensing elements outside [0,1] (min=-0.0020, max=0.7503) -> clamped
2026-09-28 20:52:34 | src.evaluation.evaluator       | WARNING | SNR=3.0 dB: 1/256 sensing elements outside [0,1] (min=0.1150, max=1.0230) -> clamped
2026-09-28 20:52:36 | src.evaluation.evaluator       | WARNING | SNR=5.0 dB: 1/256 sensing elements outside [0,1] (min=0.2046, max=1.0399) -> clamped
2026-09-28 20:52:38 | src.evaluation.evaluator       | WARNING | SNR=7.0 dB: 1/256 sensing elements outside [0,1] (min=0.1639, max=1.0731) -> clamped
2026-09-28 20:52:42 | src.evaluation.evaluator       | WARNING | SNR=11.0 dB: 1/256 sensing elements outside [0,1] (min=0.0912, max=1.0504) -> clamped
2026-09-28 20:52:45 | src.evaluation.evaluator       | WARNING | SNR=13.0 dB: 2/512 sensing elements outside [0,1] (min=-0.0053, max=1.0419) -> clamped
2026-09-28 20:52:49 | src.evaluation.evaluator       | WARNING | SNR=17.0 dB: 1/256 sensing elements outside [0,1] (min=-0.0061, max=0.9008) -> clamped
2026-09-28 20:52:51 | src.evaluation.evaluator       | WARNING | SNR=19.0 dB: 1/256 sensing elements outside [0,1] (min=-0.0026, max=0.9019) -> clamped
2026-09-28 20:52:53 | src.evaluation.evaluator       | WARNING | SNR=21.0 dB: 2/512 sensing elements outside [0,1] (min=0.1594, max=1.0332) -> clamped
2026-09-28 20:52:53 | src.evaluation.evaluator       | INFO   | Evaluation completed for 14 SNR points
2026-09-28 20:52:53 | src.experiments.run_jamming    | INFO   | jamming partial_band r=4 JSR=-4.0 dB | BER=0.06531
2026-09-28 20:52:53 | src.evaluation.evaluator       | INFO   | Starting evaluation over 14 SNR points
2026-09-28 20:53:03 | src.evaluation.evaluator       | WARNING | SNR=21.0 dB: 1/256 sensing elements outside [0,1] (min=0.1964, max=1.0097) -> clamped
2026-09-28 20:53:03 | src.evaluation.evaluator       | INFO   | Evaluation completed for 14 SNR points
2026-09-28 20:53:03 | src.experiments.run_jamming    | INFO   | jamming partial_band r=4 JSR=-2.0 dB | BER=0.13835
2026-09-28 20:53:03 | src.evaluation.evaluator       | INFO   | Starting evaluation over 14 SNR points
2026-09-28 20:53:08 | src.evaluation.evaluator       | INFO   | Evaluation completed for 14 SNR points
2026-09-28 20:53:08 | src.experiments.run_jamming    | INFO   | jamming partial_band r=4 JSR=0.0 dB | BER=0.25205
2026-09-28 20:53:08 | src.evaluation.evaluator       | INFO   | Starting evaluation over 14 SNR points
2026-09-28 20:53:13 | src.evaluation.evaluator       | INFO   | Evaluation completed for 14 SNR points
2026-09-28 20:53:13 | src.experiments.run_jamming    | INFO   | jamming partial_band r=4 JSR=2.0 dB | BER=0.37714
2026-09-28 20:53:13 | src.evaluation.evaluator       | INFO   | Starting evaluation over 14 SNR points
2026-09-28 20:53:16 | src.evaluation.evaluator       | INFO   | Evaluation completed for 14 SNR points
2026-09-28 20:53:16 | src.experiments.run_jamming    | INFO   | jamming partial_band r=4 JSR=4.0 dB | BER=0.44615
2026-09-28 20:53:16 | src.evaluation.evaluator       | INFO   | Starting evaluation over 14 SNR points
2026-09-28 20:53:17 | src.evaluation.evaluator       | WARNING | SNR=-5.0 dB: 1/256 sensing elements outside [0,1] (min=0.0079, max=1.0662) -> clamped
2026-09-28 20:53:19 | src.evaluation.evaluator       | INFO   | Evaluation completed for 14 SNR points
2026-09-28 20:53:19 | src.experiments.run_jamming    | INFO   | jamming partial_band r=4 JSR=6.0 dB | BER=0.47656
2026-09-28 20:53:19 | src.evaluation.evaluator       | INFO   | Starting evaluation over 14 SNR points
2026-09-28 20:53:19 | src.evaluation.evaluator       | WARNING | SNR=-5.0 dB: 1/256 sensing elements outside [0,1] (min=0.0295, max=1.0910) -> clamped
2026-09-28 20:53:20 | src.evaluation.evaluator       | WARNING | SNR=-3.0 dB: 1/256 sensing elements outside [0,1] (min=0.1020, max=1.0050) -> clamped
2026-09-28 20:53:20 | src.evaluation.evaluator       | WARNING | SNR=-1.0 dB: 1/256 sensing elements outside [0,1] (min=-0.0005, max=0.9248) -> clamped
2026-09-28 20:53:20 | src.evaluation.evaluator       | WARNING | SNR=3.0 dB: 1/256 sensing elements outside [0,1] (min=-0.0072, max=0.7589) -> clamped
2026-09-28 20:53:22 | src.evaluation.evaluator       | INFO   | Evaluation completed for 14 SNR points
2026-09-28 20:53:22 | src.experiments.run_jamming    | INFO   | jamming partial_band r=4 JSR=8.0 dB | BER=0.49079
2026-09-28 20:53:22 | src.evaluation.evaluator       | INFO   | Starting evaluation over 14 SNR points
2026-09-28 20:53:22 | src.evaluation.evaluator       | WARNING | SNR=-5.0 dB: 4/512 sensing elements outside [0,1] (min=-0.0997, max=1.1890) -> clamped
2026-09-28 20:53:22 | src.evaluation.evaluator       | WARNING | SNR=-3.0 dB: 2/256 sensing elements outside [0,1] (min=-0.0606, max=1.0929) -> clamped
2026-09-28 20:53:23 | src.evaluation.evaluator       | WARNING | SNR=-1.0 dB: 1/256 sensing elements outside [0,1] (min=-0.0735, max=0.9397) -> clamped
2026-09-28 20:53:23 | src.evaluation.evaluator       | WARNING | SNR=1.0 dB: 1/256 sensing elements outside [0,1] (min=-0.0393, max=0.9640) -> clamped
2026-09-28 20:53:23 | src.evaluation.evaluator       | WARNING | SNR=3.0 dB: 3/512 sensing elements outside [0,1] (min=-0.1662, max=0.8733) -> clamped
2026-09-28 20:53:24 | src.evaluation.evaluator       | WARNING | SNR=7.0 dB: 2/256 sensing elements outside [0,1] (min=-0.0396, max=0.9848) -> clamped
2026-09-28 20:53:24 | src.evaluation.evaluator       | WARNING | SNR=13.0 dB: 2/512 sensing elements outside [0,1] (min=-0.1163, max=0.8918) -> clamped
2026-09-28 20:53:25 | src.evaluation.evaluator       | WARNING | SNR=17.0 dB: 2/512 sensing elements outside [0,1] (min=-0.0077, max=0.9392) -> clamped
2026-09-28 20:53:25 | src.evaluation.evaluator       | WARNING | SNR=19.0 dB: 3/512 sensing elements outside [0,1] (min=-0.0861, max=1.0911) -> clamped
2026-09-28 20:53:26 | src.evaluation.evaluator       | WARNING | SNR=21.0 dB: 1/256 sensing elements outside [0,1] (min=0.0573, max=1.0068) -> clamped
2026-09-28 20:53:26 | src.evaluation.evaluator       | INFO   | Evaluation completed for 14 SNR points
2026-09-28 20:53:26 | src.experiments.run_jamming    | INFO   | jamming partial_band r=4 JSR=10.0 dB | BER=0.49833
2026-09-28 20:53:26 | src.experiments.run_jamming    | INFO   | Results for partial_band saved to /content/drive/MyDrive/DHUC_RUN/qkv_jam/full/jamming/qkv/jamming/jamming_results_partial_band.csv
2026-09-28 20:53:26 | src.experiments.run_jamming    | INFO   | Per-realization results for partial_band saved to /content/drive/MyDrive/DHUC_RUN/qkv_jam/full/jamming/qkv/jamming/jamming_realizations_partial_band.csv
2026-09-28 20:53:27 | src.experiments.run_jamming    | INFO   | Overlay plot saved to /content/drive/MyDrive/DHUC_RUN/qkv_jam/full/jamming/qkv/jamming/plots/ber_vs_jsr_overlay.pdf
2026-09-28 20:53:28 | src.experiments.run_jamming    | INFO   | Jammed vs clean plot saved to /content/drive/MyDrive/DHUC_RUN/qkv_jam/full/jamming/qkv/jamming/plots/ber_vs_jsr_qkv_vs_clean.pdf
2026-09-28 20:53:28 | src.experiments.run_jamming    | INFO   | Separate plot for cw saved to /content/drive/MyDrive/DHUC_RUN/qkv_jam/full/jamming/qkv/jamming/plots/ber_vs_jsr_cw.pdf
2026-09-28 20:53:29 | src.experiments.run_jamming    | INFO   | Separate plot for barrage saved to /content/drive/MyDrive/DHUC_RUN/qkv_jam/full/jamming/qkv/jamming/plots/ber_vs_jsr_barrage.pdf
2026-09-28 20:53:29 | src.experiments.run_jamming    | INFO   | Separate plot for partial_band saved to /content/drive/MyDrive/DHUC_RUN/qkv_jam/full/jamming/qkv/jamming/plots/ber_vs_jsr_partial_band.pdf
2026-09-28 20:53:29 | src.experiments.pipeline       | INFO   | Jamming evaluation completed. Results saved to /content/drive/MyDrive/DHUC_RUN/qkv_jam/full/jamming/qkv/jamming
2026-09-28 20:53:30 | __main__                       | INFO   | Jamming vs clean ber_vs_snr comparison saved to /content/drive/MyDrive/DHUC_RUN/qkv_jam/full/jamming/qkv/jamming/ber_vs_jsr_qkv_vs_clean.pdf
2026-09-28 20:53:31 | __main__                       | INFO   | RSS [jamming qkv] = 3.78 GB
2026-09-28 20:53:32 | __main__                       | INFO   | Multi-model plot saved to /content/drive/MyDrive/DHUC_RUN/qkv_jam/full/jamming/plots/ber_vs_jsr_all_models.pdf
2026-09-28 20:53:32 | __main__                       | INFO   | jamming experiment completed.
2026-09-28 20:53:32 | __main__                       | INFO   | Experiment jamming completed successfully.
2026-09-28 20:53:32 | __main__                       | INFO   | ================================================================================
2026-09-28 20:53:32 | __main__                       | INFO   | SUMMARY
2026-09-28 20:53:32 | __main__                       | INFO   | ================================================================================
2026-09-28 20:53:32 | __main__                       | INFO   | jamming: OK
2026-09-28 20:53:32 | __main__                       | INFO   | All requested experiments finished. Output in: /content/drive/MyDrive/DHUC_RUN/qkv_jam
2026-09-28 20:53:42 | root                           | INFO   | Logging configured: file=/content/drive/MyDrive/DHUC_RUN/qkv_jam/full/logs/runner.log level=INFO
2026-09-28 20:53:42 | __main__                       | INFO   | Mode: full
2026-09-28 20:53:42 | __main__                       | INFO   | Run root: /content/drive/MyDrive/DHUC_RUN/qkv_jam/full
2026-09-28 20:53:42 | __main__                       | INFO   | Models: qkv
2026-09-28 20:53:42 | __main__                       | INFO   | No dataset regeneration: False
2026-09-28 20:53:42 | __main__                       | INFO   | ================================================================================
2026-09-28 20:53:42 | __main__                       | INFO   | EXPERIMENT jamming_interpretability
2026-09-28 20:53:42 | __main__                       | INFO   | ================================================================================
2026-09-28 20:53:43 | __main__                       | INFO   | experiment_name = jamming_interpretability_full
2026-09-28 20:53:43 | __main__                       | INFO   | seed = 42
2026-09-28 20:53:43 | __main__                       | INFO   | lambda_mse = 2
2026-09-28 20:53:43 | __main__                       | INFO   | sequence_length = 100
2026-09-28 20:53:43 | __main__                       | INFO   | map_type = logistic / map_param = 3.9
2026-09-28 20:53:43 | __main__                       | INFO   | backbone_type = qkv
2026-09-28 20:53:43 | __main__                       | INFO   | epochs = 30
2026-09-28 20:53:43 | src.utils.config_loader        | INFO   | config snapshot saved: /content/drive/MyDrive/DHUC_RUN/qkv_jam/full/jamming_interpretability/logs/config_used.yaml
2026-09-28 20:53:43 | __main__                       | INFO   | Experiment jamming_interpretability (models=['qkv'])
2026-09-28 20:53:43 | __main__                       | INFO   |   snr_eval=[-1.0, 3.0, 7.0, 11.0, 15.0, 21.0] jsr=[-10.0, -6.0, -2.0, 2.0, 6.0, 10.0] jammer=['cw', 'barrage', 'partial_band'] ret_subset=3000 realizations=5/{} max_symbols=None
2026-09-28 20:53:43 | src.experiments.pipeline       | INFO   | Dataset already present in data/raw/d1f4aa61
2026-09-28 20:53:43 | src.data.data_loader           | INFO   | split 'test': 240000 total samples, x shape=(240000, 100), tau in [1.00, 33.00], f_d in [1.064e-09, 8.000e-05]
2026-09-28 20:54:24 | __main__                       | INFO   | jamming_interpretability: test set of 240000 samples (SNR [-1.0, 3.0, 7.0, 11.0, 15.0, 21.0])
2026-09-28 20:54:24 | __main__                       | INFO   | ============================================================
2026-09-28 20:54:24 | __main__                       | INFO   | jamming_interpretability architecture: qkv
2026-09-28 20:54:24 | __main__                       | INFO   | jamming_interpretability qkv: jamming model loaded from /content/drive/MyDrive/DHUC_RUN/qkv_jam/full/jamming/qkv/best_model.keras
2026-09-28 20:54:27 | src.experiments.jamming_interpretability | INFO   | [jamming_interpretability qkv] probe ready: 7 captured layers
2026-09-28 20:56:03 | src.experiments.jamming_interpretability | INFO   | [jamming_interpretability qkv] clean | BER=0.0021 corr_tau=0.776 margin=2.87 (96 s)
2026-09-28 20:57:39 | src.experiments.jamming_interpretability | INFO   | [jamming_interpretability qkv] cw          JSR= -10.0 dB r=0 | BER=0.0156 corr_tau=0.724 margin=2.76 (95 s)
2026-09-28 20:59:15 | src.experiments.jamming_interpretability | INFO   | [jamming_interpretability qkv] cw          JSR=  -6.0 dB r=0 | BER=0.1191 corr_tau=0.665 margin=2.15 (96 s)
2026-09-28 21:00:50 | src.experiments.jamming_interpretability | INFO   | [jamming_interpretability qkv] cw          JSR=  -2.0 dB r=0 | BER=0.4255 corr_tau=0.567 margin=0.49 (95 s)
2026-09-28 21:02:25 | src.experiments.jamming_interpretability | INFO   | [jamming_interpretability qkv] cw          JSR=   2.0 dB r=0 | BER=0.4997 corr_tau=0.441 margin=0.01 (96 s)
2026-09-28 21:04:01 | src.experiments.jamming_interpretability | INFO   | [jamming_interpretability qkv] cw          JSR=   6.0 dB r=0 | BER=0.5000 corr_tau=0.293 margin=0.00 (95 s)
2026-09-28 21:05:36 | src.experiments.jamming_interpretability | INFO   | [jamming_interpretability qkv] cw          JSR=  10.0 dB r=0 | BER=0.5000 corr_tau=0.163 margin=0.02 (95 s)
2026-09-28 21:07:12 | src.experiments.jamming_interpretability | INFO   | [jamming_interpretability qkv] cw          JSR= -10.0 dB r=1 | BER=0.0095 corr_tau=0.728 margin=2.81 (96 s)
2026-09-28 21:08:47 | src.experiments.jamming_interpretability | INFO   | [jamming_interpretability qkv] cw          JSR=  -6.0 dB r=1 | BER=0.0706 corr_tau=0.678 margin=2.42 (95 s)
2026-09-28 21:10:23 | src.experiments.jamming_interpretability | INFO   | [jamming_interpretability qkv] cw          JSR=  -2.0 dB r=1 | BER=0.3421 corr_tau=0.594 margin=0.94 (96 s)
2026-09-28 21:11:59 | src.experiments.jamming_interpretability | INFO   | [jamming_interpretability qkv] cw          JSR=   2.0 dB r=1 | BER=0.4978 corr_tau=0.487 margin=0.03 (96 s)
2026-09-28 21:13:35 | src.experiments.jamming_interpretability | INFO   | [jamming_interpretability qkv] cw          JSR=   6.0 dB r=1 | BER=0.5000 corr_tau=0.362 margin=0.00 (96 s)
2026-09-28 21:15:11 | src.experiments.jamming_interpretability | INFO   | [jamming_interpretability qkv] cw          JSR=  10.0 dB r=1 | BER=0.5000 corr_tau=0.239 margin=0.02 (96 s)
2026-09-28 21:16:48 | src.experiments.jamming_interpretability | INFO   | [jamming_interpretability qkv] cw          JSR= -10.0 dB r=2 | BER=0.0024 corr_tau=0.715 margin=2.86 (97 s)
2026-09-28 21:18:25 | src.experiments.jamming_interpretability | INFO   | [jamming_interpretability qkv] cw          JSR=  -6.0 dB r=2 | BER=0.0027 corr_tau=0.655 margin=2.85 (96 s)
2026-09-28 21:20:00 | src.experiments.jamming_interpretability | INFO   | [jamming_interpretability qkv] cw          JSR=  -2.0 dB r=2 | BER=0.0038 corr_tau=0.560 margin=2.80 (96 s)
2026-09-28 21:21:37 | src.experiments.jamming_interpretability | INFO   | [jamming_interpretability qkv] cw          JSR=   2.0 dB r=2 | BER=0.0091 corr_tau=0.428 margin=2.61 (97 s)
2026-09-28 21:23:13 | src.experiments.jamming_interpretability | INFO   | [jamming_interpretability qkv] cw          JSR=   6.0 dB r=2 | BER=0.0364 corr_tau=0.259 margin=1.92 (96 s)
2026-09-28 21:24:49 | src.experiments.jamming_interpretability | INFO   | [jamming_interpretability qkv] cw          JSR=  10.0 dB r=2 | BER=0.0788 corr_tau=0.135 margin=0.84 (96 s)
2026-09-28 21:26:26 | src.experiments.jamming_interpretability | INFO   | [jamming_interpretability qkv] cw          JSR= -10.0 dB r=3 | BER=0.0241 corr_tau=0.675 margin=2.72 (96 s)
2026-09-28 21:28:02 | src.experiments.jamming_interpretability | INFO   | [jamming_interpretability qkv] cw          JSR=  -6.0 dB r=3 | BER=0.1727 corr_tau=0.591 margin=1.88 (96 s)
2026-09-28 21:29:38 | src.experiments.jamming_interpretability | INFO   | [jamming_interpretability qkv] cw          JSR=  -2.0 dB r=3 | BER=0.4620 corr_tau=0.477 margin=0.32 (96 s)
2026-09-28 21:31:14 | src.experiments.jamming_interpretability | INFO   | [jamming_interpretability qkv] cw          JSR=   2.0 dB r=3 | BER=0.4999 corr_tau=0.347 margin=0.07 (96 s)
2026-09-28 21:32:50 | src.experiments.jamming_interpretability | INFO   | [jamming_interpretability qkv] cw          JSR=   6.0 dB r=3 | BER=0.5000 corr_tau=0.229 margin=0.03 (96 s)
2026-09-28 21:34:26 | src.experiments.jamming_interpretability | INFO   | [jamming_interpretability qkv] cw          JSR=  10.0 dB r=3 | BER=0.5000 corr_tau=0.140 margin=-0.00 (96 s)
2026-09-28 21:36:03 | src.experiments.jamming_interpretability | INFO   | [jamming_interpretability qkv] cw          JSR= -10.0 dB r=4 | BER=0.0182 corr_tau=0.704 margin=2.76 (97 s)
2026-09-28 21:37:40 | src.experiments.jamming_interpretability | INFO   | [jamming_interpretability qkv] cw          JSR=  -6.0 dB r=4 | BER=0.1391 corr_tau=0.635 margin=2.05 (96 s)
2026-09-28 21:39:15 | src.experiments.jamming_interpretability | INFO   | [jamming_interpretability qkv] cw          JSR=  -2.0 dB r=4 | BER=0.4381 corr_tau=0.528 margin=0.45 (96 s)
2026-09-28 21:40:51 | src.experiments.jamming_interpretability | INFO   | [jamming_interpretability qkv] cw          JSR=   2.0 dB r=4 | BER=0.4997 corr_tau=0.395 margin=0.07 (96 s)
2026-09-28 21:42:28 | src.experiments.jamming_interpretability | INFO   | [jamming_interpretability qkv] cw          JSR=   6.0 dB r=4 | BER=0.5000 corr_tau=0.277 margin=0.07 (96 s)
2026-09-28 21:44:03 | src.experiments.jamming_interpretability | INFO   | [jamming_interpretability qkv] cw          JSR=  10.0 dB r=4 | BER=0.5000 corr_tau=0.196 margin=0.06 (95 s)
2026-09-28 21:45:40 | src.experiments.jamming_interpretability | INFO   | [jamming_interpretability qkv] barrage     JSR= -10.0 dB r=0 | BER=0.0034 corr_tau=0.678 margin=2.85 (96 s)
2026-09-28 21:47:15 | src.experiments.jamming_interpretability | INFO   | [jamming_interpretability qkv] barrage     JSR=  -6.0 dB r=0 | BER=0.0063 corr_tau=0.574 margin=2.82 (95 s)
2026-09-28 21:48:51 | src.experiments.jamming_interpretability | INFO   | [jamming_interpretability qkv] barrage     JSR=  -2.0 dB r=0 | BER=0.0218 corr_tau=0.408 margin=2.67 (95 s)
2026-09-28 21:50:26 | src.experiments.jamming_interpretability | INFO   | [jamming_interpretability qkv] barrage     JSR=   2.0 dB r=0 | BER=0.0908 corr_tau=0.229 margin=2.16 (96 s)
2026-09-28 21:52:02 | src.experiments.jamming_interpretability | INFO   | [jamming_interpretability qkv] barrage     JSR=   6.0 dB r=0 | BER=0.2392 corr_tau=0.113 margin=1.29 (96 s)
2026-09-28 21:53:38 | src.experiments.jamming_interpretability | INFO   | [jamming_interpretability qkv] barrage     JSR=  10.0 dB r=0 | BER=0.3780 corr_tau=0.059 margin=0.60 (96 s)
2026-09-28 21:55:15 | src.experiments.jamming_interpretability | INFO   | [jamming_interpretability qkv] barrage     JSR= -10.0 dB r=1 | BER=0.0034 corr_tau=0.678 margin=2.85 (96 s)
2026-09-28 21:56:50 | src.experiments.jamming_interpretability | INFO   | [jamming_interpretability qkv] barrage     JSR=  -6.0 dB r=1 | BER=0.0066 corr_tau=0.575 margin=2.82 (95 s)
2026-09-28 21:58:25 | src.experiments.jamming_interpretability | INFO   | [jamming_interpretability qkv] barrage     JSR=  -2.0 dB r=1 | BER=0.0219 corr_tau=0.412 margin=2.67 (95 s)
2026-09-28 22:00:01 | src.experiments.jamming_interpretability | INFO   | [jamming_interpretability qkv] barrage     JSR=   2.0 dB r=1 | BER=0.0893 corr_tau=0.233 margin=2.16 (95 s)
2026-09-28 22:01:35 | src.experiments.jamming_interpretability | INFO   | [jamming_interpretability qkv] barrage     JSR=   6.0 dB r=1 | BER=0.2396 corr_tau=0.115 margin=1.29 (95 s)
2026-09-28 22:03:10 | src.experiments.jamming_interpretability | INFO   | [jamming_interpretability qkv] barrage     JSR=  10.0 dB r=1 | BER=0.3789 corr_tau=0.059 margin=0.59 (95 s)
2026-09-28 22:04:48 | src.experiments.jamming_interpretability | INFO   | [jamming_interpretability qkv] barrage     JSR= -10.0 dB r=2 | BER=0.0034 corr_tau=0.678 margin=2.85 (96 s)
2026-09-28 22:06:19 | src.experiments.jamming_interpretability | INFO   | [jamming_interpretability qkv] barrage     JSR=  -6.0 dB r=2 | BER=0.0065 corr_tau=0.574 margin=2.81 (92 s)
2026-09-28 22:07:55 | src.experiments.jamming_interpretability | INFO   | [jamming_interpretability qkv] barrage     JSR=  -2.0 dB r=2 | BER=0.0219 corr_tau=0.409 margin=2.67 (95 s)
2026-09-28 22:09:30 | src.experiments.jamming_interpretability | INFO   | [jamming_interpretability qkv] barrage     JSR=   2.0 dB r=2 | BER=0.0902 corr_tau=0.231 margin=2.16 (95 s)
2026-09-28 22:11:05 | src.experiments.jamming_interpretability | INFO   | [jamming_interpretability qkv] barrage     JSR=   6.0 dB r=2 | BER=0.2398 corr_tau=0.113 margin=1.29 (95 s)
2026-09-28 22:12:40 | src.experiments.jamming_interpretability | INFO   | [jamming_interpretability qkv] barrage     JSR=  10.0 dB r=2 | BER=0.3787 corr_tau=0.060 margin=0.59 (95 s)
2026-09-28 22:14:16 | src.experiments.jamming_interpretability | INFO   | [jamming_interpretability qkv] barrage     JSR= -10.0 dB r=3 | BER=0.0033 corr_tau=0.678 margin=2.85 (94 s)
2026-09-28 22:15:51 | src.experiments.jamming_interpretability | INFO   | [jamming_interpretability qkv] barrage     JSR=  -6.0 dB r=3 | BER=0.0065 corr_tau=0.573 margin=2.81 (95 s)
2026-09-28 22:17:26 | src.experiments.jamming_interpretability | INFO   | [jamming_interpretability qkv] barrage     JSR=  -2.0 dB r=3 | BER=0.0226 corr_tau=0.408 margin=2.66 (95 s)
2026-09-28 22:19:01 | src.experiments.jamming_interpretability | INFO   | [jamming_interpretability qkv] barrage     JSR=   2.0 dB r=3 | BER=0.0909 corr_tau=0.229 margin=2.16 (95 s)
2026-09-28 22:20:36 | src.experiments.jamming_interpretability | INFO   | [jamming_interpretability qkv] barrage     JSR=   6.0 dB r=3 | BER=0.2400 corr_tau=0.110 margin=1.29 (96 s)
2026-09-28 22:22:12 | src.experiments.jamming_interpretability | INFO   | [jamming_interpretability qkv] barrage     JSR=  10.0 dB r=3 | BER=0.3795 corr_tau=0.054 margin=0.59 (95 s)
2026-09-28 22:23:49 | src.experiments.jamming_interpretability | INFO   | [jamming_interpretability qkv] barrage     JSR= -10.0 dB r=4 | BER=0.0032 corr_tau=0.680 margin=2.85 (95 s)
2026-09-28 22:25:24 | src.experiments.jamming_interpretability | INFO   | [jamming_interpretability qkv] barrage     JSR=  -6.0 dB r=4 | BER=0.0063 corr_tau=0.576 margin=2.81 (95 s)
2026-09-28 22:26:58 | src.experiments.jamming_interpretability | INFO   | [jamming_interpretability qkv] barrage     JSR=  -2.0 dB r=4 | BER=0.0223 corr_tau=0.411 margin=2.66 (94 s)
2026-09-28 22:28:33 | src.experiments.jamming_interpretability | INFO   | [jamming_interpretability qkv] barrage     JSR=   2.0 dB r=4 | BER=0.0905 corr_tau=0.232 margin=2.16 (95 s)
2026-09-28 22:30:07 | src.experiments.jamming_interpretability | INFO   | [jamming_interpretability qkv] barrage     JSR=   6.0 dB r=4 | BER=0.2398 corr_tau=0.113 margin=1.29 (94 s)
2026-09-28 22:31:41 | src.experiments.jamming_interpretability | INFO   | [jamming_interpretability qkv] barrage     JSR=  10.0 dB r=4 | BER=0.3779 corr_tau=0.058 margin=0.60 (94 s)
2026-09-28 22:33:18 | src.experiments.jamming_interpretability | INFO   | [jamming_interpretability qkv] partial_band JSR= -10.0 dB r=0 | BER=0.0039 corr_tau=0.701 margin=2.85 (95 s)
2026-09-28 22:34:52 | src.experiments.jamming_interpretability | INFO   | [jamming_interpretability qkv] partial_band JSR=  -6.0 dB r=0 | BER=0.0197 corr_tau=0.617 margin=2.73 (94 s)
2026-09-28 22:36:27 | src.experiments.jamming_interpretability | INFO   | [jamming_interpretability qkv] partial_band JSR=  -2.0 dB r=0 | BER=0.1324 corr_tau=0.479 margin=2.05 (95 s)
2026-09-28 22:38:01 | src.experiments.jamming_interpretability | INFO   | [jamming_interpretability qkv] partial_band JSR=   2.0 dB r=0 | BER=0.4020 corr_tau=0.322 margin=0.63 (94 s)
2026-09-28 22:39:34 | src.experiments.jamming_interpretability | INFO   | [jamming_interpretability qkv] partial_band JSR=   6.0 dB r=0 | BER=0.4934 corr_tau=0.193 margin=0.07 (93 s)
2026-09-28 22:41:08 | src.experiments.jamming_interpretability | INFO   | [jamming_interpretability qkv] partial_band JSR=  10.0 dB r=0 | BER=0.4994 corr_tau=0.097 margin=0.01 (94 s)
2026-09-28 22:42:44 | src.experiments.jamming_interpretability | INFO   | [jamming_interpretability qkv] partial_band JSR= -10.0 dB r=1 | BER=0.0098 corr_tau=0.665 margin=2.81 (94 s)
2026-09-28 22:44:18 | src.experiments.jamming_interpretability | INFO   | [jamming_interpretability qkv] partial_band JSR=  -6.0 dB r=1 | BER=0.0649 corr_tau=0.555 margin=2.47 (94 s)
2026-09-28 22:45:52 | src.experiments.jamming_interpretability | INFO   | [jamming_interpretability qkv] partial_band JSR=  -2.0 dB r=1 | BER=0.2971 corr_tau=0.405 margin=1.21 (94 s)
2026-09-28 22:47:26 | src.experiments.jamming_interpretability | INFO   | [jamming_interpretability qkv] partial_band JSR=   2.0 dB r=1 | BER=0.4849 corr_tau=0.263 margin=0.16 (94 s)
2026-09-28 22:49:00 | src.experiments.jamming_interpretability | INFO   | [jamming_interpretability qkv] partial_band JSR=   6.0 dB r=1 | BER=0.4999 corr_tau=0.168 margin=0.05 (94 s)
2026-09-28 22:50:33 | src.experiments.jamming_interpretability | INFO   | [jamming_interpretability qkv] partial_band JSR=  10.0 dB r=1 | BER=0.5004 corr_tau=0.102 margin=0.01 (94 s)
2026-09-28 22:52:09 | src.experiments.jamming_interpretability | INFO   | [jamming_interpretability qkv] partial_band JSR= -10.0 dB r=2 | BER=0.0201 corr_tau=0.664 margin=2.75 (94 s)
2026-09-28 22:53:42 | src.experiments.jamming_interpretability | INFO   | [jamming_interpretability qkv] partial_band JSR=  -6.0 dB r=2 | BER=0.1329 corr_tau=0.554 margin=2.09 (93 s)
2026-09-28 22:55:15 | src.experiments.jamming_interpretability | INFO   | [jamming_interpretability qkv] partial_band JSR=  -2.0 dB r=2 | BER=0.4091 corr_tau=0.403 margin=0.61 (93 s)
2026-09-28 22:56:48 | src.experiments.jamming_interpretability | INFO   | [jamming_interpretability qkv] partial_band JSR=   2.0 dB r=2 | BER=0.4983 corr_tau=0.262 margin=0.08 (93 s)
2026-09-28 22:58:21 | src.experiments.jamming_interpretability | INFO   | [jamming_interpretability qkv] partial_band JSR=   6.0 dB r=2 | BER=0.5000 corr_tau=0.171 margin=0.07 (93 s)
2026-09-28 22:59:54 | src.experiments.jamming_interpretability | INFO   | [jamming_interpretability qkv] partial_band JSR=  10.0 dB r=2 | BER=0.5000 corr_tau=0.104 margin=0.04 (93 s)
2026-09-28 23:01:30 | src.experiments.jamming_interpretability | INFO   | [jamming_interpretability qkv] partial_band JSR= -10.0 dB r=3 | BER=0.0108 corr_tau=0.664 margin=2.80 (93 s)
2026-09-28 23:03:03 | src.experiments.jamming_interpretability | INFO   | [jamming_interpretability qkv] partial_band JSR=  -6.0 dB r=3 | BER=0.0720 corr_tau=0.553 margin=2.42 (94 s)
2026-09-28 23:04:37 | src.experiments.jamming_interpretability | INFO   | [jamming_interpretability qkv] partial_band JSR=  -2.0 dB r=3 | BER=0.3220 corr_tau=0.399 margin=1.08 (93 s)
2026-09-28 23:06:11 | src.experiments.jamming_interpretability | INFO   | [jamming_interpretability qkv] partial_band JSR=   2.0 dB r=3 | BER=0.4907 corr_tau=0.252 margin=0.13 (94 s)
2026-09-28 23:07:45 | src.experiments.jamming_interpretability | INFO   | [jamming_interpretability qkv] partial_band JSR=   6.0 dB r=3 | BER=0.5000 corr_tau=0.152 margin=0.08 (94 s)
2026-09-28 23:09:20 | src.experiments.jamming_interpretability | INFO   | [jamming_interpretability qkv] partial_band JSR=  10.0 dB r=3 | BER=0.5000 corr_tau=0.084 margin=0.06 (94 s)
2026-09-28 23:10:56 | src.experiments.jamming_interpretability | INFO   | [jamming_interpretability qkv] partial_band JSR= -10.0 dB r=4 | BER=0.0035 corr_tau=0.701 margin=2.85 (95 s)
2026-09-28 23:12:30 | src.experiments.jamming_interpretability | INFO   | [jamming_interpretability qkv] partial_band JSR=  -6.0 dB r=4 | BER=0.0132 corr_tau=0.615 margin=2.77 (94 s)
2026-09-28 23:14:05 | src.experiments.jamming_interpretability | INFO   | [jamming_interpretability qkv] partial_band JSR=  -2.0 dB r=4 | BER=0.0876 corr_tau=0.476 margin=2.29 (95 s)
2026-09-28 23:15:39 | src.experiments.jamming_interpretability | INFO   | [jamming_interpretability qkv] partial_band JSR=   2.0 dB r=4 | BER=0.3204 corr_tau=0.312 margin=1.05 (94 s)
2026-09-28 23:17:13 | src.experiments.jamming_interpretability | INFO   | [jamming_interpretability qkv] partial_band JSR=   6.0 dB r=4 | BER=0.4643 corr_tau=0.172 margin=0.27 (95 s)
2026-09-28 23:18:48 | src.experiments.jamming_interpretability | INFO   | [jamming_interpretability qkv] partial_band JSR=  10.0 dB r=4 | BER=0.4883 corr_tau=0.080 margin=0.10 (94 s)
2026-09-28 23:18:48 | src.experiments.jamming_interpretability | INFO   | [jamming_interpretability qkv] completed -> /content/drive/MyDrive/DHUC_RUN/qkv_jam/full/jamming_interpretability/qkv (conditions=19)
2026-09-28 23:18:48 | __main__                       | INFO   | jamming_interpretability experiment completed. Output in /content/drive/MyDrive/DHUC_RUN/qkv_jam/full/jamming_interpretability
2026-09-28 23:18:48 | __main__                       | INFO   | Experiment jamming_interpretability completed successfully.
2026-09-28 23:18:48 | __main__                       | INFO   | ================================================================================
2026-09-28 23:18:48 | __main__                       | INFO   | SUMMARY
2026-09-28 23:18:48 | __main__                       | INFO   | ================================================================================
2026-09-28 23:18:48 | __main__                       | INFO   | jamming_interpretability: OK
2026-09-28 23:18:48 | __main__                       | INFO   | All requested experiments finished. Output in: /content/drive/MyDrive/DHUC_RUN/qkv_jam
