2026-09-28 19:13:34 | root                           | INFO   | Logging configured: file=/content/drive/MyDrive/DHUC_RUN/conv1d/full/logs/runner.log level=INFO
2026-09-28 19:13:34 | __main__                       | INFO   | Mode: full
2026-09-28 19:13:34 | __main__                       | INFO   | Run root: /content/drive/MyDrive/DHUC_RUN/conv1d/full
2026-09-28 19:13:34 | __main__                       | INFO   | Models: conv1d
2026-09-28 19:13:34 | __main__                       | INFO   | No dataset regeneration: False
2026-09-28 19:13:34 | __main__                       | INFO   | ================================================================================
2026-09-28 19:13:34 | __main__                       | INFO   | EXPERIMENT ber_vs_snr
2026-09-28 19:13:34 | __main__                       | INFO   | ================================================================================
2026-09-28 19:13:34 | __main__                       | INFO   | ber_vs_snr: scenarios limited to ['k1_doppler_full', 'k3_doppler_full', 'k3_doppler_limited', 'iod_peers']
2026-09-28 19:13:34 | __main__                       | INFO   | experiment_name = ber_vs_snr_full
2026-09-28 19:13:34 | __main__                       | INFO   | seed = 42
2026-09-28 19:13:34 | __main__                       | INFO   | lambda_mse = 2
2026-09-28 19:13:34 | __main__                       | INFO   | sequence_length = 100
2026-09-28 19:13:34 | __main__                       | INFO   | map_type = logistic / map_param = 3.9
2026-09-28 19:13:34 | __main__                       | INFO   | backbone_type = conv1d
2026-09-28 19:13:34 | __main__                       | INFO   | epochs = 30
2026-09-28 19:13:34 | src.utils.config_loader        | INFO   | config snapshot saved: /content/drive/MyDrive/DHUC_RUN/conv1d/full/ber_vs_snr/logs/config_used.yaml
2026-09-28 19:13:34 | __main__                       | INFO   | ============================================================
2026-09-28 19:13:34 | __main__                       | INFO   | ber_vs_snr experiment: BER vs SNR (5 architectures, 3 scenarios)
2026-09-28 19:13:34 | __main__                       | INFO   | ============================================================
2026-09-28 19:13:34 | __main__                       | INFO   | ber_vs_snr: --model=conv1d filters architectures to: ['conv1d']
2026-09-28 19:13:34 | __main__                       | INFO   | --- Scenario: k1_doppler_full ---
2026-09-28 19:13:34 | src.experiments.pipeline       | INFO   | Dataset not found in data/raw/555e38fc, generating...
2026-09-28 19:13:34 | src.data.dataset_generator     | INFO   | saved data/raw/555e38fc/train_snr-5_echo1.npz: 7500 symbols, x shape=(7500, 100), tau in [1, 33], f_d in [5.123e-10, 8.000e-05]
2026-09-28 19:13:35 | src.data.dataset_generator     | INFO   | saved data/raw/555e38fc/train_snr-3_echo1.npz: 7500 symbols, x shape=(7500, 100), tau in [1, 33], f_d in [1.469e-08, 7.997e-05]
2026-09-28 19:13:35 | src.data.dataset_generator     | INFO   | saved data/raw/555e38fc/train_snr-1_echo1.npz: 7500 symbols, x shape=(7500, 100), tau in [1, 33], f_d in [2.723e-08, 7.999e-05]
2026-09-28 19:13:35 | src.data.dataset_generator     | INFO   | saved data/raw/555e38fc/train_snr1_echo1.npz: 7500 symbols, x shape=(7500, 100), tau in [1, 33], f_d in [3.223e-08, 7.998e-05]
2026-09-28 19:13:36 | src.data.dataset_generator     | INFO   | saved data/raw/555e38fc/train_snr3_echo1.npz: 7500 symbols, x shape=(7500, 100), tau in [1, 33], f_d in [2.007e-08, 7.999e-05]
2026-09-28 19:13:36 | src.data.dataset_generator     | INFO   | saved data/raw/555e38fc/train_snr5_echo1.npz: 7500 symbols, x shape=(7500, 100), tau in [1, 33], f_d in [1.977e-08, 7.999e-05]
2026-09-28 19:13:37 | src.data.dataset_generator     | INFO   | saved data/raw/555e38fc/train_snr7_echo1.npz: 7500 symbols, x shape=(7500, 100), tau in [1, 33], f_d in [1.223e-09, 7.998e-05]
2026-09-28 19:13:38 | src.data.dataset_generator     | INFO   | saved data/raw/555e38fc/train_snr9_echo1.npz: 7500 symbols, x shape=(7500, 100), tau in [1, 33], f_d in [9.979e-10, 7.999e-05]
2026-09-28 19:13:38 | src.data.dataset_generator     | INFO   | saved data/raw/555e38fc/train_snr11_echo1.npz: 7500 symbols, x shape=(7500, 100), tau in [1, 33], f_d in [1.370e-08, 8.000e-05]
2026-09-28 19:13:39 | src.data.dataset_generator     | INFO   | saved data/raw/555e38fc/train_snr13_echo1.npz: 7500 symbols, x shape=(7500, 100), tau in [1, 33], f_d in [2.273e-09, 8.000e-05]
2026-09-28 19:13:39 | src.data.dataset_generator     | INFO   | saved data/raw/555e38fc/train_snr15_echo1.npz: 7500 symbols, x shape=(7500, 100), tau in [1, 33], f_d in [5.939e-09, 7.997e-05]
2026-09-28 19:13:40 | src.data.dataset_generator     | INFO   | saved data/raw/555e38fc/train_snr17_echo1.npz: 7500 symbols, x shape=(7500, 100), tau in [1, 33], f_d in [1.867e-08, 7.999e-05]
2026-09-28 19:13:40 | src.data.dataset_generator     | INFO   | saved data/raw/555e38fc/train_snr19_echo1.npz: 7500 symbols, x shape=(7500, 100), tau in [1, 33], f_d in [3.120e-10, 8.000e-05]
2026-09-28 19:13:40 | src.data.dataset_generator     | INFO   | saved data/raw/555e38fc/train_snr21_echo1.npz: 7500 symbols, x shape=(7500, 100), tau in [1, 33], f_d in [6.065e-09, 7.997e-05]
2026-09-28 19:13:40 | src.data.dataset_generator     | INFO   | split 'train': 14 files generated, 7500 symbols per combination (combos=14)
2026-09-28 19:13:41 | src.data.dataset_generator     | INFO   | saved data/raw/555e38fc/val_snr-5_echo1.npz: 5000 symbols, x shape=(5000, 100), tau in [1, 33], f_d in [2.454e-08, 7.999e-05]
2026-09-28 19:13:41 | src.data.dataset_generator     | INFO   | saved data/raw/555e38fc/val_snr-3_echo1.npz: 5000 symbols, x shape=(5000, 100), tau in [1, 33], f_d in [2.144e-08, 7.999e-05]
2026-09-28 19:13:41 | src.data.dataset_generator     | INFO   | saved data/raw/555e38fc/val_snr-1_echo1.npz: 5000 symbols, x shape=(5000, 100), tau in [1, 33], f_d in [2.573e-10, 8.000e-05]
2026-09-28 19:13:41 | src.data.dataset_generator     | INFO   | saved data/raw/555e38fc/val_snr1_echo1.npz: 5000 symbols, x shape=(5000, 100), tau in [1, 33], f_d in [2.121e-08, 7.998e-05]
2026-09-28 19:13:42 | src.data.dataset_generator     | INFO   | saved data/raw/555e38fc/val_snr3_echo1.npz: 5000 symbols, x shape=(5000, 100), tau in [1, 33], f_d in [2.391e-08, 7.994e-05]
2026-09-28 19:13:42 | src.data.dataset_generator     | INFO   | saved data/raw/555e38fc/val_snr5_echo1.npz: 5000 symbols, x shape=(5000, 100), tau in [1, 33], f_d in [4.377e-09, 8.000e-05]
2026-09-28 19:13:42 | src.data.dataset_generator     | INFO   | saved data/raw/555e38fc/val_snr7_echo1.npz: 5000 symbols, x shape=(5000, 100), tau in [1, 33], f_d in [4.595e-10, 7.997e-05]
2026-09-28 19:13:42 | src.data.dataset_generator     | INFO   | saved data/raw/555e38fc/val_snr9_echo1.npz: 5000 symbols, x shape=(5000, 100), tau in [1, 33], f_d in [8.012e-09, 7.998e-05]
2026-09-28 19:13:42 | src.data.dataset_generator     | INFO   | saved data/raw/555e38fc/val_snr11_echo1.npz: 5000 symbols, x shape=(5000, 100), tau in [1, 33], f_d in [3.124e-09, 8.000e-05]
2026-09-28 19:13:43 | src.data.dataset_generator     | INFO   | saved data/raw/555e38fc/val_snr13_echo1.npz: 5000 symbols, x shape=(5000, 100), tau in [1, 33], f_d in [7.868e-09, 7.998e-05]
2026-09-28 19:13:43 | src.data.dataset_generator     | INFO   | saved data/raw/555e38fc/val_snr15_echo1.npz: 5000 symbols, x shape=(5000, 100), tau in [1, 33], f_d in [1.013e-08, 7.999e-05]
2026-09-28 19:13:43 | src.data.dataset_generator     | INFO   | saved data/raw/555e38fc/val_snr17_echo1.npz: 5000 symbols, x shape=(5000, 100), tau in [1, 33], f_d in [1.550e-09, 7.999e-05]
2026-09-28 19:13:43 | src.data.dataset_generator     | INFO   | saved data/raw/555e38fc/val_snr19_echo1.npz: 5000 symbols, x shape=(5000, 100), tau in [1, 33], f_d in [2.254e-08, 7.998e-05]
2026-09-28 19:13:44 | src.data.dataset_generator     | INFO   | saved data/raw/555e38fc/val_snr21_echo1.npz: 5000 symbols, x shape=(5000, 100), tau in [1, 33], f_d in [1.250e-08, 7.997e-05]
2026-09-28 19:13:44 | src.data.dataset_generator     | INFO   | split 'val': 14 files generated, 5000 symbols per combination (combos=14)
2026-09-28 19:13:45 | src.data.dataset_generator     | INFO   | saved data/raw/555e38fc/test_snr-5_echo1.npz: 20000 symbols, x shape=(20000, 100), tau in [1, 33], f_d in [5.907e-09, 7.999e-05]
2026-09-28 19:13:46 | src.data.dataset_generator     | INFO   | saved data/raw/555e38fc/test_snr-3_echo1.npz: 20000 symbols, x shape=(20000, 100), tau in [1, 33], f_d in [7.431e-10, 7.999e-05]
2026-09-28 19:13:47 | src.data.dataset_generator     | INFO   | saved data/raw/555e38fc/test_snr-1_echo1.npz: 20000 symbols, x shape=(20000, 100), tau in [1, 33], f_d in [3.074e-09, 8.000e-05]
2026-09-28 19:13:48 | src.data.dataset_generator     | INFO   | saved data/raw/555e38fc/test_snr1_echo1.npz: 20000 symbols, x shape=(20000, 100), tau in [1, 33], f_d in [4.446e-09, 7.999e-05]
2026-09-28 19:13:49 | src.data.dataset_generator     | INFO   | saved data/raw/555e38fc/test_snr3_echo1.npz: 20000 symbols, x shape=(20000, 100), tau in [1, 33], f_d in [6.471e-09, 7.999e-05]
2026-09-28 19:13:51 | src.data.dataset_generator     | INFO   | saved data/raw/555e38fc/test_snr5_echo1.npz: 20000 symbols, x shape=(20000, 100), tau in [1, 33], f_d in [2.703e-09, 8.000e-05]
2026-09-28 19:13:52 | src.data.dataset_generator     | INFO   | saved data/raw/555e38fc/test_snr7_echo1.npz: 20000 symbols, x shape=(20000, 100), tau in [1, 33], f_d in [8.244e-09, 7.997e-05]
2026-09-28 19:13:53 | src.data.dataset_generator     | INFO   | saved data/raw/555e38fc/test_snr9_echo1.npz: 20000 symbols, x shape=(20000, 100), tau in [1, 33], f_d in [3.030e-08, 8.000e-05]
2026-09-28 19:13:54 | src.data.dataset_generator     | INFO   | saved data/raw/555e38fc/test_snr11_echo1.npz: 20000 symbols, x shape=(20000, 100), tau in [1, 33], f_d in [4.338e-09, 7.999e-05]
2026-09-28 19:13:55 | src.data.dataset_generator     | INFO   | saved data/raw/555e38fc/test_snr13_echo1.npz: 20000 symbols, x shape=(20000, 100), tau in [1, 33], f_d in [6.262e-10, 8.000e-05]
2026-09-28 19:13:56 | src.data.dataset_generator     | INFO   | saved data/raw/555e38fc/test_snr15_echo1.npz: 20000 symbols, x shape=(20000, 100), tau in [1, 33], f_d in [8.955e-10, 7.999e-05]
2026-09-28 19:13:57 | src.data.dataset_generator     | INFO   | saved data/raw/555e38fc/test_snr17_echo1.npz: 20000 symbols, x shape=(20000, 100), tau in [1, 33], f_d in [7.527e-10, 8.000e-05]
2026-09-28 19:13:58 | src.data.dataset_generator     | INFO   | saved data/raw/555e38fc/test_snr19_echo1.npz: 20000 symbols, x shape=(20000, 100), tau in [1, 33], f_d in [8.022e-09, 8.000e-05]
2026-09-28 19:13:59 | src.data.dataset_generator     | INFO   | saved data/raw/555e38fc/test_snr21_echo1.npz: 20000 symbols, x shape=(20000, 100), tau in [1, 33], f_d in [3.473e-10, 7.999e-05]
2026-09-28 19:13:59 | src.data.dataset_generator     | INFO   | split 'test': 14 files generated, 20000 symbols per combination (combos=14)
2026-09-28 19:13:59 | src.data.data_loader           | INFO   | split 'train': 105000 total samples, x shape=(105000, 100), tau in [1.00, 33.00], f_d in [3.120e-10, 8.000e-05]
2026-09-28 19:13:59 | src.data.data_loader           | INFO   | balancing verified: 7500 samples for each of the 14 (SNR, K) combinations
2026-09-28 19:14:14 | src.experiments.pipeline       | INFO   | Split 'train': 105000 samples
2026-09-28 19:14:14 | src.data.data_loader           | INFO   | split 'val': 70000 total samples, x shape=(70000, 100), tau in [1.00, 33.00], f_d in [2.573e-10, 8.000e-05]
2026-09-28 19:14:14 | src.data.data_loader           | INFO   | balancing verified: 5000 samples for each of the 14 (SNR, K) combinations
2026-09-28 19:14:25 | src.experiments.pipeline       | INFO   | Split 'val': 70000 samples
2026-09-28 19:14:27 | src.data.data_loader           | INFO   | dataset built: n=105000, batch_size=128, feature_mode=iq, shuffle=True, seed=42
2026-09-28 19:14:28 | src.data.data_loader           | INFO   | dataset built: n=70000, batch_size=128, feature_mode=iq, shuffle=False, seed=42
2026-09-28 19:14:28 | __main__                       | INFO   | Architecture: conv1d
2026-09-28 19:14:28 | src.experiments.pipeline       | INFO   | build_model 'conv1d': model seed applied = 21 (from model.seeds.conv1d, dataset seed stays 42)
2026-09-28 19:14:29 | src.models.heads               | INFO   | communication_head built: input_dim=64, units=128, M=2, params=8578
2026-09-28 19:14:29 | src.models.heads               | INFO   | sensing_head built: input_dim=228, units=32, output_units=2, params=7394
2026-09-28 19:14:31 | src.models.ultra_can           | INFO   | model 'dual_head_ultra_can' built: comm=8578 params, sensing=7394 params, TOTAL=26629 params
2026-09-28 19:14:31 | src.experiments.pipeline       | INFO   | Model 'dual_head_ultra_can' built: 26629 trainable parameters.
2026-09-28 19:14:31 | src.experiments.pipeline       | INFO   | Training for 30 epochs, lambda_mse=2.0000
2026-09-28 19:14:31 | src.training.trainer           | INFO   | Sensing component weights: delay=1.000, f_doppler=1.000
2026-09-28 19:14:31 | src.training.trainer           | INFO   | Trainer initialized: lambda_mse = 2.0
2026-09-28 19:14:32 | src.training.trainer           | INFO   | Model compiled: loss_weights = {'comm': 1.0, 'sensing': 2}, lr=0.001000, optimizer=adam, label_smoothing=0.1, lr_schedule=cosine, sensing_range_penalty=1.0, sensing_component_weights=[1.0, 1.0]
2026-09-28 19:14:34 | src.training.trainer           | INFO   | Callbacks configured: 5
2026-09-28 19:14:34 | src.training.trainer           | INFO   | Starting training: epochs=30, batch_size=128
2026-09-28 19:18:41 | src.training.trainer           | INFO   | History saved to /content/drive/MyDrive/DHUC_RUN/conv1d/full/ber_vs_snr/k1_doppler_full/conv1d/logs/history.csv
2026-09-28 19:18:41 | src.training.trainer           | INFO   | Metadata saved to /content/drive/MyDrive/DHUC_RUN/conv1d/full/ber_vs_snr/k1_doppler_full/conv1d/logs/run_metadata.json
2026-09-28 19:18:41 | src.training.trainer           | INFO   | Training completed in 30 epochs. Best val_loss = 0.336499, best loss = 0.333028
2026-09-28 19:18:41 | src.training.trainer           | INFO   | Best weights reloaded from /content/drive/MyDrive/DHUC_RUN/conv1d/full/ber_vs_snr/k1_doppler_full/conv1d/logs/best_weights.weights.h5 before evaluation/saving
2026-09-28 19:18:41 | src.evaluation.evaluator       | INFO   | ONLINE evaluation over 14 SNR points (batch=100000, max_symbols=2000000, floor BER=2.5e-07)
2026-09-28 19:18:54 | src.evaluation.evaluator       | WARNING | SNR=-5.0 dB: 37/200000 sensing elements outside [0,1] (min=-0.2428, max=1.2495) -> clamped
2026-09-28 19:19:06 | src.evaluation.evaluator       | WARNING | SNR=-3.0 dB: 46/200000 sensing elements outside [0,1] (min=-0.1495, max=1.1648) -> clamped
2026-09-28 19:19:19 | src.evaluation.evaluator       | WARNING | SNR=-1.0 dB: 73/200000 sensing elements outside [0,1] (min=-0.1058, max=1.1768) -> clamped
2026-09-28 19:19:32 | src.evaluation.evaluator       | WARNING | SNR=1.0 dB: 119/200000 sensing elements outside [0,1] (min=-0.1339, max=1.1874) -> clamped
2026-09-28 19:19:57 | src.evaluation.evaluator       | WARNING | SNR=3.0 dB: 428/400000 sensing elements outside [0,1] (min=-0.1269, max=1.1669) -> clamped
2026-09-28 19:20:36 | src.evaluation.evaluator       | WARNING | SNR=5.0 dB: 1139/600000 sensing elements outside [0,1] (min=-0.1703, max=1.1707) -> clamped
2026-09-28 19:21:38 | src.evaluation.evaluator       | WARNING | SNR=7.0 dB: 3254/1000000 sensing elements outside [0,1] (min=-0.1576, max=1.1768) -> clamped
2026-09-28 19:22:55 | src.evaluation.evaluator       | WARNING | SNR=9.0 dB: 5953/1200000 sensing elements outside [0,1] (min=-0.1408, max=1.1605) -> clamped
2026-09-28 19:25:14 | src.evaluation.evaluator       | WARNING | SNR=11.0 dB: 15643/2200000 sensing elements outside [0,1] (min=-0.1547, max=1.2725) -> clamped
2026-09-28 19:27:33 | src.evaluation.evaluator       | WARNING | SNR=13.0 dB: 20741/2200000 sensing elements outside [0,1] (min=-0.1703, max=1.2034) -> clamped
2026-09-28 19:29:26 | src.evaluation.evaluator       | WARNING | SNR=15.0 dB: 21123/1800000 sensing elements outside [0,1] (min=-0.1318, max=1.2020) -> clamped
2026-09-28 19:31:34 | src.evaluation.evaluator       | WARNING | SNR=17.0 dB: 28884/2000000 sensing elements outside [0,1] (min=-0.1424, max=1.1842) -> clamped
2026-09-28 19:34:43 | src.evaluation.evaluator       | WARNING | SNR=19.0 dB: 49485/3000000 sensing elements outside [0,1] (min=-0.1421, max=1.1747) -> clamped
2026-09-28 19:37:39 | src.evaluation.evaluator       | WARNING | SNR=21.0 dB: 52147/2800000 sensing elements outside [0,1] (min=-0.1302, max=1.2052) -> clamped
2026-09-28 19:37:39 | src.evaluation.evaluator       | INFO   | Online evaluation completed for 14 SNR points
2026-09-28 19:37:39 | src.experiments.pipeline       | INFO   | Metrics saved to /content/drive/MyDrive/DHUC_RUN/conv1d/full/ber_vs_snr/k1_doppler_full/conv1d/metrics.csv
2026-09-28 19:37:40 | src.evaluation.evaluator       | INFO   | BER plot saved to /content/drive/MyDrive/DHUC_RUN/conv1d/full/ber_vs_snr/k1_doppler_full/conv1d/plots/ber_vs_snr_dual_head_ultra_can.pdf
2026-09-28 19:37:40 | src.experiments.pipeline       | INFO   | BER vs SNR plot saved to /content/drive/MyDrive/DHUC_RUN/conv1d/full/ber_vs_snr/k1_doppler_full/conv1d/plots/ber_vs_snr_dual_head_ultra_can.pdf
2026-09-28 19:37:40 | src.experiments.pipeline       | INFO   | Model saved to /content/drive/MyDrive/DHUC_RUN/conv1d/full/ber_vs_snr/k1_doppler_full/conv1d/best_model.keras
2026-09-28 19:37:40 | src.utils.config_loader        | INFO   | config snapshot saved: /content/drive/MyDrive/DHUC_RUN/conv1d/full/ber_vs_snr/k1_doppler_full/conv1d/logs/config_used.yaml
2026-09-28 19:37:41 | __main__                       | INFO   | RSS [ber_vs_snr k1_doppler_full/conv1d] = 2.92 GB
2026-09-28 19:37:41 | src.evaluation.compare_baselines | INFO   | BER plot saved to /content/drive/MyDrive/DHUC_RUN/conv1d/full/ber_vs_snr/plots/ber_vs_snr_k1_doppler_full.pdf
2026-09-28 19:37:41 | src.experiments.pipeline       | INFO   | Overlay saved to /content/drive/MyDrive/DHUC_RUN/conv1d/full/ber_vs_snr/plots/ber_vs_snr_k1_doppler_full.pdf
2026-09-28 19:37:42 | __main__                       | INFO   | RSS [ber_vs_snr k1_doppler_full scenario done] = 2.55 GB
2026-09-28 19:37:42 | __main__                       | INFO   | --- Scenario: k3_doppler_full ---
2026-09-28 19:37:42 | src.experiments.pipeline       | INFO   | Dataset not found in data/raw/b40bac87, generating...
2026-09-28 19:37:42 | src.data.dataset_generator     | INFO   | saved data/raw/b40bac87/train_snr-5_echo3.npz: 7500 symbols, x shape=(7500, 100), tau in [1, 33], f_d in [5.123e-10, 7.999e-05]
2026-09-28 19:37:43 | src.data.dataset_generator     | INFO   | saved data/raw/b40bac87/train_snr-3_echo3.npz: 7500 symbols, x shape=(7500, 100), tau in [1, 33], f_d in [2.036e-08, 8.000e-05]
2026-09-28 19:37:44 | src.data.dataset_generator     | INFO   | saved data/raw/b40bac87/train_snr-1_echo3.npz: 7500 symbols, x shape=(7500, 100), tau in [1, 33], f_d in [1.816e-08, 7.999e-05]
2026-09-28 19:37:44 | src.data.dataset_generator     | INFO   | saved data/raw/b40bac87/train_snr1_echo3.npz: 7500 symbols, x shape=(7500, 100), tau in [1, 33], f_d in [6.635e-09, 8.000e-05]
2026-09-28 19:37:45 | src.data.dataset_generator     | INFO   | saved data/raw/b40bac87/train_snr3_echo3.npz: 7500 symbols, x shape=(7500, 100), tau in [1, 33], f_d in [2.007e-08, 7.999e-05]
2026-09-28 19:37:45 | src.data.dataset_generator     | INFO   | saved data/raw/b40bac87/train_snr5_echo3.npz: 7500 symbols, x shape=(7500, 100), tau in [1, 33], f_d in [2.503e-10, 8.000e-05]
2026-09-28 19:37:46 | src.data.dataset_generator     | INFO   | saved data/raw/b40bac87/train_snr7_echo3.npz: 7500 symbols, x shape=(7500, 100), tau in [1, 33], f_d in [8.852e-09, 7.999e-05]
2026-09-28 19:37:46 | src.data.dataset_generator     | INFO   | saved data/raw/b40bac87/train_snr9_echo3.npz: 7500 symbols, x shape=(7500, 100), tau in [1, 33], f_d in [6.658e-09, 8.000e-05]
2026-09-28 19:37:46 | src.data.dataset_generator     | INFO   | saved data/raw/b40bac87/train_snr11_echo3.npz: 7500 symbols, x shape=(7500, 100), tau in [1, 33], f_d in [2.039e-09, 8.000e-05]
2026-09-28 19:37:47 | src.data.dataset_generator     | INFO   | saved data/raw/b40bac87/train_snr13_echo3.npz: 7500 symbols, x shape=(7500, 100), tau in [1, 33], f_d in [1.279e-08, 8.000e-05]
2026-09-28 19:37:47 | src.data.dataset_generator     | INFO   | saved data/raw/b40bac87/train_snr15_echo3.npz: 7500 symbols, x shape=(7500, 100), tau in [1, 33], f_d in [5.939e-09, 7.999e-05]
2026-09-28 19:37:48 | src.data.dataset_generator     | INFO   | saved data/raw/b40bac87/train_snr17_echo3.npz: 7500 symbols, x shape=(7500, 100), tau in [1, 33], f_d in [1.867e-08, 7.997e-05]
2026-09-28 19:37:48 | src.data.dataset_generator     | INFO   | saved data/raw/b40bac87/train_snr19_echo3.npz: 7500 symbols, x shape=(7500, 100), tau in [1, 33], f_d in [3.120e-10, 8.000e-05]
2026-09-28 19:37:49 | src.data.dataset_generator     | INFO   | saved data/raw/b40bac87/train_snr21_echo3.npz: 7500 symbols, x shape=(7500, 100), tau in [1, 33], f_d in [3.692e-09, 7.999e-05]
2026-09-28 19:37:49 | src.data.dataset_generator     | INFO   | split 'train': 14 files generated, 7500 symbols per combination (combos=14)
2026-09-28 19:37:49 | src.data.dataset_generator     | INFO   | saved data/raw/b40bac87/val_snr-5_echo3.npz: 5000 symbols, x shape=(5000, 100), tau in [1, 33], f_d in [1.999e-08, 8.000e-05]
2026-09-28 19:37:49 | src.data.dataset_generator     | INFO   | saved data/raw/b40bac87/val_snr-3_echo3.npz: 5000 symbols, x shape=(5000, 100), tau in [1, 33], f_d in [9.208e-09, 7.999e-05]
2026-09-28 19:37:49 | src.data.dataset_generator     | INFO   | saved data/raw/b40bac87/val_snr-1_echo3.npz: 5000 symbols, x shape=(5000, 100), tau in [1, 33], f_d in [9.319e-10, 8.000e-05]
2026-09-28 19:37:50 | src.data.dataset_generator     | INFO   | saved data/raw/b40bac87/val_snr1_echo3.npz: 5000 symbols, x shape=(5000, 100), tau in [1, 33], f_d in [3.260e-09, 7.991e-05]
2026-09-28 19:37:50 | src.data.dataset_generator     | INFO   | saved data/raw/b40bac87/val_snr3_echo3.npz: 5000 symbols, x shape=(5000, 100), tau in [1, 33], f_d in [1.621e-08, 7.998e-05]
2026-09-28 19:37:50 | src.data.dataset_generator     | INFO   | saved data/raw/b40bac87/val_snr5_echo3.npz: 5000 symbols, x shape=(5000, 100), tau in [1, 33], f_d in [1.406e-09, 8.000e-05]
2026-09-28 19:37:51 | src.data.dataset_generator     | INFO   | saved data/raw/b40bac87/val_snr7_echo3.npz: 5000 symbols, x shape=(5000, 100), tau in [1, 33], f_d in [6.021e-08, 7.999e-05]
2026-09-28 19:37:51 | src.data.dataset_generator     | INFO   | saved data/raw/b40bac87/val_snr9_echo3.npz: 5000 symbols, x shape=(5000, 100), tau in [1, 33], f_d in [4.812e-09, 8.000e-05]
2026-09-28 19:37:51 | src.data.dataset_generator     | INFO   | saved data/raw/b40bac87/val_snr11_echo3.npz: 5000 symbols, x shape=(5000, 100), tau in [1, 33], f_d in [3.124e-09, 7.998e-05]
2026-09-28 19:37:51 | src.data.dataset_generator     | INFO   | saved data/raw/b40bac87/val_snr13_echo3.npz: 5000 symbols, x shape=(5000, 100), tau in [1, 33], f_d in [2.243e-08, 7.999e-05]
2026-09-28 19:37:52 | src.data.dataset_generator     | INFO   | saved data/raw/b40bac87/val_snr15_echo3.npz: 5000 symbols, x shape=(5000, 100), tau in [1, 33], f_d in [1.167e-08, 8.000e-05]
2026-09-28 19:37:52 | src.data.dataset_generator     | INFO   | saved data/raw/b40bac87/val_snr17_echo3.npz: 5000 symbols, x shape=(5000, 100), tau in [1, 33], f_d in [1.401e-08, 7.999e-05]
2026-09-28 19:37:52 | src.data.dataset_generator     | INFO   | saved data/raw/b40bac87/val_snr19_echo3.npz: 5000 symbols, x shape=(5000, 100), tau in [1, 33], f_d in [2.679e-08, 7.999e-05]
2026-09-28 19:37:53 | src.data.dataset_generator     | INFO   | saved data/raw/b40bac87/val_snr21_echo3.npz: 5000 symbols, x shape=(5000, 100), tau in [1, 33], f_d in [1.340e-08, 7.998e-05]
2026-09-28 19:37:53 | src.data.dataset_generator     | INFO   | split 'val': 14 files generated, 5000 symbols per combination (combos=14)
2026-09-28 19:37:54 | src.data.dataset_generator     | INFO   | saved data/raw/b40bac87/test_snr-5_echo3.npz: 20000 symbols, x shape=(20000, 100), tau in [1, 33], f_d in [3.654e-09, 8.000e-05]
2026-09-28 19:37:55 | src.data.dataset_generator     | INFO   | saved data/raw/b40bac87/test_snr-3_echo3.npz: 20000 symbols, x shape=(20000, 100), tau in [1, 33], f_d in [7.431e-10, 7.999e-05]
2026-09-28 19:37:57 | src.data.dataset_generator     | INFO   | saved data/raw/b40bac87/test_snr-1_echo3.npz: 20000 symbols, x shape=(20000, 100), tau in [1, 33], f_d in [3.074e-09, 8.000e-05]
2026-09-28 19:37:59 | src.data.dataset_generator     | INFO   | saved data/raw/b40bac87/test_snr1_echo3.npz: 20000 symbols, x shape=(20000, 100), tau in [1, 33], f_d in [4.446e-09, 8.000e-05]
2026-09-28 19:38:00 | src.data.dataset_generator     | INFO   | saved data/raw/b40bac87/test_snr3_echo3.npz: 20000 symbols, x shape=(20000, 100), tau in [1, 33], f_d in [6.713e-10, 8.000e-05]
2026-09-28 19:38:01 | src.data.dataset_generator     | INFO   | saved data/raw/b40bac87/test_snr5_echo3.npz: 20000 symbols, x shape=(20000, 100), tau in [1, 33], f_d in [3.631e-09, 7.999e-05]
2026-09-28 19:38:02 | src.data.dataset_generator     | INFO   | saved data/raw/b40bac87/test_snr7_echo3.npz: 20000 symbols, x shape=(20000, 100), tau in [1, 33], f_d in [1.594e-09, 7.999e-05]
2026-09-28 19:38:03 | src.data.dataset_generator     | INFO   | saved data/raw/b40bac87/test_snr9_echo3.npz: 20000 symbols, x shape=(20000, 100), tau in [1, 33], f_d in [4.142e-09, 8.000e-05]
2026-09-28 19:38:04 | src.data.dataset_generator     | INFO   | saved data/raw/b40bac87/test_snr11_echo3.npz: 20000 symbols, x shape=(20000, 100), tau in [1, 33], f_d in [1.007e-08, 7.999e-05]
2026-09-28 19:38:06 | src.data.dataset_generator     | INFO   | saved data/raw/b40bac87/test_snr13_echo3.npz: 20000 symbols, x shape=(20000, 100), tau in [1, 33], f_d in [1.064e-09, 8.000e-05]
2026-09-28 19:38:07 | src.data.dataset_generator     | INFO   | saved data/raw/b40bac87/test_snr15_echo3.npz: 20000 symbols, x shape=(20000, 100), tau in [1, 33], f_d in [8.955e-10, 7.999e-05]
2026-09-28 19:38:08 | src.data.dataset_generator     | INFO   | saved data/raw/b40bac87/test_snr17_echo3.npz: 20000 symbols, x shape=(20000, 100), tau in [1, 33], f_d in [4.564e-09, 8.000e-05]
2026-09-28 19:38:10 | src.data.dataset_generator     | INFO   | saved data/raw/b40bac87/test_snr19_echo3.npz: 20000 symbols, x shape=(20000, 100), tau in [1, 33], f_d in [1.161e-08, 8.000e-05]
2026-09-28 19:38:11 | src.data.dataset_generator     | INFO   | saved data/raw/b40bac87/test_snr21_echo3.npz: 20000 symbols, x shape=(20000, 100), tau in [1, 33], f_d in [1.673e-09, 7.999e-05]
2026-09-28 19:38:11 | src.data.dataset_generator     | INFO   | split 'test': 14 files generated, 20000 symbols per combination (combos=14)
2026-09-28 19:38:12 | src.data.data_loader           | INFO   | split 'train': 105000 total samples, x shape=(105000, 100), tau in [1.00, 33.00], f_d in [2.503e-10, 8.000e-05]
2026-09-28 19:38:12 | src.data.data_loader           | INFO   | balancing verified: 7500 samples for each of the 14 (SNR, K) combinations
2026-09-28 19:38:27 | src.experiments.pipeline       | INFO   | Split 'train': 105000 samples
2026-09-28 19:38:27 | src.data.data_loader           | INFO   | split 'val': 70000 total samples, x shape=(70000, 100), tau in [1.00, 33.00], f_d in [9.319e-10, 8.000e-05]
2026-09-28 19:38:27 | src.data.data_loader           | INFO   | balancing verified: 5000 samples for each of the 14 (SNR, K) combinations
2026-09-28 19:38:36 | src.experiments.pipeline       | INFO   | Split 'val': 70000 samples
2026-09-28 19:38:36 | src.data.data_loader           | INFO   | dataset built: n=105000, batch_size=128, feature_mode=iq, shuffle=True, seed=42
2026-09-28 19:38:37 | src.data.data_loader           | INFO   | dataset built: n=70000, batch_size=128, feature_mode=iq, shuffle=False, seed=42
2026-09-28 19:38:37 | __main__                       | INFO   | Architecture: conv1d
2026-09-28 19:38:37 | src.experiments.pipeline       | INFO   | build_model 'conv1d': model seed applied = 21 (from model.seeds.conv1d, dataset seed stays 42)
2026-09-28 19:38:37 | src.models.heads               | INFO   | communication_head built: input_dim=64, units=128, M=2, params=8578
2026-09-28 19:38:37 | src.models.heads               | INFO   | sensing_head built: input_dim=228, units=32, output_units=2, params=7394
2026-09-28 19:38:38 | src.models.ultra_can           | INFO   | model 'dual_head_ultra_can' built: comm=8578 params, sensing=7394 params, TOTAL=26629 params
2026-09-28 19:38:38 | src.experiments.pipeline       | INFO   | Model 'dual_head_ultra_can' built: 26629 trainable parameters.
2026-09-28 19:38:38 | src.experiments.pipeline       | INFO   | Training for 30 epochs, lambda_mse=2.0000
2026-09-28 19:38:38 | src.training.trainer           | INFO   | Sensing component weights: delay=1.000, f_doppler=1.000
2026-09-28 19:38:38 | src.training.trainer           | INFO   | Trainer initialized: lambda_mse = 2.0
2026-09-28 19:38:39 | src.training.trainer           | INFO   | Model compiled: loss_weights = {'comm': 1.0, 'sensing': 2}, lr=0.001000, optimizer=adam, label_smoothing=0.1, lr_schedule=cosine, sensing_range_penalty=1.0, sensing_component_weights=[1.0, 1.0]
2026-09-28 19:38:40 | src.training.trainer           | INFO   | Callbacks configured: 5
2026-09-28 19:38:40 | src.training.trainer           | INFO   | Starting training: epochs=30, batch_size=128
2026-09-28 19:42:37 | src.training.trainer           | INFO   | History saved to /content/drive/MyDrive/DHUC_RUN/conv1d/full/ber_vs_snr/k3_doppler_full/conv1d/logs/history.csv
2026-09-28 19:42:37 | src.training.trainer           | INFO   | Metadata saved to /content/drive/MyDrive/DHUC_RUN/conv1d/full/ber_vs_snr/k3_doppler_full/conv1d/logs/run_metadata.json
2026-09-28 19:42:37 | src.training.trainer           | INFO   | Training completed in 30 epochs. Best val_loss = 0.340596, best loss = 0.336628
2026-09-28 19:42:38 | src.training.trainer           | INFO   | Best weights reloaded from /content/drive/MyDrive/DHUC_RUN/conv1d/full/ber_vs_snr/k3_doppler_full/conv1d/logs/best_weights.weights.h5 before evaluation/saving
2026-09-28 19:42:38 | src.evaluation.evaluator       | INFO   | ONLINE evaluation over 14 SNR points (batch=100000, max_symbols=2000000, floor BER=2.5e-07)
2026-09-28 19:42:52 | src.evaluation.evaluator       | WARNING | SNR=-5.0 dB: 23/200000 sensing elements outside [0,1] (min=-0.1042, max=1.1372) -> clamped
2026-09-28 19:43:06 | src.evaluation.evaluator       | WARNING | SNR=-3.0 dB: 32/200000 sensing elements outside [0,1] (min=-0.0823, max=1.0991) -> clamped
2026-09-28 19:43:20 | src.evaluation.evaluator       | WARNING | SNR=-1.0 dB: 40/200000 sensing elements outside [0,1] (min=-0.0996, max=1.1083) -> clamped
2026-09-28 19:43:34 | src.evaluation.evaluator       | WARNING | SNR=1.0 dB: 66/200000 sensing elements outside [0,1] (min=-0.0758, max=1.0726) -> clamped
2026-09-28 19:43:48 | src.evaluation.evaluator       | WARNING | SNR=3.0 dB: 140/200000 sensing elements outside [0,1] (min=-0.0871, max=1.1186) -> clamped
2026-09-28 19:44:16 | src.evaluation.evaluator       | WARNING | SNR=5.0 dB: 435/400000 sensing elements outside [0,1] (min=-0.0752, max=1.1119) -> clamped
2026-09-28 19:44:44 | src.evaluation.evaluator       | WARNING | SNR=7.0 dB: 650/400000 sensing elements outside [0,1] (min=-0.1003, max=1.1597) -> clamped
2026-09-28 19:45:40 | src.evaluation.evaluator       | WARNING | SNR=9.0 dB: 1928/800000 sensing elements outside [0,1] (min=-0.1107, max=1.1370) -> clamped
2026-09-28 19:46:36 | src.evaluation.evaluator       | WARNING | SNR=11.0 dB: 2442/800000 sensing elements outside [0,1] (min=-0.1023, max=1.1413) -> clamped
2026-09-28 19:48:00 | src.evaluation.evaluator       | WARNING | SNR=13.0 dB: 4416/1200000 sensing elements outside [0,1] (min=-0.1078, max=1.1263) -> clamped
2026-09-28 19:49:23 | src.evaluation.evaluator       | WARNING | SNR=15.0 dB: 4897/1200000 sensing elements outside [0,1] (min=-0.1013, max=1.1570) -> clamped
2026-09-28 19:50:46 | src.evaluation.evaluator       | WARNING | SNR=17.0 dB: 5295/1200000 sensing elements outside [0,1] (min=-0.1017, max=1.1751) -> clamped
2026-09-28 19:52:23 | src.evaluation.evaluator       | WARNING | SNR=19.0 dB: 6479/1400000 sensing elements outside [0,1] (min=-0.1130, max=1.1206) -> clamped
2026-09-28 19:54:01 | src.evaluation.evaluator       | WARNING | SNR=21.0 dB: 6825/1400000 sensing elements outside [0,1] (min=-0.1162, max=1.1445) -> clamped
2026-09-28 19:54:01 | src.evaluation.evaluator       | INFO   | Online evaluation completed for 14 SNR points
2026-09-28 19:54:01 | src.experiments.pipeline       | INFO   | Metrics saved to /content/drive/MyDrive/DHUC_RUN/conv1d/full/ber_vs_snr/k3_doppler_full/conv1d/metrics.csv
2026-09-28 19:54:01 | src.evaluation.evaluator       | INFO   | BER plot saved to /content/drive/MyDrive/DHUC_RUN/conv1d/full/ber_vs_snr/k3_doppler_full/conv1d/plots/ber_vs_snr_dual_head_ultra_can.pdf
2026-09-28 19:54:01 | src.experiments.pipeline       | INFO   | BER vs SNR plot saved to /content/drive/MyDrive/DHUC_RUN/conv1d/full/ber_vs_snr/k3_doppler_full/conv1d/plots/ber_vs_snr_dual_head_ultra_can.pdf
2026-09-28 19:54:01 | src.experiments.pipeline       | INFO   | Model saved to /content/drive/MyDrive/DHUC_RUN/conv1d/full/ber_vs_snr/k3_doppler_full/conv1d/best_model.keras
2026-09-28 19:54:01 | src.utils.config_loader        | INFO   | config snapshot saved: /content/drive/MyDrive/DHUC_RUN/conv1d/full/ber_vs_snr/k3_doppler_full/conv1d/logs/config_used.yaml
2026-09-28 19:54:02 | __main__                       | INFO   | RSS [ber_vs_snr k3_doppler_full/conv1d] = 3.10 GB
2026-09-28 19:54:02 | src.evaluation.compare_baselines | INFO   | BER plot saved to /content/drive/MyDrive/DHUC_RUN/conv1d/full/ber_vs_snr/plots/ber_vs_snr_k3_doppler_full.pdf
2026-09-28 19:54:02 | src.experiments.pipeline       | INFO   | Overlay saved to /content/drive/MyDrive/DHUC_RUN/conv1d/full/ber_vs_snr/plots/ber_vs_snr_k3_doppler_full.pdf
2026-09-28 19:54:03 | __main__                       | INFO   | RSS [ber_vs_snr k3_doppler_full scenario done] = 2.68 GB
2026-09-28 19:54:03 | __main__                       | INFO   | --- Scenario: k3_doppler_limited ---
2026-09-28 19:54:03 | src.experiments.pipeline       | INFO   | Dataset not found in data/raw/5721f828, generating...
2026-09-28 19:54:03 | src.data.dataset_generator     | INFO   | saved data/raw/5721f828/train_snr-5_echo3.npz: 7500 symbols, x shape=(7500, 100), tau in [1, 33], f_d in [2.562e-10, 4.000e-05]
2026-09-28 19:54:03 | src.data.dataset_generator     | INFO   | saved data/raw/5721f828/train_snr-3_echo3.npz: 7500 symbols, x shape=(7500, 100), tau in [1, 33], f_d in [1.018e-08, 4.000e-05]
2026-09-28 19:54:04 | src.data.dataset_generator     | INFO   | saved data/raw/5721f828/train_snr-1_echo3.npz: 7500 symbols, x shape=(7500, 100), tau in [1, 33], f_d in [9.081e-09, 3.999e-05]
2026-09-28 19:54:04 | src.data.dataset_generator     | INFO   | saved data/raw/5721f828/train_snr1_echo3.npz: 7500 symbols, x shape=(7500, 100), tau in [1, 33], f_d in [3.318e-09, 4.000e-05]
2026-09-28 19:54:05 | src.data.dataset_generator     | INFO   | saved data/raw/5721f828/train_snr3_echo3.npz: 7500 symbols, x shape=(7500, 100), tau in [1, 33], f_d in [1.003e-08, 3.999e-05]
2026-09-28 19:54:06 | src.data.dataset_generator     | INFO   | saved data/raw/5721f828/train_snr5_echo3.npz: 7500 symbols, x shape=(7500, 100), tau in [1, 33], f_d in [1.251e-10, 4.000e-05]
2026-09-28 19:54:06 | src.data.dataset_generator     | INFO   | saved data/raw/5721f828/train_snr7_echo3.npz: 7500 symbols, x shape=(7500, 100), tau in [1, 33], f_d in [4.426e-09, 4.000e-05]
2026-09-28 19:54:07 | src.data.dataset_generator     | INFO   | saved data/raw/5721f828/train_snr9_echo3.npz: 7500 symbols, x shape=(7500, 100), tau in [1, 33], f_d in [3.329e-09, 4.000e-05]
2026-09-28 19:54:08 | src.data.dataset_generator     | INFO   | saved data/raw/5721f828/train_snr11_echo3.npz: 7500 symbols, x shape=(7500, 100), tau in [1, 33], f_d in [1.020e-09, 4.000e-05]
2026-09-28 19:54:08 | src.data.dataset_generator     | INFO   | saved data/raw/5721f828/train_snr13_echo3.npz: 7500 symbols, x shape=(7500, 100), tau in [1, 33], f_d in [6.393e-09, 4.000e-05]
2026-09-28 19:54:09 | src.data.dataset_generator     | INFO   | saved data/raw/5721f828/train_snr15_echo3.npz: 7500 symbols, x shape=(7500, 100), tau in [1, 33], f_d in [2.969e-09, 3.999e-05]
2026-09-28 19:54:09 | src.data.dataset_generator     | INFO   | saved data/raw/5721f828/train_snr17_echo3.npz: 7500 symbols, x shape=(7500, 100), tau in [1, 33], f_d in [9.337e-09, 3.999e-05]
2026-09-28 19:54:10 | src.data.dataset_generator     | INFO   | saved data/raw/5721f828/train_snr19_echo3.npz: 7500 symbols, x shape=(7500, 100), tau in [1, 33], f_d in [1.560e-10, 4.000e-05]
2026-09-28 19:54:10 | src.data.dataset_generator     | INFO   | saved data/raw/5721f828/train_snr21_echo3.npz: 7500 symbols, x shape=(7500, 100), tau in [1, 33], f_d in [1.846e-09, 4.000e-05]
2026-09-28 19:54:10 | src.data.dataset_generator     | INFO   | split 'train': 14 files generated, 7500 symbols per combination (combos=14)
2026-09-28 19:54:10 | src.data.dataset_generator     | INFO   | saved data/raw/5721f828/val_snr-5_echo3.npz: 5000 symbols, x shape=(5000, 100), tau in [1, 33], f_d in [9.995e-09, 4.000e-05]
2026-09-28 19:54:11 | src.data.dataset_generator     | INFO   | saved data/raw/5721f828/val_snr-3_echo3.npz: 5000 symbols, x shape=(5000, 100), tau in [1, 33], f_d in [4.604e-09, 4.000e-05]
2026-09-28 19:54:11 | src.data.dataset_generator     | INFO   | saved data/raw/5721f828/val_snr-1_echo3.npz: 5000 symbols, x shape=(5000, 100), tau in [1, 33], f_d in [4.660e-10, 4.000e-05]
2026-09-28 19:54:11 | src.data.dataset_generator     | INFO   | saved data/raw/5721f828/val_snr1_echo3.npz: 5000 symbols, x shape=(5000, 100), tau in [1, 33], f_d in [1.630e-09, 3.996e-05]
2026-09-28 19:54:11 | src.data.dataset_generator     | INFO   | saved data/raw/5721f828/val_snr3_echo3.npz: 5000 symbols, x shape=(5000, 100), tau in [1, 33], f_d in [8.107e-09, 3.999e-05]
2026-09-28 19:54:12 | src.data.dataset_generator     | INFO   | saved data/raw/5721f828/val_snr5_echo3.npz: 5000 symbols, x shape=(5000, 100), tau in [1, 33], f_d in [7.029e-10, 4.000e-05]
2026-09-28 19:54:12 | src.data.dataset_generator     | INFO   | saved data/raw/5721f828/val_snr7_echo3.npz: 5000 symbols, x shape=(5000, 100), tau in [1, 33], f_d in [3.010e-08, 4.000e-05]
2026-09-28 19:54:12 | src.data.dataset_generator     | INFO   | saved data/raw/5721f828/val_snr9_echo3.npz: 5000 symbols, x shape=(5000, 100), tau in [1, 33], f_d in [2.406e-09, 4.000e-05]
2026-09-28 19:54:13 | src.data.dataset_generator     | INFO   | saved data/raw/5721f828/val_snr11_echo3.npz: 5000 symbols, x shape=(5000, 100), tau in [1, 33], f_d in [1.562e-09, 3.999e-05]
2026-09-28 19:54:13 | src.data.dataset_generator     | INFO   | saved data/raw/5721f828/val_snr13_echo3.npz: 5000 symbols, x shape=(5000, 100), tau in [1, 33], f_d in [1.121e-08, 4.000e-05]
2026-09-28 19:54:13 | src.data.dataset_generator     | INFO   | saved data/raw/5721f828/val_snr15_echo3.npz: 5000 symbols, x shape=(5000, 100), tau in [1, 33], f_d in [5.836e-09, 4.000e-05]
2026-09-28 19:54:13 | src.data.dataset_generator     | INFO   | saved data/raw/5721f828/val_snr17_echo3.npz: 5000 symbols, x shape=(5000, 100), tau in [1, 33], f_d in [7.005e-09, 4.000e-05]
2026-09-28 19:54:14 | src.data.dataset_generator     | INFO   | saved data/raw/5721f828/val_snr19_echo3.npz: 5000 symbols, x shape=(5000, 100), tau in [1, 33], f_d in [1.340e-08, 4.000e-05]
2026-09-28 19:54:14 | src.data.dataset_generator     | INFO   | saved data/raw/5721f828/val_snr21_echo3.npz: 5000 symbols, x shape=(5000, 100), tau in [1, 33], f_d in [6.701e-09, 3.999e-05]
2026-09-28 19:54:14 | src.data.dataset_generator     | INFO   | split 'val': 14 files generated, 5000 symbols per combination (combos=14)
2026-09-28 19:54:15 | src.data.dataset_generator     | INFO   | saved data/raw/5721f828/test_snr-5_echo3.npz: 20000 symbols, x shape=(20000, 100), tau in [1, 33], f_d in [1.827e-09, 4.000e-05]
2026-09-28 19:54:16 | src.data.dataset_generator     | INFO   | saved data/raw/5721f828/test_snr-3_echo3.npz: 20000 symbols, x shape=(20000, 100), tau in [1, 33], f_d in [3.715e-10, 4.000e-05]
2026-09-28 19:54:18 | src.data.dataset_generator     | INFO   | saved data/raw/5721f828/test_snr-1_echo3.npz: 20000 symbols, x shape=(20000, 100), tau in [1, 33], f_d in [1.537e-09, 4.000e-05]
2026-09-28 19:54:19 | src.data.dataset_generator     | INFO   | saved data/raw/5721f828/test_snr1_echo3.npz: 20000 symbols, x shape=(20000, 100), tau in [1, 33], f_d in [2.223e-09, 4.000e-05]
2026-09-28 19:54:21 | src.data.dataset_generator     | INFO   | saved data/raw/5721f828/test_snr3_echo3.npz: 20000 symbols, x shape=(20000, 100), tau in [1, 33], f_d in [3.357e-10, 4.000e-05]
2026-09-28 19:54:22 | src.data.dataset_generator     | INFO   | saved data/raw/5721f828/test_snr5_echo3.npz: 20000 symbols, x shape=(20000, 100), tau in [1, 33], f_d in [1.815e-09, 4.000e-05]
2026-09-28 19:54:24 | src.data.dataset_generator     | INFO   | saved data/raw/5721f828/test_snr7_echo3.npz: 20000 symbols, x shape=(20000, 100), tau in [1, 33], f_d in [7.971e-10, 3.999e-05]
2026-09-28 19:54:25 | src.data.dataset_generator     | INFO   | saved data/raw/5721f828/test_snr9_echo3.npz: 20000 symbols, x shape=(20000, 100), tau in [1, 33], f_d in [2.071e-09, 4.000e-05]
2026-09-28 19:54:26 | src.data.dataset_generator     | INFO   | saved data/raw/5721f828/test_snr11_echo3.npz: 20000 symbols, x shape=(20000, 100), tau in [1, 33], f_d in [5.034e-09, 4.000e-05]
2026-09-28 19:54:27 | src.data.dataset_generator     | INFO   | saved data/raw/5721f828/test_snr13_echo3.npz: 20000 symbols, x shape=(20000, 100), tau in [1, 33], f_d in [5.320e-10, 4.000e-05]
2026-09-28 19:54:28 | src.data.dataset_generator     | INFO   | saved data/raw/5721f828/test_snr15_echo3.npz: 20000 symbols, x shape=(20000, 100), tau in [1, 33], f_d in [4.477e-10, 4.000e-05]
2026-09-28 19:54:29 | src.data.dataset_generator     | INFO   | saved data/raw/5721f828/test_snr17_echo3.npz: 20000 symbols, x shape=(20000, 100), tau in [1, 33], f_d in [2.282e-09, 4.000e-05]
2026-09-28 19:54:31 | src.data.dataset_generator     | INFO   | saved data/raw/5721f828/test_snr19_echo3.npz: 20000 symbols, x shape=(20000, 100), tau in [1, 33], f_d in [5.807e-09, 4.000e-05]
2026-09-28 19:54:32 | src.data.dataset_generator     | INFO   | saved data/raw/5721f828/test_snr21_echo3.npz: 20000 symbols, x shape=(20000, 100), tau in [1, 33], f_d in [8.366e-10, 4.000e-05]
2026-09-28 19:54:32 | src.data.dataset_generator     | INFO   | split 'test': 14 files generated, 20000 symbols per combination (combos=14)
2026-09-28 19:54:32 | src.data.data_loader           | INFO   | split 'train': 105000 total samples, x shape=(105000, 100), tau in [1.00, 33.00], f_d in [1.251e-10, 4.000e-05]
2026-09-28 19:54:32 | src.data.data_loader           | INFO   | balancing verified: 7500 samples for each of the 14 (SNR, K) combinations
2026-09-28 19:54:47 | src.experiments.pipeline       | INFO   | Split 'train': 105000 samples
2026-09-28 19:54:47 | src.data.data_loader           | INFO   | split 'val': 70000 total samples, x shape=(70000, 100), tau in [1.00, 33.00], f_d in [4.660e-10, 4.000e-05]
2026-09-28 19:54:47 | src.data.data_loader           | INFO   | balancing verified: 5000 samples for each of the 14 (SNR, K) combinations
2026-09-28 19:54:58 | src.experiments.pipeline       | INFO   | Split 'val': 70000 samples
2026-09-28 19:54:58 | src.data.data_loader           | INFO   | dataset built: n=105000, batch_size=128, feature_mode=iq, shuffle=True, seed=42
2026-09-28 19:54:59 | src.data.data_loader           | INFO   | dataset built: n=70000, batch_size=128, feature_mode=iq, shuffle=False, seed=42
2026-09-28 19:54:59 | __main__                       | INFO   | Architecture: conv1d
2026-09-28 19:54:59 | src.experiments.pipeline       | INFO   | build_model 'conv1d': model seed applied = 21 (from model.seeds.conv1d, dataset seed stays 42)
2026-09-28 19:54:59 | src.models.heads               | INFO   | communication_head built: input_dim=64, units=128, M=2, params=8578
2026-09-28 19:54:59 | src.models.heads               | INFO   | sensing_head built: input_dim=228, units=32, output_units=2, params=7394
2026-09-28 19:54:59 | src.models.ultra_can           | INFO   | model 'dual_head_ultra_can' built: comm=8578 params, sensing=7394 params, TOTAL=26629 params
2026-09-28 19:54:59 | src.experiments.pipeline       | INFO   | Model 'dual_head_ultra_can' built: 26629 trainable parameters.
2026-09-28 19:54:59 | src.experiments.pipeline       | INFO   | Training for 30 epochs, lambda_mse=2.0000
2026-09-28 19:54:59 | src.training.trainer           | INFO   | Sensing component weights: delay=1.000, f_doppler=1.000
2026-09-28 19:54:59 | src.training.trainer           | INFO   | Trainer initialized: lambda_mse = 2.0
2026-09-28 19:55:00 | src.training.trainer           | INFO   | Model compiled: loss_weights = {'comm': 1.0, 'sensing': 2}, lr=0.001000, optimizer=adam, label_smoothing=0.1, lr_schedule=cosine, sensing_range_penalty=1.0, sensing_component_weights=[1.0, 1.0]
2026-09-28 19:55:00 | src.training.trainer           | INFO   | Callbacks configured: 5
2026-09-28 19:55:00 | src.training.trainer           | INFO   | Starting training: epochs=30, batch_size=128
2026-09-28 19:58:59 | src.training.trainer           | INFO   | History saved to /content/drive/MyDrive/DHUC_RUN/conv1d/full/ber_vs_snr/k3_doppler_limited/conv1d/logs/history.csv
2026-09-28 19:58:59 | src.training.trainer           | INFO   | Metadata saved to /content/drive/MyDrive/DHUC_RUN/conv1d/full/ber_vs_snr/k3_doppler_limited/conv1d/logs/run_metadata.json
2026-09-28 19:58:59 | src.training.trainer           | INFO   | Training completed in 30 epochs. Best val_loss = 0.340586, best loss = 0.336802
2026-09-28 19:59:01 | src.training.trainer           | INFO   | Best weights reloaded from /content/drive/MyDrive/DHUC_RUN/conv1d/full/ber_vs_snr/k3_doppler_limited/conv1d/logs/best_weights.weights.h5 before evaluation/saving
2026-09-28 19:59:01 | src.evaluation.evaluator       | INFO   | ONLINE evaluation over 14 SNR points (batch=100000, max_symbols=2000000, floor BER=2.5e-07)
2026-09-28 19:59:16 | src.evaluation.evaluator       | WARNING | SNR=-5.0 dB: 57/200000 sensing elements outside [0,1] (min=-0.0446, max=1.2143) -> clamped
2026-09-28 19:59:30 | src.evaluation.evaluator       | WARNING | SNR=-3.0 dB: 58/200000 sensing elements outside [0,1] (min=-0.0664, max=1.1565) -> clamped
2026-09-28 19:59:45 | src.evaluation.evaluator       | WARNING | SNR=-1.0 dB: 83/200000 sensing elements outside [0,1] (min=-0.0967, max=1.1583) -> clamped
2026-09-28 19:59:59 | src.evaluation.evaluator       | WARNING | SNR=1.0 dB: 130/200000 sensing elements outside [0,1] (min=-0.0512, max=1.1404) -> clamped
2026-09-28 20:00:13 | src.evaluation.evaluator       | WARNING | SNR=3.0 dB: 245/200000 sensing elements outside [0,1] (min=-0.0664, max=1.1936) -> clamped
2026-09-28 20:00:41 | src.evaluation.evaluator       | WARNING | SNR=5.0 dB: 716/400000 sensing elements outside [0,1] (min=-0.0635, max=1.1896) -> clamped
2026-09-28 20:01:22 | src.evaluation.evaluator       | WARNING | SNR=7.0 dB: 1649/600000 sensing elements outside [0,1] (min=-0.0848, max=1.1910) -> clamped
2026-09-28 20:02:18 | src.evaluation.evaluator       | WARNING | SNR=9.0 dB: 3019/800000 sensing elements outside [0,1] (min=-0.0869, max=1.1839) -> clamped
2026-09-28 20:03:14 | src.evaluation.evaluator       | WARNING | SNR=11.0 dB: 3829/800000 sensing elements outside [0,1] (min=-0.0925, max=1.2071) -> clamped
2026-09-28 20:04:37 | src.evaluation.evaluator       | WARNING | SNR=13.0 dB: 6598/1200000 sensing elements outside [0,1] (min=-0.0903, max=1.2165) -> clamped
2026-09-28 20:06:00 | src.evaluation.evaluator       | WARNING | SNR=15.0 dB: 7490/1200000 sensing elements outside [0,1] (min=-0.0875, max=1.2121) -> clamped
2026-09-28 20:07:23 | src.evaluation.evaluator       | WARNING | SNR=17.0 dB: 8109/1200000 sensing elements outside [0,1] (min=-0.0909, max=1.2520) -> clamped
2026-09-28 20:09:00 | src.evaluation.evaluator       | WARNING | SNR=19.0 dB: 9997/1400000 sensing elements outside [0,1] (min=-0.0798, max=1.1924) -> clamped
2026-09-28 20:10:51 | src.evaluation.evaluator       | WARNING | SNR=21.0 dB: 11696/1600000 sensing elements outside [0,1] (min=-0.0942, max=1.2095) -> clamped
2026-09-28 20:10:51 | src.evaluation.evaluator       | INFO   | Online evaluation completed for 14 SNR points
2026-09-28 20:10:51 | src.experiments.pipeline       | INFO   | Metrics saved to /content/drive/MyDrive/DHUC_RUN/conv1d/full/ber_vs_snr/k3_doppler_limited/conv1d/metrics.csv
2026-09-28 20:10:51 | src.evaluation.evaluator       | INFO   | BER plot saved to /content/drive/MyDrive/DHUC_RUN/conv1d/full/ber_vs_snr/k3_doppler_limited/conv1d/plots/ber_vs_snr_dual_head_ultra_can.pdf
2026-09-28 20:10:51 | src.experiments.pipeline       | INFO   | BER vs SNR plot saved to /content/drive/MyDrive/DHUC_RUN/conv1d/full/ber_vs_snr/k3_doppler_limited/conv1d/plots/ber_vs_snr_dual_head_ultra_can.pdf
2026-09-28 20:10:51 | src.experiments.pipeline       | INFO   | Model saved to /content/drive/MyDrive/DHUC_RUN/conv1d/full/ber_vs_snr/k3_doppler_limited/conv1d/best_model.keras
2026-09-28 20:10:51 | src.utils.config_loader        | INFO   | config snapshot saved: /content/drive/MyDrive/DHUC_RUN/conv1d/full/ber_vs_snr/k3_doppler_limited/conv1d/logs/config_used.yaml
2026-09-28 20:10:52 | __main__                       | INFO   | RSS [ber_vs_snr k3_doppler_limited/conv1d] = 3.28 GB
2026-09-28 20:10:52 | src.evaluation.compare_baselines | INFO   | BER plot saved to /content/drive/MyDrive/DHUC_RUN/conv1d/full/ber_vs_snr/plots/ber_vs_snr_k3_doppler_limited.pdf
2026-09-28 20:10:52 | src.experiments.pipeline       | INFO   | Overlay saved to /content/drive/MyDrive/DHUC_RUN/conv1d/full/ber_vs_snr/plots/ber_vs_snr_k3_doppler_limited.pdf
2026-09-28 20:10:53 | __main__                       | INFO   | RSS [ber_vs_snr k3_doppler_limited scenario done] = 2.86 GB
2026-09-28 20:10:53 | __main__                       | INFO   | --- Scenario: iod_peers ---
2026-09-28 20:10:53 | src.experiments.pipeline       | INFO   | Dataset not found in data/raw/beb4a243, generating...
2026-09-28 20:10:53 | src.data.dataset_generator     | INFO   | saved data/raw/beb4a243/train_snr-5_echo3.npz: 7500 symbols, x shape=(7500, 100), tau in [1, 33], f_d in [5.123e-10, 7.999e-05]
2026-09-28 20:10:54 | src.data.dataset_generator     | INFO   | saved data/raw/beb4a243/train_snr-3_echo3.npz: 7500 symbols, x shape=(7500, 100), tau in [1, 33], f_d in [2.036e-08, 8.000e-05]
2026-09-28 20:10:54 | src.data.dataset_generator     | INFO   | saved data/raw/beb4a243/train_snr-1_echo3.npz: 7500 symbols, x shape=(7500, 100), tau in [1, 33], f_d in [1.816e-08, 7.999e-05]
2026-09-28 20:10:55 | src.data.dataset_generator     | INFO   | saved data/raw/beb4a243/train_snr1_echo3.npz: 7500 symbols, x shape=(7500, 100), tau in [1, 33], f_d in [6.635e-09, 8.000e-05]
2026-09-28 20:10:56 | src.data.dataset_generator     | INFO   | saved data/raw/beb4a243/train_snr3_echo3.npz: 7500 symbols, x shape=(7500, 100), tau in [1, 33], f_d in [2.007e-08, 7.999e-05]
2026-09-28 20:10:57 | src.data.dataset_generator     | INFO   | saved data/raw/beb4a243/train_snr5_echo3.npz: 7500 symbols, x shape=(7500, 100), tau in [1, 33], f_d in [2.503e-10, 8.000e-05]
2026-09-28 20:10:57 | src.data.dataset_generator     | INFO   | saved data/raw/beb4a243/train_snr7_echo3.npz: 7500 symbols, x shape=(7500, 100), tau in [1, 33], f_d in [8.852e-09, 7.999e-05]
2026-09-28 20:10:58 | src.data.dataset_generator     | INFO   | saved data/raw/beb4a243/train_snr9_echo3.npz: 7500 symbols, x shape=(7500, 100), tau in [1, 33], f_d in [6.658e-09, 8.000e-05]
2026-09-28 20:10:59 | src.data.dataset_generator     | INFO   | saved data/raw/beb4a243/train_snr11_echo3.npz: 7500 symbols, x shape=(7500, 100), tau in [1, 33], f_d in [2.039e-09, 8.000e-05]
2026-09-28 20:10:59 | src.data.dataset_generator     | INFO   | saved data/raw/beb4a243/train_snr13_echo3.npz: 7500 symbols, x shape=(7500, 100), tau in [1, 33], f_d in [1.279e-08, 8.000e-05]
2026-09-28 20:11:00 | src.data.dataset_generator     | INFO   | saved data/raw/beb4a243/train_snr15_echo3.npz: 7500 symbols, x shape=(7500, 100), tau in [1, 33], f_d in [5.939e-09, 7.999e-05]
2026-09-28 20:11:00 | src.data.dataset_generator     | INFO   | saved data/raw/beb4a243/train_snr17_echo3.npz: 7500 symbols, x shape=(7500, 100), tau in [1, 33], f_d in [1.867e-08, 7.997e-05]
2026-09-28 20:11:01 | src.data.dataset_generator     | INFO   | saved data/raw/beb4a243/train_snr19_echo3.npz: 7500 symbols, x shape=(7500, 100), tau in [1, 33], f_d in [3.120e-10, 8.000e-05]
2026-09-28 20:11:01 | src.data.dataset_generator     | INFO   | saved data/raw/beb4a243/train_snr21_echo3.npz: 7500 symbols, x shape=(7500, 100), tau in [1, 33], f_d in [3.692e-09, 7.999e-05]
2026-09-28 20:11:01 | src.data.dataset_generator     | INFO   | split 'train': 14 files generated, 7500 symbols per combination (combos=14)
2026-09-28 20:11:02 | src.data.dataset_generator     | INFO   | saved data/raw/beb4a243/val_snr-5_echo3.npz: 5000 symbols, x shape=(5000, 100), tau in [1, 33], f_d in [1.999e-08, 8.000e-05]
2026-09-28 20:11:02 | src.data.dataset_generator     | INFO   | saved data/raw/beb4a243/val_snr-3_echo3.npz: 5000 symbols, x shape=(5000, 100), tau in [1, 33], f_d in [9.208e-09, 7.999e-05]
2026-09-28 20:11:02 | src.data.dataset_generator     | INFO   | saved data/raw/beb4a243/val_snr-1_echo3.npz: 5000 symbols, x shape=(5000, 100), tau in [1, 33], f_d in [9.319e-10, 8.000e-05]
2026-09-28 20:11:03 | src.data.dataset_generator     | INFO   | saved data/raw/beb4a243/val_snr1_echo3.npz: 5000 symbols, x shape=(5000, 100), tau in [1, 33], f_d in [3.260e-09, 7.991e-05]
2026-09-28 20:11:03 | src.data.dataset_generator     | INFO   | saved data/raw/beb4a243/val_snr3_echo3.npz: 5000 symbols, x shape=(5000, 100), tau in [1, 33], f_d in [1.621e-08, 7.998e-05]
2026-09-28 20:11:03 | src.data.dataset_generator     | INFO   | saved data/raw/beb4a243/val_snr5_echo3.npz: 5000 symbols, x shape=(5000, 100), tau in [1, 33], f_d in [1.406e-09, 8.000e-05]
2026-09-28 20:11:04 | src.data.dataset_generator     | INFO   | saved data/raw/beb4a243/val_snr7_echo3.npz: 5000 symbols, x shape=(5000, 100), tau in [1, 33], f_d in [6.021e-08, 7.999e-05]
2026-09-28 20:11:04 | src.data.dataset_generator     | INFO   | saved data/raw/beb4a243/val_snr9_echo3.npz: 5000 symbols, x shape=(5000, 100), tau in [1, 33], f_d in [4.812e-09, 8.000e-05]
2026-09-28 20:11:04 | src.data.dataset_generator     | INFO   | saved data/raw/beb4a243/val_snr11_echo3.npz: 5000 symbols, x shape=(5000, 100), tau in [1, 33], f_d in [3.124e-09, 7.998e-05]
2026-09-28 20:11:05 | src.data.dataset_generator     | INFO   | saved data/raw/beb4a243/val_snr13_echo3.npz: 5000 symbols, x shape=(5000, 100), tau in [1, 33], f_d in [2.243e-08, 7.999e-05]
2026-09-28 20:11:05 | src.data.dataset_generator     | INFO   | saved data/raw/beb4a243/val_snr15_echo3.npz: 5000 symbols, x shape=(5000, 100), tau in [1, 33], f_d in [1.167e-08, 8.000e-05]
2026-09-28 20:11:05 | src.data.dataset_generator     | INFO   | saved data/raw/beb4a243/val_snr17_echo3.npz: 5000 symbols, x shape=(5000, 100), tau in [1, 33], f_d in [1.401e-08, 7.999e-05]
2026-09-28 20:11:06 | src.data.dataset_generator     | INFO   | saved data/raw/beb4a243/val_snr19_echo3.npz: 5000 symbols, x shape=(5000, 100), tau in [1, 33], f_d in [2.679e-08, 7.999e-05]
2026-09-28 20:11:06 | src.data.dataset_generator     | INFO   | saved data/raw/beb4a243/val_snr21_echo3.npz: 5000 symbols, x shape=(5000, 100), tau in [1, 33], f_d in [1.340e-08, 7.998e-05]
2026-09-28 20:11:06 | src.data.dataset_generator     | INFO   | split 'val': 14 files generated, 5000 symbols per combination (combos=14)
2026-09-28 20:11:07 | src.data.dataset_generator     | INFO   | saved data/raw/beb4a243/test_snr-5_echo3.npz: 20000 symbols, x shape=(20000, 100), tau in [1, 33], f_d in [3.654e-09, 8.000e-05]
2026-09-28 20:11:09 | src.data.dataset_generator     | INFO   | saved data/raw/beb4a243/test_snr-3_echo3.npz: 20000 symbols, x shape=(20000, 100), tau in [1, 33], f_d in [7.431e-10, 7.999e-05]
2026-09-28 20:11:11 | src.data.dataset_generator     | INFO   | saved data/raw/beb4a243/test_snr-1_echo3.npz: 20000 symbols, x shape=(20000, 100), tau in [1, 33], f_d in [3.074e-09, 8.000e-05]
2026-09-28 20:11:13 | src.data.dataset_generator     | INFO   | saved data/raw/beb4a243/test_snr1_echo3.npz: 20000 symbols, x shape=(20000, 100), tau in [1, 33], f_d in [4.446e-09, 8.000e-05]
2026-09-28 20:11:14 | src.data.dataset_generator     | INFO   | saved data/raw/beb4a243/test_snr3_echo3.npz: 20000 symbols, x shape=(20000, 100), tau in [1, 33], f_d in [6.713e-10, 8.000e-05]
2026-09-28 20:11:16 | src.data.dataset_generator     | INFO   | saved data/raw/beb4a243/test_snr5_echo3.npz: 20000 symbols, x shape=(20000, 100), tau in [1, 33], f_d in [3.631e-09, 7.999e-05]
2026-09-28 20:11:17 | src.data.dataset_generator     | INFO   | saved data/raw/beb4a243/test_snr7_echo3.npz: 20000 symbols, x shape=(20000, 100), tau in [1, 33], f_d in [1.594e-09, 7.999e-05]
2026-09-28 20:11:18 | src.data.dataset_generator     | INFO   | saved data/raw/beb4a243/test_snr9_echo3.npz: 20000 symbols, x shape=(20000, 100), tau in [1, 33], f_d in [4.142e-09, 8.000e-05]
2026-09-28 20:11:20 | src.data.dataset_generator     | INFO   | saved data/raw/beb4a243/test_snr11_echo3.npz: 20000 symbols, x shape=(20000, 100), tau in [1, 33], f_d in [1.007e-08, 7.999e-05]
2026-09-28 20:11:21 | src.data.dataset_generator     | INFO   | saved data/raw/beb4a243/test_snr13_echo3.npz: 20000 symbols, x shape=(20000, 100), tau in [1, 33], f_d in [1.064e-09, 8.000e-05]
2026-09-28 20:11:22 | src.data.dataset_generator     | INFO   | saved data/raw/beb4a243/test_snr15_echo3.npz: 20000 symbols, x shape=(20000, 100), tau in [1, 33], f_d in [8.955e-10, 7.999e-05]
2026-09-28 20:11:24 | src.data.dataset_generator     | INFO   | saved data/raw/beb4a243/test_snr17_echo3.npz: 20000 symbols, x shape=(20000, 100), tau in [1, 33], f_d in [4.564e-09, 8.000e-05]
2026-09-28 20:11:26 | src.data.dataset_generator     | INFO   | saved data/raw/beb4a243/test_snr19_echo3.npz: 20000 symbols, x shape=(20000, 100), tau in [1, 33], f_d in [1.161e-08, 8.000e-05]
2026-09-28 20:11:28 | src.data.dataset_generator     | INFO   | saved data/raw/beb4a243/test_snr21_echo3.npz: 20000 symbols, x shape=(20000, 100), tau in [1, 33], f_d in [1.673e-09, 7.999e-05]
2026-09-28 20:11:28 | src.data.dataset_generator     | INFO   | split 'test': 14 files generated, 20000 symbols per combination (combos=14)
2026-09-28 20:11:28 | src.data.data_loader           | INFO   | split 'train': 105000 total samples, x shape=(105000, 100), tau in [1.00, 33.00], f_d in [2.503e-10, 8.000e-05]
2026-09-28 20:11:28 | src.data.data_loader           | INFO   | balancing verified: 7500 samples for each of the 14 (SNR, K) combinations
2026-09-28 20:11:43 | src.experiments.pipeline       | INFO   | Split 'train': 105000 samples
2026-09-28 20:11:43 | src.data.data_loader           | INFO   | split 'val': 70000 total samples, x shape=(70000, 100), tau in [1.00, 33.00], f_d in [9.319e-10, 8.000e-05]
2026-09-28 20:11:43 | src.data.data_loader           | INFO   | balancing verified: 5000 samples for each of the 14 (SNR, K) combinations
2026-09-28 20:11:52 | src.experiments.pipeline       | INFO   | Split 'val': 70000 samples
2026-09-28 20:11:53 | src.data.data_loader           | INFO   | dataset built: n=105000, batch_size=128, feature_mode=iq, shuffle=True, seed=42
2026-09-28 20:11:53 | src.data.data_loader           | INFO   | dataset built: n=70000, batch_size=128, feature_mode=iq, shuffle=False, seed=42
2026-09-28 20:11:53 | __main__                       | INFO   | Architecture: conv1d
2026-09-28 20:11:53 | src.experiments.pipeline       | INFO   | build_model 'conv1d': model seed applied = 21 (from model.seeds.conv1d, dataset seed stays 42)
2026-09-28 20:11:53 | src.models.heads               | INFO   | communication_head built: input_dim=64, units=128, M=2, params=8578
2026-09-28 20:11:54 | src.models.heads               | INFO   | sensing_head built: input_dim=228, units=32, output_units=2, params=7394
2026-09-28 20:11:54 | src.models.ultra_can           | INFO   | model 'dual_head_ultra_can' built: comm=8578 params, sensing=7394 params, TOTAL=26629 params
2026-09-28 20:11:54 | src.experiments.pipeline       | INFO   | Model 'dual_head_ultra_can' built: 26629 trainable parameters.
2026-09-28 20:11:54 | src.experiments.pipeline       | INFO   | Training for 30 epochs, lambda_mse=2.0000
2026-09-28 20:11:54 | src.training.trainer           | INFO   | Sensing component weights: delay=1.000, f_doppler=1.000
2026-09-28 20:11:54 | src.training.trainer           | INFO   | Trainer initialized: lambda_mse = 2.0
2026-09-28 20:11:55 | src.training.trainer           | INFO   | Model compiled: loss_weights = {'comm': 1.0, 'sensing': 2}, lr=0.001000, optimizer=adam, label_smoothing=0.1, lr_schedule=cosine, sensing_range_penalty=1.0, sensing_component_weights=[1.0, 1.0]
2026-09-28 20:11:56 | src.training.trainer           | INFO   | Callbacks configured: 5
2026-09-28 20:11:56 | src.training.trainer           | INFO   | Starting training: epochs=30, batch_size=128
2026-09-28 20:15:45 | src.training.trainer           | INFO   | History saved to /content/drive/MyDrive/DHUC_RUN/conv1d/full/ber_vs_snr/iod_peers/conv1d/logs/history.csv
2026-09-28 20:15:45 | src.training.trainer           | INFO   | Metadata saved to /content/drive/MyDrive/DHUC_RUN/conv1d/full/ber_vs_snr/iod_peers/conv1d/logs/run_metadata.json
2026-09-28 20:15:45 | src.training.trainer           | INFO   | Training completed in 29 epochs. Best val_loss = 0.368595, best loss = 0.363586
2026-09-28 20:15:46 | src.training.trainer           | INFO   | Best weights reloaded from /content/drive/MyDrive/DHUC_RUN/conv1d/full/ber_vs_snr/iod_peers/conv1d/logs/best_weights.weights.h5 before evaluation/saving
2026-09-28 20:15:46 | src.evaluation.evaluator       | INFO   | ONLINE evaluation over 14 SNR points (batch=100000, max_symbols=2000000, floor BER=2.5e-07)
2026-09-28 20:16:04 | src.evaluation.evaluator       | WARNING | SNR=-5.0 dB: 107/200000 sensing elements outside [0,1] (min=-0.0431, max=1.5800) -> clamped
2026-09-28 20:16:19 | src.evaluation.evaluator       | WARNING | SNR=-3.0 dB: 91/200000 sensing elements outside [0,1] (min=-0.0188, max=1.3266) -> clamped
2026-09-28 20:16:35 | src.evaluation.evaluator       | WARNING | SNR=-1.0 dB: 118/200000 sensing elements outside [0,1] (min=0.0233, max=1.3915) -> clamped
2026-09-28 20:16:50 | src.evaluation.evaluator       | WARNING | SNR=1.0 dB: 120/200000 sensing elements outside [0,1] (min=0.0082, max=1.3321) -> clamped
2026-09-28 20:17:05 | src.evaluation.evaluator       | WARNING | SNR=3.0 dB: 204/200000 sensing elements outside [0,1] (min=-0.0264, max=1.3326) -> clamped
2026-09-28 20:17:20 | src.evaluation.evaluator       | WARNING | SNR=5.0 dB: 234/200000 sensing elements outside [0,1] (min=-0.0013, max=1.4735) -> clamped
2026-09-28 20:17:36 | src.evaluation.evaluator       | WARNING | SNR=7.0 dB: 335/200000 sensing elements outside [0,1] (min=-0.0137, max=1.4999) -> clamped
2026-09-28 20:17:53 | src.evaluation.evaluator       | WARNING | SNR=9.0 dB: 409/200000 sensing elements outside [0,1] (min=-0.0233, max=1.3892) -> clamped
2026-09-28 20:18:24 | src.evaluation.evaluator       | WARNING | SNR=11.0 dB: 1060/400000 sensing elements outside [0,1] (min=-0.0044, max=1.6857) -> clamped
2026-09-28 20:18:54 | src.evaluation.evaluator       | WARNING | SNR=13.0 dB: 1196/400000 sensing elements outside [0,1] (min=-0.0764, max=1.5776) -> clamped
2026-09-28 20:19:41 | src.evaluation.evaluator       | WARNING | SNR=15.0 dB: 2026/600000 sensing elements outside [0,1] (min=0.0149, max=1.4495) -> clamped
2026-09-28 20:20:28 | src.evaluation.evaluator       | WARNING | SNR=17.0 dB: 2239/600000 sensing elements outside [0,1] (min=-0.0257, max=1.4867) -> clamped
2026-09-28 20:21:13 | src.evaluation.evaluator       | WARNING | SNR=19.0 dB: 2422/600000 sensing elements outside [0,1] (min=-0.0844, max=1.4105) -> clamped
2026-09-28 20:22:01 | src.evaluation.evaluator       | WARNING | SNR=21.0 dB: 2378/600000 sensing elements outside [0,1] (min=-0.0270, max=1.4611) -> clamped
2026-09-28 20:22:01 | src.evaluation.evaluator       | INFO   | Online evaluation completed for 14 SNR points
2026-09-28 20:22:01 | src.experiments.pipeline       | INFO   | Metrics saved to /content/drive/MyDrive/DHUC_RUN/conv1d/full/ber_vs_snr/iod_peers/conv1d/metrics.csv
2026-09-28 20:22:02 | src.evaluation.evaluator       | INFO   | BER plot saved to /content/drive/MyDrive/DHUC_RUN/conv1d/full/ber_vs_snr/iod_peers/conv1d/plots/ber_vs_snr_dual_head_ultra_can.pdf
2026-09-28 20:22:02 | src.experiments.pipeline       | INFO   | BER vs SNR plot saved to /content/drive/MyDrive/DHUC_RUN/conv1d/full/ber_vs_snr/iod_peers/conv1d/plots/ber_vs_snr_dual_head_ultra_can.pdf
2026-09-28 20:22:02 | src.experiments.pipeline       | INFO   | Model saved to /content/drive/MyDrive/DHUC_RUN/conv1d/full/ber_vs_snr/iod_peers/conv1d/best_model.keras
2026-09-28 20:22:02 | src.utils.config_loader        | INFO   | config snapshot saved: /content/drive/MyDrive/DHUC_RUN/conv1d/full/ber_vs_snr/iod_peers/conv1d/logs/config_used.yaml
2026-09-28 20:22:02 | __main__                       | INFO   | RSS [ber_vs_snr iod_peers/conv1d] = 3.64 GB
2026-09-28 20:22:03 | src.evaluation.compare_baselines | INFO   | BER plot saved to /content/drive/MyDrive/DHUC_RUN/conv1d/full/ber_vs_snr/plots/ber_vs_snr_iod_peers.pdf
2026-09-28 20:22:03 | src.experiments.pipeline       | INFO   | Overlay saved to /content/drive/MyDrive/DHUC_RUN/conv1d/full/ber_vs_snr/plots/ber_vs_snr_iod_peers.pdf
2026-09-28 20:22:03 | __main__                       | INFO   | RSS [ber_vs_snr iod_peers scenario done] = 3.22 GB
2026-09-28 20:22:03 | __main__                       | INFO   | ber_vs_snr experiment completed.
2026-09-28 20:22:03 | __main__                       | INFO   | Experiment ber_vs_snr completed successfully.
2026-09-28 20:22:03 | __main__                       | INFO   | ================================================================================
2026-09-28 20:22:03 | __main__                       | INFO   | SUMMARY
2026-09-28 20:22:03 | __main__                       | INFO   | ================================================================================
2026-09-28 20:22:03 | __main__                       | INFO   | ber_vs_snr: OK
2026-09-28 20:22:03 | __main__                       | INFO   | All requested experiments finished. Output in: /content/drive/MyDrive/DHUC_RUN/conv1d
2026-09-28 20:22:12 | root                           | INFO   | Logging configured: file=/content/drive/MyDrive/DHUC_RUN/conv1d/full/logs/runner.log level=INFO
2026-09-28 20:22:12 | __main__                       | INFO   | Mode: full
2026-09-28 20:22:12 | __main__                       | INFO   | Run root: /content/drive/MyDrive/DHUC_RUN/conv1d/full
2026-09-28 20:22:12 | __main__                       | INFO   | Models: conv1d
2026-09-28 20:22:12 | __main__                       | INFO   | No dataset regeneration: False
2026-09-28 20:22:12 | __main__                       | INFO   | ================================================================================
2026-09-28 20:22:12 | __main__                       | INFO   | EXPERIMENT jamming
2026-09-28 20:22:12 | __main__                       | INFO   | ================================================================================
2026-09-28 20:22:12 | __main__                       | INFO   | experiment_name = jamming_full
2026-09-28 20:22:12 | __main__                       | INFO   | seed = 42
2026-09-28 20:22:12 | __main__                       | INFO   | lambda_mse = 2
2026-09-28 20:22:12 | __main__                       | INFO   | sequence_length = 100
2026-09-28 20:22:12 | __main__                       | INFO   | map_type = logistic / map_param = 3.9
2026-09-28 20:22:12 | __main__                       | INFO   | backbone_type = conv1d
2026-09-28 20:22:12 | __main__                       | INFO   | epochs = 30
2026-09-28 20:22:12 | src.utils.config_loader        | INFO   | config snapshot saved: /content/drive/MyDrive/DHUC_RUN/conv1d/full/jamming/logs/config_used.yaml
2026-09-28 20:22:12 | __main__                       | INFO   | ============================================================
2026-09-28 20:22:12 | __main__                       | INFO   | Experiment jamming: jamming robustness + explainability
2026-09-28 20:22:12 | __main__                       | INFO   | ============================================================
2026-09-28 20:22:12 | __main__                       | INFO   | jamming: --model=conv1d -> models filtered to: ['conv1d']
2026-09-28 20:22:12 | __main__                       | INFO   | Models to test: ['conv1d']
2026-09-28 20:22:12 | src.experiments.pipeline       | INFO   | Dataset not found in data/raw/d1f4aa61, generating...
2026-09-28 20:22:13 | src.data.dataset_generator     | INFO   | saved data/raw/d1f4aa61/train_snr-5_echo1.npz: 3750 symbols, x shape=(3750, 100), tau in [1, 33], f_d in [3.795e-10, 7.998e-05]
2026-09-28 20:22:13 | src.data.dataset_generator     | INFO   | saved data/raw/d1f4aa61/train_snr-5_echo3.npz: 3750 symbols, x shape=(3750, 100), tau in [1, 33], f_d in [8.168e-09, 7.999e-05]
2026-09-28 20:22:13 | src.data.dataset_generator     | INFO   | saved data/raw/d1f4aa61/train_snr-3_echo1.npz: 3750 symbols, x shape=(3750, 100), tau in [1, 33], f_d in [3.435e-09, 7.996e-05]
2026-09-28 20:22:14 | src.data.dataset_generator     | INFO   | saved data/raw/d1f4aa61/train_snr-3_echo3.npz: 3750 symbols, x shape=(3750, 100), tau in [1, 33], f_d in [2.401e-08, 7.998e-05]
2026-09-28 20:22:14 | src.data.dataset_generator     | INFO   | saved data/raw/d1f4aa61/train_snr-1_echo1.npz: 3750 symbols, x shape=(3750, 100), tau in [1, 33], f_d in [2.142e-09, 8.000e-05]
2026-09-28 20:22:14 | src.data.dataset_generator     | INFO   | saved data/raw/d1f4aa61/train_snr-1_echo3.npz: 3750 symbols, x shape=(3750, 100), tau in [1, 33], f_d in [7.802e-09, 8.000e-05]
2026-09-28 20:22:14 | src.data.dataset_generator     | INFO   | saved data/raw/d1f4aa61/train_snr1_echo1.npz: 3750 symbols, x shape=(3750, 100), tau in [1, 33], f_d in [3.942e-09, 7.999e-05]
2026-09-28 20:22:15 | src.data.dataset_generator     | INFO   | saved data/raw/d1f4aa61/train_snr1_echo3.npz: 3750 symbols, x shape=(3750, 100), tau in [1, 33], f_d in [3.859e-08, 7.999e-05]
2026-09-28 20:22:15 | src.data.dataset_generator     | INFO   | saved data/raw/d1f4aa61/train_snr3_echo1.npz: 3750 symbols, x shape=(3750, 100), tau in [1, 33], f_d in [7.464e-09, 7.997e-05]
2026-09-28 20:22:15 | src.data.dataset_generator     | INFO   | saved data/raw/d1f4aa61/train_snr3_echo3.npz: 3750 symbols, x shape=(3750, 100), tau in [1, 33], f_d in [2.724e-09, 7.999e-05]
2026-09-28 20:22:16 | src.data.dataset_generator     | INFO   | saved data/raw/d1f4aa61/train_snr5_echo1.npz: 3750 symbols, x shape=(3750, 100), tau in [1, 33], f_d in [9.249e-08, 8.000e-05]
2026-09-28 20:22:16 | src.data.dataset_generator     | INFO   | saved data/raw/d1f4aa61/train_snr5_echo3.npz: 3750 symbols, x shape=(3750, 100), tau in [1, 33], f_d in [1.880e-08, 8.000e-05]
2026-09-28 20:22:16 | src.data.dataset_generator     | INFO   | saved data/raw/d1f4aa61/train_snr7_echo1.npz: 3750 symbols, x shape=(3750, 100), tau in [1, 33], f_d in [1.089e-08, 7.998e-05]
2026-09-28 20:22:16 | src.data.dataset_generator     | INFO   | saved data/raw/d1f4aa61/train_snr7_echo3.npz: 3750 symbols, x shape=(3750, 100), tau in [1, 33], f_d in [8.283e-09, 7.999e-05]
2026-09-28 20:22:17 | src.data.dataset_generator     | INFO   | saved data/raw/d1f4aa61/train_snr9_echo1.npz: 3750 symbols, x shape=(3750, 100), tau in [1, 33], f_d in [1.458e-08, 7.997e-05]
2026-09-28 20:22:17 | src.data.dataset_generator     | INFO   | saved data/raw/d1f4aa61/train_snr9_echo3.npz: 3750 symbols, x shape=(3750, 100), tau in [1, 33], f_d in [7.954e-09, 7.997e-05]
2026-09-28 20:22:17 | src.data.dataset_generator     | INFO   | saved data/raw/d1f4aa61/train_snr11_echo1.npz: 3750 symbols, x shape=(3750, 100), tau in [1, 33], f_d in [6.483e-09, 7.999e-05]
2026-09-28 20:22:17 | src.data.dataset_generator     | INFO   | saved data/raw/d1f4aa61/train_snr11_echo3.npz: 3750 symbols, x shape=(3750, 100), tau in [1, 33], f_d in [3.231e-08, 8.000e-05]
2026-09-28 20:22:17 | src.data.dataset_generator     | INFO   | saved data/raw/d1f4aa61/train_snr13_echo1.npz: 3750 symbols, x shape=(3750, 100), tau in [1, 33], f_d in [2.780e-08, 7.997e-05]
2026-09-28 20:22:18 | src.data.dataset_generator     | INFO   | saved data/raw/d1f4aa61/train_snr13_echo3.npz: 3750 symbols, x shape=(3750, 100), tau in [1, 33], f_d in [6.069e-09, 7.999e-05]
2026-09-28 20:22:18 | src.data.dataset_generator     | INFO   | saved data/raw/d1f4aa61/train_snr15_echo1.npz: 3750 symbols, x shape=(3750, 100), tau in [1, 33], f_d in [5.738e-09, 7.998e-05]
2026-09-28 20:22:18 | src.data.dataset_generator     | INFO   | saved data/raw/d1f4aa61/train_snr15_echo3.npz: 3750 symbols, x shape=(3750, 100), tau in [1, 33], f_d in [4.044e-08, 7.997e-05]
2026-09-28 20:22:18 | src.data.dataset_generator     | INFO   | saved data/raw/d1f4aa61/train_snr17_echo1.npz: 3750 symbols, x shape=(3750, 100), tau in [1, 33], f_d in [6.484e-09, 7.995e-05]
2026-09-28 20:22:18 | src.data.dataset_generator     | INFO   | saved data/raw/d1f4aa61/train_snr17_echo3.npz: 3750 symbols, x shape=(3750, 100), tau in [1, 33], f_d in [3.281e-08, 7.998e-05]
2026-09-28 20:22:18 | src.data.dataset_generator     | INFO   | saved data/raw/d1f4aa61/train_snr19_echo1.npz: 3750 symbols, x shape=(3750, 100), tau in [1, 33], f_d in [7.303e-08, 8.000e-05]
2026-09-28 20:22:19 | src.data.dataset_generator     | INFO   | saved data/raw/d1f4aa61/train_snr19_echo3.npz: 3750 symbols, x shape=(3750, 100), tau in [1, 33], f_d in [3.687e-08, 7.996e-05]
2026-09-28 20:22:19 | src.data.dataset_generator     | INFO   | saved data/raw/d1f4aa61/train_snr21_echo1.npz: 3750 symbols, x shape=(3750, 100), tau in [1, 33], f_d in [9.642e-09, 7.998e-05]
2026-09-28 20:22:19 | src.data.dataset_generator     | INFO   | saved data/raw/d1f4aa61/train_snr21_echo3.npz: 3750 symbols, x shape=(3750, 100), tau in [1, 33], f_d in [8.610e-09, 7.998e-05]
2026-09-28 20:22:19 | src.data.dataset_generator     | INFO   | split 'train': 28 files generated, 3750 symbols per combination (combos=28)
2026-09-28 20:22:19 | src.data.dataset_generator     | INFO   | saved data/raw/d1f4aa61/val_snr-5_echo1.npz: 5000 symbols, x shape=(5000, 100), tau in [1, 33], f_d in [2.454e-08, 7.999e-05]
2026-09-28 20:22:20 | src.data.dataset_generator     | INFO   | saved data/raw/d1f4aa61/val_snr-5_echo3.npz: 5000 symbols, x shape=(5000, 100), tau in [1, 33], f_d in [9.208e-09, 7.999e-05]
2026-09-28 20:22:20 | src.data.dataset_generator     | INFO   | saved data/raw/d1f4aa61/val_snr-3_echo1.npz: 5000 symbols, x shape=(5000, 100), tau in [1, 33], f_d in [2.573e-10, 8.000e-05]
2026-09-28 20:22:20 | src.data.dataset_generator     | INFO   | saved data/raw/d1f4aa61/val_snr-3_echo3.npz: 5000 symbols, x shape=(5000, 100), tau in [1, 33], f_d in [3.260e-09, 7.991e-05]
2026-09-28 20:22:20 | src.data.dataset_generator     | INFO   | saved data/raw/d1f4aa61/val_snr-1_echo1.npz: 5000 symbols, x shape=(5000, 100), tau in [1, 33], f_d in [2.391e-08, 7.994e-05]
2026-09-28 20:22:21 | src.data.dataset_generator     | INFO   | saved data/raw/d1f4aa61/val_snr-1_echo3.npz: 5000 symbols, x shape=(5000, 100), tau in [1, 33], f_d in [1.406e-09, 8.000e-05]
2026-09-28 20:22:21 | src.data.dataset_generator     | INFO   | saved data/raw/d1f4aa61/val_snr1_echo1.npz: 5000 symbols, x shape=(5000, 100), tau in [1, 33], f_d in [4.595e-10, 7.997e-05]
2026-09-28 20:22:21 | src.data.dataset_generator     | INFO   | saved data/raw/d1f4aa61/val_snr1_echo3.npz: 5000 symbols, x shape=(5000, 100), tau in [1, 33], f_d in [4.812e-09, 8.000e-05]
2026-09-28 20:22:21 | src.data.dataset_generator     | INFO   | saved data/raw/d1f4aa61/val_snr3_echo1.npz: 5000 symbols, x shape=(5000, 100), tau in [1, 33], f_d in [3.124e-09, 8.000e-05]
2026-09-28 20:22:22 | src.data.dataset_generator     | INFO   | saved data/raw/d1f4aa61/val_snr3_echo3.npz: 5000 symbols, x shape=(5000, 100), tau in [1, 33], f_d in [2.243e-08, 7.999e-05]
2026-09-28 20:22:22 | src.data.dataset_generator     | INFO   | saved data/raw/d1f4aa61/val_snr5_echo1.npz: 5000 symbols, x shape=(5000, 100), tau in [1, 33], f_d in [1.013e-08, 7.999e-05]
2026-09-28 20:22:22 | src.data.dataset_generator     | INFO   | saved data/raw/d1f4aa61/val_snr5_echo3.npz: 5000 symbols, x shape=(5000, 100), tau in [1, 33], f_d in [1.401e-08, 7.999e-05]
2026-09-28 20:22:22 | src.data.dataset_generator     | INFO   | saved data/raw/d1f4aa61/val_snr7_echo1.npz: 5000 symbols, x shape=(5000, 100), tau in [1, 33], f_d in [2.254e-08, 7.998e-05]
2026-09-28 20:22:23 | src.data.dataset_generator     | INFO   | saved data/raw/d1f4aa61/val_snr7_echo3.npz: 5000 symbols, x shape=(5000, 100), tau in [1, 33], f_d in [1.340e-08, 7.998e-05]
2026-09-28 20:22:23 | src.data.dataset_generator     | INFO   | saved data/raw/d1f4aa61/val_snr9_echo1.npz: 5000 symbols, x shape=(5000, 100), tau in [1, 33], f_d in [9.315e-09, 7.998e-05]
2026-09-28 20:22:23 | src.data.dataset_generator     | INFO   | saved data/raw/d1f4aa61/val_snr9_echo3.npz: 5000 symbols, x shape=(5000, 100), tau in [1, 33], f_d in [3.424e-09, 8.000e-05]
2026-09-28 20:22:23 | src.data.dataset_generator     | INFO   | saved data/raw/d1f4aa61/val_snr11_echo1.npz: 5000 symbols, x shape=(5000, 100), tau in [1, 33], f_d in [1.285e-11, 7.999e-05]
2026-09-28 20:22:24 | src.data.dataset_generator     | INFO   | saved data/raw/d1f4aa61/val_snr11_echo3.npz: 5000 symbols, x shape=(5000, 100), tau in [1, 33], f_d in [1.710e-08, 8.000e-05]
2026-09-28 20:22:24 | src.data.dataset_generator     | INFO   | saved data/raw/d1f4aa61/val_snr13_echo1.npz: 5000 symbols, x shape=(5000, 100), tau in [1, 33], f_d in [9.832e-09, 7.998e-05]
2026-09-28 20:22:24 | src.data.dataset_generator     | INFO   | saved data/raw/d1f4aa61/val_snr13_echo3.npz: 5000 symbols, x shape=(5000, 100), tau in [1, 33], f_d in [7.625e-10, 7.998e-05]
2026-09-28 20:22:24 | src.data.dataset_generator     | INFO   | saved data/raw/d1f4aa61/val_snr15_echo1.npz: 5000 symbols, x shape=(5000, 100), tau in [1, 33], f_d in [1.984e-08, 7.999e-05]
2026-09-28 20:22:25 | src.data.dataset_generator     | INFO   | saved data/raw/d1f4aa61/val_snr15_echo3.npz: 5000 symbols, x shape=(5000, 100), tau in [1, 33], f_d in [1.115e-08, 7.998e-05]
2026-09-28 20:22:25 | src.data.dataset_generator     | INFO   | saved data/raw/d1f4aa61/val_snr17_echo1.npz: 5000 symbols, x shape=(5000, 100), tau in [1, 33], f_d in [3.878e-09, 8.000e-05]
2026-09-28 20:22:25 | src.data.dataset_generator     | INFO   | saved data/raw/d1f4aa61/val_snr17_echo3.npz: 5000 symbols, x shape=(5000, 100), tau in [1, 33], f_d in [8.004e-09, 7.997e-05]
2026-09-28 20:22:25 | src.data.dataset_generator     | INFO   | saved data/raw/d1f4aa61/val_snr19_echo1.npz: 5000 symbols, x shape=(5000, 100), tau in [1, 33], f_d in [2.621e-08, 7.999e-05]
2026-09-28 20:22:26 | src.data.dataset_generator     | INFO   | saved data/raw/d1f4aa61/val_snr19_echo3.npz: 5000 symbols, x shape=(5000, 100), tau in [1, 33], f_d in [8.752e-09, 8.000e-05]
2026-09-28 20:22:26 | src.data.dataset_generator     | INFO   | saved data/raw/d1f4aa61/val_snr21_echo1.npz: 5000 symbols, x shape=(5000, 100), tau in [1, 33], f_d in [2.638e-09, 7.996e-05]
2026-09-28 20:22:26 | src.data.dataset_generator     | INFO   | saved data/raw/d1f4aa61/val_snr21_echo3.npz: 5000 symbols, x shape=(5000, 100), tau in [1, 33], f_d in [5.689e-08, 8.000e-05]
2026-09-28 20:22:26 | src.data.dataset_generator     | INFO   | split 'val': 28 files generated, 5000 symbols per combination (combos=28)
2026-09-28 20:22:28 | src.data.dataset_generator     | INFO   | saved data/raw/d1f4aa61/test_snr-5_echo1.npz: 20000 symbols, x shape=(20000, 100), tau in [1, 33], f_d in [5.907e-09, 7.999e-05]
2026-09-28 20:22:29 | src.data.dataset_generator     | INFO   | saved data/raw/d1f4aa61/test_snr-5_echo3.npz: 20000 symbols, x shape=(20000, 100), tau in [1, 33], f_d in [7.431e-10, 7.999e-05]
2026-09-28 20:22:31 | src.data.dataset_generator     | INFO   | saved data/raw/d1f4aa61/test_snr-3_echo1.npz: 20000 symbols, x shape=(20000, 100), tau in [1, 33], f_d in [3.074e-09, 8.000e-05]
2026-09-28 20:22:32 | src.data.dataset_generator     | INFO   | saved data/raw/d1f4aa61/test_snr-3_echo3.npz: 20000 symbols, x shape=(20000, 100), tau in [1, 33], f_d in [4.446e-09, 8.000e-05]
2026-09-28 20:22:33 | src.data.dataset_generator     | INFO   | saved data/raw/d1f4aa61/test_snr-1_echo1.npz: 20000 symbols, x shape=(20000, 100), tau in [1, 33], f_d in [6.471e-09, 7.999e-05]
2026-09-28 20:22:34 | src.data.dataset_generator     | INFO   | saved data/raw/d1f4aa61/test_snr-1_echo3.npz: 20000 symbols, x shape=(20000, 100), tau in [1, 33], f_d in [3.631e-09, 7.999e-05]
2026-09-28 20:22:35 | src.data.dataset_generator     | INFO   | saved data/raw/d1f4aa61/test_snr1_echo1.npz: 20000 symbols, x shape=(20000, 100), tau in [1, 33], f_d in [8.244e-09, 7.997e-05]
2026-09-28 20:22:36 | src.data.dataset_generator     | INFO   | saved data/raw/d1f4aa61/test_snr1_echo3.npz: 20000 symbols, x shape=(20000, 100), tau in [1, 33], f_d in [4.142e-09, 8.000e-05]
2026-09-28 20:22:37 | src.data.dataset_generator     | INFO   | saved data/raw/d1f4aa61/test_snr3_echo1.npz: 20000 symbols, x shape=(20000, 100), tau in [1, 33], f_d in [4.338e-09, 7.999e-05]
2026-09-28 20:22:38 | src.data.dataset_generator     | INFO   | saved data/raw/d1f4aa61/test_snr3_echo3.npz: 20000 symbols, x shape=(20000, 100), tau in [1, 33], f_d in [1.064e-09, 8.000e-05]
2026-09-28 20:22:39 | src.data.dataset_generator     | INFO   | saved data/raw/d1f4aa61/test_snr5_echo1.npz: 20000 symbols, x shape=(20000, 100), tau in [1, 33], f_d in [8.955e-10, 7.999e-05]
2026-09-28 20:22:40 | src.data.dataset_generator     | INFO   | saved data/raw/d1f4aa61/test_snr5_echo3.npz: 20000 symbols, x shape=(20000, 100), tau in [1, 33], f_d in [4.564e-09, 8.000e-05]
2026-09-28 20:22:41 | src.data.dataset_generator     | INFO   | saved data/raw/d1f4aa61/test_snr7_echo1.npz: 20000 symbols, x shape=(20000, 100), tau in [1, 33], f_d in [8.022e-09, 8.000e-05]
2026-09-28 20:22:43 | src.data.dataset_generator     | INFO   | saved data/raw/d1f4aa61/test_snr7_echo3.npz: 20000 symbols, x shape=(20000, 100), tau in [1, 33], f_d in [1.673e-09, 7.999e-05]
2026-09-28 20:22:44 | src.data.dataset_generator     | INFO   | saved data/raw/d1f4aa61/test_snr9_echo1.npz: 20000 symbols, x shape=(20000, 100), tau in [1, 33], f_d in [2.774e-09, 8.000e-05]
2026-09-28 20:22:45 | src.data.dataset_generator     | INFO   | saved data/raw/d1f4aa61/test_snr9_echo3.npz: 20000 symbols, x shape=(20000, 100), tau in [1, 33], f_d in [1.520e-10, 8.000e-05]
2026-09-28 20:22:46 | src.data.dataset_generator     | INFO   | saved data/raw/d1f4aa61/test_snr11_echo1.npz: 20000 symbols, x shape=(20000, 100), tau in [1, 33], f_d in [7.359e-09, 8.000e-05]
2026-09-28 20:22:47 | src.data.dataset_generator     | INFO   | saved data/raw/d1f4aa61/test_snr11_echo3.npz: 20000 symbols, x shape=(20000, 100), tau in [1, 33], f_d in [7.119e-09, 8.000e-05]
2026-09-28 20:22:48 | src.data.dataset_generator     | INFO   | saved data/raw/d1f4aa61/test_snr13_echo1.npz: 20000 symbols, x shape=(20000, 100), tau in [1, 33], f_d in [6.121e-09, 7.999e-05]
2026-09-28 20:22:49 | src.data.dataset_generator     | INFO   | saved data/raw/d1f4aa61/test_snr13_echo3.npz: 20000 symbols, x shape=(20000, 100), tau in [1, 33], f_d in [8.292e-10, 7.999e-05]
2026-09-28 20:22:50 | src.data.dataset_generator     | INFO   | saved data/raw/d1f4aa61/test_snr15_echo1.npz: 20000 symbols, x shape=(20000, 100), tau in [1, 33], f_d in [1.449e-08, 7.999e-05]
2026-09-28 20:22:51 | src.data.dataset_generator     | INFO   | saved data/raw/d1f4aa61/test_snr15_echo3.npz: 20000 symbols, x shape=(20000, 100), tau in [1, 33], f_d in [5.225e-09, 8.000e-05]
2026-09-28 20:22:52 | src.data.dataset_generator     | INFO   | saved data/raw/d1f4aa61/test_snr17_echo1.npz: 20000 symbols, x shape=(20000, 100), tau in [1, 33], f_d in [2.473e-09, 7.999e-05]
2026-09-28 20:22:53 | src.data.dataset_generator     | INFO   | saved data/raw/d1f4aa61/test_snr17_echo3.npz: 20000 symbols, x shape=(20000, 100), tau in [1, 33], f_d in [7.551e-09, 8.000e-05]
2026-09-28 20:22:54 | src.data.dataset_generator     | INFO   | saved data/raw/d1f4aa61/test_snr19_echo1.npz: 20000 symbols, x shape=(20000, 100), tau in [1, 33], f_d in [3.986e-09, 7.999e-05]
2026-09-28 20:22:56 | src.data.dataset_generator     | INFO   | saved data/raw/d1f4aa61/test_snr19_echo3.npz: 20000 symbols, x shape=(20000, 100), tau in [1, 33], f_d in [2.010e-09, 7.999e-05]
2026-09-28 20:22:57 | src.data.dataset_generator     | INFO   | saved data/raw/d1f4aa61/test_snr21_echo1.npz: 20000 symbols, x shape=(20000, 100), tau in [1, 33], f_d in [6.336e-09, 8.000e-05]
2026-09-28 20:22:59 | src.data.dataset_generator     | INFO   | saved data/raw/d1f4aa61/test_snr21_echo3.npz: 20000 symbols, x shape=(20000, 100), tau in [1, 33], f_d in [8.638e-09, 8.000e-05]
2026-09-28 20:22:59 | src.data.dataset_generator     | INFO   | split 'test': 28 files generated, 20000 symbols per combination (combos=28)
2026-09-28 20:23:00 | src.data.data_loader           | INFO   | split 'test': 560000 total samples, x shape=(560000, 100), tau in [1.00, 33.00], f_d in [1.520e-10, 8.000e-05]
2026-09-28 20:23:01 | src.data.data_loader           | INFO   | balancing verified: 20000 samples for each of the 28 (SNR, K) combinations
2026-09-28 20:24:16 | src.experiments.pipeline       | INFO   | Static test set loaded: 560000 samples
2026-09-28 20:24:16 | __main__                       | INFO   | ============================================================
2026-09-28 20:24:16 | __main__                       | INFO   | Model: conv1d
2026-09-28 20:24:16 | __main__                       | INFO   | ============================================================
2026-09-28 20:24:16 | src.experiments.pipeline       | INFO   | Dataset already present in data/raw/d1f4aa61
2026-09-28 20:24:16 | src.data.data_loader           | INFO   | split 'train': 105000 total samples, x shape=(105000, 100), tau in [1.00, 33.00], f_d in [3.795e-10, 8.000e-05]
2026-09-28 20:24:16 | src.data.data_loader           | INFO   | balancing verified: 3750 samples for each of the 28 (SNR, K) combinations
2026-09-28 20:24:30 | src.experiments.pipeline       | INFO   | Split 'train': 105000 samples
2026-09-28 20:24:31 | src.data.data_loader           | INFO   | split 'val': 140000 total samples, x shape=(140000, 100), tau in [1.00, 33.00], f_d in [1.285e-11, 8.000e-05]
2026-09-28 20:24:31 | src.data.data_loader           | INFO   | balancing verified: 5000 samples for each of the 28 (SNR, K) combinations
2026-09-28 20:24:50 | src.experiments.pipeline       | INFO   | Split 'val': 140000 samples
2026-09-28 20:24:53 | src.data.data_loader           | INFO   | dataset built: n=105000, batch_size=128, feature_mode=iq, shuffle=True, seed=42
2026-09-28 20:24:53 | src.data.data_loader           | INFO   | dataset built: n=140000, batch_size=128, feature_mode=iq, shuffle=False, seed=42
2026-09-28 20:24:53 | src.experiments.pipeline       | INFO   | build_model 'conv1d': model seed applied = 21 (from model.seeds.conv1d, dataset seed stays 42)
2026-09-28 20:24:54 | src.models.heads               | INFO   | communication_head built: input_dim=64, units=128, M=2, params=8578
2026-09-28 20:24:55 | src.models.heads               | INFO   | sensing_head built: input_dim=228, units=32, output_units=2, params=7394
2026-09-28 20:24:56 | src.models.ultra_can           | INFO   | model 'dual_head_ultra_can' built: comm=8578 params, sensing=7394 params, TOTAL=26629 params
2026-09-28 20:24:56 | src.experiments.pipeline       | INFO   | Model 'dual_head_ultra_can' built: 26629 trainable parameters.
2026-09-28 20:24:56 | src.experiments.pipeline       | INFO   | Training for 30 epochs, lambda_mse=2.0000
2026-09-28 20:24:56 | src.training.trainer           | INFO   | Sensing component weights: delay=1.000, f_doppler=1.000
2026-09-28 20:24:56 | src.training.trainer           | INFO   | Trainer initialized: lambda_mse = 2.0
2026-09-28 20:24:57 | src.training.trainer           | INFO   | Model compiled: loss_weights = {'comm': 1.0, 'sensing': 2}, lr=0.001000, optimizer=adam, label_smoothing=0.1, lr_schedule=cosine, sensing_range_penalty=1.0, sensing_component_weights=[1.0, 1.0]
2026-09-28 20:24:58 | src.training.trainer           | INFO   | Callbacks configured: 5
2026-09-28 20:24:58 | src.training.trainer           | INFO   | Starting training: epochs=30, batch_size=128
2026-09-28 20:29:50 | src.training.trainer           | INFO   | History saved to /content/drive/MyDrive/DHUC_RUN/conv1d/full/jamming/conv1d/logs/history.csv
2026-09-28 20:29:50 | src.training.trainer           | INFO   | Metadata saved to /content/drive/MyDrive/DHUC_RUN/conv1d/full/jamming/conv1d/logs/run_metadata.json
2026-09-28 20:29:50 | src.training.trainer           | INFO   | Training completed in 30 epochs. Best val_loss = 0.339249, best loss = 0.335740
2026-09-28 20:29:50 | src.training.trainer           | INFO   | Best weights reloaded from /content/drive/MyDrive/DHUC_RUN/conv1d/full/jamming/conv1d/logs/best_weights.weights.h5 before evaluation/saving
2026-09-28 20:29:50 | src.evaluation.evaluator       | INFO   | ONLINE evaluation over 14 SNR points (batch=100000, max_symbols=2000000, floor BER=2.5e-07)
2026-09-28 20:30:04 | src.evaluation.evaluator       | WARNING | SNR=-5.0 dB: 28/200000 sensing elements outside [0,1] (min=-0.2705, max=1.2049) -> clamped
2026-09-28 20:30:16 | src.evaluation.evaluator       | WARNING | SNR=-3.0 dB: 22/200000 sensing elements outside [0,1] (min=-0.0622, max=1.1939) -> clamped
2026-09-28 20:30:29 | src.evaluation.evaluator       | WARNING | SNR=-1.0 dB: 29/200000 sensing elements outside [0,1] (min=-0.0672, max=1.1172) -> clamped
2026-09-28 20:30:41 | src.evaluation.evaluator       | WARNING | SNR=1.0 dB: 57/200000 sensing elements outside [0,1] (min=-0.0434, max=1.0943) -> clamped
2026-09-28 20:31:08 | src.evaluation.evaluator       | WARNING | SNR=3.0 dB: 325/400000 sensing elements outside [0,1] (min=-0.0762, max=1.3081) -> clamped
2026-09-28 20:31:34 | src.evaluation.evaluator       | WARNING | SNR=5.0 dB: 611/400000 sensing elements outside [0,1] (min=-0.1040, max=1.1904) -> clamped
2026-09-28 20:32:28 | src.evaluation.evaluator       | WARNING | SNR=7.0 dB: 2015/800000 sensing elements outside [0,1] (min=-0.1183, max=1.2127) -> clamped
2026-09-28 20:33:34 | src.evaluation.evaluator       | WARNING | SNR=9.0 dB: 3687/1000000 sensing elements outside [0,1] (min=-0.1099, max=1.2760) -> clamped
2026-09-28 20:34:55 | src.evaluation.evaluator       | WARNING | SNR=11.0 dB: 6031/1200000 sensing elements outside [0,1] (min=-0.1511, max=1.2653) -> clamped
2026-09-28 20:36:28 | src.evaluation.evaluator       | WARNING | SNR=13.0 dB: 9142/1400000 sensing elements outside [0,1] (min=-0.1577, max=1.2489) -> clamped
2026-09-28 20:38:00 | src.evaluation.evaluator       | WARNING | SNR=15.0 dB: 10793/1400000 sensing elements outside [0,1] (min=-0.0990, max=1.3290) -> clamped
2026-09-28 20:39:32 | src.evaluation.evaluator       | WARNING | SNR=17.0 dB: 12679/1400000 sensing elements outside [0,1] (min=-0.1426, max=1.2365) -> clamped
2026-09-28 20:41:19 | src.evaluation.evaluator       | WARNING | SNR=19.0 dB: 15581/1600000 sensing elements outside [0,1] (min=-0.1638, max=1.2949) -> clamped
2026-09-28 20:43:19 | src.evaluation.evaluator       | WARNING | SNR=21.0 dB: 19534/1800000 sensing elements outside [0,1] (min=-0.1109, max=1.2352) -> clamped
2026-09-28 20:43:19 | src.evaluation.evaluator       | INFO   | Online evaluation completed for 14 SNR points
2026-09-28 20:43:19 | src.experiments.pipeline       | INFO   | Metrics saved to /content/drive/MyDrive/DHUC_RUN/conv1d/full/jamming/conv1d/metrics.csv
2026-09-28 20:43:19 | src.evaluation.evaluator       | INFO   | BER plot saved to /content/drive/MyDrive/DHUC_RUN/conv1d/full/jamming/conv1d/plots/ber_vs_snr_dual_head_ultra_can.pdf
2026-09-28 20:43:19 | src.experiments.pipeline       | INFO   | BER vs SNR plot saved to /content/drive/MyDrive/DHUC_RUN/conv1d/full/jamming/conv1d/plots/ber_vs_snr_dual_head_ultra_can.pdf
2026-09-28 20:43:20 | src.experiments.pipeline       | INFO   | Model saved to /content/drive/MyDrive/DHUC_RUN/conv1d/full/jamming/conv1d/best_model.keras
2026-09-28 20:43:20 | src.utils.config_loader        | INFO   | config snapshot saved: /content/drive/MyDrive/DHUC_RUN/conv1d/full/jamming/conv1d/logs/config_used.yaml
2026-09-28 20:43:20 | src.evaluation.evaluator       | INFO   | ONLINE evaluation over 14 SNR points (batch=100000, max_symbols=2000000, floor BER=2.5e-07)
2026-09-28 20:43:32 | src.evaluation.evaluator       | WARNING | SNR=-5.0 dB: 28/200000 sensing elements outside [0,1] (min=-0.2705, max=1.2049) -> clamped
2026-09-28 20:43:45 | src.evaluation.evaluator       | WARNING | SNR=-3.0 dB: 22/200000 sensing elements outside [0,1] (min=-0.0622, max=1.1939) -> clamped
2026-09-28 20:43:58 | src.evaluation.evaluator       | WARNING | SNR=-1.0 dB: 29/200000 sensing elements outside [0,1] (min=-0.0672, max=1.1172) -> clamped
2026-09-28 20:44:11 | src.evaluation.evaluator       | WARNING | SNR=1.0 dB: 57/200000 sensing elements outside [0,1] (min=-0.0434, max=1.0943) -> clamped
2026-09-28 20:44:37 | src.evaluation.evaluator       | WARNING | SNR=3.0 dB: 325/400000 sensing elements outside [0,1] (min=-0.0762, max=1.3081) -> clamped
2026-09-28 20:45:03 | src.evaluation.evaluator       | WARNING | SNR=5.0 dB: 611/400000 sensing elements outside [0,1] (min=-0.1040, max=1.1904) -> clamped
2026-09-28 20:45:56 | src.evaluation.evaluator       | WARNING | SNR=7.0 dB: 2015/800000 sensing elements outside [0,1] (min=-0.1183, max=1.2127) -> clamped
2026-09-28 20:47:02 | src.evaluation.evaluator       | WARNING | SNR=9.0 dB: 3687/1000000 sensing elements outside [0,1] (min=-0.1099, max=1.2760) -> clamped
2026-09-28 20:48:23 | src.evaluation.evaluator       | WARNING | SNR=11.0 dB: 6031/1200000 sensing elements outside [0,1] (min=-0.1511, max=1.2653) -> clamped
2026-09-28 20:49:57 | src.evaluation.evaluator       | WARNING | SNR=13.0 dB: 9142/1400000 sensing elements outside [0,1] (min=-0.1577, max=1.2489) -> clamped
2026-09-28 20:51:30 | src.evaluation.evaluator       | WARNING | SNR=15.0 dB: 10793/1400000 sensing elements outside [0,1] (min=-0.0990, max=1.3290) -> clamped
2026-09-28 20:53:02 | src.evaluation.evaluator       | WARNING | SNR=17.0 dB: 12679/1400000 sensing elements outside [0,1] (min=-0.1426, max=1.2365) -> clamped
2026-09-28 20:54:49 | src.evaluation.evaluator       | WARNING | SNR=19.0 dB: 15581/1600000 sensing elements outside [0,1] (min=-0.1638, max=1.2949) -> clamped
2026-09-28 20:56:50 | src.evaluation.evaluator       | WARNING | SNR=21.0 dB: 19534/1800000 sensing elements outside [0,1] (min=-0.1109, max=1.2352) -> clamped
2026-09-28 20:56:50 | src.evaluation.evaluator       | INFO   | Online evaluation completed for 14 SNR points
2026-09-28 20:56:50 | __main__                       | INFO   | Sensing OK: corr(tau) max = 0.946, MSE_tau high-SNR = 9.59
2026-09-28 20:56:50 | __main__                       | INFO   | Sensing head matches its peak picker: corr(tau) 0.946 vs 0.914, exact delay rate 0.281 vs 0.936
2026-09-28 20:56:50 | __main__                       | WARNING | fD is not resolvable from the current parameters (max corr(fD) = 0.005): the Doppler phase accumulated over N_seq=100 samples with max_doppler=8e-05 is ~0.05 rad (Cramer-Rao bound). Estimating fD requires longer windows or a larger max_doppler.
2026-09-28 20:56:50 | src.evaluation.evaluator       | INFO   | BER plot saved to /content/drive/MyDrive/DHUC_RUN/conv1d/full/jamming/conv1d/jamming/plots/ber_vs_snr_dual_head_ultra_can.pdf
2026-09-28 20:56:50 | src.experiments.pipeline       | INFO   | Starting jamming evaluation for JSR = [-10.0, -8.0, -6.0, -4.0, -2.0, 0.0, 2.0, 4.0, 6.0, 8.0, 10.0], types = ['cw', 'barrage', 'partial_band'], max_symbols = 40000, realizations = 5
2026-09-28 20:56:50 | src.experiments.run_jamming    | INFO   | Running baseline evaluation...
2026-09-28 20:56:50 | src.evaluation.evaluator       | INFO   | Starting evaluation over 14 SNR points
2026-09-28 20:56:59 | src.evaluation.evaluator       | WARNING | SNR=-1.0 dB: 2/512 sensing elements outside [0,1] (min=-0.0741, max=1.0279) -> clamped
2026-09-28 20:57:17 | src.evaluation.evaluator       | WARNING | SNR=1.0 dB: 19/4608 sensing elements outside [0,1] (min=-0.0822, max=1.1736) -> clamped
2026-09-28 20:57:43 | src.evaluation.evaluator       | WARNING | SNR=3.0 dB: 82/18432 sensing elements outside [0,1] (min=-0.1326, max=1.1377) -> clamped
2026-09-28 20:58:08 | src.evaluation.evaluator       | WARNING | SNR=5.0 dB: 123/27136 sensing elements outside [0,1] (min=-0.0401, max=1.1557) -> clamped
2026-09-28 20:58:33 | src.evaluation.evaluator       | WARNING | SNR=7.0 dB: 223/42752 sensing elements outside [0,1] (min=-0.0624, max=1.1619) -> clamped
2026-09-28 20:58:58 | src.evaluation.evaluator       | WARNING | SNR=9.0 dB: 291/49024 sensing elements outside [0,1] (min=-0.0630, max=1.1424) -> clamped
2026-09-28 20:59:24 | src.evaluation.evaluator       | WARNING | SNR=11.0 dB: 434/60032 sensing elements outside [0,1] (min=-0.0591, max=1.2590) -> clamped
2026-09-28 20:59:49 | src.evaluation.evaluator       | WARNING | SNR=13.0 dB: 513/62336 sensing elements outside [0,1] (min=-0.0763, max=1.2015) -> clamped
2026-09-28 21:00:15 | src.evaluation.evaluator       | WARNING | SNR=15.0 dB: 575/68608 sensing elements outside [0,1] (min=-0.0738, max=1.1619) -> clamped
2026-09-28 21:00:41 | src.evaluation.evaluator       | WARNING | SNR=17.0 dB: 706/72320 sensing elements outside [0,1] (min=-0.0498, max=1.1737) -> clamped
2026-09-28 21:01:05 | src.evaluation.evaluator       | WARNING | SNR=19.0 dB: 822/72064 sensing elements outside [0,1] (min=-0.0613, max=1.1644) -> clamped
2026-09-28 21:01:30 | src.evaluation.evaluator       | WARNING | SNR=21.0 dB: 815/73600 sensing elements outside [0,1] (min=-0.0750, max=1.2199) -> clamped
2026-09-28 21:01:30 | src.evaluation.evaluator       | INFO   | Evaluation completed for 14 SNR points
2026-09-28 21:01:30 | src.experiments.run_jamming    | INFO   | Baseline saved to /content/drive/MyDrive/DHUC_RUN/conv1d/full/jamming/conv1d/jamming/baseline_metrics.csv
2026-09-28 21:01:30 | src.experiments.run_jamming    | INFO   | Baseline mean BER = 0.012174
2026-09-28 21:01:30 | src.experiments.jamming_interpretability | INFO   | [jamming] test set thinned to 40000 of 560000 symbols per realization
2026-09-28 21:01:30 | src.experiments.run_jamming    | INFO   | Processing jamming: cw (5 realization(s))
2026-09-28 21:01:31 | src.evaluation.evaluator       | INFO   | Starting evaluation over 14 SNR points
2026-09-28 21:01:32 | src.evaluation.evaluator       | WARNING | SNR=-3.0 dB: 2/512 sensing elements outside [0,1] (min=-0.0262, max=1.1043) -> clamped
2026-09-28 21:01:34 | src.evaluation.evaluator       | WARNING | SNR=-1.0 dB: 1/256 sensing elements outside [0,1] (min=0.0879, max=1.0010) -> clamped
2026-09-28 21:01:36 | src.evaluation.evaluator       | WARNING | SNR=1.0 dB: 3/768 sensing elements outside [0,1] (min=-0.0585, max=1.0649) -> clamped
2026-09-28 21:01:38 | src.evaluation.evaluator       | WARNING | SNR=3.0 dB: 6/1280 sensing elements outside [0,1] (min=-0.0312, max=1.0274) -> clamped
2026-09-28 21:01:39 | src.evaluation.evaluator       | WARNING | SNR=5.0 dB: 5/1280 sensing elements outside [0,1] (min=0.0535, max=1.0782) -> clamped
2026-09-28 21:01:41 | src.evaluation.evaluator       | WARNING | SNR=7.0 dB: 12/2048 sensing elements outside [0,1] (min=-0.0224, max=1.0784) -> clamped
2026-09-28 21:01:43 | src.evaluation.evaluator       | WARNING | SNR=9.0 dB: 10/1874 sensing elements outside [0,1] (min=-0.0326, max=1.0589) -> clamped
2026-09-28 21:01:45 | src.evaluation.evaluator       | WARNING | SNR=11.0 dB: 15/3328 sensing elements outside [0,1] (min=-0.0095, max=1.1035) -> clamped
2026-09-28 21:01:47 | src.evaluation.evaluator       | WARNING | SNR=13.0 dB: 20/3072 sensing elements outside [0,1] (min=-0.0393, max=1.1058) -> clamped
2026-09-28 21:01:49 | src.evaluation.evaluator       | WARNING | SNR=15.0 dB: 20/3328 sensing elements outside [0,1] (min=-0.0451, max=1.1396) -> clamped
2026-09-28 21:01:51 | src.evaluation.evaluator       | WARNING | SNR=17.0 dB: 23/3584 sensing elements outside [0,1] (min=-0.0097, max=1.0817) -> clamped
2026-09-28 21:01:52 | src.evaluation.evaluator       | WARNING | SNR=19.0 dB: 21/3840 sensing elements outside [0,1] (min=-0.0211, max=1.0579) -> clamped
2026-09-28 21:01:54 | src.evaluation.evaluator       | WARNING | SNR=21.0 dB: 19/4096 sensing elements outside [0,1] (min=0.0060, max=1.2237) -> clamped
2026-09-28 21:01:54 | src.evaluation.evaluator       | INFO   | Evaluation completed for 14 SNR points
2026-09-28 21:01:54 | src.experiments.run_jamming    | INFO   | jamming cw r=0 JSR=-10.0 dB | BER=0.03364
2026-09-28 21:01:54 | src.evaluation.evaluator       | INFO   | Starting evaluation over 14 SNR points
2026-09-28 21:01:55 | src.evaluation.evaluator       | WARNING | SNR=-3.0 dB: 2/512 sensing elements outside [0,1] (min=-0.0237, max=1.0852) -> clamped
2026-09-28 21:01:57 | src.evaluation.evaluator       | WARNING | SNR=3.0 dB: 1/256 sensing elements outside [0,1] (min=0.0837, max=1.0376) -> clamped
2026-09-28 21:01:59 | src.evaluation.evaluator       | WARNING | SNR=5.0 dB: 4/1024 sensing elements outside [0,1] (min=0.1365, max=1.0634) -> clamped
2026-09-28 21:02:01 | src.evaluation.evaluator       | WARNING | SNR=7.0 dB: 10/1536 sensing elements outside [0,1] (min=-0.0079, max=1.0783) -> clamped
2026-09-28 21:02:03 | src.evaluation.evaluator       | WARNING | SNR=9.0 dB: 2/256 sensing elements outside [0,1] (min=-0.0310, max=1.0372) -> clamped
2026-09-28 21:02:04 | src.evaluation.evaluator       | WARNING | SNR=11.0 dB: 9/2048 sensing elements outside [0,1] (min=-0.0104, max=1.1226) -> clamped
2026-09-28 21:02:06 | src.evaluation.evaluator       | WARNING | SNR=13.0 dB: 18/3072 sensing elements outside [0,1] (min=-0.0263, max=1.1114) -> clamped
2026-09-28 21:02:08 | src.evaluation.evaluator       | WARNING | SNR=15.0 dB: 13/2304 sensing elements outside [0,1] (min=-0.0497, max=1.1306) -> clamped
2026-09-28 21:02:09 | src.evaluation.evaluator       | WARNING | SNR=17.0 dB: 12/2304 sensing elements outside [0,1] (min=-0.0038, max=1.0876) -> clamped
2026-09-28 21:02:10 | src.evaluation.evaluator       | WARNING | SNR=19.0 dB: 10/2048 sensing elements outside [0,1] (min=-0.0077, max=1.0562) -> clamped
2026-09-28 21:02:12 | src.evaluation.evaluator       | WARNING | SNR=21.0 dB: 17/3328 sensing elements outside [0,1] (min=0.0204, max=1.2136) -> clamped
2026-09-28 21:02:12 | src.evaluation.evaluator       | INFO   | Evaluation completed for 14 SNR points
2026-09-28 21:02:12 | src.experiments.run_jamming    | INFO   | jamming cw r=0 JSR=-8.0 dB | BER=0.06921
2026-09-28 21:02:12 | src.evaluation.evaluator       | INFO   | Starting evaluation over 14 SNR points
2026-09-28 21:02:13 | src.evaluation.evaluator       | WARNING | SNR=-3.0 dB: 1/256 sensing elements outside [0,1] (min=-0.0143, max=0.8136) -> clamped
2026-09-28 21:02:14 | src.evaluation.evaluator       | WARNING | SNR=-1.0 dB: 2/512 sensing elements outside [0,1] (min=0.1617, max=1.0032) -> clamped
2026-09-28 21:02:15 | src.evaluation.evaluator       | WARNING | SNR=5.0 dB: 1/256 sensing elements outside [0,1] (min=0.1754, max=1.0483) -> clamped
2026-09-28 21:02:17 | src.evaluation.evaluator       | WARNING | SNR=11.0 dB: 2/512 sensing elements outside [0,1] (min=0.0428, max=1.0705) -> clamped
2026-09-28 21:02:18 | src.evaluation.evaluator       | WARNING | SNR=13.0 dB: 3/512 sensing elements outside [0,1] (min=-0.0054, max=1.0546) -> clamped
2026-09-28 21:02:18 | src.evaluation.evaluator       | WARNING | SNR=15.0 dB: 5/768 sensing elements outside [0,1] (min=-0.0073, max=1.0459) -> clamped
2026-09-28 21:02:19 | src.evaluation.evaluator       | WARNING | SNR=17.0 dB: 3/768 sensing elements outside [0,1] (min=0.0044, max=1.0843) -> clamped
2026-09-28 21:02:19 | src.evaluation.evaluator       | WARNING | SNR=19.0 dB: 2/512 sensing elements outside [0,1] (min=0.0053, max=1.0597) -> clamped
2026-09-28 21:02:20 | src.evaluation.evaluator       | WARNING | SNR=21.0 dB: 1/256 sensing elements outside [0,1] (min=0.0710, max=1.0131) -> clamped
2026-09-28 21:02:20 | src.evaluation.evaluator       | INFO   | Evaluation completed for 14 SNR points
2026-09-28 21:02:20 | src.experiments.run_jamming    | INFO   | jamming cw r=0 JSR=-6.0 dB | BER=0.14957
2026-09-28 21:02:20 | src.evaluation.evaluator       | INFO   | Starting evaluation over 14 SNR points
2026-09-28 21:02:21 | src.evaluation.evaluator       | WARNING | SNR=5.0 dB: 1/256 sensing elements outside [0,1] (min=0.1810, max=1.0543) -> clamped
2026-09-28 21:02:22 | src.evaluation.evaluator       | WARNING | SNR=11.0 dB: 1/256 sensing elements outside [0,1] (min=0.1103, max=1.0759) -> clamped
2026-09-28 21:02:23 | src.evaluation.evaluator       | WARNING | SNR=15.0 dB: 1/256 sensing elements outside [0,1] (min=0.1290, max=1.0221) -> clamped
2026-09-28 21:02:23 | src.evaluation.evaluator       | WARNING | SNR=17.0 dB: 2/512 sensing elements outside [0,1] (min=0.0047, max=1.0196) -> clamped
2026-09-28 21:02:23 | src.evaluation.evaluator       | WARNING | SNR=19.0 dB: 2/256 sensing elements outside [0,1] (min=-0.0039, max=1.0094) -> clamped
2026-09-28 21:02:23 | src.evaluation.evaluator       | WARNING | SNR=21.0 dB: 1/256 sensing elements outside [0,1] (min=0.1122, max=1.0181) -> clamped
2026-09-28 21:02:23 | src.evaluation.evaluator       | INFO   | Evaluation completed for 14 SNR points
2026-09-28 21:02:23 | src.experiments.run_jamming    | INFO   | jamming cw r=0 JSR=-4.0 dB | BER=0.29139
2026-09-28 21:02:23 | src.evaluation.evaluator       | INFO   | Starting evaluation over 14 SNR points
2026-09-28 21:02:24 | src.evaluation.evaluator       | WARNING | SNR=-5.0 dB: 1/256 sensing elements outside [0,1] (min=-0.0329, max=0.7595) -> clamped
2026-09-28 21:02:24 | src.evaluation.evaluator       | WARNING | SNR=5.0 dB: 1/256 sensing elements outside [0,1] (min=0.1558, max=1.0371) -> clamped
2026-09-28 21:02:25 | src.evaluation.evaluator       | WARNING | SNR=15.0 dB: 1/256 sensing elements outside [0,1] (min=0.1298, max=1.0256) -> clamped
2026-09-28 21:02:25 | src.evaluation.evaluator       | WARNING | SNR=17.0 dB: 1/256 sensing elements outside [0,1] (min=0.0112, max=1.0183) -> clamped
2026-09-28 21:02:25 | src.evaluation.evaluator       | WARNING | SNR=19.0 dB: 2/256 sensing elements outside [0,1] (min=-0.0216, max=1.0007) -> clamped
2026-09-28 21:02:26 | src.evaluation.evaluator       | INFO   | Evaluation completed for 14 SNR points
2026-09-28 21:02:26 | src.experiments.run_jamming    | INFO   | jamming cw r=0 JSR=-2.0 dB | BER=0.44448
2026-09-28 21:02:26 | src.evaluation.evaluator       | INFO   | Starting evaluation over 14 SNR points
2026-09-28 21:02:26 | src.evaluation.evaluator       | WARNING | SNR=-5.0 dB: 1/256 sensing elements outside [0,1] (min=-0.1142, max=0.7438) -> clamped
2026-09-28 21:02:27 | src.evaluation.evaluator       | WARNING | SNR=5.0 dB: 1/256 sensing elements outside [0,1] (min=0.1559, max=1.0301) -> clamped
2026-09-28 21:02:27 | src.evaluation.evaluator       | WARNING | SNR=7.0 dB: 1/256 sensing elements outside [0,1] (min=0.1451, max=1.0127) -> clamped
2026-09-28 21:02:28 | src.evaluation.evaluator       | WARNING | SNR=11.0 dB: 1/256 sensing elements outside [0,1] (min=0.0938, max=1.0065) -> clamped
2026-09-28 21:02:28 | src.evaluation.evaluator       | WARNING | SNR=15.0 dB: 1/256 sensing elements outside [0,1] (min=0.1340, max=1.0303) -> clamped
2026-09-28 21:02:28 | src.evaluation.evaluator       | WARNING | SNR=17.0 dB: 1/256 sensing elements outside [0,1] (min=0.0310, max=1.0287) -> clamped
2026-09-28 21:02:28 | src.evaluation.evaluator       | WARNING | SNR=19.0 dB: 1/256 sensing elements outside [0,1] (min=-0.0435, max=0.9614) -> clamped
2026-09-28 21:02:29 | src.evaluation.evaluator       | INFO   | Evaluation completed for 14 SNR points
2026-09-28 21:02:29 | src.experiments.run_jamming    | INFO   | jamming cw r=0 JSR=0.0 dB | BER=0.50363
2026-09-28 21:02:29 | src.evaluation.evaluator       | INFO   | Starting evaluation over 14 SNR points
2026-09-28 21:02:29 | src.evaluation.evaluator       | WARNING | SNR=-5.0 dB: 1/256 sensing elements outside [0,1] (min=-0.1992, max=0.7551) -> clamped
2026-09-28 21:02:30 | src.evaluation.evaluator       | WARNING | SNR=5.0 dB: 1/256 sensing elements outside [0,1] (min=0.1584, max=1.0378) -> clamped
2026-09-28 21:02:30 | src.evaluation.evaluator       | WARNING | SNR=7.0 dB: 1/256 sensing elements outside [0,1] (min=0.1668, max=1.0579) -> clamped
2026-09-28 21:02:31 | src.evaluation.evaluator       | WARNING | SNR=17.0 dB: 1/256 sensing elements outside [0,1] (min=0.0680, max=1.0296) -> clamped
2026-09-28 21:02:31 | src.evaluation.evaluator       | WARNING | SNR=19.0 dB: 1/256 sensing elements outside [0,1] (min=-0.0350, max=0.9700) -> clamped
2026-09-28 21:02:31 | src.evaluation.evaluator       | INFO   | Evaluation completed for 14 SNR points
2026-09-28 21:02:31 | src.experiments.run_jamming    | INFO   | jamming cw r=0 JSR=2.0 dB | BER=0.50921
2026-09-28 21:02:31 | src.evaluation.evaluator       | INFO   | Starting evaluation over 14 SNR points
2026-09-28 21:02:31 | src.evaluation.evaluator       | WARNING | SNR=-5.0 dB: 1/256 sensing elements outside [0,1] (min=-0.3102, max=0.7340) -> clamped
2026-09-28 21:02:32 | src.evaluation.evaluator       | WARNING | SNR=5.0 dB: 1/256 sensing elements outside [0,1] (min=0.1271, max=1.0465) -> clamped
2026-09-28 21:02:32 | src.evaluation.evaluator       | WARNING | SNR=7.0 dB: 1/256 sensing elements outside [0,1] (min=0.1767, max=1.0873) -> clamped
2026-09-28 21:02:33 | src.evaluation.evaluator       | WARNING | SNR=17.0 dB: 1/256 sensing elements outside [0,1] (min=0.1026, max=1.0170) -> clamped
2026-09-28 21:02:33 | src.evaluation.evaluator       | WARNING | SNR=19.0 dB: 1/256 sensing elements outside [0,1] (min=-0.0056, max=0.9793) -> clamped
2026-09-28 21:02:33 | src.evaluation.evaluator       | WARNING | SNR=21.0 dB: 1/256 sensing elements outside [0,1] (min=0.0116, max=1.0013) -> clamped
2026-09-28 21:02:33 | src.evaluation.evaluator       | INFO   | Evaluation completed for 14 SNR points
2026-09-28 21:02:33 | src.experiments.run_jamming    | INFO   | jamming cw r=0 JSR=4.0 dB | BER=0.51032
2026-09-28 21:02:33 | src.evaluation.evaluator       | INFO   | Starting evaluation over 14 SNR points
2026-09-28 21:02:34 | src.evaluation.evaluator       | WARNING | SNR=-5.0 dB: 5/512 sensing elements outside [0,1] (min=-0.4616, max=0.8854) -> clamped
2026-09-28 21:02:34 | src.evaluation.evaluator       | WARNING | SNR=-1.0 dB: 1/256 sensing elements outside [0,1] (min=-0.0235, max=0.7890) -> clamped
2026-09-28 21:02:34 | src.evaluation.evaluator       | WARNING | SNR=5.0 dB: 1/256 sensing elements outside [0,1] (min=0.1443, max=1.0372) -> clamped
2026-09-28 21:02:34 | src.evaluation.evaluator       | WARNING | SNR=7.0 dB: 1/256 sensing elements outside [0,1] (min=0.1043, max=1.0816) -> clamped
2026-09-28 21:02:35 | src.evaluation.evaluator       | WARNING | SNR=13.0 dB: 2/512 sensing elements outside [0,1] (min=-0.0238, max=1.0087) -> clamped
2026-09-28 21:02:35 | src.evaluation.evaluator       | WARNING | SNR=15.0 dB: 1/256 sensing elements outside [0,1] (min=0.1317, max=1.0117) -> clamped
2026-09-28 21:02:35 | src.evaluation.evaluator       | WARNING | SNR=17.0 dB: 3/512 sensing elements outside [0,1] (min=-0.0106, max=1.0147) -> clamped
2026-09-28 21:02:35 | src.evaluation.evaluator       | WARNING | SNR=19.0 dB: 2/256 sensing elements outside [0,1] (min=-0.0633, max=1.0059) -> clamped
2026-09-28 21:02:35 | src.evaluation.evaluator       | WARNING | SNR=21.0 dB: 1/256 sensing elements outside [0,1] (min=0.0140, max=1.0274) -> clamped
2026-09-28 21:02:35 | src.evaluation.evaluator       | INFO   | Evaluation completed for 14 SNR points
2026-09-28 21:02:35 | src.experiments.run_jamming    | INFO   | jamming cw r=0 JSR=6.0 dB | BER=0.51032
2026-09-28 21:02:36 | src.evaluation.evaluator       | INFO   | Starting evaluation over 14 SNR points
2026-09-28 21:02:36 | src.evaluation.evaluator       | WARNING | SNR=-5.0 dB: 7/512 sensing elements outside [0,1] (min=-0.6651, max=0.9533) -> clamped
2026-09-28 21:02:36 | src.evaluation.evaluator       | WARNING | SNR=-3.0 dB: 1/256 sensing elements outside [0,1] (min=-0.0096, max=0.9980) -> clamped
2026-09-28 21:02:36 | src.evaluation.evaluator       | WARNING | SNR=-1.0 dB: 3/256 sensing elements outside [0,1] (min=-0.1344, max=0.7734) -> clamped
2026-09-28 21:02:36 | src.evaluation.evaluator       | WARNING | SNR=1.0 dB: 1/256 sensing elements outside [0,1] (min=-0.0943, max=0.8911) -> clamped
2026-09-28 21:02:36 | src.evaluation.evaluator       | WARNING | SNR=3.0 dB: 2/256 sensing elements outside [0,1] (min=-0.0951, max=1.0031) -> clamped
2026-09-28 21:02:36 | src.evaluation.evaluator       | WARNING | SNR=5.0 dB: 2/512 sensing elements outside [0,1] (min=-0.0592, max=1.0129) -> clamped
2026-09-28 21:02:37 | src.evaluation.evaluator       | WARNING | SNR=7.0 dB: 4/256 sensing elements outside [0,1] (min=-0.0155, max=1.1134) -> clamped
2026-09-28 21:02:37 | src.evaluation.evaluator       | WARNING | SNR=11.0 dB: 2/256 sensing elements outside [0,1] (min=0.0857, max=1.0214) -> clamped
2026-09-28 21:02:37 | src.evaluation.evaluator       | WARNING | SNR=13.0 dB: 5/512 sensing elements outside [0,1] (min=-0.1545, max=1.0545) -> clamped
2026-09-28 21:02:37 | src.evaluation.evaluator       | WARNING | SNR=15.0 dB: 1/256 sensing elements outside [0,1] (min=0.1179, max=1.0384) -> clamped
2026-09-28 21:02:37 | src.evaluation.evaluator       | WARNING | SNR=17.0 dB: 5/512 sensing elements outside [0,1] (min=-0.1600, max=1.0400) -> clamped
2026-09-28 21:02:37 | src.evaluation.evaluator       | WARNING | SNR=19.0 dB: 3/512 sensing elements outside [0,1] (min=-0.2230, max=1.0343) -> clamped
2026-09-28 21:02:38 | src.evaluation.evaluator       | WARNING | SNR=21.0 dB: 1/256 sensing elements outside [0,1] (min=0.0247, max=1.0662) -> clamped
2026-09-28 21:02:38 | src.evaluation.evaluator       | INFO   | Evaluation completed for 14 SNR points
2026-09-28 21:02:38 | src.experiments.run_jamming    | INFO   | jamming cw r=0 JSR=8.0 dB | BER=0.51032
2026-09-28 21:02:38 | src.evaluation.evaluator       | INFO   | Starting evaluation over 14 SNR points
2026-09-28 21:02:38 | src.evaluation.evaluator       | WARNING | SNR=-5.0 dB: 12/512 sensing elements outside [0,1] (min=-0.9306, max=1.0200) -> clamped
2026-09-28 21:02:38 | src.evaluation.evaluator       | WARNING | SNR=-3.0 dB: 8/512 sensing elements outside [0,1] (min=-0.1782, max=1.1137) -> clamped
2026-09-28 21:02:38 | src.evaluation.evaluator       | WARNING | SNR=-1.0 dB: 8/512 sensing elements outside [0,1] (min=-0.3412, max=0.9228) -> clamped
2026-09-28 21:02:38 | src.evaluation.evaluator       | WARNING | SNR=1.0 dB: 7/512 sensing elements outside [0,1] (min=-0.2203, max=1.0132) -> clamped
2026-09-28 21:02:38 | src.evaluation.evaluator       | WARNING | SNR=3.0 dB: 4/512 sensing elements outside [0,1] (min=-0.3187, max=1.0788) -> clamped
2026-09-28 21:02:39 | src.evaluation.evaluator       | WARNING | SNR=5.0 dB: 6/512 sensing elements outside [0,1] (min=-0.2064, max=1.0352) -> clamped
2026-09-28 21:02:39 | src.evaluation.evaluator       | WARNING | SNR=7.0 dB: 9/512 sensing elements outside [0,1] (min=-0.1951, max=1.1665) -> clamped
2026-09-28 21:02:39 | src.evaluation.evaluator       | WARNING | SNR=9.0 dB: 2/256 sensing elements outside [0,1] (min=-0.0995, max=0.9910) -> clamped
2026-09-28 21:02:39 | src.evaluation.evaluator       | WARNING | SNR=11.0 dB: 6/512 sensing elements outside [0,1] (min=-0.1210, max=1.0634) -> clamped
2026-09-28 21:02:39 | src.evaluation.evaluator       | WARNING | SNR=13.0 dB: 10/512 sensing elements outside [0,1] (min=-0.3247, max=1.1160) -> clamped
2026-09-28 21:02:39 | src.evaluation.evaluator       | WARNING | SNR=15.0 dB: 4/512 sensing elements outside [0,1] (min=-0.0201, max=1.0761) -> clamped
2026-09-28 21:02:40 | src.evaluation.evaluator       | WARNING | SNR=17.0 dB: 8/512 sensing elements outside [0,1] (min=-0.3491, max=1.0726) -> clamped
2026-09-28 21:02:40 | src.evaluation.evaluator       | WARNING | SNR=19.0 dB: 6/512 sensing elements outside [0,1] (min=-0.4105, max=1.0774) -> clamped
2026-09-28 21:02:40 | src.evaluation.evaluator       | WARNING | SNR=21.0 dB: 3/512 sensing elements outside [0,1] (min=-0.0904, max=1.1236) -> clamped
2026-09-28 21:02:40 | src.evaluation.evaluator       | INFO   | Evaluation completed for 14 SNR points
2026-09-28 21:02:40 | src.experiments.run_jamming    | INFO   | jamming cw r=0 JSR=10.0 dB | BER=0.51032
2026-09-28 21:02:40 | src.evaluation.evaluator       | INFO   | Starting evaluation over 14 SNR points
2026-09-28 21:02:42 | src.evaluation.evaluator       | WARNING | SNR=-3.0 dB: 1/256 sensing elements outside [0,1] (min=-0.0560, max=0.7809) -> clamped
2026-09-28 21:02:46 | src.evaluation.evaluator       | WARNING | SNR=1.0 dB: 3/768 sensing elements outside [0,1] (min=-0.1118, max=1.0349) -> clamped
2026-09-28 21:02:47 | src.evaluation.evaluator       | WARNING | SNR=3.0 dB: 2/512 sensing elements outside [0,1] (min=-0.0624, max=1.0088) -> clamped
2026-09-28 21:02:49 | src.evaluation.evaluator       | WARNING | SNR=5.0 dB: 5/1280 sensing elements outside [0,1] (min=-0.0514, max=1.0560) -> clamped
2026-09-28 21:02:51 | src.evaluation.evaluator       | WARNING | SNR=7.0 dB: 6/1536 sensing elements outside [0,1] (min=-0.0454, max=1.0544) -> clamped
2026-09-28 21:02:53 | src.evaluation.evaluator       | WARNING | SNR=9.0 dB: 5/1280 sensing elements outside [0,1] (min=-0.0222, max=1.0171) -> clamped
2026-09-28 21:02:55 | src.evaluation.evaluator       | WARNING | SNR=11.0 dB: 11/2560 sensing elements outside [0,1] (min=-0.0553, max=1.1785) -> clamped
2026-09-28 21:02:57 | src.evaluation.evaluator       | WARNING | SNR=13.0 dB: 19/3328 sensing elements outside [0,1] (min=-0.0595, max=1.1009) -> clamped
2026-09-28 21:02:59 | src.evaluation.evaluator       | WARNING | SNR=15.0 dB: 13/2816 sensing elements outside [0,1] (min=-0.0247, max=1.1630) -> clamped
2026-09-28 21:03:01 | src.evaluation.evaluator       | WARNING | SNR=17.0 dB: 11/2560 sensing elements outside [0,1] (min=-0.0435, max=1.0561) -> clamped
2026-09-28 21:03:02 | src.evaluation.evaluator       | WARNING | SNR=19.0 dB: 14/2816 sensing elements outside [0,1] (min=-0.0390, max=1.0660) -> clamped
2026-09-28 21:03:04 | src.evaluation.evaluator       | WARNING | SNR=21.0 dB: 23/3584 sensing elements outside [0,1] (min=-0.0300, max=1.1498) -> clamped
2026-09-28 21:03:04 | src.evaluation.evaluator       | INFO   | Evaluation completed for 14 SNR points
2026-09-28 21:03:04 | src.experiments.run_jamming    | INFO   | jamming cw r=1 JSR=-10.0 dB | BER=0.02588
2026-09-28 21:03:04 | src.evaluation.evaluator       | INFO   | Starting evaluation over 14 SNR points
2026-09-28 21:03:05 | src.evaluation.evaluator       | WARNING | SNR=-3.0 dB: 1/256 sensing elements outside [0,1] (min=-0.0611, max=0.7721) -> clamped
2026-09-28 21:03:07 | src.evaluation.evaluator       | WARNING | SNR=1.0 dB: 3/768 sensing elements outside [0,1] (min=-0.1140, max=1.0174) -> clamped
2026-09-28 21:03:09 | src.evaluation.evaluator       | WARNING | SNR=3.0 dB: 2/512 sensing elements outside [0,1] (min=-0.0646, max=1.0100) -> clamped
2026-09-28 21:03:11 | src.evaluation.evaluator       | WARNING | SNR=5.0 dB: 4/1024 sensing elements outside [0,1] (min=-0.0518, max=1.0411) -> clamped
2026-09-28 21:03:13 | src.evaluation.evaluator       | WARNING | SNR=7.0 dB: 7/1792 sensing elements outside [0,1] (min=-0.0385, max=1.0498) -> clamped
2026-09-28 21:03:15 | src.evaluation.evaluator       | WARNING | SNR=9.0 dB: 2/512 sensing elements outside [0,1] (min=-0.0219, max=1.0086) -> clamped
2026-09-28 21:03:16 | src.evaluation.evaluator       | WARNING | SNR=11.0 dB: 8/1792 sensing elements outside [0,1] (min=-0.0560, max=1.1517) -> clamped
2026-09-28 21:03:18 | src.evaluation.evaluator       | WARNING | SNR=13.0 dB: 12/2816 sensing elements outside [0,1] (min=-0.0561, max=1.0962) -> clamped
2026-09-28 21:03:20 | src.evaluation.evaluator       | WARNING | SNR=15.0 dB: 7/1792 sensing elements outside [0,1] (min=-0.0276, max=1.1625) -> clamped
2026-09-28 21:03:22 | src.evaluation.evaluator       | WARNING | SNR=17.0 dB: 7/1792 sensing elements outside [0,1] (min=-0.0305, max=1.0447) -> clamped
2026-09-28 21:03:24 | src.evaluation.evaluator       | WARNING | SNR=19.0 dB: 8/1792 sensing elements outside [0,1] (min=-0.0335, max=1.0624) -> clamped
2026-09-28 21:03:26 | src.evaluation.evaluator       | WARNING | SNR=21.0 dB: 12/2816 sensing elements outside [0,1] (min=-0.0270, max=1.1392) -> clamped
2026-09-28 21:03:26 | src.evaluation.evaluator       | INFO   | Evaluation completed for 14 SNR points
2026-09-28 21:03:26 | src.experiments.run_jamming    | INFO   | jamming cw r=1 JSR=-8.0 dB | BER=0.05042
2026-09-28 21:03:26 | src.evaluation.evaluator       | INFO   | Starting evaluation over 14 SNR points
2026-09-28 21:03:27 | src.evaluation.evaluator       | WARNING | SNR=-3.0 dB: 1/256 sensing elements outside [0,1] (min=-0.0679, max=0.7662) -> clamped
2026-09-28 21:03:30 | src.evaluation.evaluator       | WARNING | SNR=7.0 dB: 2/512 sensing elements outside [0,1] (min=-0.0132, max=1.0373) -> clamped
2026-09-28 21:03:32 | src.evaluation.evaluator       | WARNING | SNR=11.0 dB: 2/512 sensing elements outside [0,1] (min=0.0595, max=1.0340) -> clamped
2026-09-28 21:03:33 | src.evaluation.evaluator       | WARNING | SNR=13.0 dB: 6/1536 sensing elements outside [0,1] (min=-0.0498, max=1.0857) -> clamped
2026-09-28 21:03:34 | src.evaluation.evaluator       | WARNING | SNR=15.0 dB: 1/256 sensing elements outside [0,1] (min=0.1187, max=1.0091) -> clamped
2026-09-28 21:03:35 | src.evaluation.evaluator       | WARNING | SNR=17.0 dB: 2/512 sensing elements outside [0,1] (min=-0.0018, max=0.9689) -> clamped
2026-09-28 21:03:36 | src.evaluation.evaluator       | WARNING | SNR=19.0 dB: 2/512 sensing elements outside [0,1] (min=0.0361, max=1.0672) -> clamped
2026-09-28 21:03:38 | src.evaluation.evaluator       | WARNING | SNR=21.0 dB: 7/1792 sensing elements outside [0,1] (min=-0.0247, max=1.1228) -> clamped
2026-09-28 21:03:38 | src.evaluation.evaluator       | INFO   | Evaluation completed for 14 SNR points
2026-09-28 21:03:38 | src.experiments.run_jamming    | INFO   | jamming cw r=1 JSR=-6.0 dB | BER=0.10269
2026-09-28 21:03:38 | src.evaluation.evaluator       | INFO   | Starting evaluation over 14 SNR points
2026-09-28 21:03:41 | src.evaluation.evaluator       | WARNING | SNR=11.0 dB: 1/256 sensing elements outside [0,1] (min=0.0895, max=1.0228) -> clamped
2026-09-28 21:03:41 | src.evaluation.evaluator       | WARNING | SNR=13.0 dB: 1/256 sensing elements outside [0,1] (min=-0.0453, max=0.9462) -> clamped
2026-09-28 21:03:42 | src.evaluation.evaluator       | WARNING | SNR=17.0 dB: 1/256 sensing elements outside [0,1] (min=-0.0029, max=0.8633) -> clamped
2026-09-28 21:03:42 | src.evaluation.evaluator       | WARNING | SNR=19.0 dB: 1/256 sensing elements outside [0,1] (min=0.1543, max=1.0706) -> clamped
2026-09-28 21:03:43 | src.evaluation.evaluator       | WARNING | SNR=21.0 dB: 2/512 sensing elements outside [0,1] (min=-0.0199, max=1.0082) -> clamped
2026-09-28 21:03:43 | src.evaluation.evaluator       | INFO   | Evaluation completed for 14 SNR points
2026-09-28 21:03:43 | src.experiments.run_jamming    | INFO   | jamming cw r=1 JSR=-4.0 dB | BER=0.22234
2026-09-28 21:03:43 | src.evaluation.evaluator       | INFO   | Starting evaluation over 14 SNR points
2026-09-28 21:03:44 | src.evaluation.evaluator       | WARNING | SNR=11.0 dB: 1/256 sensing elements outside [0,1] (min=0.1329, max=1.0093) -> clamped
2026-09-28 21:03:45 | src.evaluation.evaluator       | WARNING | SNR=13.0 dB: 1/256 sensing elements outside [0,1] (min=-0.0464, max=0.9207) -> clamped
2026-09-28 21:03:45 | src.evaluation.evaluator       | WARNING | SNR=17.0 dB: 1/256 sensing elements outside [0,1] (min=-0.0095, max=0.8181) -> clamped
2026-09-28 21:03:46 | src.evaluation.evaluator       | WARNING | SNR=21.0 dB: 1/256 sensing elements outside [0,1] (min=-0.0144, max=0.9303) -> clamped
2026-09-28 21:03:46 | src.evaluation.evaluator       | INFO   | Evaluation completed for 14 SNR points
2026-09-28 21:03:46 | src.experiments.run_jamming    | INFO   | jamming cw r=1 JSR=-2.0 dB | BER=0.38570
2026-09-28 21:03:46 | src.evaluation.evaluator       | INFO   | Starting evaluation over 14 SNR points
2026-09-28 21:03:47 | src.evaluation.evaluator       | WARNING | SNR=13.0 dB: 1/256 sensing elements outside [0,1] (min=-0.0433, max=0.8797) -> clamped
2026-09-28 21:03:47 | src.evaluation.evaluator       | WARNING | SNR=17.0 dB: 1/256 sensing elements outside [0,1] (min=-0.0046, max=0.7884) -> clamped
2026-09-28 21:03:48 | src.evaluation.evaluator       | WARNING | SNR=21.0 dB: 1/256 sensing elements outside [0,1] (min=-0.0022, max=0.9213) -> clamped
2026-09-28 21:03:48 | src.evaluation.evaluator       | INFO   | Evaluation completed for 14 SNR points
2026-09-28 21:03:48 | src.experiments.run_jamming    | INFO   | jamming cw r=1 JSR=0.0 dB | BER=0.48912
2026-09-28 21:03:48 | src.evaluation.evaluator       | INFO   | Starting evaluation over 14 SNR points
2026-09-28 21:03:50 | src.evaluation.evaluator       | WARNING | SNR=13.0 dB: 1/256 sensing elements outside [0,1] (min=-0.0350, max=0.7979) -> clamped
2026-09-28 21:03:51 | src.evaluation.evaluator       | INFO   | Evaluation completed for 14 SNR points
2026-09-28 21:03:51 | src.experiments.run_jamming    | INFO   | jamming cw r=1 JSR=2.0 dB | BER=0.50921
2026-09-28 21:03:51 | src.evaluation.evaluator       | INFO   | Starting evaluation over 14 SNR points
2026-09-28 21:03:53 | src.evaluation.evaluator       | WARNING | SNR=13.0 dB: 1/256 sensing elements outside [0,1] (min=-0.0133, max=0.7504) -> clamped
2026-09-28 21:03:53 | src.evaluation.evaluator       | INFO   | Evaluation completed for 14 SNR points
2026-09-28 21:03:53 | src.experiments.run_jamming    | INFO   | jamming cw r=1 JSR=4.0 dB | BER=0.51032
2026-09-28 21:03:53 | src.evaluation.evaluator       | INFO   | Starting evaluation over 14 SNR points
2026-09-28 21:03:55 | src.evaluation.evaluator       | INFO   | Evaluation completed for 14 SNR points
2026-09-28 21:03:55 | src.experiments.run_jamming    | INFO   | jamming cw r=1 JSR=6.0 dB | BER=0.51032
2026-09-28 21:03:55 | src.evaluation.evaluator       | INFO   | Starting evaluation over 14 SNR points
2026-09-28 21:03:56 | src.evaluation.evaluator       | WARNING | SNR=-1.0 dB: 3/512 sensing elements outside [0,1] (min=-0.0939, max=0.7035) -> clamped
2026-09-28 21:03:56 | src.evaluation.evaluator       | WARNING | SNR=5.0 dB: 2/512 sensing elements outside [0,1] (min=-0.0150, max=0.7186) -> clamped
2026-09-28 21:03:57 | src.evaluation.evaluator       | WARNING | SNR=15.0 dB: 1/256 sensing elements outside [0,1] (min=-0.0803, max=0.7193) -> clamped
2026-09-28 21:03:57 | src.evaluation.evaluator       | WARNING | SNR=17.0 dB: 1/256 sensing elements outside [0,1] (min=-0.0933, max=0.7153) -> clamped
2026-09-28 21:03:58 | src.evaluation.evaluator       | INFO   | Evaluation completed for 14 SNR points
2026-09-28 21:03:58 | src.experiments.run_jamming    | INFO   | jamming cw r=1 JSR=8.0 dB | BER=0.51032
2026-09-28 21:03:58 | src.evaluation.evaluator       | INFO   | Starting evaluation over 14 SNR points
2026-09-28 21:03:58 | src.evaluation.evaluator       | WARNING | SNR=-5.0 dB: 1/256 sensing elements outside [0,1] (min=-0.0825, max=0.8377) -> clamped
2026-09-28 21:03:58 | src.evaluation.evaluator       | WARNING | SNR=-3.0 dB: 1/256 sensing elements outside [0,1] (min=-0.0170, max=0.7225) -> clamped
2026-09-28 21:03:58 | src.evaluation.evaluator       | WARNING | SNR=-1.0 dB: 4/512 sensing elements outside [0,1] (min=-0.2655, max=0.7110) -> clamped
2026-09-28 21:03:58 | src.evaluation.evaluator       | WARNING | SNR=1.0 dB: 1/256 sensing elements outside [0,1] (min=-0.0351, max=0.6603) -> clamped
2026-09-28 21:03:58 | src.evaluation.evaluator       | WARNING | SNR=3.0 dB: 3/512 sensing elements outside [0,1] (min=-0.0500, max=0.6824) -> clamped
2026-09-28 21:03:59 | src.evaluation.evaluator       | WARNING | SNR=5.0 dB: 2/512 sensing elements outside [0,1] (min=-0.1531, max=0.7796) -> clamped
2026-09-28 21:03:59 | src.evaluation.evaluator       | WARNING | SNR=9.0 dB: 1/256 sensing elements outside [0,1] (min=-0.0678, max=0.7765) -> clamped
2026-09-28 21:03:59 | src.evaluation.evaluator       | WARNING | SNR=11.0 dB: 1/256 sensing elements outside [0,1] (min=-0.0134, max=0.6893) -> clamped
2026-09-28 21:03:59 | src.evaluation.evaluator       | WARNING | SNR=13.0 dB: 3/512 sensing elements outside [0,1] (min=-0.0503, max=0.7733) -> clamped
2026-09-28 21:03:59 | src.evaluation.evaluator       | WARNING | SNR=15.0 dB: 3/512 sensing elements outside [0,1] (min=-0.3127, max=0.7069) -> clamped
2026-09-28 21:03:59 | src.evaluation.evaluator       | WARNING | SNR=17.0 dB: 2/512 sensing elements outside [0,1] (min=-0.2569, max=0.6820) -> clamped
2026-09-28 21:04:00 | src.evaluation.evaluator       | WARNING | SNR=21.0 dB: 1/256 sensing elements outside [0,1] (min=-0.0908, max=0.7678) -> clamped
2026-09-28 21:04:00 | src.evaluation.evaluator       | INFO   | Evaluation completed for 14 SNR points
2026-09-28 21:04:00 | src.experiments.run_jamming    | INFO   | jamming cw r=1 JSR=10.0 dB | BER=0.51032
2026-09-28 21:04:00 | src.evaluation.evaluator       | INFO   | Starting evaluation over 14 SNR points
2026-09-28 21:04:02 | src.evaluation.evaluator       | WARNING | SNR=-3.0 dB: 1/256 sensing elements outside [0,1] (min=0.2398, max=1.0195) -> clamped
2026-09-28 21:04:04 | src.evaluation.evaluator       | WARNING | SNR=-1.0 dB: 1/256 sensing elements outside [0,1] (min=-0.0104, max=0.8243) -> clamped
2026-09-28 21:04:06 | src.evaluation.evaluator       | WARNING | SNR=1.0 dB: 3/768 sensing elements outside [0,1] (min=-0.1136, max=1.1103) -> clamped
2026-09-28 21:04:08 | src.evaluation.evaluator       | WARNING | SNR=3.0 dB: 1/256 sensing elements outside [0,1] (min=0.1437, max=1.0201) -> clamped
2026-09-28 21:04:10 | src.evaluation.evaluator       | WARNING | SNR=5.0 dB: 6/1536 sensing elements outside [0,1] (min=0.0256, max=1.0767) -> clamped
2026-09-28 21:04:11 | src.evaluation.evaluator       | WARNING | SNR=7.0 dB: 7/1792 sensing elements outside [0,1] (min=-0.0440, max=1.0650) -> clamped
2026-09-28 21:04:13 | src.evaluation.evaluator       | WARNING | SNR=9.0 dB: 5/1280 sensing elements outside [0,1] (min=-0.0543, max=1.0475) -> clamped
2026-09-28 21:04:15 | src.evaluation.evaluator       | WARNING | SNR=11.0 dB: 6/1536 sensing elements outside [0,1] (min=0.0090, max=1.2002) -> clamped
2026-09-28 21:04:17 | src.evaluation.evaluator       | WARNING | SNR=13.0 dB: 15/2560 sensing elements outside [0,1] (min=0.0028, max=1.0925) -> clamped
2026-09-28 21:04:20 | src.evaluation.evaluator       | WARNING | SNR=15.0 dB: 17/3328 sensing elements outside [0,1] (min=-0.0515, max=1.1529) -> clamped
2026-09-28 21:04:21 | src.evaluation.evaluator       | WARNING | SNR=17.0 dB: 20/3328 sensing elements outside [0,1] (min=-0.0214, max=1.0795) -> clamped
2026-09-28 21:04:23 | src.evaluation.evaluator       | WARNING | SNR=19.0 dB: 14/2816 sensing elements outside [0,1] (min=-0.0272, max=1.0630) -> clamped
2026-09-28 21:04:25 | src.evaluation.evaluator       | WARNING | SNR=21.0 dB: 20/3924 sensing elements outside [0,1] (min=-0.0378, max=1.1692) -> clamped
2026-09-28 21:04:25 | src.evaluation.evaluator       | INFO   | Evaluation completed for 14 SNR points
2026-09-28 21:04:25 | src.experiments.run_jamming    | INFO   | jamming cw r=2 JSR=-10.0 dB | BER=0.01256
2026-09-28 21:04:25 | src.evaluation.evaluator       | INFO   | Starting evaluation over 14 SNR points
2026-09-28 21:04:27 | src.evaluation.evaluator       | WARNING | SNR=-3.0 dB: 2/512 sensing elements outside [0,1] (min=-0.0009, max=1.0009) -> clamped
2026-09-28 21:04:29 | src.evaluation.evaluator       | WARNING | SNR=-1.0 dB: 1/256 sensing elements outside [0,1] (min=-0.0036, max=0.8107) -> clamped
2026-09-28 21:04:31 | src.evaluation.evaluator       | WARNING | SNR=1.0 dB: 2/512 sensing elements outside [0,1] (min=-0.1165, max=1.1013) -> clamped
2026-09-28 21:04:35 | src.evaluation.evaluator       | WARNING | SNR=5.0 dB: 4/1024 sensing elements outside [0,1] (min=0.0353, max=1.0452) -> clamped
2026-09-28 21:04:37 | src.evaluation.evaluator       | WARNING | SNR=7.0 dB: 5/1280 sensing elements outside [0,1] (min=-0.0321, max=1.0398) -> clamped
2026-09-28 21:04:38 | src.evaluation.evaluator       | WARNING | SNR=9.0 dB: 5/1280 sensing elements outside [0,1] (min=-0.0485, max=1.0356) -> clamped
2026-09-28 21:04:40 | src.evaluation.evaluator       | WARNING | SNR=11.0 dB: 5/1280 sensing elements outside [0,1] (min=0.0200, max=1.1918) -> clamped
2026-09-28 21:04:42 | src.evaluation.evaluator       | WARNING | SNR=13.0 dB: 10/2048 sensing elements outside [0,1] (min=0.0017, max=1.0913) -> clamped
2026-09-28 21:04:44 | src.evaluation.evaluator       | WARNING | SNR=15.0 dB: 11/2560 sensing elements outside [0,1] (min=-0.0427, max=1.1497) -> clamped
2026-09-28 21:04:46 | src.evaluation.evaluator       | WARNING | SNR=17.0 dB: 10/2048 sensing elements outside [0,1] (min=-0.0086, max=1.0680) -> clamped
2026-09-28 21:04:48 | src.evaluation.evaluator       | WARNING | SNR=19.0 dB: 11/2816 sensing elements outside [0,1] (min=-0.0131, max=1.0540) -> clamped
2026-09-28 21:04:50 | src.evaluation.evaluator       | WARNING | SNR=21.0 dB: 16/3412 sensing elements outside [0,1] (min=-0.0377, max=1.1626) -> clamped
2026-09-28 21:04:50 | src.evaluation.evaluator       | INFO   | Evaluation completed for 14 SNR points
2026-09-28 21:04:50 | src.experiments.run_jamming    | INFO   | jamming cw r=2 JSR=-8.0 dB | BER=0.01353
2026-09-28 21:04:50 | src.evaluation.evaluator       | INFO   | Starting evaluation over 14 SNR points
2026-09-28 21:04:52 | src.evaluation.evaluator       | WARNING | SNR=-3.0 dB: 1/256 sensing elements outside [0,1] (min=-0.0148, max=0.8528) -> clamped
2026-09-28 21:04:53 | src.evaluation.evaluator       | WARNING | SNR=-1.0 dB: 1/256 sensing elements outside [0,1] (min=-0.0026, max=0.7784) -> clamped
2026-09-28 21:04:55 | src.evaluation.evaluator       | WARNING | SNR=1.0 dB: 2/512 sensing elements outside [0,1] (min=-0.1173, max=1.0859) -> clamped
2026-09-28 21:04:59 | src.evaluation.evaluator       | WARNING | SNR=5.0 dB: 3/768 sensing elements outside [0,1] (min=0.0481, max=1.0298) -> clamped
2026-09-28 21:05:01 | src.evaluation.evaluator       | WARNING | SNR=7.0 dB: 3/768 sensing elements outside [0,1] (min=-0.0210, max=1.0123) -> clamped
2026-09-28 21:05:03 | src.evaluation.evaluator       | WARNING | SNR=9.0 dB: 2/512 sensing elements outside [0,1] (min=-0.0339, max=1.0235) -> clamped
2026-09-28 21:05:05 | src.evaluation.evaluator       | WARNING | SNR=11.0 dB: 2/512 sensing elements outside [0,1] (min=0.0374, max=1.1747) -> clamped
2026-09-28 21:05:06 | src.evaluation.evaluator       | WARNING | SNR=13.0 dB: 6/1280 sensing elements outside [0,1] (min=-0.0048, max=1.0805) -> clamped
2026-09-28 21:05:08 | src.evaluation.evaluator       | WARNING | SNR=15.0 dB: 7/1792 sensing elements outside [0,1] (min=-0.0286, max=1.1242) -> clamped
2026-09-28 21:05:10 | src.evaluation.evaluator       | WARNING | SNR=17.0 dB: 5/1280 sensing elements outside [0,1] (min=-0.0052, max=1.0521) -> clamped
2026-09-28 21:05:12 | src.evaluation.evaluator       | WARNING | SNR=19.0 dB: 4/1024 sensing elements outside [0,1] (min=-0.0057, max=1.0296) -> clamped
2026-09-28 21:05:14 | src.evaluation.evaluator       | WARNING | SNR=21.0 dB: 7/1792 sensing elements outside [0,1] (min=-0.0353, max=1.1572) -> clamped
2026-09-28 21:05:14 | src.evaluation.evaluator       | INFO   | Evaluation completed for 14 SNR points
2026-09-28 21:05:14 | src.experiments.run_jamming    | INFO   | jamming cw r=2 JSR=-6.0 dB | BER=0.01428
2026-09-28 21:05:15 | src.evaluation.evaluator       | INFO   | Starting evaluation over 14 SNR points
2026-09-28 21:05:18 | src.evaluation.evaluator       | WARNING | SNR=-1.0 dB: 1/256 sensing elements outside [0,1] (min=-0.0038, max=0.7399) -> clamped
2026-09-28 21:05:20 | src.evaluation.evaluator       | WARNING | SNR=1.0 dB: 2/512 sensing elements outside [0,1] (min=-0.1136, max=1.0726) -> clamped
2026-09-28 21:05:23 | src.evaluation.evaluator       | WARNING | SNR=5.0 dB: 1/256 sensing elements outside [0,1] (min=0.1272, max=1.0071) -> clamped
2026-09-28 21:05:25 | src.evaluation.evaluator       | WARNING | SNR=7.0 dB: 1/256 sensing elements outside [0,1] (min=-0.0067, max=0.9100) -> clamped
2026-09-28 21:05:27 | src.evaluation.evaluator       | WARNING | SNR=9.0 dB: 2/512 sensing elements outside [0,1] (min=-0.0165, max=1.0169) -> clamped
2026-09-28 21:05:29 | src.evaluation.evaluator       | WARNING | SNR=11.0 dB: 2/512 sensing elements outside [0,1] (min=0.0577, max=1.1566) -> clamped
2026-09-28 21:05:31 | src.evaluation.evaluator       | WARNING | SNR=13.0 dB: 4/768 sensing elements outside [0,1] (min=-0.0060, max=1.0598) -> clamped
2026-09-28 21:05:33 | src.evaluation.evaluator       | WARNING | SNR=15.0 dB: 4/1024 sensing elements outside [0,1] (min=-0.0123, max=1.0916) -> clamped
2026-09-28 21:05:34 | src.evaluation.evaluator       | WARNING | SNR=17.0 dB: 2/512 sensing elements outside [0,1] (min=-0.0011, max=1.0348) -> clamped
2026-09-28 21:05:36 | src.evaluation.evaluator       | WARNING | SNR=19.0 dB: 1/256 sensing elements outside [0,1] (min=0.0689, max=1.0089) -> clamped
2026-09-28 21:05:38 | src.evaluation.evaluator       | WARNING | SNR=21.0 dB: 5/1280 sensing elements outside [0,1] (min=-0.0241, max=1.1323) -> clamped
2026-09-28 21:05:38 | src.evaluation.evaluator       | INFO   | Evaluation completed for 14 SNR points
2026-09-28 21:05:38 | src.experiments.run_jamming    | INFO   | jamming cw r=2 JSR=-4.0 dB | BER=0.01613
2026-09-28 21:05:38 | src.evaluation.evaluator       | INFO   | Starting evaluation over 14 SNR points
2026-09-28 21:05:44 | src.evaluation.evaluator       | WARNING | SNR=1.0 dB: 2/512 sensing elements outside [0,1] (min=-0.0918, max=1.0465) -> clamped
2026-09-28 21:05:53 | src.evaluation.evaluator       | WARNING | SNR=11.0 dB: 1/256 sensing elements outside [0,1] (min=0.0826, max=1.1306) -> clamped
2026-09-28 21:05:55 | src.evaluation.evaluator       | WARNING | SNR=13.0 dB: 1/256 sensing elements outside [0,1] (min=0.1480, max=1.0117) -> clamped
2026-09-28 21:05:57 | src.evaluation.evaluator       | WARNING | SNR=15.0 dB: 2/512 sensing elements outside [0,1] (min=-0.0100, max=1.0146) -> clamped
2026-09-28 21:06:02 | src.evaluation.evaluator       | WARNING | SNR=21.0 dB: 2/512 sensing elements outside [0,1] (min=-0.0088, max=1.0948) -> clamped
2026-09-28 21:06:02 | src.evaluation.evaluator       | INFO   | Evaluation completed for 14 SNR points
2026-09-28 21:06:02 | src.experiments.run_jamming    | INFO   | jamming cw r=2 JSR=-2.0 dB | BER=0.02063
2026-09-28 21:06:02 | src.evaluation.evaluator       | INFO   | Starting evaluation over 14 SNR points
2026-09-28 21:06:07 | src.evaluation.evaluator       | WARNING | SNR=1.0 dB: 1/256 sensing elements outside [0,1] (min=-0.0630, max=0.7950) -> clamped
2026-09-28 21:06:16 | src.evaluation.evaluator       | WARNING | SNR=11.0 dB: 1/256 sensing elements outside [0,1] (min=0.1054, max=1.0716) -> clamped
2026-09-28 21:06:26 | src.evaluation.evaluator       | WARNING | SNR=21.0 dB: 1/256 sensing elements outside [0,1] (min=0.1510, max=1.0276) -> clamped
2026-09-28 21:06:26 | src.evaluation.evaluator       | INFO   | Evaluation completed for 14 SNR points
2026-09-28 21:06:26 | src.experiments.run_jamming    | INFO   | jamming cw r=2 JSR=0.0 dB | BER=0.03413
2026-09-28 21:06:26 | src.evaluation.evaluator       | INFO   | Starting evaluation over 14 SNR points
2026-09-28 21:06:28 | src.evaluation.evaluator       | WARNING | SNR=1.0 dB: 1/256 sensing elements outside [0,1] (min=-0.0433, max=0.7400) -> clamped
2026-09-28 21:06:36 | src.evaluation.evaluator       | WARNING | SNR=11.0 dB: 1/256 sensing elements outside [0,1] (min=0.1067, max=1.0051) -> clamped
2026-09-28 21:06:40 | src.evaluation.evaluator       | WARNING | SNR=15.0 dB: 1/256 sensing elements outside [0,1] (min=-0.0145, max=0.7519) -> clamped
2026-09-28 21:06:45 | src.evaluation.evaluator       | INFO   | Evaluation completed for 14 SNR points
2026-09-28 21:06:45 | src.experiments.run_jamming    | INFO   | jamming cw r=2 JSR=2.0 dB | BER=0.06460
2026-09-28 21:06:45 | src.evaluation.evaluator       | INFO   | Starting evaluation over 14 SNR points
2026-09-28 21:06:53 | src.evaluation.evaluator       | INFO   | Evaluation completed for 14 SNR points
2026-09-28 21:06:53 | src.experiments.run_jamming    | INFO   | jamming cw r=2 JSR=4.0 dB | BER=0.13616
2026-09-28 21:06:53 | src.evaluation.evaluator       | INFO   | Starting evaluation over 14 SNR points
2026-09-28 21:06:57 | src.evaluation.evaluator       | INFO   | Evaluation completed for 14 SNR points
2026-09-28 21:06:57 | src.experiments.run_jamming    | INFO   | jamming cw r=2 JSR=6.0 dB | BER=0.26979
2026-09-28 21:06:57 | src.evaluation.evaluator       | INFO   | Starting evaluation over 14 SNR points
2026-09-28 21:06:58 | src.evaluation.evaluator       | WARNING | SNR=9.0 dB: 1/256 sensing elements outside [0,1] (min=-0.0187, max=0.6823) -> clamped
2026-09-28 21:06:58 | src.evaluation.evaluator       | WARNING | SNR=15.0 dB: 1/256 sensing elements outside [0,1] (min=-0.0180, max=0.5905) -> clamped
2026-09-28 21:06:59 | src.evaluation.evaluator       | WARNING | SNR=17.0 dB: 4/768 sensing elements outside [0,1] (min=-0.0595, max=0.6618) -> clamped
2026-09-28 21:06:59 | src.evaluation.evaluator       | INFO   | Evaluation completed for 14 SNR points
2026-09-28 21:06:59 | src.experiments.run_jamming    | INFO   | jamming cw r=2 JSR=8.0 dB | BER=0.42411
2026-09-28 21:06:59 | src.evaluation.evaluator       | INFO   | Starting evaluation over 14 SNR points
2026-09-28 21:06:59 | src.evaluation.evaluator       | WARNING | SNR=-5.0 dB: 2/256 sensing elements outside [0,1] (min=-0.1193, max=0.6893) -> clamped
2026-09-28 21:06:59 | src.evaluation.evaluator       | WARNING | SNR=-3.0 dB: 6/512 sensing elements outside [0,1] (min=-0.0563, max=0.7433) -> clamped
2026-09-28 21:06:59 | src.evaluation.evaluator       | WARNING | SNR=-1.0 dB: 6/512 sensing elements outside [0,1] (min=-0.0641, max=0.7201) -> clamped
2026-09-28 21:07:00 | src.evaluation.evaluator       | WARNING | SNR=1.0 dB: 1/256 sensing elements outside [0,1] (min=-0.0144, max=0.6771) -> clamped
2026-09-28 21:07:00 | src.evaluation.evaluator       | WARNING | SNR=3.0 dB: 6/512 sensing elements outside [0,1] (min=-0.0614, max=0.6558) -> clamped
2026-09-28 21:07:00 | src.evaluation.evaluator       | WARNING | SNR=5.0 dB: 3/512 sensing elements outside [0,1] (min=-0.0799, max=0.6380) -> clamped
2026-09-28 21:07:00 | src.evaluation.evaluator       | WARNING | SNR=7.0 dB: 4/512 sensing elements outside [0,1] (min=-0.0842, max=0.6404) -> clamped
2026-09-28 21:07:00 | src.evaluation.evaluator       | WARNING | SNR=9.0 dB: 4/512 sensing elements outside [0,1] (min=-0.1355, max=0.7091) -> clamped
2026-09-28 21:07:00 | src.evaluation.evaluator       | WARNING | SNR=11.0 dB: 2/256 sensing elements outside [0,1] (min=-0.0047, max=0.6039) -> clamped
2026-09-28 21:07:01 | src.evaluation.evaluator       | WARNING | SNR=13.0 dB: 3/512 sensing elements outside [0,1] (min=-0.0449, max=0.6310) -> clamped
2026-09-28 21:07:01 | src.evaluation.evaluator       | WARNING | SNR=15.0 dB: 5/512 sensing elements outside [0,1] (min=-0.1188, max=0.5979) -> clamped
2026-09-28 21:07:01 | src.evaluation.evaluator       | WARNING | SNR=17.0 dB: 7/512 sensing elements outside [0,1] (min=-0.1611, max=0.6723) -> clamped
2026-09-28 21:07:01 | src.evaluation.evaluator       | WARNING | SNR=19.0 dB: 1/256 sensing elements outside [0,1] (min=-0.0373, max=0.6726) -> clamped
2026-09-28 21:07:01 | src.evaluation.evaluator       | WARNING | SNR=21.0 dB: 3/256 sensing elements outside [0,1] (min=-0.0251, max=0.5843) -> clamped
2026-09-28 21:07:01 | src.evaluation.evaluator       | INFO   | Evaluation completed for 14 SNR points
2026-09-28 21:07:01 | src.experiments.run_jamming    | INFO   | jamming cw r=2 JSR=10.0 dB | BER=0.49219
2026-09-28 21:07:02 | src.evaluation.evaluator       | INFO   | Starting evaluation over 14 SNR points
2026-09-28 21:07:03 | src.evaluation.evaluator       | WARNING | SNR=-3.0 dB: 2/512 sensing elements outside [0,1] (min=-0.0528, max=1.0077) -> clamped
2026-09-28 21:07:05 | src.evaluation.evaluator       | WARNING | SNR=1.0 dB: 1/256 sensing elements outside [0,1] (min=-0.0664, max=0.9299) -> clamped
2026-09-28 21:07:06 | src.evaluation.evaluator       | WARNING | SNR=3.0 dB: 3/768 sensing elements outside [0,1] (min=-0.0407, max=1.0697) -> clamped
2026-09-28 21:07:08 | src.evaluation.evaluator       | WARNING | SNR=5.0 dB: 5/1280 sensing elements outside [0,1] (min=0.0126, max=1.0875) -> clamped
2026-09-28 21:07:09 | src.evaluation.evaluator       | WARNING | SNR=7.0 dB: 6/1280 sensing elements outside [0,1] (min=-0.0708, max=1.0556) -> clamped
2026-09-28 21:07:11 | src.evaluation.evaluator       | WARNING | SNR=9.0 dB: 6/1024 sensing elements outside [0,1] (min=-0.0367, max=1.0726) -> clamped
2026-09-28 21:07:12 | src.evaluation.evaluator       | WARNING | SNR=11.0 dB: 15/3072 sensing elements outside [0,1] (min=-0.0235, max=1.2340) -> clamped
2026-09-28 21:07:14 | src.evaluation.evaluator       | WARNING | SNR=13.0 dB: 18/3328 sensing elements outside [0,1] (min=-0.0481, max=1.1345) -> clamped
2026-09-28 21:07:16 | src.evaluation.evaluator       | WARNING | SNR=15.0 dB: 10/2048 sensing elements outside [0,1] (min=-0.0239, max=1.1154) -> clamped
2026-09-28 21:07:18 | src.evaluation.evaluator       | WARNING | SNR=17.0 dB: 18/2816 sensing elements outside [0,1] (min=-0.0507, max=1.0611) -> clamped
2026-09-28 21:07:20 | src.evaluation.evaluator       | WARNING | SNR=19.0 dB: 19/3840 sensing elements outside [0,1] (min=-0.0513, max=1.0872) -> clamped
2026-09-28 21:07:22 | src.evaluation.evaluator       | WARNING | SNR=21.0 dB: 9/1792 sensing elements outside [0,1] (min=-0.0208, max=1.1614) -> clamped
2026-09-28 21:07:22 | src.evaluation.evaluator       | INFO   | Evaluation completed for 14 SNR points
2026-09-28 21:07:22 | src.experiments.run_jamming    | INFO   | jamming cw r=3 JSR=-10.0 dB | BER=0.05332
2026-09-28 21:07:22 | src.evaluation.evaluator       | INFO   | Starting evaluation over 14 SNR points
2026-09-28 21:07:23 | src.evaluation.evaluator       | WARNING | SNR=-3.0 dB: 1/256 sensing elements outside [0,1] (min=-0.0572, max=0.8330) -> clamped
2026-09-28 21:07:24 | src.evaluation.evaluator       | WARNING | SNR=3.0 dB: 1/256 sensing elements outside [0,1] (min=0.1311, max=1.0511) -> clamped
2026-09-28 21:07:25 | src.evaluation.evaluator       | WARNING | SNR=5.0 dB: 2/512 sensing elements outside [0,1] (min=0.1430, max=1.0619) -> clamped
2026-09-28 21:07:25 | src.evaluation.evaluator       | WARNING | SNR=7.0 dB: 1/256 sensing elements outside [0,1] (min=0.0363, max=1.0595) -> clamped
2026-09-28 21:07:26 | src.evaluation.evaluator       | WARNING | SNR=9.0 dB: 1/256 sensing elements outside [0,1] (min=-0.0002, max=0.9719) -> clamped
2026-09-28 21:07:26 | src.evaluation.evaluator       | WARNING | SNR=11.0 dB: 4/1024 sensing elements outside [0,1] (min=0.0231, max=1.0330) -> clamped
2026-09-28 21:07:27 | src.evaluation.evaluator       | WARNING | SNR=13.0 dB: 6/1024 sensing elements outside [0,1] (min=-0.0177, max=1.0810) -> clamped
2026-09-28 21:07:27 | src.evaluation.evaluator       | WARNING | SNR=15.0 dB: 3/512 sensing elements outside [0,1] (min=0.0627, max=1.0973) -> clamped
2026-09-28 21:07:28 | src.evaluation.evaluator       | WARNING | SNR=17.0 dB: 2/256 sensing elements outside [0,1] (min=0.0431, max=1.0384) -> clamped
2026-09-28 21:07:29 | src.evaluation.evaluator       | WARNING | SNR=19.0 dB: 3/768 sensing elements outside [0,1] (min=0.0760, max=1.0369) -> clamped
2026-09-28 21:07:30 | src.evaluation.evaluator       | WARNING | SNR=21.0 dB: 2/512 sensing elements outside [0,1] (min=0.0262, max=1.0528) -> clamped
2026-09-28 21:07:30 | src.evaluation.evaluator       | INFO   | Evaluation completed for 14 SNR points
2026-09-28 21:07:30 | src.experiments.run_jamming    | INFO   | jamming cw r=3 JSR=-8.0 dB | BER=0.12193
2026-09-28 21:07:30 | src.evaluation.evaluator       | INFO   | Starting evaluation over 14 SNR points
2026-09-28 21:07:31 | src.evaluation.evaluator       | WARNING | SNR=-3.0 dB: 1/256 sensing elements outside [0,1] (min=-0.0515, max=0.8462) -> clamped
2026-09-28 21:07:32 | src.evaluation.evaluator       | WARNING | SNR=5.0 dB: 1/256 sensing elements outside [0,1] (min=0.1514, max=1.0493) -> clamped
2026-09-28 21:07:32 | src.evaluation.evaluator       | WARNING | SNR=7.0 dB: 2/256 sensing elements outside [0,1] (min=0.0498, max=1.0550) -> clamped
2026-09-28 21:07:32 | src.evaluation.evaluator       | WARNING | SNR=9.0 dB: 1/256 sensing elements outside [0,1] (min=-0.0099, max=0.9815) -> clamped
2026-09-28 21:07:33 | src.evaluation.evaluator       | WARNING | SNR=11.0 dB: 1/256 sensing elements outside [0,1] (min=0.0553, max=1.0349) -> clamped
2026-09-28 21:07:33 | src.evaluation.evaluator       | WARNING | SNR=13.0 dB: 1/256 sensing elements outside [0,1] (min=0.0185, max=1.0143) -> clamped
2026-09-28 21:07:34 | src.evaluation.evaluator       | WARNING | SNR=19.0 dB: 1/256 sensing elements outside [0,1] (min=0.1369, max=1.0364) -> clamped
2026-09-28 21:07:34 | src.evaluation.evaluator       | INFO   | Evaluation completed for 14 SNR points
2026-09-28 21:07:34 | src.experiments.run_jamming    | INFO   | jamming cw r=3 JSR=-6.0 dB | BER=0.25488
2026-09-28 21:07:34 | src.evaluation.evaluator       | INFO   | Starting evaluation over 14 SNR points
2026-09-28 21:07:35 | src.evaluation.evaluator       | WARNING | SNR=5.0 dB: 1/256 sensing elements outside [0,1] (min=0.1565, max=1.0419) -> clamped
2026-09-28 21:07:36 | src.evaluation.evaluator       | WARNING | SNR=9.0 dB: 1/256 sensing elements outside [0,1] (min=-0.0068, max=0.9753) -> clamped
2026-09-28 21:07:36 | src.evaluation.evaluator       | WARNING | SNR=11.0 dB: 2/512 sensing elements outside [0,1] (min=0.0735, max=1.0424) -> clamped
2026-09-28 21:07:36 | src.evaluation.evaluator       | WARNING | SNR=19.0 dB: 1/256 sensing elements outside [0,1] (min=0.1393, max=1.0226) -> clamped
2026-09-28 21:07:37 | src.evaluation.evaluator       | INFO   | Evaluation completed for 14 SNR points
2026-09-28 21:07:37 | src.experiments.run_jamming    | INFO   | jamming cw r=3 JSR=-4.0 dB | BER=0.40467
2026-09-28 21:07:37 | src.evaluation.evaluator       | INFO   | Starting evaluation over 14 SNR points
2026-09-28 21:07:38 | src.evaluation.evaluator       | WARNING | SNR=5.0 dB: 1/256 sensing elements outside [0,1] (min=0.1568, max=1.0226) -> clamped
2026-09-28 21:07:38 | src.evaluation.evaluator       | WARNING | SNR=9.0 dB: 1/256 sensing elements outside [0,1] (min=-0.0084, max=0.9870) -> clamped
2026-09-28 21:07:38 | src.evaluation.evaluator       | WARNING | SNR=11.0 dB: 3/512 sensing elements outside [0,1] (min=0.1152, max=1.0511) -> clamped
2026-09-28 21:07:39 | src.evaluation.evaluator       | WARNING | SNR=17.0 dB: 1/256 sensing elements outside [0,1] (min=0.1014, max=1.0097) -> clamped
2026-09-28 21:07:39 | src.evaluation.evaluator       | WARNING | SNR=19.0 dB: 1/256 sensing elements outside [0,1] (min=0.1546, max=1.0232) -> clamped
2026-09-28 21:07:39 | src.evaluation.evaluator       | INFO   | Evaluation completed for 14 SNR points
2026-09-28 21:07:39 | src.experiments.run_jamming    | INFO   | jamming cw r=3 JSR=-2.0 dB | BER=0.47387
2026-09-28 21:07:39 | src.evaluation.evaluator       | INFO   | Starting evaluation over 14 SNR points
2026-09-28 21:07:40 | src.evaluation.evaluator       | WARNING | SNR=5.0 dB: 1/256 sensing elements outside [0,1] (min=0.1603, max=1.0113) -> clamped
2026-09-28 21:07:40 | src.evaluation.evaluator       | WARNING | SNR=9.0 dB: 1/256 sensing elements outside [0,1] (min=-0.0077, max=0.9767) -> clamped
2026-09-28 21:07:40 | src.evaluation.evaluator       | WARNING | SNR=11.0 dB: 2/256 sensing elements outside [0,1] (min=0.1108, max=1.0759) -> clamped
2026-09-28 21:07:40 | src.evaluation.evaluator       | WARNING | SNR=13.0 dB: 2/256 sensing elements outside [0,1] (min=0.0455, max=1.0352) -> clamped
2026-09-28 21:07:41 | src.evaluation.evaluator       | WARNING | SNR=15.0 dB: 1/256 sensing elements outside [0,1] (min=0.0339, max=1.0358) -> clamped
2026-09-28 21:07:41 | src.evaluation.evaluator       | WARNING | SNR=19.0 dB: 3/512 sensing elements outside [0,1] (min=0.0916, max=1.0449) -> clamped
2026-09-28 21:07:41 | src.evaluation.evaluator       | WARNING | SNR=21.0 dB: 1/256 sensing elements outside [0,1] (min=0.0493, max=1.0200) -> clamped
2026-09-28 21:07:41 | src.evaluation.evaluator       | INFO   | Evaluation completed for 14 SNR points
2026-09-28 21:07:41 | src.experiments.run_jamming    | INFO   | jamming cw r=3 JSR=0.0 dB | BER=0.48828
2026-09-28 21:07:41 | src.evaluation.evaluator       | INFO   | Starting evaluation over 14 SNR points
2026-09-28 21:07:42 | src.evaluation.evaluator       | WARNING | SNR=5.0 dB: 1/256 sensing elements outside [0,1] (min=0.1478, max=1.0176) -> clamped
2026-09-28 21:07:43 | src.evaluation.evaluator       | WARNING | SNR=7.0 dB: 1/256 sensing elements outside [0,1] (min=0.1430, max=1.0005) -> clamped
2026-09-28 21:07:43 | src.evaluation.evaluator       | WARNING | SNR=11.0 dB: 2/256 sensing elements outside [0,1] (min=0.1107, max=1.0953) -> clamped
2026-09-28 21:07:43 | src.evaluation.evaluator       | WARNING | SNR=13.0 dB: 2/256 sensing elements outside [0,1] (min=0.0677, max=1.0525) -> clamped
2026-09-28 21:07:43 | src.evaluation.evaluator       | WARNING | SNR=15.0 dB: 2/512 sensing elements outside [0,1] (min=0.0524, max=1.0961) -> clamped
2026-09-28 21:07:44 | src.evaluation.evaluator       | WARNING | SNR=19.0 dB: 3/512 sensing elements outside [0,1] (min=0.1182, max=1.0728) -> clamped
2026-09-28 21:07:44 | src.evaluation.evaluator       | WARNING | SNR=21.0 dB: 1/256 sensing elements outside [0,1] (min=0.0318, max=1.0504) -> clamped
2026-09-28 21:07:44 | src.evaluation.evaluator       | INFO   | Evaluation completed for 14 SNR points
2026-09-28 21:07:44 | src.experiments.run_jamming    | INFO   | jamming cw r=3 JSR=2.0 dB | BER=0.48968
2026-09-28 21:07:44 | src.evaluation.evaluator       | INFO   | Starting evaluation over 14 SNR points
2026-09-28 21:07:45 | src.evaluation.evaluator       | WARNING | SNR=3.0 dB: 1/256 sensing elements outside [0,1] (min=0.1239, max=1.0481) -> clamped
2026-09-28 21:07:45 | src.evaluation.evaluator       | WARNING | SNR=5.0 dB: 2/512 sensing elements outside [0,1] (min=0.1437, max=1.0301) -> clamped
2026-09-28 21:07:45 | src.evaluation.evaluator       | WARNING | SNR=7.0 dB: 4/512 sensing elements outside [0,1] (min=0.1361, max=1.0829) -> clamped
2026-09-28 21:07:46 | src.evaluation.evaluator       | WARNING | SNR=9.0 dB: 2/512 sensing elements outside [0,1] (min=0.0163, max=1.0341) -> clamped
2026-09-28 21:07:46 | src.evaluation.evaluator       | WARNING | SNR=11.0 dB: 2/256 sensing elements outside [0,1] (min=0.1278, max=1.1002) -> clamped
2026-09-28 21:07:46 | src.evaluation.evaluator       | WARNING | SNR=13.0 dB: 5/512 sensing elements outside [0,1] (min=0.1121, max=1.0853) -> clamped
2026-09-28 21:07:46 | src.evaluation.evaluator       | WARNING | SNR=15.0 dB: 2/512 sensing elements outside [0,1] (min=0.0925, max=1.1607) -> clamped
2026-09-28 21:07:46 | src.evaluation.evaluator       | WARNING | SNR=19.0 dB: 4/512 sensing elements outside [0,1] (min=0.1278, max=1.1264) -> clamped
2026-09-28 21:07:46 | src.evaluation.evaluator       | WARNING | SNR=21.0 dB: 4/512 sensing elements outside [0,1] (min=0.0539, max=1.0736) -> clamped
2026-09-28 21:07:46 | src.evaluation.evaluator       | INFO   | Evaluation completed for 14 SNR points
2026-09-28 21:07:46 | src.experiments.run_jamming    | INFO   | jamming cw r=3 JSR=4.0 dB | BER=0.48968
2026-09-28 21:07:47 | src.evaluation.evaluator       | INFO   | Starting evaluation over 14 SNR points
2026-09-28 21:07:47 | src.evaluation.evaluator       | WARNING | SNR=-5.0 dB: 1/256 sensing elements outside [0,1] (min=0.2483, max=1.0397) -> clamped
2026-09-28 21:07:47 | src.evaluation.evaluator       | WARNING | SNR=-3.0 dB: 2/512 sensing elements outside [0,1] (min=0.2175, max=1.0678) -> clamped
2026-09-28 21:07:47 | src.evaluation.evaluator       | WARNING | SNR=3.0 dB: 1/256 sensing elements outside [0,1] (min=0.1248, max=1.0795) -> clamped
2026-09-28 21:07:47 | src.evaluation.evaluator       | WARNING | SNR=5.0 dB: 1/256 sensing elements outside [0,1] (min=0.1625, max=1.0612) -> clamped
2026-09-28 21:07:48 | src.evaluation.evaluator       | WARNING | SNR=7.0 dB: 7/512 sensing elements outside [0,1] (min=0.1415, max=1.1856) -> clamped
2026-09-28 21:07:48 | src.evaluation.evaluator       | WARNING | SNR=9.0 dB: 4/512 sensing elements outside [0,1] (min=0.0346, max=1.1022) -> clamped
2026-09-28 21:07:48 | src.evaluation.evaluator       | WARNING | SNR=11.0 dB: 1/256 sensing elements outside [0,1] (min=0.1342, max=1.1062) -> clamped
2026-09-28 21:07:48 | src.evaluation.evaluator       | WARNING | SNR=13.0 dB: 5/512 sensing elements outside [0,1] (min=0.1795, max=1.1150) -> clamped
2026-09-28 21:07:48 | src.evaluation.evaluator       | WARNING | SNR=15.0 dB: 6/512 sensing elements outside [0,1] (min=0.1579, max=1.2131) -> clamped
2026-09-28 21:07:48 | src.evaluation.evaluator       | WARNING | SNR=17.0 dB: 1/256 sensing elements outside [0,1] (min=0.1931, max=1.0046) -> clamped
2026-09-28 21:07:49 | src.evaluation.evaluator       | WARNING | SNR=19.0 dB: 5/512 sensing elements outside [0,1] (min=0.1149, max=1.1777) -> clamped
2026-09-28 21:07:49 | src.evaluation.evaluator       | WARNING | SNR=21.0 dB: 6/512 sensing elements outside [0,1] (min=0.0666, max=1.1017) -> clamped
2026-09-28 21:07:49 | src.evaluation.evaluator       | INFO   | Evaluation completed for 14 SNR points
2026-09-28 21:07:49 | src.experiments.run_jamming    | INFO   | jamming cw r=3 JSR=6.0 dB | BER=0.48968
2026-09-28 21:07:49 | src.evaluation.evaluator       | INFO   | Starting evaluation over 14 SNR points
2026-09-28 21:07:49 | src.evaluation.evaluator       | WARNING | SNR=-5.0 dB: 1/256 sensing elements outside [0,1] (min=0.2262, max=1.1171) -> clamped
2026-09-28 21:07:49 | src.evaluation.evaluator       | WARNING | SNR=-3.0 dB: 4/512 sensing elements outside [0,1] (min=0.2099, max=1.1375) -> clamped
2026-09-28 21:07:49 | src.evaluation.evaluator       | WARNING | SNR=-1.0 dB: 1/256 sensing elements outside [0,1] (min=0.2055, max=1.0138) -> clamped
2026-09-28 21:07:49 | src.evaluation.evaluator       | WARNING | SNR=1.0 dB: 2/512 sensing elements outside [0,1] (min=0.1914, max=1.0933) -> clamped
2026-09-28 21:07:49 | src.evaluation.evaluator       | WARNING | SNR=3.0 dB: 4/512 sensing elements outside [0,1] (min=0.0732, max=1.0854) -> clamped
2026-09-28 21:07:50 | src.evaluation.evaluator       | WARNING | SNR=5.0 dB: 2/512 sensing elements outside [0,1] (min=0.1573, max=1.0736) -> clamped
2026-09-28 21:07:50 | src.evaluation.evaluator       | WARNING | SNR=7.0 dB: 14/512 sensing elements outside [0,1] (min=0.1141, max=1.2907) -> clamped
2026-09-28 21:07:50 | src.evaluation.evaluator       | WARNING | SNR=9.0 dB: 7/512 sensing elements outside [0,1] (min=0.0671, max=1.1652) -> clamped
2026-09-28 21:07:50 | src.evaluation.evaluator       | WARNING | SNR=11.0 dB: 3/512 sensing elements outside [0,1] (min=0.1403, max=1.0768) -> clamped
2026-09-28 21:07:50 | src.evaluation.evaluator       | WARNING | SNR=13.0 dB: 11/512 sensing elements outside [0,1] (min=0.2106, max=1.1388) -> clamped
2026-09-28 21:07:50 | src.evaluation.evaluator       | WARNING | SNR=15.0 dB: 10/512 sensing elements outside [0,1] (min=0.1451, max=1.2558) -> clamped
2026-09-28 21:07:51 | src.evaluation.evaluator       | WARNING | SNR=17.0 dB: 6/512 sensing elements outside [0,1] (min=0.2051, max=1.0369) -> clamped
2026-09-28 21:07:51 | src.evaluation.evaluator       | WARNING | SNR=19.0 dB: 8/512 sensing elements outside [0,1] (min=0.0960, max=1.2253) -> clamped
2026-09-28 21:07:51 | src.evaluation.evaluator       | WARNING | SNR=21.0 dB: 8/512 sensing elements outside [0,1] (min=0.0767, max=1.1423) -> clamped
2026-09-28 21:07:51 | src.evaluation.evaluator       | INFO   | Evaluation completed for 14 SNR points
2026-09-28 21:07:51 | src.experiments.run_jamming    | INFO   | jamming cw r=3 JSR=8.0 dB | BER=0.48968
2026-09-28 21:07:51 | src.evaluation.evaluator       | INFO   | Starting evaluation over 14 SNR points
2026-09-28 21:07:51 | src.evaluation.evaluator       | WARNING | SNR=-5.0 dB: 4/256 sensing elements outside [0,1] (min=0.2765, max=1.1383) -> clamped
2026-09-28 21:07:51 | src.evaluation.evaluator       | WARNING | SNR=-3.0 dB: 9/512 sensing elements outside [0,1] (min=0.1942, max=1.1898) -> clamped
2026-09-28 21:07:51 | src.evaluation.evaluator       | WARNING | SNR=-1.0 dB: 7/512 sensing elements outside [0,1] (min=0.1140, max=1.0859) -> clamped
2026-09-28 21:07:51 | src.evaluation.evaluator       | WARNING | SNR=1.0 dB: 9/512 sensing elements outside [0,1] (min=0.1938, max=1.1719) -> clamped
2026-09-28 21:07:52 | src.evaluation.evaluator       | WARNING | SNR=3.0 dB: 10/512 sensing elements outside [0,1] (min=0.1090, max=1.1399) -> clamped
2026-09-28 21:07:52 | src.evaluation.evaluator       | WARNING | SNR=5.0 dB: 5/512 sensing elements outside [0,1] (min=0.1787, max=1.1162) -> clamped
2026-09-28 21:07:52 | src.evaluation.evaluator       | WARNING | SNR=7.0 dB: 18/512 sensing elements outside [0,1] (min=0.0909, max=1.3815) -> clamped
2026-09-28 21:07:52 | src.evaluation.evaluator       | WARNING | SNR=9.0 dB: 10/512 sensing elements outside [0,1] (min=0.0331, max=1.2402) -> clamped
2026-09-28 21:07:52 | src.evaluation.evaluator       | WARNING | SNR=11.0 dB: 8/512 sensing elements outside [0,1] (min=0.1423, max=1.0795) -> clamped
2026-09-28 21:07:52 | src.evaluation.evaluator       | WARNING | SNR=13.0 dB: 20/512 sensing elements outside [0,1] (min=0.2515, max=1.1545) -> clamped
2026-09-28 21:07:52 | src.evaluation.evaluator       | WARNING | SNR=15.0 dB: 14/512 sensing elements outside [0,1] (min=0.1375, max=1.3023) -> clamped
2026-09-28 21:07:53 | src.evaluation.evaluator       | WARNING | SNR=17.0 dB: 12/512 sensing elements outside [0,1] (min=0.1989, max=1.0808) -> clamped
2026-09-28 21:07:53 | src.evaluation.evaluator       | WARNING | SNR=19.0 dB: 14/512 sensing elements outside [0,1] (min=0.0707, max=1.2789) -> clamped
2026-09-28 21:07:53 | src.evaluation.evaluator       | WARNING | SNR=21.0 dB: 14/512 sensing elements outside [0,1] (min=0.1006, max=1.2021) -> clamped
2026-09-28 21:07:53 | src.evaluation.evaluator       | INFO   | Evaluation completed for 14 SNR points
2026-09-28 21:07:53 | src.experiments.run_jamming    | INFO   | jamming cw r=3 JSR=10.0 dB | BER=0.48968
2026-09-28 21:07:53 | src.evaluation.evaluator       | INFO   | Starting evaluation over 14 SNR points
2026-09-28 21:07:54 | src.evaluation.evaluator       | WARNING | SNR=-3.0 dB: 1/256 sensing elements outside [0,1] (min=0.2260, max=1.0659) -> clamped
2026-09-28 21:07:58 | src.evaluation.evaluator       | WARNING | SNR=1.0 dB: 4/1024 sensing elements outside [0,1] (min=-0.0575, max=1.1519) -> clamped
2026-09-28 21:08:00 | src.evaluation.evaluator       | WARNING | SNR=3.0 dB: 4/1024 sensing elements outside [0,1] (min=-0.0465, max=1.0325) -> clamped
2026-09-28 21:08:01 | src.evaluation.evaluator       | WARNING | SNR=5.0 dB: 8/2048 sensing elements outside [0,1] (min=-0.0086, max=1.0756) -> clamped
2026-09-28 21:08:03 | src.evaluation.evaluator       | WARNING | SNR=7.0 dB: 10/2048 sensing elements outside [0,1] (min=-0.1107, max=1.0563) -> clamped
2026-09-28 21:08:05 | src.evaluation.evaluator       | WARNING | SNR=9.0 dB: 10/1874 sensing elements outside [0,1] (min=-0.0213, max=1.0370) -> clamped
2026-09-28 21:08:06 | src.evaluation.evaluator       | WARNING | SNR=11.0 dB: 17/3154 sensing elements outside [0,1] (min=-0.0605, max=1.2518) -> clamped
2026-09-28 21:08:08 | src.evaluation.evaluator       | WARNING | SNR=13.0 dB: 18/2816 sensing elements outside [0,1] (min=-0.0794, max=1.1281) -> clamped
2026-09-28 21:08:10 | src.evaluation.evaluator       | WARNING | SNR=15.0 dB: 16/3584 sensing elements outside [0,1] (min=-0.0252, max=1.1285) -> clamped
2026-09-28 21:08:12 | src.evaluation.evaluator       | WARNING | SNR=17.0 dB: 21/3584 sensing elements outside [0,1] (min=-0.0629, max=1.1022) -> clamped
2026-09-28 21:08:14 | src.evaluation.evaluator       | WARNING | SNR=19.0 dB: 17/3584 sensing elements outside [0,1] (min=-0.0903, max=1.0889) -> clamped
2026-09-28 21:08:16 | src.evaluation.evaluator       | WARNING | SNR=21.0 dB: 35/4692 sensing elements outside [0,1] (min=-0.0617, max=1.1627) -> clamped
2026-09-28 21:08:16 | src.evaluation.evaluator       | INFO   | Evaluation completed for 14 SNR points
2026-09-28 21:08:16 | src.experiments.run_jamming    | INFO   | jamming cw r=4 JSR=-10.0 dB | BER=0.03990
2026-09-28 21:08:16 | src.evaluation.evaluator       | INFO   | Starting evaluation over 14 SNR points
2026-09-28 21:08:17 | src.evaluation.evaluator       | WARNING | SNR=-3.0 dB: 1/256 sensing elements outside [0,1] (min=0.2205, max=1.0655) -> clamped
2026-09-28 21:08:18 | src.evaluation.evaluator       | WARNING | SNR=1.0 dB: 1/256 sensing elements outside [0,1] (min=0.1909, max=1.0079) -> clamped
2026-09-28 21:08:19 | src.evaluation.evaluator       | WARNING | SNR=3.0 dB: 1/256 sensing elements outside [0,1] (min=0.1020, max=1.0171) -> clamped
2026-09-28 21:08:20 | src.evaluation.evaluator       | WARNING | SNR=5.0 dB: 2/512 sensing elements outside [0,1] (min=0.0804, max=1.0534) -> clamped
2026-09-28 21:08:20 | src.evaluation.evaluator       | WARNING | SNR=7.0 dB: 1/256 sensing elements outside [0,1] (min=0.1270, max=1.0033) -> clamped
2026-09-28 21:08:21 | src.evaluation.evaluator       | WARNING | SNR=9.0 dB: 5/1024 sensing elements outside [0,1] (min=-0.0131, max=1.0262) -> clamped
2026-09-28 21:08:22 | src.evaluation.evaluator       | WARNING | SNR=11.0 dB: 11/2048 sensing elements outside [0,1] (min=-0.0018, max=1.0309) -> clamped
2026-09-28 21:08:23 | src.evaluation.evaluator       | WARNING | SNR=13.0 dB: 6/1024 sensing elements outside [0,1] (min=-0.0497, max=1.1367) -> clamped
2026-09-28 21:08:24 | src.evaluation.evaluator       | WARNING | SNR=15.0 dB: 7/1536 sensing elements outside [0,1] (min=-0.0152, max=1.0941) -> clamped
2026-09-28 21:08:25 | src.evaluation.evaluator       | WARNING | SNR=17.0 dB: 9/1536 sensing elements outside [0,1] (min=-0.0172, max=1.0326) -> clamped
2026-09-28 21:08:26 | src.evaluation.evaluator       | WARNING | SNR=19.0 dB: 5/1280 sensing elements outside [0,1] (min=-0.0198, max=1.0921) -> clamped
2026-09-28 21:08:27 | src.evaluation.evaluator       | WARNING | SNR=21.0 dB: 14/1792 sensing elements outside [0,1] (min=-0.0299, max=1.0394) -> clamped
2026-09-28 21:08:27 | src.evaluation.evaluator       | INFO   | Evaluation completed for 14 SNR points
2026-09-28 21:08:27 | src.experiments.run_jamming    | INFO   | jamming cw r=4 JSR=-8.0 dB | BER=0.08960
2026-09-28 21:08:27 | src.evaluation.evaluator       | INFO   | Starting evaluation over 14 SNR points
2026-09-28 21:08:28 | src.evaluation.evaluator       | WARNING | SNR=-3.0 dB: 1/256 sensing elements outside [0,1] (min=0.2133, max=1.0712) -> clamped
2026-09-28 21:08:29 | src.evaluation.evaluator       | WARNING | SNR=3.0 dB: 1/256 sensing elements outside [0,1] (min=0.1048, max=1.0016) -> clamped
2026-09-28 21:08:29 | src.evaluation.evaluator       | WARNING | SNR=5.0 dB: 2/512 sensing elements outside [0,1] (min=0.1199, max=1.0557) -> clamped
2026-09-28 21:08:30 | src.evaluation.evaluator       | WARNING | SNR=9.0 dB: 3/768 sensing elements outside [0,1] (min=-0.0185, max=1.0139) -> clamped
2026-09-28 21:08:30 | src.evaluation.evaluator       | WARNING | SNR=11.0 dB: 3/768 sensing elements outside [0,1] (min=-0.0117, max=1.0255) -> clamped
2026-09-28 21:08:30 | src.evaluation.evaluator       | WARNING | SNR=13.0 dB: 3/512 sensing elements outside [0,1] (min=-0.0283, max=1.0239) -> clamped
2026-09-28 21:08:31 | src.evaluation.evaluator       | WARNING | SNR=15.0 dB: 2/256 sensing elements outside [0,1] (min=-0.0363, max=0.9439) -> clamped
2026-09-28 21:08:31 | src.evaluation.evaluator       | WARNING | SNR=17.0 dB: 1/256 sensing elements outside [0,1] (min=-0.0354, max=0.9297) -> clamped
2026-09-28 21:08:31 | src.evaluation.evaluator       | WARNING | SNR=19.0 dB: 2/512 sensing elements outside [0,1] (min=0.0236, max=1.1031) -> clamped
2026-09-28 21:08:31 | src.evaluation.evaluator       | WARNING | SNR=21.0 dB: 3/512 sensing elements outside [0,1] (min=-0.0231, max=1.0417) -> clamped
2026-09-28 21:08:31 | src.evaluation.evaluator       | INFO   | Evaluation completed for 14 SNR points
2026-09-28 21:08:31 | src.experiments.run_jamming    | INFO   | jamming cw r=4 JSR=-6.0 dB | BER=0.19413
2026-09-28 21:08:32 | src.evaluation.evaluator       | INFO   | Starting evaluation over 14 SNR points
2026-09-28 21:08:33 | src.evaluation.evaluator       | WARNING | SNR=5.0 dB: 1/256 sensing elements outside [0,1] (min=0.1293, max=1.1042) -> clamped
2026-09-28 21:08:33 | src.evaluation.evaluator       | WARNING | SNR=9.0 dB: 2/512 sensing elements outside [0,1] (min=-0.0227, max=0.9714) -> clamped
2026-09-28 21:08:34 | src.evaluation.evaluator       | WARNING | SNR=11.0 dB: 1/256 sensing elements outside [0,1] (min=-0.0285, max=0.9623) -> clamped
2026-09-28 21:08:34 | src.evaluation.evaluator       | WARNING | SNR=13.0 dB: 3/512 sensing elements outside [0,1] (min=-0.0458, max=1.0184) -> clamped
2026-09-28 21:08:34 | src.evaluation.evaluator       | WARNING | SNR=17.0 dB: 2/512 sensing elements outside [0,1] (min=-0.0587, max=1.0036) -> clamped
2026-09-28 21:08:34 | src.evaluation.evaluator       | WARNING | SNR=19.0 dB: 2/512 sensing elements outside [0,1] (min=0.0286, max=1.0170) -> clamped
2026-09-28 21:08:35 | src.evaluation.evaluator       | WARNING | SNR=21.0 dB: 3/512 sensing elements outside [0,1] (min=-0.0158, max=1.0290) -> clamped
2026-09-28 21:08:35 | src.evaluation.evaluator       | INFO   | Evaluation completed for 14 SNR points
2026-09-28 21:08:35 | src.experiments.run_jamming    | INFO   | jamming cw r=4 JSR=-4.0 dB | BER=0.34733
2026-09-28 21:08:35 | src.evaluation.evaluator       | INFO   | Starting evaluation over 14 SNR points
2026-09-28 21:08:36 | src.evaluation.evaluator       | WARNING | SNR=5.0 dB: 1/256 sensing elements outside [0,1] (min=0.1142, max=1.1282) -> clamped
2026-09-28 21:08:36 | src.evaluation.evaluator       | WARNING | SNR=7.0 dB: 1/256 sensing elements outside [0,1] (min=-0.0057, max=0.9408) -> clamped
2026-09-28 21:08:36 | src.evaluation.evaluator       | WARNING | SNR=9.0 dB: 1/256 sensing elements outside [0,1] (min=-0.0280, max=0.9424) -> clamped
2026-09-28 21:08:36 | src.evaluation.evaluator       | WARNING | SNR=11.0 dB: 1/256 sensing elements outside [0,1] (min=-0.0473, max=0.9450) -> clamped
2026-09-28 21:08:37 | src.evaluation.evaluator       | WARNING | SNR=13.0 dB: 1/256 sensing elements outside [0,1] (min=-0.0711, max=0.9698) -> clamped
2026-09-28 21:08:37 | src.evaluation.evaluator       | WARNING | SNR=15.0 dB: 1/256 sensing elements outside [0,1] (min=0.0925, max=1.0062) -> clamped
2026-09-28 21:08:37 | src.evaluation.evaluator       | WARNING | SNR=17.0 dB: 1/256 sensing elements outside [0,1] (min=-0.0747, max=0.9145) -> clamped
2026-09-28 21:08:37 | src.evaluation.evaluator       | WARNING | SNR=19.0 dB: 3/512 sensing elements outside [0,1] (min=0.0384, max=1.0175) -> clamped
2026-09-28 21:08:37 | src.evaluation.evaluator       | WARNING | SNR=21.0 dB: 3/512 sensing elements outside [0,1] (min=-0.0187, max=1.0331) -> clamped
2026-09-28 21:08:37 | src.evaluation.evaluator       | INFO   | Evaluation completed for 14 SNR points
2026-09-28 21:08:37 | src.experiments.run_jamming    | INFO   | jamming cw r=4 JSR=-2.0 dB | BER=0.44754
2026-09-28 21:08:38 | src.evaluation.evaluator       | INFO   | Starting evaluation over 14 SNR points
2026-09-28 21:08:39 | src.evaluation.evaluator       | WARNING | SNR=5.0 dB: 1/256 sensing elements outside [0,1] (min=0.0942, max=1.1169) -> clamped
2026-09-28 21:08:39 | src.evaluation.evaluator       | WARNING | SNR=7.0 dB: 2/512 sensing elements outside [0,1] (min=-0.0165, max=0.9501) -> clamped
2026-09-28 21:08:39 | src.evaluation.evaluator       | WARNING | SNR=9.0 dB: 1/256 sensing elements outside [0,1] (min=-0.0312, max=0.9451) -> clamped
2026-09-28 21:08:39 | src.evaluation.evaluator       | WARNING | SNR=11.0 dB: 1/256 sensing elements outside [0,1] (min=-0.0607, max=0.9589) -> clamped
2026-09-28 21:08:40 | src.evaluation.evaluator       | WARNING | SNR=13.0 dB: 2/512 sensing elements outside [0,1] (min=-0.1175, max=1.0106) -> clamped
2026-09-28 21:08:40 | src.evaluation.evaluator       | WARNING | SNR=17.0 dB: 1/256 sensing elements outside [0,1] (min=-0.0775, max=0.9325) -> clamped
2026-09-28 21:08:40 | src.evaluation.evaluator       | WARNING | SNR=19.0 dB: 3/512 sensing elements outside [0,1] (min=0.0076, max=1.0493) -> clamped
2026-09-28 21:08:40 | src.evaluation.evaluator       | WARNING | SNR=21.0 dB: 3/512 sensing elements outside [0,1] (min=-0.0339, max=1.0435) -> clamped
2026-09-28 21:08:40 | src.evaluation.evaluator       | INFO   | Evaluation completed for 14 SNR points
2026-09-28 21:08:40 | src.experiments.run_jamming    | INFO   | jamming cw r=4 JSR=0.0 dB | BER=0.47879
2026-09-28 21:08:40 | src.evaluation.evaluator       | INFO   | Starting evaluation over 14 SNR points
2026-09-28 21:08:41 | src.evaluation.evaluator       | WARNING | SNR=3.0 dB: 1/256 sensing elements outside [0,1] (min=0.0708, max=1.0240) -> clamped
2026-09-28 21:08:41 | src.evaluation.evaluator       | WARNING | SNR=5.0 dB: 1/256 sensing elements outside [0,1] (min=0.1002, max=1.0666) -> clamped
2026-09-28 21:08:41 | src.evaluation.evaluator       | WARNING | SNR=7.0 dB: 2/512 sensing elements outside [0,1] (min=-0.0514, max=0.9819) -> clamped
2026-09-28 21:08:42 | src.evaluation.evaluator       | WARNING | SNR=9.0 dB: 1/256 sensing elements outside [0,1] (min=-0.0281, max=0.9334) -> clamped
2026-09-28 21:08:42 | src.evaluation.evaluator       | WARNING | SNR=11.0 dB: 2/256 sensing elements outside [0,1] (min=-0.0731, max=0.9485) -> clamped
2026-09-28 21:08:42 | src.evaluation.evaluator       | WARNING | SNR=13.0 dB: 2/512 sensing elements outside [0,1] (min=-0.1363, max=1.0243) -> clamped
2026-09-28 21:08:42 | src.evaluation.evaluator       | WARNING | SNR=17.0 dB: 2/256 sensing elements outside [0,1] (min=-0.0908, max=0.9760) -> clamped
2026-09-28 21:08:42 | src.evaluation.evaluator       | WARNING | SNR=19.0 dB: 5/512 sensing elements outside [0,1] (min=-0.0338, max=1.0652) -> clamped
2026-09-28 21:08:42 | src.evaluation.evaluator       | WARNING | SNR=21.0 dB: 3/512 sensing elements outside [0,1] (min=-0.0472, max=1.0593) -> clamped
2026-09-28 21:08:42 | src.evaluation.evaluator       | INFO   | Evaluation completed for 14 SNR points
2026-09-28 21:08:42 | src.experiments.run_jamming    | INFO   | jamming cw r=4 JSR=2.0 dB | BER=0.48828
2026-09-28 21:08:43 | src.evaluation.evaluator       | INFO   | Starting evaluation over 14 SNR points
2026-09-28 21:08:43 | src.evaluation.evaluator       | WARNING | SNR=3.0 dB: 2/512 sensing elements outside [0,1] (min=0.0496, max=1.0442) -> clamped
2026-09-28 21:08:43 | src.evaluation.evaluator       | WARNING | SNR=5.0 dB: 2/256 sensing elements outside [0,1] (min=0.0857, max=1.0294) -> clamped
2026-09-28 21:08:44 | src.evaluation.evaluator       | WARNING | SNR=7.0 dB: 5/512 sensing elements outside [0,1] (min=-0.0729, max=1.0183) -> clamped
2026-09-28 21:08:44 | src.evaluation.evaluator       | WARNING | SNR=9.0 dB: 2/512 sensing elements outside [0,1] (min=-0.0131, max=0.9664) -> clamped
2026-09-28 21:08:44 | src.evaluation.evaluator       | WARNING | SNR=11.0 dB: 2/256 sensing elements outside [0,1] (min=-0.0812, max=0.9339) -> clamped
2026-09-28 21:08:44 | src.evaluation.evaluator       | WARNING | SNR=13.0 dB: 7/512 sensing elements outside [0,1] (min=-0.1726, max=1.0442) -> clamped
2026-09-28 21:08:44 | src.evaluation.evaluator       | WARNING | SNR=15.0 dB: 2/256 sensing elements outside [0,1] (min=-0.0007, max=1.0197) -> clamped
2026-09-28 21:08:44 | src.evaluation.evaluator       | WARNING | SNR=17.0 dB: 7/512 sensing elements outside [0,1] (min=-0.1023, max=1.0270) -> clamped
2026-09-28 21:08:45 | src.evaluation.evaluator       | WARNING | SNR=19.0 dB: 8/512 sensing elements outside [0,1] (min=-0.0543, max=1.0929) -> clamped
2026-09-28 21:08:45 | src.evaluation.evaluator       | WARNING | SNR=21.0 dB: 5/512 sensing elements outside [0,1] (min=-0.0252, max=1.0846) -> clamped
2026-09-28 21:08:45 | src.evaluation.evaluator       | INFO   | Evaluation completed for 14 SNR points
2026-09-28 21:08:45 | src.experiments.run_jamming    | INFO   | jamming cw r=4 JSR=4.0 dB | BER=0.48968
2026-09-28 21:08:45 | src.evaluation.evaluator       | INFO   | Starting evaluation over 14 SNR points
2026-09-28 21:08:45 | src.evaluation.evaluator       | WARNING | SNR=-5.0 dB: 3/512 sensing elements outside [0,1] (min=-0.0137, max=1.0211) -> clamped
2026-09-28 21:08:45 | src.evaluation.evaluator       | WARNING | SNR=-3.0 dB: 1/256 sensing elements outside [0,1] (min=-0.0266, max=0.8181) -> clamped
2026-09-28 21:08:45 | src.evaluation.evaluator       | WARNING | SNR=-1.0 dB: 1/256 sensing elements outside [0,1] (min=0.0317, max=1.0261) -> clamped
2026-09-28 21:08:46 | src.evaluation.evaluator       | WARNING | SNR=3.0 dB: 4/512 sensing elements outside [0,1] (min=0.0258, max=1.0765) -> clamped
2026-09-28 21:08:46 | src.evaluation.evaluator       | WARNING | SNR=5.0 dB: 3/512 sensing elements outside [0,1] (min=-0.0118, max=1.0496) -> clamped
2026-09-28 21:08:46 | src.evaluation.evaluator       | WARNING | SNR=7.0 dB: 7/512 sensing elements outside [0,1] (min=-0.0796, max=1.0623) -> clamped
2026-09-28 21:08:46 | src.evaluation.evaluator       | WARNING | SNR=9.0 dB: 6/512 sensing elements outside [0,1] (min=-0.0506, max=1.0078) -> clamped
2026-09-28 21:08:46 | src.evaluation.evaluator       | WARNING | SNR=11.0 dB: 3/512 sensing elements outside [0,1] (min=-0.1516, max=0.9914) -> clamped
2026-09-28 21:08:46 | src.evaluation.evaluator       | WARNING | SNR=13.0 dB: 10/512 sensing elements outside [0,1] (min=-0.2099, max=1.0758) -> clamped
2026-09-28 21:08:46 | src.evaluation.evaluator       | WARNING | SNR=15.0 dB: 3/512 sensing elements outside [0,1] (min=-0.0208, max=1.0620) -> clamped
2026-09-28 21:08:47 | src.evaluation.evaluator       | WARNING | SNR=17.0 dB: 9/512 sensing elements outside [0,1] (min=-0.1128, max=1.0826) -> clamped
2026-09-28 21:08:47 | src.evaluation.evaluator       | WARNING | SNR=19.0 dB: 9/512 sensing elements outside [0,1] (min=-0.0592, max=1.1254) -> clamped
2026-09-28 21:08:47 | src.evaluation.evaluator       | WARNING | SNR=21.0 dB: 5/512 sensing elements outside [0,1] (min=-0.0007, max=1.1244) -> clamped
2026-09-28 21:08:47 | src.evaluation.evaluator       | INFO   | Evaluation completed for 14 SNR points
2026-09-28 21:08:47 | src.experiments.run_jamming    | INFO   | jamming cw r=4 JSR=6.0 dB | BER=0.48968
2026-09-28 21:08:47 | src.evaluation.evaluator       | INFO   | Starting evaluation over 14 SNR points
2026-09-28 21:08:47 | src.evaluation.evaluator       | WARNING | SNR=-5.0 dB: 4/512 sensing elements outside [0,1] (min=-0.0770, max=1.1077) -> clamped
2026-09-28 21:08:47 | src.evaluation.evaluator       | WARNING | SNR=-3.0 dB: 2/512 sensing elements outside [0,1] (min=-0.1013, max=0.9649) -> clamped
2026-09-28 21:08:47 | src.evaluation.evaluator       | WARNING | SNR=-1.0 dB: 7/512 sensing elements outside [0,1] (min=-0.0222, max=1.0598) -> clamped
2026-09-28 21:08:48 | src.evaluation.evaluator       | WARNING | SNR=1.0 dB: 6/512 sensing elements outside [0,1] (min=-0.0512, max=1.0379) -> clamped
2026-09-28 21:08:48 | src.evaluation.evaluator       | WARNING | SNR=3.0 dB: 10/512 sensing elements outside [0,1] (min=-0.0157, max=1.1566) -> clamped
2026-09-28 21:08:48 | src.evaluation.evaluator       | WARNING | SNR=5.0 dB: 7/512 sensing elements outside [0,1] (min=-0.0373, max=1.0719) -> clamped
2026-09-28 21:08:48 | src.evaluation.evaluator       | WARNING | SNR=7.0 dB: 9/512 sensing elements outside [0,1] (min=-0.1095, max=1.1047) -> clamped
2026-09-28 21:08:48 | src.evaluation.evaluator       | WARNING | SNR=9.0 dB: 10/512 sensing elements outside [0,1] (min=-0.1194, max=1.0640) -> clamped
2026-09-28 21:08:48 | src.evaluation.evaluator       | WARNING | SNR=11.0 dB: 9/512 sensing elements outside [0,1] (min=-0.2376, max=1.0663) -> clamped
2026-09-28 21:08:48 | src.evaluation.evaluator       | WARNING | SNR=13.0 dB: 13/512 sensing elements outside [0,1] (min=-0.2335, max=1.1216) -> clamped
2026-09-28 21:08:49 | src.evaluation.evaluator       | WARNING | SNR=15.0 dB: 12/512 sensing elements outside [0,1] (min=-0.0608, max=1.1134) -> clamped
2026-09-28 21:08:49 | src.evaluation.evaluator       | WARNING | SNR=17.0 dB: 14/512 sensing elements outside [0,1] (min=-0.1250, max=1.1392) -> clamped
2026-09-28 21:08:49 | src.evaluation.evaluator       | WARNING | SNR=19.0 dB: 15/512 sensing elements outside [0,1] (min=-0.0608, max=1.1568) -> clamped
2026-09-28 21:08:49 | src.evaluation.evaluator       | WARNING | SNR=21.0 dB: 11/512 sensing elements outside [0,1] (min=-0.0248, max=1.1752) -> clamped
2026-09-28 21:08:49 | src.evaluation.evaluator       | INFO   | Evaluation completed for 14 SNR points
2026-09-28 21:08:49 | src.experiments.run_jamming    | INFO   | jamming cw r=4 JSR=8.0 dB | BER=0.48968
2026-09-28 21:08:49 | src.evaluation.evaluator       | INFO   | Starting evaluation over 14 SNR points
2026-09-28 21:08:49 | src.evaluation.evaluator       | WARNING | SNR=-5.0 dB: 7/512 sensing elements outside [0,1] (min=-0.1451, max=1.2102) -> clamped
2026-09-28 21:08:49 | src.evaluation.evaluator       | WARNING | SNR=-3.0 dB: 7/512 sensing elements outside [0,1] (min=-0.1871, max=1.0473) -> clamped
2026-09-28 21:08:50 | src.evaluation.evaluator       | WARNING | SNR=-1.0 dB: 13/512 sensing elements outside [0,1] (min=-0.0814, max=1.1316) -> clamped
2026-09-28 21:08:50 | src.evaluation.evaluator       | WARNING | SNR=1.0 dB: 14/512 sensing elements outside [0,1] (min=-0.1697, max=1.1271) -> clamped
2026-09-28 21:08:50 | src.evaluation.evaluator       | WARNING | SNR=3.0 dB: 22/512 sensing elements outside [0,1] (min=-0.0795, max=1.2395) -> clamped
2026-09-28 21:08:50 | src.evaluation.evaluator       | WARNING | SNR=5.0 dB: 18/512 sensing elements outside [0,1] (min=-0.1175, max=1.1540) -> clamped
2026-09-28 21:08:50 | src.evaluation.evaluator       | WARNING | SNR=7.0 dB: 15/512 sensing elements outside [0,1] (min=-0.1635, max=1.1475) -> clamped
2026-09-28 21:08:51 | src.evaluation.evaluator       | WARNING | SNR=9.0 dB: 15/512 sensing elements outside [0,1] (min=-0.2401, max=1.1229) -> clamped
2026-09-28 21:08:51 | src.evaluation.evaluator       | WARNING | SNR=11.0 dB: 18/512 sensing elements outside [0,1] (min=-0.3408, max=1.1573) -> clamped
2026-09-28 21:08:51 | src.evaluation.evaluator       | WARNING | SNR=13.0 dB: 17/512 sensing elements outside [0,1] (min=-0.2449, max=1.1851) -> clamped
2026-09-28 21:08:51 | src.evaluation.evaluator       | WARNING | SNR=15.0 dB: 22/512 sensing elements outside [0,1] (min=-0.1164, max=1.1964) -> clamped
2026-09-28 21:08:52 | src.evaluation.evaluator       | WARNING | SNR=17.0 dB: 22/512 sensing elements outside [0,1] (min=-0.1603, max=1.2036) -> clamped
2026-09-28 21:08:52 | src.evaluation.evaluator       | WARNING | SNR=19.0 dB: 26/512 sensing elements outside [0,1] (min=-0.1048, max=1.1902) -> clamped
2026-09-28 21:08:52 | src.evaluation.evaluator       | WARNING | SNR=21.0 dB: 20/512 sensing elements outside [0,1] (min=-0.0782, max=1.2458) -> clamped
2026-09-28 21:08:52 | src.evaluation.evaluator       | INFO   | Evaluation completed for 14 SNR points
2026-09-28 21:08:52 | src.experiments.run_jamming    | INFO   | jamming cw r=4 JSR=10.0 dB | BER=0.48968
2026-09-28 21:08:52 | src.experiments.run_jamming    | INFO   | Results for cw saved to /content/drive/MyDrive/DHUC_RUN/conv1d/full/jamming/conv1d/jamming/jamming_results_cw.csv
2026-09-28 21:08:52 | src.experiments.run_jamming    | INFO   | Per-realization results for cw saved to /content/drive/MyDrive/DHUC_RUN/conv1d/full/jamming/conv1d/jamming/jamming_realizations_cw.csv
2026-09-28 21:08:52 | src.experiments.run_jamming    | INFO   | Processing jamming: barrage (5 realization(s))
2026-09-28 21:08:52 | src.evaluation.evaluator       | INFO   | Starting evaluation over 14 SNR points
2026-09-28 21:08:54 | src.evaluation.evaluator       | WARNING | SNR=-3.0 dB: 1/256 sensing elements outside [0,1] (min=-0.0467, max=0.8195) -> clamped
2026-09-28 21:08:56 | src.evaluation.evaluator       | WARNING | SNR=-1.0 dB: 3/512 sensing elements outside [0,1] (min=-0.0149, max=1.0156) -> clamped
2026-09-28 21:08:58 | src.evaluation.evaluator       | WARNING | SNR=1.0 dB: 4/1024 sensing elements outside [0,1] (min=-0.1220, max=1.1038) -> clamped
2026-09-28 21:08:59 | src.evaluation.evaluator       | WARNING | SNR=3.0 dB: 2/512 sensing elements outside [0,1] (min=-0.0421, max=1.0450) -> clamped
2026-09-28 21:09:01 | src.evaluation.evaluator       | WARNING | SNR=5.0 dB: 3/768 sensing elements outside [0,1] (min=-0.0350, max=1.0101) -> clamped
2026-09-28 21:09:03 | src.evaluation.evaluator       | WARNING | SNR=7.0 dB: 7/1792 sensing elements outside [0,1] (min=-0.0302, max=1.0454) -> clamped
2026-09-28 21:09:05 | src.evaluation.evaluator       | WARNING | SNR=9.0 dB: 4/850 sensing elements outside [0,1] (min=-0.0514, max=1.0327) -> clamped
2026-09-28 21:09:07 | src.evaluation.evaluator       | WARNING | SNR=11.0 dB: 12/2816 sensing elements outside [0,1] (min=-0.0042, max=1.2418) -> clamped
2026-09-28 21:09:09 | src.evaluation.evaluator       | WARNING | SNR=13.0 dB: 17/2816 sensing elements outside [0,1] (min=-0.0781, max=1.0752) -> clamped
2026-09-28 21:09:11 | src.evaluation.evaluator       | WARNING | SNR=15.0 dB: 4/1024 sensing elements outside [0,1] (min=0.0250, max=1.1197) -> clamped
2026-09-28 21:09:12 | src.evaluation.evaluator       | WARNING | SNR=17.0 dB: 15/3072 sensing elements outside [0,1] (min=-0.0125, max=1.0858) -> clamped
2026-09-28 21:09:14 | src.evaluation.evaluator       | WARNING | SNR=19.0 dB: 13/2560 sensing elements outside [0,1] (min=-0.0474, max=1.0358) -> clamped
2026-09-28 21:09:16 | src.evaluation.evaluator       | WARNING | SNR=21.0 dB: 14/3156 sensing elements outside [0,1] (min=-0.0255, max=1.1906) -> clamped
2026-09-28 21:09:16 | src.evaluation.evaluator       | INFO   | Evaluation completed for 14 SNR points
2026-09-28 21:09:16 | src.experiments.run_jamming    | INFO   | jamming barrage r=0 JSR=-10.0 dB | BER=0.01499
2026-09-28 21:09:16 | src.evaluation.evaluator       | INFO   | Starting evaluation over 14 SNR points
2026-09-28 21:09:18 | src.evaluation.evaluator       | WARNING | SNR=-3.0 dB: 1/256 sensing elements outside [0,1] (min=-0.0518, max=0.8142) -> clamped
2026-09-28 21:09:20 | src.evaluation.evaluator       | WARNING | SNR=-1.0 dB: 2/256 sensing elements outside [0,1] (min=-0.0236, max=1.0187) -> clamped
2026-09-28 21:09:22 | src.evaluation.evaluator       | WARNING | SNR=1.0 dB: 4/1024 sensing elements outside [0,1] (min=-0.1250, max=1.1099) -> clamped
2026-09-28 21:09:24 | src.evaluation.evaluator       | WARNING | SNR=3.0 dB: 2/512 sensing elements outside [0,1] (min=-0.0241, max=1.0326) -> clamped
2026-09-28 21:09:25 | src.evaluation.evaluator       | WARNING | SNR=5.0 dB: 1/256 sensing elements outside [0,1] (min=-0.0304, max=0.9484) -> clamped
2026-09-28 21:09:27 | src.evaluation.evaluator       | WARNING | SNR=7.0 dB: 5/1280 sensing elements outside [0,1] (min=-0.0097, max=1.0438) -> clamped
2026-09-28 21:09:29 | src.evaluation.evaluator       | WARNING | SNR=9.0 dB: 4/850 sensing elements outside [0,1] (min=-0.0521, max=1.0436) -> clamped
2026-09-28 21:09:31 | src.evaluation.evaluator       | WARNING | SNR=11.0 dB: 8/2048 sensing elements outside [0,1] (min=0.0045, max=1.2420) -> clamped
2026-09-28 21:09:33 | src.evaluation.evaluator       | WARNING | SNR=13.0 dB: 7/1536 sensing elements outside [0,1] (min=-0.0659, max=1.0628) -> clamped
2026-09-28 21:09:35 | src.evaluation.evaluator       | WARNING | SNR=15.0 dB: 4/1024 sensing elements outside [0,1] (min=0.0431, max=1.1066) -> clamped
2026-09-28 21:09:37 | src.evaluation.evaluator       | WARNING | SNR=17.0 dB: 8/2048 sensing elements outside [0,1] (min=-0.0124, max=1.0580) -> clamped
2026-09-28 21:09:38 | src.evaluation.evaluator       | WARNING | SNR=19.0 dB: 7/1280 sensing elements outside [0,1] (min=-0.0424, max=1.0060) -> clamped
2026-09-28 21:09:40 | src.evaluation.evaluator       | WARNING | SNR=21.0 dB: 6/1536 sensing elements outside [0,1] (min=-0.0166, max=1.1938) -> clamped
2026-09-28 21:09:40 | src.evaluation.evaluator       | INFO   | Evaluation completed for 14 SNR points
2026-09-28 21:09:40 | src.experiments.run_jamming    | INFO   | jamming barrage r=0 JSR=-8.0 dB | BER=0.01698
2026-09-28 21:09:40 | src.evaluation.evaluator       | INFO   | Starting evaluation over 14 SNR points
2026-09-28 21:09:42 | src.evaluation.evaluator       | WARNING | SNR=-3.0 dB: 1/256 sensing elements outside [0,1] (min=-0.0729, max=0.8069) -> clamped
2026-09-28 21:09:43 | src.evaluation.evaluator       | WARNING | SNR=-1.0 dB: 1/256 sensing elements outside [0,1] (min=-0.0295, max=0.9978) -> clamped
2026-09-28 21:09:45 | src.evaluation.evaluator       | WARNING | SNR=1.0 dB: 4/1024 sensing elements outside [0,1] (min=-0.1254, max=1.1198) -> clamped
2026-09-28 21:09:48 | src.evaluation.evaluator       | WARNING | SNR=3.0 dB: 1/256 sensing elements outside [0,1] (min=0.0189, max=1.0008) -> clamped
2026-09-28 21:09:50 | src.evaluation.evaluator       | WARNING | SNR=5.0 dB: 1/256 sensing elements outside [0,1] (min=-0.0233, max=0.9386) -> clamped
2026-09-28 21:09:51 | src.evaluation.evaluator       | WARNING | SNR=7.0 dB: 3/768 sensing elements outside [0,1] (min=0.0655, max=1.0453) -> clamped
2026-09-28 21:09:53 | src.evaluation.evaluator       | WARNING | SNR=9.0 dB: 2/512 sensing elements outside [0,1] (min=-0.0447, max=1.0599) -> clamped
2026-09-28 21:09:55 | src.evaluation.evaluator       | WARNING | SNR=11.0 dB: 5/1280 sensing elements outside [0,1] (min=0.0142, max=1.2506) -> clamped
2026-09-28 21:09:56 | src.evaluation.evaluator       | WARNING | SNR=13.0 dB: 6/1536 sensing elements outside [0,1] (min=-0.0493, max=1.0434) -> clamped
2026-09-28 21:09:58 | src.evaluation.evaluator       | WARNING | SNR=15.0 dB: 2/512 sensing elements outside [0,1] (min=0.0516, max=1.0779) -> clamped
2026-09-28 21:10:01 | src.evaluation.evaluator       | WARNING | SNR=17.0 dB: 5/1280 sensing elements outside [0,1] (min=-0.0037, max=1.0510) -> clamped
2026-09-28 21:10:03 | src.evaluation.evaluator       | WARNING | SNR=19.0 dB: 3/512 sensing elements outside [0,1] (min=-0.0311, max=0.9905) -> clamped
2026-09-28 21:10:04 | src.evaluation.evaluator       | WARNING | SNR=21.0 dB: 4/1024 sensing elements outside [0,1] (min=0.0528, max=1.1910) -> clamped
2026-09-28 21:10:04 | src.evaluation.evaluator       | INFO   | Evaluation completed for 14 SNR points
2026-09-28 21:10:04 | src.experiments.run_jamming    | INFO   | jamming barrage r=0 JSR=-6.0 dB | BER=0.01986
2026-09-28 21:10:04 | src.evaluation.evaluator       | INFO   | Starting evaluation over 14 SNR points
2026-09-28 21:10:06 | src.evaluation.evaluator       | WARNING | SNR=-3.0 dB: 1/256 sensing elements outside [0,1] (min=-0.0994, max=0.7997) -> clamped
2026-09-28 21:10:07 | src.evaluation.evaluator       | WARNING | SNR=-1.0 dB: 1/256 sensing elements outside [0,1] (min=-0.0347, max=0.9491) -> clamped
2026-09-28 21:10:09 | src.evaluation.evaluator       | WARNING | SNR=1.0 dB: 3/768 sensing elements outside [0,1] (min=-0.1249, max=1.1319) -> clamped
2026-09-28 21:10:12 | src.evaluation.evaluator       | WARNING | SNR=5.0 dB: 1/256 sensing elements outside [0,1] (min=-0.0009, max=0.9228) -> clamped
2026-09-28 21:10:15 | src.evaluation.evaluator       | WARNING | SNR=7.0 dB: 2/512 sensing elements outside [0,1] (min=0.0696, max=1.0325) -> clamped
2026-09-28 21:10:17 | src.evaluation.evaluator       | WARNING | SNR=9.0 dB: 2/512 sensing elements outside [0,1] (min=-0.0318, max=1.0662) -> clamped
2026-09-28 21:10:18 | src.evaluation.evaluator       | WARNING | SNR=11.0 dB: 1/256 sensing elements outside [0,1] (min=0.0291, max=1.2572) -> clamped
2026-09-28 21:10:20 | src.evaluation.evaluator       | WARNING | SNR=13.0 dB: 2/512 sensing elements outside [0,1] (min=-0.0212, max=0.8677) -> clamped
2026-09-28 21:10:22 | src.evaluation.evaluator       | WARNING | SNR=15.0 dB: 2/512 sensing elements outside [0,1] (min=0.0799, max=1.0559) -> clamped
2026-09-28 21:10:23 | src.evaluation.evaluator       | WARNING | SNR=17.0 dB: 1/256 sensing elements outside [0,1] (min=0.1282, max=1.0431) -> clamped
2026-09-28 21:10:25 | src.evaluation.evaluator       | WARNING | SNR=19.0 dB: 1/256 sensing elements outside [0,1] (min=-0.0090, max=0.9631) -> clamped
2026-09-28 21:10:28 | src.evaluation.evaluator       | WARNING | SNR=21.0 dB: 3/768 sensing elements outside [0,1] (min=0.0792, max=1.1709) -> clamped
2026-09-28 21:10:28 | src.evaluation.evaluator       | INFO   | Evaluation completed for 14 SNR points
2026-09-28 21:10:28 | src.experiments.run_jamming    | INFO   | jamming barrage r=0 JSR=-4.0 dB | BER=0.02733
2026-09-28 21:10:28 | src.evaluation.evaluator       | INFO   | Starting evaluation over 14 SNR points
2026-09-28 21:10:29 | src.evaluation.evaluator       | WARNING | SNR=-3.0 dB: 1/256 sensing elements outside [0,1] (min=-0.1140, max=0.7859) -> clamped
2026-09-28 21:10:32 | src.evaluation.evaluator       | WARNING | SNR=1.0 dB: 2/512 sensing elements outside [0,1] (min=-0.1156, max=1.1072) -> clamped
2026-09-28 21:10:36 | src.evaluation.evaluator       | WARNING | SNR=7.0 dB: 1/256 sensing elements outside [0,1] (min=0.2583, max=1.0056) -> clamped
2026-09-28 21:10:38 | src.evaluation.evaluator       | WARNING | SNR=9.0 dB: 2/512 sensing elements outside [0,1] (min=-0.0005, max=1.0656) -> clamped
2026-09-28 21:10:40 | src.evaluation.evaluator       | WARNING | SNR=11.0 dB: 1/256 sensing elements outside [0,1] (min=0.0550, max=1.2525) -> clamped
2026-09-28 21:10:44 | src.evaluation.evaluator       | WARNING | SNR=15.0 dB: 1/256 sensing elements outside [0,1] (min=0.1841, max=1.0022) -> clamped
2026-09-28 21:10:46 | src.evaluation.evaluator       | WARNING | SNR=17.0 dB: 1/256 sensing elements outside [0,1] (min=0.2062, max=1.0050) -> clamped
2026-09-28 21:10:50 | src.evaluation.evaluator       | WARNING | SNR=21.0 dB: 2/512 sensing elements outside [0,1] (min=0.0698, max=1.1213) -> clamped
2026-09-28 21:10:50 | src.evaluation.evaluator       | INFO   | Evaluation completed for 14 SNR points
2026-09-28 21:10:50 | src.experiments.run_jamming    | INFO   | jamming barrage r=0 JSR=-2.0 dB | BER=0.04495
2026-09-28 21:10:50 | src.evaluation.evaluator       | INFO   | Starting evaluation over 14 SNR points
2026-09-28 21:10:50 | src.evaluation.evaluator       | WARNING | SNR=-3.0 dB: 1/256 sensing elements outside [0,1] (min=-0.1263, max=0.7874) -> clamped
2026-09-28 21:11:04 | src.evaluation.evaluator       | WARNING | SNR=21.0 dB: 1/256 sensing elements outside [0,1] (min=0.2420, max=1.0556) -> clamped
2026-09-28 21:11:04 | src.evaluation.evaluator       | INFO   | Evaluation completed for 14 SNR points
2026-09-28 21:11:04 | src.experiments.run_jamming    | INFO   | jamming barrage r=0 JSR=0.0 dB | BER=0.07694
2026-09-28 21:11:04 | src.evaluation.evaluator       | INFO   | Starting evaluation over 14 SNR points
2026-09-28 21:11:05 | src.evaluation.evaluator       | WARNING | SNR=-3.0 dB: 1/256 sensing elements outside [0,1] (min=-0.1518, max=0.8017) -> clamped
2026-09-28 21:11:12 | src.evaluation.evaluator       | INFO   | Evaluation completed for 14 SNR points
2026-09-28 21:11:12 | src.experiments.run_jamming    | INFO   | jamming barrage r=0 JSR=2.0 dB | BER=0.13264
2026-09-28 21:11:13 | src.evaluation.evaluator       | INFO   | Starting evaluation over 14 SNR points
2026-09-28 21:11:13 | src.evaluation.evaluator       | WARNING | SNR=-5.0 dB: 1/256 sensing elements outside [0,1] (min=-0.0419, max=0.7613) -> clamped
2026-09-28 21:11:13 | src.evaluation.evaluator       | WARNING | SNR=-3.0 dB: 1/256 sensing elements outside [0,1] (min=-0.2120, max=0.8621) -> clamped
2026-09-28 21:11:15 | src.evaluation.evaluator       | WARNING | SNR=11.0 dB: 1/256 sensing elements outside [0,1] (min=0.1811, max=1.0160) -> clamped
2026-09-28 21:11:17 | src.evaluation.evaluator       | INFO   | Evaluation completed for 14 SNR points
2026-09-28 21:11:17 | src.experiments.run_jamming    | INFO   | jamming barrage r=0 JSR=4.0 dB | BER=0.20432
2026-09-28 21:11:17 | src.evaluation.evaluator       | INFO   | Starting evaluation over 14 SNR points
2026-09-28 21:11:17 | src.evaluation.evaluator       | WARNING | SNR=-5.0 dB: 1/256 sensing elements outside [0,1] (min=-0.1134, max=0.7459) -> clamped
2026-09-28 21:11:18 | src.evaluation.evaluator       | WARNING | SNR=-3.0 dB: 1/256 sensing elements outside [0,1] (min=-0.1131, max=0.7863) -> clamped
2026-09-28 21:11:19 | src.evaluation.evaluator       | WARNING | SNR=9.0 dB: 1/256 sensing elements outside [0,1] (min=-0.0733, max=0.7480) -> clamped
2026-09-28 21:11:21 | src.evaluation.evaluator       | WARNING | SNR=21.0 dB: 1/256 sensing elements outside [0,1] (min=0.1086, max=1.0120) -> clamped
2026-09-28 21:11:21 | src.evaluation.evaluator       | INFO   | Evaluation completed for 14 SNR points
2026-09-28 21:11:21 | src.experiments.run_jamming    | INFO   | jamming barrage r=0 JSR=6.0 dB | BER=0.28595
2026-09-28 21:11:21 | src.evaluation.evaluator       | INFO   | Starting evaluation over 14 SNR points
2026-09-28 21:11:21 | src.evaluation.evaluator       | WARNING | SNR=-5.0 dB: 2/512 sensing elements outside [0,1] (min=-0.2140, max=1.0460) -> clamped
2026-09-28 21:11:21 | src.evaluation.evaluator       | WARNING | SNR=-3.0 dB: 2/512 sensing elements outside [0,1] (min=-0.3206, max=0.8734) -> clamped
2026-09-28 21:11:22 | src.evaluation.evaluator       | WARNING | SNR=-1.0 dB: 1/256 sensing elements outside [0,1] (min=-0.0135, max=0.8370) -> clamped
2026-09-28 21:11:23 | src.evaluation.evaluator       | WARNING | SNR=5.0 dB: 2/256 sensing elements outside [0,1] (min=-0.0482, max=1.0608) -> clamped
2026-09-28 21:11:23 | src.evaluation.evaluator       | WARNING | SNR=9.0 dB: 1/256 sensing elements outside [0,1] (min=-0.1725, max=0.7642) -> clamped
2026-09-28 21:11:24 | src.evaluation.evaluator       | WARNING | SNR=13.0 dB: 2/512 sensing elements outside [0,1] (min=0.0229, max=1.0274) -> clamped
2026-09-28 21:11:25 | src.evaluation.evaluator       | WARNING | SNR=21.0 dB: 1/256 sensing elements outside [0,1] (min=0.0982, max=1.1214) -> clamped
2026-09-28 21:11:25 | src.evaluation.evaluator       | INFO   | Evaluation completed for 14 SNR points
2026-09-28 21:11:25 | src.experiments.run_jamming    | INFO   | jamming barrage r=0 JSR=8.0 dB | BER=0.35184
2026-09-28 21:11:25 | src.evaluation.evaluator       | INFO   | Starting evaluation over 14 SNR points
2026-09-28 21:11:25 | src.evaluation.evaluator       | WARNING | SNR=-5.0 dB: 2/512 sensing elements outside [0,1] (min=-0.2960, max=1.1197) -> clamped
2026-09-28 21:11:25 | src.evaluation.evaluator       | WARNING | SNR=-3.0 dB: 4/768 sensing elements outside [0,1] (min=-0.5171, max=0.9214) -> clamped
2026-09-28 21:11:25 | src.evaluation.evaluator       | WARNING | SNR=-1.0 dB: 2/512 sensing elements outside [0,1] (min=-0.0819, max=0.9331) -> clamped
2026-09-28 21:11:26 | src.evaluation.evaluator       | WARNING | SNR=5.0 dB: 5/768 sensing elements outside [0,1] (min=-0.1065, max=1.1413) -> clamped
2026-09-28 21:11:26 | src.evaluation.evaluator       | WARNING | SNR=7.0 dB: 2/256 sensing elements outside [0,1] (min=-0.0213, max=0.7684) -> clamped
2026-09-28 21:11:26 | src.evaluation.evaluator       | WARNING | SNR=9.0 dB: 1/256 sensing elements outside [0,1] (min=-0.0181, max=0.9064) -> clamped
2026-09-28 21:11:26 | src.evaluation.evaluator       | WARNING | SNR=11.0 dB: 2/512 sensing elements outside [0,1] (min=0.0085, max=1.0704) -> clamped
2026-09-28 21:11:26 | src.evaluation.evaluator       | WARNING | SNR=13.0 dB: 2/256 sensing elements outside [0,1] (min=-0.0190, max=1.0975) -> clamped
2026-09-28 21:11:27 | src.evaluation.evaluator       | WARNING | SNR=17.0 dB: 3/512 sensing elements outside [0,1] (min=-0.1210, max=1.0678) -> clamped
2026-09-28 21:11:27 | src.evaluation.evaluator       | WARNING | SNR=19.0 dB: 2/256 sensing elements outside [0,1] (min=-0.0743, max=0.8870) -> clamped
2026-09-28 21:11:27 | src.evaluation.evaluator       | WARNING | SNR=21.0 dB: 4/512 sensing elements outside [0,1] (min=-0.0467, max=1.2554) -> clamped
2026-09-28 21:11:27 | src.evaluation.evaluator       | INFO   | Evaluation completed for 14 SNR points
2026-09-28 21:11:27 | src.experiments.run_jamming    | INFO   | jamming barrage r=0 JSR=10.0 dB | BER=0.40932
2026-09-28 21:11:27 | src.evaluation.evaluator       | INFO   | Starting evaluation over 14 SNR points
2026-09-28 21:11:29 | src.evaluation.evaluator       | WARNING | SNR=-3.0 dB: 1/256 sensing elements outside [0,1] (min=0.2258, max=1.0431) -> clamped
2026-09-28 21:11:33 | src.evaluation.evaluator       | WARNING | SNR=1.0 dB: 3/768 sensing elements outside [0,1] (min=-0.1432, max=1.0786) -> clamped
2026-09-28 21:11:34 | src.evaluation.evaluator       | WARNING | SNR=3.0 dB: 2/512 sensing elements outside [0,1] (min=-0.0284, max=1.0161) -> clamped
2026-09-28 21:11:37 | src.evaluation.evaluator       | WARNING | SNR=5.0 dB: 5/1280 sensing elements outside [0,1] (min=-0.0351, max=1.0132) -> clamped
2026-09-28 21:11:39 | src.evaluation.evaluator       | WARNING | SNR=7.0 dB: 5/1280 sensing elements outside [0,1] (min=-0.0228, max=1.0829) -> clamped
2026-09-28 21:11:40 | src.evaluation.evaluator       | WARNING | SNR=9.0 dB: 5/1280 sensing elements outside [0,1] (min=-0.0036, max=1.0269) -> clamped
2026-09-28 21:11:42 | src.evaluation.evaluator       | WARNING | SNR=11.0 dB: 11/2048 sensing elements outside [0,1] (min=-0.0050, max=1.1848) -> clamped
2026-09-28 21:11:44 | src.evaluation.evaluator       | WARNING | SNR=13.0 dB: 21/3840 sensing elements outside [0,1] (min=-0.0756, max=1.1807) -> clamped
2026-09-28 21:11:46 | src.evaluation.evaluator       | WARNING | SNR=15.0 dB: 7/1792 sensing elements outside [0,1] (min=-0.0053, max=1.1004) -> clamped
2026-09-28 21:11:47 | src.evaluation.evaluator       | WARNING | SNR=17.0 dB: 15/2816 sensing elements outside [0,1] (min=-0.0187, max=1.0579) -> clamped
2026-09-28 21:11:50 | src.evaluation.evaluator       | WARNING | SNR=19.0 dB: 10/2304 sensing elements outside [0,1] (min=-0.0447, max=1.1039) -> clamped
2026-09-28 21:11:52 | src.evaluation.evaluator       | WARNING | SNR=21.0 dB: 16/3668 sensing elements outside [0,1] (min=-0.0209, max=1.1386) -> clamped
2026-09-28 21:11:52 | src.evaluation.evaluator       | INFO   | Evaluation completed for 14 SNR points
2026-09-28 21:11:52 | src.experiments.run_jamming    | INFO   | jamming barrage r=1 JSR=-10.0 dB | BER=0.01386
2026-09-28 21:11:52 | src.evaluation.evaluator       | INFO   | Starting evaluation over 14 SNR points
2026-09-28 21:11:54 | src.evaluation.evaluator       | WARNING | SNR=-3.0 dB: 1/256 sensing elements outside [0,1] (min=0.2314, max=1.0381) -> clamped
2026-09-28 21:11:57 | src.evaluation.evaluator       | WARNING | SNR=1.0 dB: 3/768 sensing elements outside [0,1] (min=-0.1526, max=1.0599) -> clamped
2026-09-28 21:11:59 | src.evaluation.evaluator       | WARNING | SNR=3.0 dB: 2/512 sensing elements outside [0,1] (min=-0.0360, max=1.0201) -> clamped
2026-09-28 21:12:00 | src.evaluation.evaluator       | WARNING | SNR=5.0 dB: 2/512 sensing elements outside [0,1] (min=-0.0369, max=0.9237) -> clamped
2026-09-28 21:12:02 | src.evaluation.evaluator       | WARNING | SNR=7.0 dB: 3/768 sensing elements outside [0,1] (min=-0.0220, max=1.0718) -> clamped
2026-09-28 21:12:05 | src.evaluation.evaluator       | WARNING | SNR=9.0 dB: 2/512 sensing elements outside [0,1] (min=0.1224, max=1.0359) -> clamped
2026-09-28 21:12:07 | src.evaluation.evaluator       | WARNING | SNR=11.0 dB: 7/1536 sensing elements outside [0,1] (min=0.0140, max=1.1675) -> clamped
2026-09-28 21:12:08 | src.evaluation.evaluator       | WARNING | SNR=13.0 dB: 16/3328 sensing elements outside [0,1] (min=-0.0597, max=1.1970) -> clamped
2026-09-28 21:12:10 | src.evaluation.evaluator       | WARNING | SNR=15.0 dB: 3/768 sensing elements outside [0,1] (min=0.0573, max=1.1025) -> clamped
2026-09-28 21:12:12 | src.evaluation.evaluator       | WARNING | SNR=17.0 dB: 8/2048 sensing elements outside [0,1] (min=-0.0092, max=1.0191) -> clamped
2026-09-28 21:12:13 | src.evaluation.evaluator       | WARNING | SNR=19.0 dB: 7/1536 sensing elements outside [0,1] (min=-0.0282, max=1.1109) -> clamped
2026-09-28 21:12:15 | src.evaluation.evaluator       | WARNING | SNR=21.0 dB: 10/2388 sensing elements outside [0,1] (min=-0.0030, max=1.1313) -> clamped
2026-09-28 21:12:15 | src.evaluation.evaluator       | INFO   | Evaluation completed for 14 SNR points
2026-09-28 21:12:15 | src.experiments.run_jamming    | INFO   | jamming barrage r=1 JSR=-8.0 dB | BER=0.01579
2026-09-28 21:12:15 | src.evaluation.evaluator       | INFO   | Starting evaluation over 14 SNR points
2026-09-28 21:12:17 | src.evaluation.evaluator       | WARNING | SNR=-3.0 dB: 1/256 sensing elements outside [0,1] (min=0.2403, max=1.0237) -> clamped
2026-09-28 21:12:19 | src.evaluation.evaluator       | WARNING | SNR=-1.0 dB: 1/256 sensing elements outside [0,1] (min=0.1942, max=1.0184) -> clamped
2026-09-28 21:12:21 | src.evaluation.evaluator       | WARNING | SNR=1.0 dB: 3/768 sensing elements outside [0,1] (min=-0.1666, max=1.0317) -> clamped
2026-09-28 21:12:23 | src.evaluation.evaluator       | WARNING | SNR=3.0 dB: 2/512 sensing elements outside [0,1] (min=-0.0395, max=1.0215) -> clamped
2026-09-28 21:12:24 | src.evaluation.evaluator       | WARNING | SNR=5.0 dB: 3/768 sensing elements outside [0,1] (min=-0.0419, max=1.0037) -> clamped
2026-09-28 21:12:26 | src.evaluation.evaluator       | WARNING | SNR=7.0 dB: 2/512 sensing elements outside [0,1] (min=-0.0305, max=1.0556) -> clamped
2026-09-28 21:12:28 | src.evaluation.evaluator       | WARNING | SNR=9.0 dB: 1/256 sensing elements outside [0,1] (min=0.1413, max=1.0435) -> clamped
2026-09-28 21:12:30 | src.evaluation.evaluator       | WARNING | SNR=11.0 dB: 5/1024 sensing elements outside [0,1] (min=0.0302, max=1.1453) -> clamped
2026-09-28 21:12:32 | src.evaluation.evaluator       | WARNING | SNR=13.0 dB: 10/2560 sensing elements outside [0,1] (min=-0.0504, max=1.2008) -> clamped
2026-09-28 21:12:34 | src.evaluation.evaluator       | WARNING | SNR=15.0 dB: 1/256 sensing elements outside [0,1] (min=0.0844, max=1.1031) -> clamped
2026-09-28 21:12:37 | src.evaluation.evaluator       | WARNING | SNR=19.0 dB: 4/1024 sensing elements outside [0,1] (min=-0.0045, max=1.1154) -> clamped
2026-09-28 21:12:39 | src.evaluation.evaluator       | WARNING | SNR=21.0 dB: 4/1024 sensing elements outside [0,1] (min=0.0236, max=1.1143) -> clamped
2026-09-28 21:12:39 | src.evaluation.evaluator       | INFO   | Evaluation completed for 14 SNR points
2026-09-28 21:12:39 | src.experiments.run_jamming    | INFO   | jamming barrage r=1 JSR=-6.0 dB | BER=0.01966
2026-09-28 21:12:39 | src.evaluation.evaluator       | INFO   | Starting evaluation over 14 SNR points
2026-09-28 21:12:41 | src.evaluation.evaluator       | WARNING | SNR=-1.0 dB: 1/256 sensing elements outside [0,1] (min=0.2497, max=1.0579) -> clamped
2026-09-28 21:12:43 | src.evaluation.evaluator       | WARNING | SNR=1.0 dB: 2/512 sensing elements outside [0,1] (min=-0.1816, max=1.0037) -> clamped
2026-09-28 21:12:46 | src.evaluation.evaluator       | WARNING | SNR=3.0 dB: 3/768 sensing elements outside [0,1] (min=-0.0349, max=1.0208) -> clamped
2026-09-28 21:12:48 | src.evaluation.evaluator       | WARNING | SNR=5.0 dB: 3/768 sensing elements outside [0,1] (min=-0.0391, max=1.0331) -> clamped
2026-09-28 21:12:49 | src.evaluation.evaluator       | WARNING | SNR=7.0 dB: 2/512 sensing elements outside [0,1] (min=-0.0350, max=1.0503) -> clamped
2026-09-28 21:12:51 | src.evaluation.evaluator       | WARNING | SNR=9.0 dB: 1/256 sensing elements outside [0,1] (min=0.1950, max=1.0407) -> clamped
2026-09-28 21:12:53 | src.evaluation.evaluator       | WARNING | SNR=11.0 dB: 2/512 sensing elements outside [0,1] (min=0.0391, max=1.1014) -> clamped
2026-09-28 21:12:54 | src.evaluation.evaluator       | WARNING | SNR=13.0 dB: 7/1792 sensing elements outside [0,1] (min=-0.0712, max=1.1849) -> clamped
2026-09-28 21:12:56 | src.evaluation.evaluator       | WARNING | SNR=15.0 dB: 1/256 sensing elements outside [0,1] (min=0.1081, max=1.0968) -> clamped
2026-09-28 21:13:00 | src.evaluation.evaluator       | WARNING | SNR=19.0 dB: 4/1024 sensing elements outside [0,1] (min=0.0263, max=1.1141) -> clamped
2026-09-28 21:13:02 | src.evaluation.evaluator       | WARNING | SNR=21.0 dB: 3/768 sensing elements outside [0,1] (min=0.0519, max=1.0826) -> clamped
2026-09-28 21:13:02 | src.evaluation.evaluator       | INFO   | Evaluation completed for 14 SNR points
2026-09-28 21:13:02 | src.experiments.run_jamming    | INFO   | jamming barrage r=1 JSR=-4.0 dB | BER=0.02638
2026-09-28 21:13:02 | src.evaluation.evaluator       | INFO   | Starting evaluation over 14 SNR points
2026-09-28 21:13:05 | src.evaluation.evaluator       | WARNING | SNR=1.0 dB: 1/256 sensing elements outside [0,1] (min=-0.2081, max=0.8550) -> clamped
2026-09-28 21:13:07 | src.evaluation.evaluator       | WARNING | SNR=3.0 dB: 3/768 sensing elements outside [0,1] (min=-0.0171, max=1.0318) -> clamped
2026-09-28 21:13:09 | src.evaluation.evaluator       | WARNING | SNR=5.0 dB: 4/1024 sensing elements outside [0,1] (min=-0.0388, max=1.0584) -> clamped
2026-09-28 21:13:11 | src.evaluation.evaluator       | WARNING | SNR=7.0 dB: 2/512 sensing elements outside [0,1] (min=-0.0393, max=1.0338) -> clamped
2026-09-28 21:13:13 | src.evaluation.evaluator       | WARNING | SNR=9.0 dB: 1/256 sensing elements outside [0,1] (min=0.2649, max=1.0299) -> clamped
2026-09-28 21:13:15 | src.evaluation.evaluator       | WARNING | SNR=11.0 dB: 2/512 sensing elements outside [0,1] (min=0.0462, max=1.0524) -> clamped
2026-09-28 21:13:17 | src.evaluation.evaluator       | WARNING | SNR=13.0 dB: 7/1792 sensing elements outside [0,1] (min=-0.0695, max=1.1486) -> clamped
2026-09-28 21:13:18 | src.evaluation.evaluator       | WARNING | SNR=15.0 dB: 1/256 sensing elements outside [0,1] (min=0.1483, max=1.0565) -> clamped
2026-09-28 21:13:22 | src.evaluation.evaluator       | WARNING | SNR=19.0 dB: 2/512 sensing elements outside [0,1] (min=0.0847, max=1.0790) -> clamped
2026-09-28 21:13:23 | src.evaluation.evaluator       | WARNING | SNR=21.0 dB: 1/256 sensing elements outside [0,1] (min=0.1448, max=1.0210) -> clamped
2026-09-28 21:13:23 | src.evaluation.evaluator       | INFO   | Evaluation completed for 14 SNR points
2026-09-28 21:13:23 | src.experiments.run_jamming    | INFO   | jamming barrage r=1 JSR=-2.0 dB | BER=0.04236
2026-09-28 21:13:23 | src.evaluation.evaluator       | INFO   | Starting evaluation over 14 SNR points
2026-09-28 21:13:28 | src.evaluation.evaluator       | WARNING | SNR=5.0 dB: 3/768 sensing elements outside [0,1] (min=-0.0206, max=1.0652) -> clamped
2026-09-28 21:13:30 | src.evaluation.evaluator       | WARNING | SNR=7.0 dB: 1/256 sensing elements outside [0,1] (min=0.3038, max=1.0002) -> clamped
2026-09-28 21:13:31 | src.evaluation.evaluator       | WARNING | SNR=9.0 dB: 1/256 sensing elements outside [0,1] (min=0.2750, max=1.0114) -> clamped
2026-09-28 21:13:33 | src.evaluation.evaluator       | WARNING | SNR=13.0 dB: 3/768 sensing elements outside [0,1] (min=-0.0687, max=1.0726) -> clamped
2026-09-28 21:13:34 | src.evaluation.evaluator       | WARNING | SNR=15.0 dB: 1/256 sensing elements outside [0,1] (min=0.2055, max=1.0100) -> clamped
2026-09-28 21:13:37 | src.evaluation.evaluator       | WARNING | SNR=19.0 dB: 1/256 sensing elements outside [0,1] (min=0.2115, max=1.0061) -> clamped
2026-09-28 21:13:39 | src.evaluation.evaluator       | INFO   | Evaluation completed for 14 SNR points
2026-09-28 21:13:39 | src.experiments.run_jamming    | INFO   | jamming barrage r=1 JSR=0.0 dB | BER=0.07461
2026-09-28 21:13:39 | src.evaluation.evaluator       | INFO   | Starting evaluation over 14 SNR points
2026-09-28 21:13:40 | src.evaluation.evaluator       | WARNING | SNR=-5.0 dB: 1/256 sensing elements outside [0,1] (min=0.3020, max=1.0207) -> clamped
2026-09-28 21:13:42 | src.evaluation.evaluator       | WARNING | SNR=5.0 dB: 1/256 sensing elements outside [0,1] (min=-0.0106, max=0.7580) -> clamped
2026-09-28 21:13:43 | src.evaluation.evaluator       | WARNING | SNR=7.0 dB: 1/256 sensing elements outside [0,1] (min=-0.0114, max=0.7836) -> clamped
2026-09-28 21:13:45 | src.evaluation.evaluator       | WARNING | SNR=13.0 dB: 1/256 sensing elements outside [0,1] (min=0.2901, max=1.0195) -> clamped
2026-09-28 21:13:47 | src.evaluation.evaluator       | INFO   | Evaluation completed for 14 SNR points
2026-09-28 21:13:47 | src.experiments.run_jamming    | INFO   | jamming barrage r=1 JSR=2.0 dB | BER=0.12920
2026-09-28 21:13:47 | src.evaluation.evaluator       | INFO   | Starting evaluation over 14 SNR points
2026-09-28 21:13:47 | src.evaluation.evaluator       | WARNING | SNR=-5.0 dB: 1/256 sensing elements outside [0,1] (min=0.0063, max=1.0019) -> clamped
2026-09-28 21:13:49 | src.evaluation.evaluator       | WARNING | SNR=7.0 dB: 1/256 sensing elements outside [0,1] (min=-0.0261, max=0.7522) -> clamped
2026-09-28 21:13:50 | src.evaluation.evaluator       | WARNING | SNR=13.0 dB: 1/256 sensing elements outside [0,1] (min=0.3185, max=1.0636) -> clamped
2026-09-28 21:13:51 | src.evaluation.evaluator       | WARNING | SNR=15.0 dB: 1/256 sensing elements outside [0,1] (min=0.2181, max=1.0184) -> clamped
2026-09-28 21:13:52 | src.evaluation.evaluator       | WARNING | SNR=21.0 dB: 1/256 sensing elements outside [0,1] (min=-0.0047, max=0.7960) -> clamped
2026-09-28 21:13:52 | src.evaluation.evaluator       | INFO   | Evaluation completed for 14 SNR points
2026-09-28 21:13:52 | src.experiments.run_jamming    | INFO   | jamming barrage r=1 JSR=4.0 dB | BER=0.21036
2026-09-28 21:13:52 | src.evaluation.evaluator       | INFO   | Starting evaluation over 14 SNR points
2026-09-28 21:13:53 | src.evaluation.evaluator       | WARNING | SNR=-5.0 dB: 2/256 sensing elements outside [0,1] (min=-0.0274, max=1.0116) -> clamped
2026-09-28 21:13:53 | src.evaluation.evaluator       | WARNING | SNR=-3.0 dB: 1/256 sensing elements outside [0,1] (min=0.2259, max=1.0056) -> clamped
2026-09-28 21:13:55 | src.evaluation.evaluator       | WARNING | SNR=13.0 dB: 2/512 sensing elements outside [0,1] (min=-0.0137, max=1.0847) -> clamped
2026-09-28 21:13:55 | src.evaluation.evaluator       | WARNING | SNR=15.0 dB: 1/256 sensing elements outside [0,1] (min=0.2088, max=1.0715) -> clamped
2026-09-28 21:13:56 | src.evaluation.evaluator       | WARNING | SNR=21.0 dB: 1/256 sensing elements outside [0,1] (min=-0.0837, max=0.7813) -> clamped
2026-09-28 21:13:56 | src.evaluation.evaluator       | INFO   | Evaluation completed for 14 SNR points
2026-09-28 21:13:56 | src.experiments.run_jamming    | INFO   | jamming barrage r=1 JSR=6.0 dB | BER=0.28739
2026-09-28 21:13:56 | src.evaluation.evaluator       | INFO   | Starting evaluation over 14 SNR points
2026-09-28 21:13:56 | src.evaluation.evaluator       | WARNING | SNR=-5.0 dB: 2/256 sensing elements outside [0,1] (min=-0.0407, max=1.0202) -> clamped
2026-09-28 21:13:57 | src.evaluation.evaluator       | WARNING | SNR=-1.0 dB: 1/256 sensing elements outside [0,1] (min=0.1511, max=1.0247) -> clamped
2026-09-28 21:13:57 | src.evaluation.evaluator       | WARNING | SNR=3.0 dB: 1/256 sensing elements outside [0,1] (min=0.1630, max=1.0099) -> clamped
2026-09-28 21:13:58 | src.evaluation.evaluator       | WARNING | SNR=13.0 dB: 3/512 sensing elements outside [0,1] (min=-0.0811, max=1.1005) -> clamped
2026-09-28 21:13:59 | src.evaluation.evaluator       | WARNING | SNR=15.0 dB: 1/256 sensing elements outside [0,1] (min=0.1771, max=1.1233) -> clamped
2026-09-28 21:13:59 | src.evaluation.evaluator       | WARNING | SNR=17.0 dB: 2/512 sensing elements outside [0,1] (min=-0.0016, max=1.0102) -> clamped
2026-09-28 21:13:59 | src.evaluation.evaluator       | WARNING | SNR=21.0 dB: 2/512 sensing elements outside [0,1] (min=-0.2010, max=1.0028) -> clamped
2026-09-28 21:13:59 | src.evaluation.evaluator       | INFO   | Evaluation completed for 14 SNR points
2026-09-28 21:13:59 | src.experiments.run_jamming    | INFO   | jamming barrage r=1 JSR=8.0 dB | BER=0.35565
2026-09-28 21:13:59 | src.evaluation.evaluator       | INFO   | Starting evaluation over 14 SNR points
2026-09-28 21:14:00 | src.evaluation.evaluator       | WARNING | SNR=-5.0 dB: 2/256 sensing elements outside [0,1] (min=-0.0519, max=1.0915) -> clamped
2026-09-28 21:14:00 | src.evaluation.evaluator       | WARNING | SNR=-3.0 dB: 3/512 sensing elements outside [0,1] (min=-0.0533, max=1.0363) -> clamped
2026-09-28 21:14:00 | src.evaluation.evaluator       | WARNING | SNR=-1.0 dB: 2/512 sensing elements outside [0,1] (min=-0.0038, max=0.9831) -> clamped
2026-09-28 21:14:00 | src.evaluation.evaluator       | WARNING | SNR=3.0 dB: 3/512 sensing elements outside [0,1] (min=-0.1630, max=1.1325) -> clamped
2026-09-28 21:14:00 | src.evaluation.evaluator       | WARNING | SNR=5.0 dB: 3/512 sensing elements outside [0,1] (min=-0.0618, max=1.0473) -> clamped
2026-09-28 21:14:01 | src.evaluation.evaluator       | WARNING | SNR=7.0 dB: 2/256 sensing elements outside [0,1] (min=-0.1506, max=0.9005) -> clamped
2026-09-28 21:14:01 | src.evaluation.evaluator       | WARNING | SNR=9.0 dB: 2/512 sensing elements outside [0,1] (min=-0.0882, max=0.9357) -> clamped
2026-09-28 21:14:01 | src.evaluation.evaluator       | WARNING | SNR=11.0 dB: 3/512 sensing elements outside [0,1] (min=-0.0355, max=1.0182) -> clamped
2026-09-28 21:14:01 | src.evaluation.evaluator       | WARNING | SNR=13.0 dB: 2/512 sensing elements outside [0,1] (min=-0.0053, max=1.1325) -> clamped
2026-09-28 21:14:01 | src.evaluation.evaluator       | WARNING | SNR=15.0 dB: 1/256 sensing elements outside [0,1] (min=0.1105, max=1.1836) -> clamped
2026-09-28 21:14:01 | src.evaluation.evaluator       | WARNING | SNR=17.0 dB: 4/512 sensing elements outside [0,1] (min=-0.1530, max=0.9589) -> clamped
2026-09-28 21:14:02 | src.evaluation.evaluator       | WARNING | SNR=19.0 dB: 2/512 sensing elements outside [0,1] (min=0.0374, max=1.0577) -> clamped
2026-09-28 21:14:02 | src.evaluation.evaluator       | WARNING | SNR=21.0 dB: 2/512 sensing elements outside [0,1] (min=-0.3543, max=1.0852) -> clamped
2026-09-28 21:14:02 | src.evaluation.evaluator       | INFO   | Evaluation completed for 14 SNR points
2026-09-28 21:14:02 | src.experiments.run_jamming    | INFO   | jamming barrage r=1 JSR=10.0 dB | BER=0.40737
2026-09-28 21:14:02 | src.evaluation.evaluator       | INFO   | Starting evaluation over 14 SNR points
2026-09-28 21:14:04 | src.evaluation.evaluator       | WARNING | SNR=-3.0 dB: 2/512 sensing elements outside [0,1] (min=-0.0570, max=1.0842) -> clamped
2026-09-28 21:14:08 | src.evaluation.evaluator       | WARNING | SNR=1.0 dB: 3/768 sensing elements outside [0,1] (min=-0.0871, max=1.1920) -> clamped
2026-09-28 21:14:10 | src.evaluation.evaluator       | WARNING | SNR=3.0 dB: 2/512 sensing elements outside [0,1] (min=-0.0376, max=1.0352) -> clamped
2026-09-28 21:14:12 | src.evaluation.evaluator       | WARNING | SNR=5.0 dB: 5/1280 sensing elements outside [0,1] (min=0.0450, max=1.0622) -> clamped
2026-09-28 21:14:13 | src.evaluation.evaluator       | WARNING | SNR=7.0 dB: 7/1536 sensing elements outside [0,1] (min=-0.0375, max=1.0565) -> clamped
2026-09-28 21:14:15 | src.evaluation.evaluator       | WARNING | SNR=9.0 dB: 12/2130 sensing elements outside [0,1] (min=-0.0267, max=1.0534) -> clamped
2026-09-28 21:14:17 | src.evaluation.evaluator       | WARNING | SNR=11.0 dB: 7/1536 sensing elements outside [0,1] (min=-0.0731, max=1.1670) -> clamped
2026-09-28 21:14:19 | src.evaluation.evaluator       | WARNING | SNR=13.0 dB: 23/3840 sensing elements outside [0,1] (min=-0.0192, max=1.0838) -> clamped
2026-09-28 21:14:21 | src.evaluation.evaluator       | WARNING | SNR=15.0 dB: 11/2304 sensing elements outside [0,1] (min=-0.0106, max=1.1149) -> clamped
2026-09-28 21:14:23 | src.evaluation.evaluator       | WARNING | SNR=17.0 dB: 9/2304 sensing elements outside [0,1] (min=-0.0180, max=1.0980) -> clamped
2026-09-28 21:14:25 | src.evaluation.evaluator       | WARNING | SNR=19.0 dB: 12/2304 sensing elements outside [0,1] (min=-0.0325, max=1.0640) -> clamped
2026-09-28 21:14:26 | src.evaluation.evaluator       | WARNING | SNR=21.0 dB: 13/2900 sensing elements outside [0,1] (min=-0.0185, max=1.1632) -> clamped
2026-09-28 21:14:26 | src.evaluation.evaluator       | INFO   | Evaluation completed for 14 SNR points
2026-09-28 21:14:26 | src.experiments.run_jamming    | INFO   | jamming barrage r=2 JSR=-10.0 dB | BER=0.01442
2026-09-28 21:14:26 | src.evaluation.evaluator       | INFO   | Starting evaluation over 14 SNR points
2026-09-28 21:14:28 | src.evaluation.evaluator       | WARNING | SNR=-3.0 dB: 2/512 sensing elements outside [0,1] (min=-0.0621, max=1.0691) -> clamped
2026-09-28 21:14:31 | src.evaluation.evaluator       | WARNING | SNR=1.0 dB: 4/1024 sensing elements outside [0,1] (min=-0.0818, max=1.1860) -> clamped
2026-09-28 21:14:34 | src.evaluation.evaluator       | WARNING | SNR=3.0 dB: 2/512 sensing elements outside [0,1] (min=-0.0296, max=1.0267) -> clamped
2026-09-28 21:14:36 | src.evaluation.evaluator       | WARNING | SNR=5.0 dB: 3/768 sensing elements outside [0,1] (min=0.0434, max=1.0677) -> clamped
2026-09-28 21:14:38 | src.evaluation.evaluator       | WARNING | SNR=7.0 dB: 5/1280 sensing elements outside [0,1] (min=-0.0278, max=1.0483) -> clamped
2026-09-28 21:14:39 | src.evaluation.evaluator       | WARNING | SNR=9.0 dB: 9/1874 sensing elements outside [0,1] (min=-0.0082, max=1.0445) -> clamped
2026-09-28 21:14:41 | src.evaluation.evaluator       | WARNING | SNR=11.0 dB: 4/768 sensing elements outside [0,1] (min=-0.0798, max=1.1472) -> clamped
2026-09-28 21:14:43 | src.evaluation.evaluator       | WARNING | SNR=13.0 dB: 13/2304 sensing elements outside [0,1] (min=-0.0219, max=1.1193) -> clamped
2026-09-28 21:14:44 | src.evaluation.evaluator       | WARNING | SNR=15.0 dB: 6/1280 sensing elements outside [0,1] (min=-0.0102, max=1.0905) -> clamped
2026-09-28 21:14:46 | src.evaluation.evaluator       | WARNING | SNR=17.0 dB: 5/1280 sensing elements outside [0,1] (min=-0.0074, max=1.0976) -> clamped
2026-09-28 21:14:49 | src.evaluation.evaluator       | WARNING | SNR=19.0 dB: 7/1536 sensing elements outside [0,1] (min=-0.0161, max=1.0557) -> clamped
2026-09-28 21:14:51 | src.evaluation.evaluator       | WARNING | SNR=21.0 dB: 10/2132 sensing elements outside [0,1] (min=-0.0087, max=1.1505) -> clamped
2026-09-28 21:14:51 | src.evaluation.evaluator       | INFO   | Evaluation completed for 14 SNR points
2026-09-28 21:14:51 | src.experiments.run_jamming    | INFO   | jamming barrage r=2 JSR=-8.0 dB | BER=0.01628
2026-09-28 21:14:51 | src.evaluation.evaluator       | INFO   | Starting evaluation over 14 SNR points
2026-09-28 21:14:52 | src.evaluation.evaluator       | WARNING | SNR=-3.0 dB: 2/512 sensing elements outside [0,1] (min=-0.0685, max=1.0442) -> clamped
2026-09-28 21:14:54 | src.evaluation.evaluator       | WARNING | SNR=-1.0 dB: 1/256 sensing elements outside [0,1] (min=-0.0024, max=0.8688) -> clamped
2026-09-28 21:14:56 | src.evaluation.evaluator       | WARNING | SNR=1.0 dB: 4/1024 sensing elements outside [0,1] (min=-0.0755, max=1.1734) -> clamped
2026-09-28 21:14:57 | src.evaluation.evaluator       | WARNING | SNR=3.0 dB: 2/512 sensing elements outside [0,1] (min=-0.0222, max=1.0108) -> clamped
2026-09-28 21:14:59 | src.evaluation.evaluator       | WARNING | SNR=5.0 dB: 2/512 sensing elements outside [0,1] (min=0.0536, max=1.0674) -> clamped
2026-09-28 21:15:01 | src.evaluation.evaluator       | WARNING | SNR=7.0 dB: 3/768 sensing elements outside [0,1] (min=-0.0067, max=1.0230) -> clamped
2026-09-28 21:15:04 | src.evaluation.evaluator       | WARNING | SNR=9.0 dB: 4/1024 sensing elements outside [0,1] (min=-0.0013, max=1.0472) -> clamped
2026-09-28 21:15:05 | src.evaluation.evaluator       | WARNING | SNR=11.0 dB: 2/256 sensing elements outside [0,1] (min=-0.0870, max=1.1143) -> clamped
2026-09-28 21:15:07 | src.evaluation.evaluator       | WARNING | SNR=13.0 dB: 8/1536 sensing elements outside [0,1] (min=-0.0245, max=1.1670) -> clamped
2026-09-28 21:15:09 | src.evaluation.evaluator       | WARNING | SNR=15.0 dB: 4/768 sensing elements outside [0,1] (min=-0.0009, max=1.0521) -> clamped
2026-09-28 21:15:10 | src.evaluation.evaluator       | WARNING | SNR=17.0 dB: 3/768 sensing elements outside [0,1] (min=-0.0075, max=1.0921) -> clamped
2026-09-28 21:15:12 | src.evaluation.evaluator       | WARNING | SNR=19.0 dB: 2/512 sensing elements outside [0,1] (min=0.0435, max=1.0292) -> clamped
2026-09-28 21:15:14 | src.evaluation.evaluator       | WARNING | SNR=21.0 dB: 4/768 sensing elements outside [0,1] (min=0.0496, max=1.1278) -> clamped
2026-09-28 21:15:14 | src.evaluation.evaluator       | INFO   | Evaluation completed for 14 SNR points
2026-09-28 21:15:14 | src.experiments.run_jamming    | INFO   | jamming barrage r=2 JSR=-6.0 dB | BER=0.01927
2026-09-28 21:15:14 | src.evaluation.evaluator       | INFO   | Starting evaluation over 14 SNR points
2026-09-28 21:15:16 | src.evaluation.evaluator       | WARNING | SNR=-3.0 dB: 2/512 sensing elements outside [0,1] (min=-0.0652, max=1.0145) -> clamped
2026-09-28 21:15:18 | src.evaluation.evaluator       | WARNING | SNR=-1.0 dB: 2/512 sensing elements outside [0,1] (min=-0.0372, max=0.8328) -> clamped
2026-09-28 21:15:20 | src.evaluation.evaluator       | WARNING | SNR=1.0 dB: 3/768 sensing elements outside [0,1] (min=-0.0605, max=1.1702) -> clamped
2026-09-28 21:15:21 | src.evaluation.evaluator       | WARNING | SNR=3.0 dB: 1/256 sensing elements outside [0,1] (min=-0.0068, max=0.7651) -> clamped
2026-09-28 21:15:23 | src.evaluation.evaluator       | WARNING | SNR=5.0 dB: 1/256 sensing elements outside [0,1] (min=0.1590, max=1.0453) -> clamped
2026-09-28 21:15:26 | src.evaluation.evaluator       | WARNING | SNR=9.0 dB: 3/768 sensing elements outside [0,1] (min=0.0382, max=1.0423) -> clamped
2026-09-28 21:15:29 | src.evaluation.evaluator       | WARNING | SNR=11.0 dB: 2/256 sensing elements outside [0,1] (min=-0.0818, max=1.0528) -> clamped
2026-09-28 21:15:31 | src.evaluation.evaluator       | WARNING | SNR=13.0 dB: 6/1536 sensing elements outside [0,1] (min=-0.0272, max=1.2149) -> clamped
2026-09-28 21:15:33 | src.evaluation.evaluator       | WARNING | SNR=15.0 dB: 1/256 sensing elements outside [0,1] (min=0.1467, max=1.0171) -> clamped
2026-09-28 21:15:34 | src.evaluation.evaluator       | WARNING | SNR=17.0 dB: 3/768 sensing elements outside [0,1] (min=-0.0093, max=1.0839) -> clamped
2026-09-28 21:15:38 | src.evaluation.evaluator       | WARNING | SNR=21.0 dB: 3/768 sensing elements outside [0,1] (min=0.0573, max=1.1049) -> clamped
2026-09-28 21:15:38 | src.evaluation.evaluator       | INFO   | Evaluation completed for 14 SNR points
2026-09-28 21:15:38 | src.experiments.run_jamming    | INFO   | jamming barrage r=2 JSR=-4.0 dB | BER=0.02672
2026-09-28 21:15:38 | src.evaluation.evaluator       | INFO   | Starting evaluation over 14 SNR points
2026-09-28 21:15:39 | src.evaluation.evaluator       | WARNING | SNR=-3.0 dB: 1/256 sensing elements outside [0,1] (min=-0.0862, max=0.8472) -> clamped
2026-09-28 21:15:40 | src.evaluation.evaluator       | WARNING | SNR=-1.0 dB: 1/256 sensing elements outside [0,1] (min=-0.0785, max=0.7826) -> clamped
2026-09-28 21:15:41 | src.evaluation.evaluator       | WARNING | SNR=1.0 dB: 3/768 sensing elements outside [0,1] (min=-0.0269, max=1.1501) -> clamped
2026-09-28 21:15:49 | src.evaluation.evaluator       | WARNING | SNR=9.0 dB: 1/256 sensing elements outside [0,1] (min=0.0793, max=1.0046) -> clamped
2026-09-28 21:15:51 | src.evaluation.evaluator       | WARNING | SNR=11.0 dB: 1/256 sensing elements outside [0,1] (min=-0.0743, max=0.9776) -> clamped
2026-09-28 21:15:52 | src.evaluation.evaluator       | WARNING | SNR=13.0 dB: 4/1024 sensing elements outside [0,1] (min=-0.0179, max=1.2527) -> clamped
2026-09-28 21:15:54 | src.evaluation.evaluator       | WARNING | SNR=15.0 dB: 1/256 sensing elements outside [0,1] (min=0.1940, max=1.0472) -> clamped
2026-09-28 21:15:56 | src.evaluation.evaluator       | WARNING | SNR=17.0 dB: 1/256 sensing elements outside [0,1] (min=0.1305, max=1.0641) -> clamped
2026-09-28 21:16:00 | src.evaluation.evaluator       | WARNING | SNR=21.0 dB: 3/768 sensing elements outside [0,1] (min=0.0743, max=1.0533) -> clamped
2026-09-28 21:16:00 | src.evaluation.evaluator       | INFO   | Evaluation completed for 14 SNR points
2026-09-28 21:16:00 | src.experiments.run_jamming    | INFO   | jamming barrage r=2 JSR=-2.0 dB | BER=0.04476
2026-09-28 21:16:00 | src.evaluation.evaluator       | INFO   | Starting evaluation over 14 SNR points
2026-09-28 21:16:01 | src.evaluation.evaluator       | WARNING | SNR=-3.0 dB: 1/256 sensing elements outside [0,1] (min=-0.0969, max=0.7846) -> clamped
2026-09-28 21:16:12 | src.evaluation.evaluator       | WARNING | SNR=17.0 dB: 1/256 sensing elements outside [0,1] (min=0.1262, max=1.0333) -> clamped
2026-09-28 21:16:15 | src.evaluation.evaluator       | INFO   | Evaluation completed for 14 SNR points
2026-09-28 21:16:15 | src.experiments.run_jamming    | INFO   | jamming barrage r=2 JSR=0.0 dB | BER=0.07672
2026-09-28 21:16:15 | src.evaluation.evaluator       | INFO   | Starting evaluation over 14 SNR points
2026-09-28 21:16:15 | src.evaluation.evaluator       | WARNING | SNR=-5.0 dB: 1/256 sensing elements outside [0,1] (min=0.1707, max=1.0084) -> clamped
2026-09-28 21:16:15 | src.evaluation.evaluator       | WARNING | SNR=-3.0 dB: 1/256 sensing elements outside [0,1] (min=-0.1037, max=0.7019) -> clamped
2026-09-28 21:16:22 | src.evaluation.evaluator       | INFO   | Evaluation completed for 14 SNR points
2026-09-28 21:16:22 | src.experiments.run_jamming    | INFO   | jamming barrage r=2 JSR=2.0 dB | BER=0.13442
2026-09-28 21:16:22 | src.evaluation.evaluator       | INFO   | Starting evaluation over 14 SNR points
2026-09-28 21:16:25 | src.evaluation.evaluator       | WARNING | SNR=7.0 dB: 2/512 sensing elements outside [0,1] (min=-0.0409, max=0.8693) -> clamped
2026-09-28 21:16:26 | src.evaluation.evaluator       | WARNING | SNR=11.0 dB: 2/512 sensing elements outside [0,1] (min=-0.0297, max=0.8695) -> clamped
2026-09-28 21:16:26 | src.evaluation.evaluator       | WARNING | SNR=13.0 dB: 1/256 sensing elements outside [0,1] (min=-0.0186, max=0.7480) -> clamped
2026-09-28 21:16:27 | src.evaluation.evaluator       | INFO   | Evaluation completed for 14 SNR points
2026-09-28 21:16:27 | src.experiments.run_jamming    | INFO   | jamming barrage r=2 JSR=4.0 dB | BER=0.20991
2026-09-28 21:16:28 | src.evaluation.evaluator       | INFO   | Starting evaluation over 14 SNR points
2026-09-28 21:16:28 | src.evaluation.evaluator       | WARNING | SNR=-5.0 dB: 1/256 sensing elements outside [0,1] (min=0.1601, max=1.0016) -> clamped
2026-09-28 21:16:29 | src.evaluation.evaluator       | WARNING | SNR=7.0 dB: 2/512 sensing elements outside [0,1] (min=-0.1859, max=0.9426) -> clamped
2026-09-28 21:16:30 | src.evaluation.evaluator       | WARNING | SNR=11.0 dB: 2/512 sensing elements outside [0,1] (min=-0.0366, max=0.9303) -> clamped
2026-09-28 21:16:30 | src.evaluation.evaluator       | WARNING | SNR=13.0 dB: 1/256 sensing elements outside [0,1] (min=-0.1708, max=0.7686) -> clamped
2026-09-28 21:16:31 | src.evaluation.evaluator       | INFO   | Evaluation completed for 14 SNR points
2026-09-28 21:16:31 | src.experiments.run_jamming    | INFO   | jamming barrage r=2 JSR=6.0 dB | BER=0.29325
2026-09-28 21:16:31 | src.evaluation.evaluator       | INFO   | Starting evaluation over 14 SNR points
2026-09-28 21:16:31 | src.evaluation.evaluator       | WARNING | SNR=-5.0 dB: 3/768 sensing elements outside [0,1] (min=-0.0402, max=1.1014) -> clamped
2026-09-28 21:16:31 | src.evaluation.evaluator       | WARNING | SNR=-1.0 dB: 1/256 sensing elements outside [0,1] (min=-0.0518, max=0.7993) -> clamped
2026-09-28 21:16:32 | src.evaluation.evaluator       | WARNING | SNR=1.0 dB: 1/256 sensing elements outside [0,1] (min=-0.0619, max=0.8784) -> clamped
2026-09-28 21:16:32 | src.evaluation.evaluator       | WARNING | SNR=7.0 dB: 3/512 sensing elements outside [0,1] (min=-0.3400, max=1.0119) -> clamped
2026-09-28 21:16:33 | src.evaluation.evaluator       | WARNING | SNR=11.0 dB: 1/256 sensing elements outside [0,1] (min=-0.1134, max=0.8466) -> clamped
2026-09-28 21:16:33 | src.evaluation.evaluator       | WARNING | SNR=13.0 dB: 2/512 sensing elements outside [0,1] (min=-0.3574, max=0.8096) -> clamped
2026-09-28 21:16:33 | src.evaluation.evaluator       | WARNING | SNR=15.0 dB: 4/512 sensing elements outside [0,1] (min=0.0577, max=1.0677) -> clamped
2026-09-28 21:16:34 | src.evaluation.evaluator       | INFO   | Evaluation completed for 14 SNR points
2026-09-28 21:16:34 | src.experiments.run_jamming    | INFO   | jamming barrage r=2 JSR=8.0 dB | BER=0.36570
2026-09-28 21:16:34 | src.evaluation.evaluator       | INFO   | Starting evaluation over 14 SNR points
2026-09-28 21:16:34 | src.evaluation.evaluator       | WARNING | SNR=-5.0 dB: 5/768 sensing elements outside [0,1] (min=-0.0982, max=1.2464) -> clamped
2026-09-28 21:16:34 | src.evaluation.evaluator       | WARNING | SNR=-3.0 dB: 1/256 sensing elements outside [0,1] (min=0.1243, max=1.0033) -> clamped
2026-09-28 21:16:34 | src.evaluation.evaluator       | WARNING | SNR=-1.0 dB: 5/512 sensing elements outside [0,1] (min=-0.1580, max=0.8754) -> clamped
2026-09-28 21:16:35 | src.evaluation.evaluator       | WARNING | SNR=1.0 dB: 1/256 sensing elements outside [0,1] (min=-0.1457, max=0.9654) -> clamped
2026-09-28 21:16:35 | src.evaluation.evaluator       | WARNING | SNR=3.0 dB: 1/256 sensing elements outside [0,1] (min=-0.0098, max=0.9344) -> clamped
2026-09-28 21:16:35 | src.evaluation.evaluator       | WARNING | SNR=5.0 dB: 1/256 sensing elements outside [0,1] (min=-0.0664, max=0.8902) -> clamped
2026-09-28 21:16:35 | src.evaluation.evaluator       | WARNING | SNR=7.0 dB: 3/512 sensing elements outside [0,1] (min=-0.5103, max=1.0963) -> clamped
2026-09-28 21:16:35 | src.evaluation.evaluator       | WARNING | SNR=9.0 dB: 1/256 sensing elements outside [0,1] (min=0.1503, max=1.0379) -> clamped
2026-09-28 21:16:35 | src.evaluation.evaluator       | WARNING | SNR=11.0 dB: 1/256 sensing elements outside [0,1] (min=-0.2366, max=0.9145) -> clamped
2026-09-28 21:16:35 | src.evaluation.evaluator       | WARNING | SNR=13.0 dB: 2/256 sensing elements outside [0,1] (min=-0.0718, max=0.7625) -> clamped
2026-09-28 21:16:36 | src.evaluation.evaluator       | WARNING | SNR=15.0 dB: 5/512 sensing elements outside [0,1] (min=-0.0222, max=1.1965) -> clamped
2026-09-28 21:16:36 | src.evaluation.evaluator       | WARNING | SNR=19.0 dB: 1/256 sensing elements outside [0,1] (min=-0.0102, max=0.9581) -> clamped
2026-09-28 21:16:36 | src.evaluation.evaluator       | INFO   | Evaluation completed for 14 SNR points
2026-09-28 21:16:36 | src.experiments.run_jamming    | INFO   | jamming barrage r=2 JSR=10.0 dB | BER=0.42094
2026-09-28 21:16:37 | src.evaluation.evaluator       | INFO   | Starting evaluation over 14 SNR points
2026-09-28 21:16:39 | src.evaluation.evaluator       | WARNING | SNR=-3.0 dB: 1/256 sensing elements outside [0,1] (min=-0.0960, max=0.7541) -> clamped
2026-09-28 21:16:43 | src.evaluation.evaluator       | WARNING | SNR=1.0 dB: 4/1024 sensing elements outside [0,1] (min=-0.0745, max=1.1197) -> clamped
2026-09-28 21:16:44 | src.evaluation.evaluator       | WARNING | SNR=3.0 dB: 1/256 sensing elements outside [0,1] (min=-0.0601, max=0.8995) -> clamped
2026-09-28 21:16:46 | src.evaluation.evaluator       | WARNING | SNR=5.0 dB: 8/1792 sensing elements outside [0,1] (min=-0.0590, max=1.0747) -> clamped
2026-09-28 21:16:48 | src.evaluation.evaluator       | WARNING | SNR=7.0 dB: 7/1024 sensing elements outside [0,1] (min=-0.0647, max=1.0434) -> clamped
2026-09-28 21:16:50 | src.evaluation.evaluator       | WARNING | SNR=9.0 dB: 9/2130 sensing elements outside [0,1] (min=-0.0191, max=1.0426) -> clamped
2026-09-28 21:16:52 | src.evaluation.evaluator       | WARNING | SNR=11.0 dB: 10/2304 sensing elements outside [0,1] (min=-0.0144, max=1.2963) -> clamped
2026-09-28 21:16:54 | src.evaluation.evaluator       | WARNING | SNR=13.0 dB: 15/2816 sensing elements outside [0,1] (min=-0.0999, max=1.1327) -> clamped
2026-09-28 21:16:56 | src.evaluation.evaluator       | WARNING | SNR=15.0 dB: 6/1536 sensing elements outside [0,1] (min=0.0222, max=1.1344) -> clamped
2026-09-28 21:16:57 | src.evaluation.evaluator       | WARNING | SNR=17.0 dB: 16/3072 sensing elements outside [0,1] (min=-0.0283, max=1.0860) -> clamped
2026-09-28 21:16:59 | src.evaluation.evaluator       | WARNING | SNR=19.0 dB: 12/2304 sensing elements outside [0,1] (min=-0.0610, max=1.0463) -> clamped
2026-09-28 21:17:01 | src.evaluation.evaluator       | WARNING | SNR=21.0 dB: 15/3072 sensing elements outside [0,1] (min=-0.0599, max=1.2035) -> clamped
2026-09-28 21:17:01 | src.evaluation.evaluator       | INFO   | Evaluation completed for 14 SNR points
2026-09-28 21:17:01 | src.experiments.run_jamming    | INFO   | jamming barrage r=3 JSR=-10.0 dB | BER=0.01556
2026-09-28 21:17:01 | src.evaluation.evaluator       | INFO   | Starting evaluation over 14 SNR points
2026-09-28 21:17:02 | src.evaluation.evaluator       | WARNING | SNR=-3.0 dB: 1/256 sensing elements outside [0,1] (min=-0.1097, max=0.7532) -> clamped
2026-09-28 21:17:07 | src.evaluation.evaluator       | WARNING | SNR=1.0 dB: 4/1024 sensing elements outside [0,1] (min=-0.0709, max=1.0983) -> clamped
2026-09-28 21:17:08 | src.evaluation.evaluator       | WARNING | SNR=3.0 dB: 1/256 sensing elements outside [0,1] (min=-0.0641, max=0.8846) -> clamped
2026-09-28 21:17:10 | src.evaluation.evaluator       | WARNING | SNR=5.0 dB: 6/1536 sensing elements outside [0,1] (min=-0.0708, max=1.0724) -> clamped
2026-09-28 21:17:12 | src.evaluation.evaluator       | WARNING | SNR=7.0 dB: 6/768 sensing elements outside [0,1] (min=-0.0558, max=1.0422) -> clamped
2026-09-28 21:17:14 | src.evaluation.evaluator       | WARNING | SNR=9.0 dB: 5/1106 sensing elements outside [0,1] (min=-0.0124, max=1.0444) -> clamped
2026-09-28 21:17:15 | src.evaluation.evaluator       | WARNING | SNR=11.0 dB: 4/768 sensing elements outside [0,1] (min=-0.0103, max=1.2950) -> clamped
2026-09-28 21:17:17 | src.evaluation.evaluator       | WARNING | SNR=13.0 dB: 13/2560 sensing elements outside [0,1] (min=-0.0966, max=1.1348) -> clamped
2026-09-28 21:17:20 | src.evaluation.evaluator       | WARNING | SNR=15.0 dB: 5/1280 sensing elements outside [0,1] (min=0.0322, max=1.1245) -> clamped
2026-09-28 21:17:22 | src.evaluation.evaluator       | WARNING | SNR=17.0 dB: 8/1792 sensing elements outside [0,1] (min=-0.0184, max=1.0757) -> clamped
2026-09-28 21:17:23 | src.evaluation.evaluator       | WARNING | SNR=19.0 dB: 8/1536 sensing elements outside [0,1] (min=-0.0555, max=1.0401) -> clamped
2026-09-28 21:17:25 | src.evaluation.evaluator       | WARNING | SNR=21.0 dB: 9/2304 sensing elements outside [0,1] (min=-0.0459, max=1.2018) -> clamped
2026-09-28 21:17:25 | src.evaluation.evaluator       | INFO   | Evaluation completed for 14 SNR points
2026-09-28 21:17:25 | src.experiments.run_jamming    | INFO   | jamming barrage r=3 JSR=-8.0 dB | BER=0.01707
2026-09-28 21:17:25 | src.evaluation.evaluator       | INFO   | Starting evaluation over 14 SNR points
2026-09-28 21:17:26 | src.evaluation.evaluator       | WARNING | SNR=-3.0 dB: 1/256 sensing elements outside [0,1] (min=-0.1203, max=0.7497) -> clamped
2026-09-28 21:17:30 | src.evaluation.evaluator       | WARNING | SNR=1.0 dB: 4/1024 sensing elements outside [0,1] (min=-0.0606, max=1.0710) -> clamped
2026-09-28 21:17:32 | src.evaluation.evaluator       | WARNING | SNR=3.0 dB: 1/256 sensing elements outside [0,1] (min=-0.0675, max=0.8368) -> clamped
2026-09-28 21:17:34 | src.evaluation.evaluator       | WARNING | SNR=5.0 dB: 3/768 sensing elements outside [0,1] (min=-0.0818, max=1.0698) -> clamped
2026-09-28 21:17:36 | src.evaluation.evaluator       | WARNING | SNR=7.0 dB: 5/512 sensing elements outside [0,1] (min=-0.0475, max=1.0356) -> clamped
2026-09-28 21:17:38 | src.evaluation.evaluator       | WARNING | SNR=9.0 dB: 3/594 sensing elements outside [0,1] (min=-0.0083, max=1.0383) -> clamped
2026-09-28 21:17:40 | src.evaluation.evaluator       | WARNING | SNR=11.0 dB: 2/512 sensing elements outside [0,1] (min=0.0147, max=1.2869) -> clamped
2026-09-28 21:17:41 | src.evaluation.evaluator       | WARNING | SNR=13.0 dB: 4/1024 sensing elements outside [0,1] (min=-0.0788, max=1.1260) -> clamped
2026-09-28 21:17:43 | src.evaluation.evaluator       | WARNING | SNR=15.0 dB: 3/768 sensing elements outside [0,1] (min=0.0286, max=1.1163) -> clamped
2026-09-28 21:17:45 | src.evaluation.evaluator       | WARNING | SNR=17.0 dB: 3/768 sensing elements outside [0,1] (min=-0.0005, max=1.0690) -> clamped
2026-09-28 21:17:47 | src.evaluation.evaluator       | WARNING | SNR=19.0 dB: 4/768 sensing elements outside [0,1] (min=-0.0476, max=1.0333) -> clamped
2026-09-28 21:17:49 | src.evaluation.evaluator       | WARNING | SNR=21.0 dB: 5/1280 sensing elements outside [0,1] (min=-0.0378, max=1.1854) -> clamped
2026-09-28 21:17:49 | src.evaluation.evaluator       | INFO   | Evaluation completed for 14 SNR points
2026-09-28 21:17:49 | src.experiments.run_jamming    | INFO   | jamming barrage r=3 JSR=-6.0 dB | BER=0.02022
2026-09-28 21:17:49 | src.evaluation.evaluator       | INFO   | Starting evaluation over 14 SNR points
2026-09-28 21:17:50 | src.evaluation.evaluator       | WARNING | SNR=-3.0 dB: 1/256 sensing elements outside [0,1] (min=-0.1357, max=0.7434) -> clamped
2026-09-28 21:17:54 | src.evaluation.evaluator       | WARNING | SNR=1.0 dB: 4/1024 sensing elements outside [0,1] (min=-0.0436, max=1.0389) -> clamped
2026-09-28 21:17:55 | src.evaluation.evaluator       | WARNING | SNR=3.0 dB: 1/256 sensing elements outside [0,1] (min=-0.0512, max=0.7970) -> clamped
2026-09-28 21:17:57 | src.evaluation.evaluator       | WARNING | SNR=5.0 dB: 3/768 sensing elements outside [0,1] (min=-0.0878, max=1.0592) -> clamped
2026-09-28 21:17:59 | src.evaluation.evaluator       | WARNING | SNR=7.0 dB: 4/256 sensing elements outside [0,1] (min=-0.0385, max=1.0309) -> clamped
2026-09-28 21:18:02 | src.evaluation.evaluator       | WARNING | SNR=9.0 dB: 2/338 sensing elements outside [0,1] (min=0.1502, max=1.0144) -> clamped
2026-09-28 21:18:03 | src.evaluation.evaluator       | WARNING | SNR=11.0 dB: 2/512 sensing elements outside [0,1] (min=0.0455, max=1.2614) -> clamped
2026-09-28 21:18:05 | src.evaluation.evaluator       | WARNING | SNR=13.0 dB: 3/768 sensing elements outside [0,1] (min=-0.0450, max=1.1176) -> clamped
2026-09-28 21:18:07 | src.evaluation.evaluator       | WARNING | SNR=15.0 dB: 2/512 sensing elements outside [0,1] (min=0.0255, max=1.0983) -> clamped
2026-09-28 21:18:08 | src.evaluation.evaluator       | WARNING | SNR=17.0 dB: 1/256 sensing elements outside [0,1] (min=0.1873, max=1.0538) -> clamped
2026-09-28 21:18:10 | src.evaluation.evaluator       | WARNING | SNR=19.0 dB: 2/512 sensing elements outside [0,1] (min=-0.0321, max=1.0389) -> clamped
2026-09-28 21:18:12 | src.evaluation.evaluator       | WARNING | SNR=21.0 dB: 5/1280 sensing elements outside [0,1] (min=-0.0195, max=1.1662) -> clamped
2026-09-28 21:18:12 | src.evaluation.evaluator       | INFO   | Evaluation completed for 14 SNR points
2026-09-28 21:18:12 | src.experiments.run_jamming    | INFO   | jamming barrage r=3 JSR=-4.0 dB | BER=0.02811
2026-09-28 21:18:12 | src.evaluation.evaluator       | INFO   | Starting evaluation over 14 SNR points
2026-09-28 21:18:13 | src.evaluation.evaluator       | WARNING | SNR=-3.0 dB: 1/256 sensing elements outside [0,1] (min=-0.1641, max=0.7341) -> clamped
2026-09-28 21:18:16 | src.evaluation.evaluator       | WARNING | SNR=1.0 dB: 1/256 sensing elements outside [0,1] (min=-0.0277, max=0.8505) -> clamped
2026-09-28 21:18:18 | src.evaluation.evaluator       | WARNING | SNR=3.0 dB: 1/256 sensing elements outside [0,1] (min=-0.0048, max=0.7843) -> clamped
2026-09-28 21:18:20 | src.evaluation.evaluator       | WARNING | SNR=5.0 dB: 2/512 sensing elements outside [0,1] (min=-0.0769, max=1.0268) -> clamped
2026-09-28 21:18:21 | src.evaluation.evaluator       | WARNING | SNR=7.0 dB: 2/256 sensing elements outside [0,1] (min=-0.0589, max=1.0180) -> clamped
2026-09-28 21:18:25 | src.evaluation.evaluator       | WARNING | SNR=11.0 dB: 1/256 sensing elements outside [0,1] (min=0.0568, max=1.2072) -> clamped
2026-09-28 21:18:27 | src.evaluation.evaluator       | WARNING | SNR=13.0 dB: 2/512 sensing elements outside [0,1] (min=0.0887, max=1.0971) -> clamped
2026-09-28 21:18:29 | src.evaluation.evaluator       | WARNING | SNR=15.0 dB: 1/256 sensing elements outside [0,1] (min=0.0314, max=1.0413) -> clamped
2026-09-28 21:18:31 | src.evaluation.evaluator       | WARNING | SNR=17.0 dB: 1/256 sensing elements outside [0,1] (min=0.2478, max=1.0238) -> clamped
2026-09-28 21:18:32 | src.evaluation.evaluator       | WARNING | SNR=19.0 dB: 3/768 sensing elements outside [0,1] (min=-0.0117, max=1.0351) -> clamped
2026-09-28 21:18:34 | src.evaluation.evaluator       | WARNING | SNR=21.0 dB: 2/512 sensing elements outside [0,1] (min=0.1548, max=1.1565) -> clamped
2026-09-28 21:18:34 | src.evaluation.evaluator       | INFO   | Evaluation completed for 14 SNR points
2026-09-28 21:18:34 | src.experiments.run_jamming    | INFO   | jamming barrage r=3 JSR=-2.0 dB | BER=0.04449
2026-09-28 21:18:34 | src.evaluation.evaluator       | INFO   | Starting evaluation over 14 SNR points
2026-09-28 21:18:35 | src.evaluation.evaluator       | WARNING | SNR=-3.0 dB: 1/256 sensing elements outside [0,1] (min=-0.2166, max=0.7314) -> clamped
2026-09-28 21:18:39 | src.evaluation.evaluator       | WARNING | SNR=5.0 dB: 1/256 sensing elements outside [0,1] (min=0.2576, max=1.0094) -> clamped
2026-09-28 21:18:44 | src.evaluation.evaluator       | WARNING | SNR=13.0 dB: 2/512 sensing elements outside [0,1] (min=0.1582, max=1.0721) -> clamped
2026-09-28 21:18:48 | src.evaluation.evaluator       | WARNING | SNR=19.0 dB: 2/512 sensing elements outside [0,1] (min=0.1349, max=1.0526) -> clamped
2026-09-28 21:18:49 | src.evaluation.evaluator       | WARNING | SNR=21.0 dB: 2/512 sensing elements outside [0,1] (min=0.1654, max=1.1232) -> clamped
2026-09-28 21:18:49 | src.evaluation.evaluator       | INFO   | Evaluation completed for 14 SNR points
2026-09-28 21:18:49 | src.experiments.run_jamming    | INFO   | jamming barrage r=3 JSR=0.0 dB | BER=0.07652
2026-09-28 21:18:49 | src.evaluation.evaluator       | INFO   | Starting evaluation over 14 SNR points
2026-09-28 21:18:50 | src.evaluation.evaluator       | WARNING | SNR=-3.0 dB: 1/256 sensing elements outside [0,1] (min=-0.2697, max=0.7566) -> clamped
2026-09-28 21:18:52 | src.evaluation.evaluator       | WARNING | SNR=5.0 dB: 1/256 sensing elements outside [0,1] (min=0.2411, max=1.0974) -> clamped
2026-09-28 21:18:57 | src.evaluation.evaluator       | WARNING | SNR=19.0 dB: 1/256 sensing elements outside [0,1] (min=0.2116, max=1.0436) -> clamped
2026-09-28 21:18:57 | src.evaluation.evaluator       | WARNING | SNR=21.0 dB: 1/256 sensing elements outside [0,1] (min=0.1334, max=1.0242) -> clamped
2026-09-28 21:18:57 | src.evaluation.evaluator       | INFO   | Evaluation completed for 14 SNR points
2026-09-28 21:18:57 | src.experiments.run_jamming    | INFO   | jamming barrage r=3 JSR=2.0 dB | BER=0.13371
2026-09-28 21:18:57 | src.evaluation.evaluator       | INFO   | Starting evaluation over 14 SNR points
2026-09-28 21:18:58 | src.evaluation.evaluator       | WARNING | SNR=1.0 dB: 1/256 sensing elements outside [0,1] (min=-0.0267, max=0.8567) -> clamped
2026-09-28 21:18:59 | src.evaluation.evaluator       | WARNING | SNR=5.0 dB: 1/256 sensing elements outside [0,1] (min=0.2283, max=1.2026) -> clamped
2026-09-28 21:19:02 | src.evaluation.evaluator       | WARNING | SNR=21.0 dB: 1/256 sensing elements outside [0,1] (min=0.1175, max=1.0071) -> clamped
2026-09-28 21:19:02 | src.evaluation.evaluator       | INFO   | Evaluation completed for 14 SNR points
2026-09-28 21:19:02 | src.experiments.run_jamming    | INFO   | jamming barrage r=3 JSR=4.0 dB | BER=0.20805
2026-09-28 21:19:02 | src.evaluation.evaluator       | INFO   | Starting evaluation over 14 SNR points
2026-09-28 21:19:02 | src.evaluation.evaluator       | WARNING | SNR=-5.0 dB: 1/256 sensing elements outside [0,1] (min=0.0702, max=1.0595) -> clamped
2026-09-28 21:19:03 | src.evaluation.evaluator       | WARNING | SNR=1.0 dB: 1/256 sensing elements outside [0,1] (min=-0.1199, max=0.8921) -> clamped
2026-09-28 21:19:04 | src.evaluation.evaluator       | WARNING | SNR=5.0 dB: 1/256 sensing elements outside [0,1] (min=0.1801, max=1.2831) -> clamped
2026-09-28 21:19:05 | src.evaluation.evaluator       | WARNING | SNR=17.0 dB: 1/256 sensing elements outside [0,1] (min=-0.0666, max=0.8403) -> clamped
2026-09-28 21:19:06 | src.evaluation.evaluator       | INFO   | Evaluation completed for 14 SNR points
2026-09-28 21:19:06 | src.experiments.run_jamming    | INFO   | jamming barrage r=3 JSR=6.0 dB | BER=0.27767
2026-09-28 21:19:06 | src.evaluation.evaluator       | INFO   | Starting evaluation over 14 SNR points
2026-09-28 21:19:06 | src.evaluation.evaluator       | WARNING | SNR=-5.0 dB: 3/512 sensing elements outside [0,1] (min=-0.0188, max=1.1587) -> clamped
2026-09-28 21:19:06 | src.evaluation.evaluator       | WARNING | SNR=-1.0 dB: 3/512 sensing elements outside [0,1] (min=-0.0272, max=1.0081) -> clamped
2026-09-28 21:19:06 | src.evaluation.evaluator       | WARNING | SNR=1.0 dB: 1/256 sensing elements outside [0,1] (min=-0.2130, max=0.9568) -> clamped
2026-09-28 21:19:08 | src.evaluation.evaluator       | WARNING | SNR=13.0 dB: 1/256 sensing elements outside [0,1] (min=0.2158, max=1.0803) -> clamped
2026-09-28 21:19:08 | src.evaluation.evaluator       | WARNING | SNR=15.0 dB: 2/512 sensing elements outside [0,1] (min=0.1033, max=1.0863) -> clamped
2026-09-28 21:19:09 | src.evaluation.evaluator       | WARNING | SNR=19.0 dB: 1/256 sensing elements outside [0,1] (min=0.1786, max=1.0361) -> clamped
2026-09-28 21:19:09 | src.evaluation.evaluator       | INFO   | Evaluation completed for 14 SNR points
2026-09-28 21:19:09 | src.experiments.run_jamming    | INFO   | jamming barrage r=3 JSR=8.0 dB | BER=0.34645
2026-09-28 21:19:09 | src.evaluation.evaluator       | INFO   | Starting evaluation over 14 SNR points
2026-09-28 21:19:10 | src.evaluation.evaluator       | WARNING | SNR=-5.0 dB: 3/512 sensing elements outside [0,1] (min=-0.1351, max=1.2625) -> clamped
2026-09-28 21:19:10 | src.evaluation.evaluator       | WARNING | SNR=-3.0 dB: 3/512 sensing elements outside [0,1] (min=-0.0291, max=0.9813) -> clamped
2026-09-28 21:19:10 | src.evaluation.evaluator       | WARNING | SNR=-1.0 dB: 1/256 sensing elements outside [0,1] (min=0.1001, max=1.0997) -> clamped
2026-09-28 21:19:10 | src.evaluation.evaluator       | WARNING | SNR=1.0 dB: 7/768 sensing elements outside [0,1] (min=-0.2904, max=1.1584) -> clamped
2026-09-28 21:19:11 | src.evaluation.evaluator       | WARNING | SNR=5.0 dB: 1/256 sensing elements outside [0,1] (min=-0.0146, max=0.9058) -> clamped
2026-09-28 21:19:11 | src.evaluation.evaluator       | WARNING | SNR=7.0 dB: 3/768 sensing elements outside [0,1] (min=-0.0030, max=1.0390) -> clamped
2026-09-28 21:19:11 | src.evaluation.evaluator       | WARNING | SNR=11.0 dB: 2/256 sensing elements outside [0,1] (min=-0.0546, max=1.0481) -> clamped
2026-09-28 21:19:11 | src.evaluation.evaluator       | WARNING | SNR=13.0 dB: 2/512 sensing elements outside [0,1] (min=0.0393, max=1.1540) -> clamped
2026-09-28 21:19:12 | src.evaluation.evaluator       | WARNING | SNR=15.0 dB: 1/256 sensing elements outside [0,1] (min=0.0351, max=1.2224) -> clamped
2026-09-28 21:19:12 | src.evaluation.evaluator       | WARNING | SNR=19.0 dB: 1/256 sensing elements outside [0,1] (min=0.0613, max=1.1682) -> clamped
2026-09-28 21:19:12 | src.evaluation.evaluator       | WARNING | SNR=21.0 dB: 5/512 sensing elements outside [0,1] (min=-0.0139, max=1.0502) -> clamped
2026-09-28 21:19:12 | src.evaluation.evaluator       | INFO   | Evaluation completed for 14 SNR points
2026-09-28 21:19:12 | src.experiments.run_jamming    | INFO   | jamming barrage r=3 JSR=10.0 dB | BER=0.39853
2026-09-28 21:19:13 | src.evaluation.evaluator       | INFO   | Starting evaluation over 14 SNR points
2026-09-28 21:19:14 | src.evaluation.evaluator       | WARNING | SNR=-3.0 dB: 1/256 sensing elements outside [0,1] (min=0.2380, max=1.0882) -> clamped
2026-09-28 21:19:18 | src.evaluation.evaluator       | WARNING | SNR=1.0 dB: 3/768 sensing elements outside [0,1] (min=-0.0622, max=1.1031) -> clamped
2026-09-28 21:19:19 | src.evaluation.evaluator       | WARNING | SNR=3.0 dB: 4/1024 sensing elements outside [0,1] (min=-0.0017, max=1.0812) -> clamped
2026-09-28 21:19:21 | src.evaluation.evaluator       | WARNING | SNR=5.0 dB: 3/768 sensing elements outside [0,1] (min=-0.0127, max=1.0517) -> clamped
2026-09-28 21:19:24 | src.evaluation.evaluator       | WARNING | SNR=7.0 dB: 6/1536 sensing elements outside [0,1] (min=-0.0952, max=1.0979) -> clamped
2026-09-28 21:19:26 | src.evaluation.evaluator       | WARNING | SNR=9.0 dB: 4/850 sensing elements outside [0,1] (min=-0.0196, max=1.0257) -> clamped
2026-09-28 21:19:27 | src.evaluation.evaluator       | WARNING | SNR=11.0 dB: 8/1792 sensing elements outside [0,1] (min=-0.0060, max=1.2015) -> clamped
2026-09-28 21:19:29 | src.evaluation.evaluator       | WARNING | SNR=13.0 dB: 14/2560 sensing elements outside [0,1] (min=-0.0296, max=1.0804) -> clamped
2026-09-28 21:19:31 | src.evaluation.evaluator       | WARNING | SNR=15.0 dB: 10/2048 sensing elements outside [0,1] (min=-0.0101, max=1.2097) -> clamped
2026-09-28 21:19:32 | src.evaluation.evaluator       | WARNING | SNR=17.0 dB: 9/1536 sensing elements outside [0,1] (min=-0.0082, max=1.0496) -> clamped
2026-09-28 21:19:34 | src.evaluation.evaluator       | WARNING | SNR=19.0 dB: 10/2048 sensing elements outside [0,1] (min=-0.0579, max=1.0569) -> clamped
2026-09-28 21:19:36 | src.evaluation.evaluator       | WARNING | SNR=21.0 dB: 17/2816 sensing elements outside [0,1] (min=-0.0387, max=1.2180) -> clamped
2026-09-28 21:19:36 | src.evaluation.evaluator       | INFO   | Evaluation completed for 14 SNR points
2026-09-28 21:19:36 | src.experiments.run_jamming    | INFO   | jamming barrage r=4 JSR=-10.0 dB | BER=0.01535
2026-09-28 21:19:37 | src.evaluation.evaluator       | INFO   | Starting evaluation over 14 SNR points
2026-09-28 21:19:38 | src.evaluation.evaluator       | WARNING | SNR=-3.0 dB: 1/256 sensing elements outside [0,1] (min=0.2400, max=1.0838) -> clamped
2026-09-28 21:19:42 | src.evaluation.evaluator       | WARNING | SNR=1.0 dB: 3/768 sensing elements outside [0,1] (min=-0.0543, max=1.0786) -> clamped
2026-09-28 21:19:43 | src.evaluation.evaluator       | WARNING | SNR=3.0 dB: 3/768 sensing elements outside [0,1] (min=0.0098, max=1.0887) -> clamped
2026-09-28 21:19:45 | src.evaluation.evaluator       | WARNING | SNR=5.0 dB: 2/512 sensing elements outside [0,1] (min=-0.0183, max=1.0209) -> clamped
2026-09-28 21:19:47 | src.evaluation.evaluator       | WARNING | SNR=7.0 dB: 4/1024 sensing elements outside [0,1] (min=-0.1035, max=1.1074) -> clamped
2026-09-28 21:19:49 | src.evaluation.evaluator       | WARNING | SNR=9.0 dB: 1/256 sensing elements outside [0,1] (min=0.1057, max=1.0095) -> clamped
2026-09-28 21:19:52 | src.evaluation.evaluator       | WARNING | SNR=11.0 dB: 3/768 sensing elements outside [0,1] (min=0.0051, max=1.1821) -> clamped
2026-09-28 21:19:53 | src.evaluation.evaluator       | WARNING | SNR=13.0 dB: 9/2048 sensing elements outside [0,1] (min=-0.0086, max=1.0606) -> clamped
2026-09-28 21:19:55 | src.evaluation.evaluator       | WARNING | SNR=15.0 dB: 5/1024 sensing elements outside [0,1] (min=0.0255, max=1.2262) -> clamped
2026-09-28 21:19:57 | src.evaluation.evaluator       | WARNING | SNR=17.0 dB: 5/1024 sensing elements outside [0,1] (min=-0.0083, max=1.0332) -> clamped
2026-09-28 21:19:58 | src.evaluation.evaluator       | WARNING | SNR=19.0 dB: 6/1536 sensing elements outside [0,1] (min=-0.0564, max=1.0504) -> clamped
2026-09-28 21:20:00 | src.evaluation.evaluator       | WARNING | SNR=21.0 dB: 13/2560 sensing elements outside [0,1] (min=-0.0311, max=1.2298) -> clamped
2026-09-28 21:20:00 | src.evaluation.evaluator       | INFO   | Evaluation completed for 14 SNR points
2026-09-28 21:20:00 | src.experiments.run_jamming    | INFO   | jamming barrage r=4 JSR=-8.0 dB | BER=0.01646
2026-09-28 21:20:00 | src.evaluation.evaluator       | INFO   | Starting evaluation over 14 SNR points
2026-09-28 21:20:01 | src.evaluation.evaluator       | WARNING | SNR=-3.0 dB: 2/256 sensing elements outside [0,1] (min=0.2418, max=1.0861) -> clamped
2026-09-28 21:20:06 | src.evaluation.evaluator       | WARNING | SNR=1.0 dB: 3/768 sensing elements outside [0,1] (min=-0.0476, max=1.0202) -> clamped
2026-09-28 21:20:08 | src.evaluation.evaluator       | WARNING | SNR=3.0 dB: 4/1024 sensing elements outside [0,1] (min=0.0061, max=1.1074) -> clamped
2026-09-28 21:20:09 | src.evaluation.evaluator       | WARNING | SNR=5.0 dB: 1/256 sensing elements outside [0,1] (min=-0.0135, max=0.9436) -> clamped
2026-09-28 21:20:11 | src.evaluation.evaluator       | WARNING | SNR=7.0 dB: 4/1024 sensing elements outside [0,1] (min=-0.1057, max=1.1228) -> clamped
2026-09-28 21:20:15 | src.evaluation.evaluator       | WARNING | SNR=11.0 dB: 4/1024 sensing elements outside [0,1] (min=-0.0016, max=1.1390) -> clamped
2026-09-28 21:20:17 | src.evaluation.evaluator       | WARNING | SNR=13.0 dB: 6/1536 sensing elements outside [0,1] (min=-0.0059, max=1.0327) -> clamped
2026-09-28 21:20:19 | src.evaluation.evaluator       | WARNING | SNR=15.0 dB: 3/768 sensing elements outside [0,1] (min=0.0230, max=1.2400) -> clamped
2026-09-28 21:20:21 | src.evaluation.evaluator       | WARNING | SNR=17.0 dB: 5/1024 sensing elements outside [0,1] (min=-0.0177, max=1.0149) -> clamped
2026-09-28 21:20:23 | src.evaluation.evaluator       | WARNING | SNR=19.0 dB: 2/512 sensing elements outside [0,1] (min=-0.0316, max=1.0340) -> clamped
2026-09-28 21:20:24 | src.evaluation.evaluator       | WARNING | SNR=21.0 dB: 8/1536 sensing elements outside [0,1] (min=-0.0154, max=1.2604) -> clamped
2026-09-28 21:20:24 | src.evaluation.evaluator       | INFO   | Evaluation completed for 14 SNR points
2026-09-28 21:20:24 | src.experiments.run_jamming    | INFO   | jamming barrage r=4 JSR=-6.0 dB | BER=0.02026
2026-09-28 21:20:24 | src.evaluation.evaluator       | INFO   | Starting evaluation over 14 SNR points
2026-09-28 21:20:26 | src.evaluation.evaluator       | WARNING | SNR=-3.0 dB: 2/256 sensing elements outside [0,1] (min=0.2256, max=1.0855) -> clamped
2026-09-28 21:20:29 | src.evaluation.evaluator       | WARNING | SNR=1.0 dB: 1/256 sensing elements outside [0,1] (min=-0.0392, max=0.9124) -> clamped
2026-09-28 21:20:31 | src.evaluation.evaluator       | WARNING | SNR=3.0 dB: 2/512 sensing elements outside [0,1] (min=0.0148, max=1.1295) -> clamped
2026-09-28 21:20:35 | src.evaluation.evaluator       | WARNING | SNR=7.0 dB: 3/768 sensing elements outside [0,1] (min=-0.0857, max=1.1240) -> clamped
2026-09-28 21:20:38 | src.evaluation.evaluator       | WARNING | SNR=11.0 dB: 1/256 sensing elements outside [0,1] (min=0.0412, max=1.0655) -> clamped
2026-09-28 21:20:40 | src.evaluation.evaluator       | WARNING | SNR=13.0 dB: 3/768 sensing elements outside [0,1] (min=-0.0027, max=1.0306) -> clamped
2026-09-28 21:20:42 | src.evaluation.evaluator       | WARNING | SNR=15.0 dB: 3/768 sensing elements outside [0,1] (min=0.0310, max=1.2354) -> clamped
2026-09-28 21:20:44 | src.evaluation.evaluator       | WARNING | SNR=17.0 dB: 1/256 sensing elements outside [0,1] (min=-0.0178, max=0.9206) -> clamped
2026-09-28 21:20:46 | src.evaluation.evaluator       | WARNING | SNR=19.0 dB: 1/256 sensing elements outside [0,1] (min=0.1414, max=1.0066) -> clamped
2026-09-28 21:20:48 | src.evaluation.evaluator       | WARNING | SNR=21.0 dB: 1/256 sensing elements outside [0,1] (min=0.0999, max=1.2919) -> clamped
2026-09-28 21:20:48 | src.evaluation.evaluator       | INFO   | Evaluation completed for 14 SNR points
2026-09-28 21:20:48 | src.experiments.run_jamming    | INFO   | jamming barrage r=4 JSR=-4.0 dB | BER=0.02781
2026-09-28 21:20:48 | src.evaluation.evaluator       | INFO   | Starting evaluation over 14 SNR points
2026-09-28 21:20:49 | src.evaluation.evaluator       | WARNING | SNR=-3.0 dB: 2/256 sensing elements outside [0,1] (min=0.2024, max=1.0750) -> clamped
2026-09-28 21:20:51 | src.evaluation.evaluator       | WARNING | SNR=1.0 dB: 1/256 sensing elements outside [0,1] (min=-0.0260, max=0.8793) -> clamped
2026-09-28 21:20:53 | src.evaluation.evaluator       | WARNING | SNR=3.0 dB: 2/512 sensing elements outside [0,1] (min=0.0480, max=1.1470) -> clamped
2026-09-28 21:20:56 | src.evaluation.evaluator       | WARNING | SNR=7.0 dB: 3/768 sensing elements outside [0,1] (min=-0.0245, max=1.1021) -> clamped
2026-09-28 21:20:59 | src.evaluation.evaluator       | WARNING | SNR=9.0 dB: 1/256 sensing elements outside [0,1] (min=0.2001, max=1.0024) -> clamped
2026-09-28 21:21:02 | src.evaluation.evaluator       | WARNING | SNR=13.0 dB: 2/512 sensing elements outside [0,1] (min=-0.0021, max=1.0133) -> clamped
2026-09-28 21:21:04 | src.evaluation.evaluator       | WARNING | SNR=15.0 dB: 2/512 sensing elements outside [0,1] (min=0.0965, max=1.2243) -> clamped
2026-09-28 21:21:06 | src.evaluation.evaluator       | WARNING | SNR=17.0 dB: 1/256 sensing elements outside [0,1] (min=-0.0100, max=0.8927) -> clamped
2026-09-28 21:21:09 | src.evaluation.evaluator       | WARNING | SNR=21.0 dB: 1/256 sensing elements outside [0,1] (min=0.1340, max=1.3221) -> clamped
2026-09-28 21:21:09 | src.evaluation.evaluator       | INFO   | Evaluation completed for 14 SNR points
2026-09-28 21:21:09 | src.experiments.run_jamming    | INFO   | jamming barrage r=4 JSR=-2.0 dB | BER=0.04326
2026-09-28 21:21:09 | src.evaluation.evaluator       | INFO   | Starting evaluation over 14 SNR points
2026-09-28 21:21:10 | src.evaluation.evaluator       | WARNING | SNR=-3.0 dB: 2/256 sensing elements outside [0,1] (min=0.1786, max=1.0948) -> clamped
2026-09-28 21:21:15 | src.evaluation.evaluator       | WARNING | SNR=7.0 dB: 1/256 sensing elements outside [0,1] (min=0.2052, max=1.0574) -> clamped
2026-09-28 21:21:18 | src.evaluation.evaluator       | WARNING | SNR=11.0 dB: 1/256 sensing elements outside [0,1] (min=-0.0041, max=0.8136) -> clamped
2026-09-28 21:21:21 | src.evaluation.evaluator       | WARNING | SNR=15.0 dB: 1/256 sensing elements outside [0,1] (min=0.2015, max=1.1223) -> clamped
2026-09-28 21:21:25 | src.evaluation.evaluator       | WARNING | SNR=21.0 dB: 1/256 sensing elements outside [0,1] (min=0.1761, max=1.3569) -> clamped
2026-09-28 21:21:25 | src.evaluation.evaluator       | INFO   | Evaluation completed for 14 SNR points
2026-09-28 21:21:25 | src.experiments.run_jamming    | INFO   | jamming barrage r=4 JSR=0.0 dB | BER=0.07446
2026-09-28 21:21:25 | src.evaluation.evaluator       | INFO   | Starting evaluation over 14 SNR points
2026-09-28 21:21:26 | src.evaluation.evaluator       | WARNING | SNR=-3.0 dB: 3/512 sensing elements outside [0,1] (min=-0.0113, max=1.1397) -> clamped
2026-09-28 21:21:31 | src.evaluation.evaluator       | WARNING | SNR=15.0 dB: 1/256 sensing elements outside [0,1] (min=0.2310, max=1.1011) -> clamped
2026-09-28 21:21:33 | src.evaluation.evaluator       | INFO   | Evaluation completed for 14 SNR points
2026-09-28 21:21:33 | src.experiments.run_jamming    | INFO   | jamming barrage r=4 JSR=2.0 dB | BER=0.12845
2026-09-28 21:21:33 | src.evaluation.evaluator       | INFO   | Starting evaluation over 14 SNR points
2026-09-28 21:21:34 | src.evaluation.evaluator       | WARNING | SNR=-3.0 dB: 1/256 sensing elements outside [0,1] (min=-0.0263, max=0.7888) -> clamped
2026-09-28 21:21:34 | src.evaluation.evaluator       | WARNING | SNR=1.0 dB: 1/256 sensing elements outside [0,1] (min=0.2907, max=1.0063) -> clamped
2026-09-28 21:21:35 | src.evaluation.evaluator       | WARNING | SNR=5.0 dB: 1/256 sensing elements outside [0,1] (min=-0.0119, max=0.7634) -> clamped
2026-09-28 21:21:36 | src.evaluation.evaluator       | WARNING | SNR=13.0 dB: 1/256 sensing elements outside [0,1] (min=-0.0461, max=0.8609) -> clamped
2026-09-28 21:21:38 | src.evaluation.evaluator       | INFO   | Evaluation completed for 14 SNR points
2026-09-28 21:21:38 | src.experiments.run_jamming    | INFO   | jamming barrage r=4 JSR=4.0 dB | BER=0.19933
2026-09-28 21:21:38 | src.evaluation.evaluator       | INFO   | Starting evaluation over 14 SNR points
2026-09-28 21:21:39 | src.evaluation.evaluator       | WARNING | SNR=-1.0 dB: 1/256 sensing elements outside [0,1] (min=0.1998, max=1.0506) -> clamped
2026-09-28 21:21:39 | src.evaluation.evaluator       | WARNING | SNR=1.0 dB: 3/256 sensing elements outside [0,1] (min=0.2996, max=1.0883) -> clamped
2026-09-28 21:21:40 | src.evaluation.evaluator       | WARNING | SNR=5.0 dB: 2/512 sensing elements outside [0,1] (min=-0.0984, max=1.0344) -> clamped
2026-09-28 21:21:42 | src.evaluation.evaluator       | WARNING | SNR=13.0 dB: 4/512 sensing elements outside [0,1] (min=-0.1128, max=1.0004) -> clamped
2026-09-28 21:21:42 | src.evaluation.evaluator       | WARNING | SNR=15.0 dB: 2/256 sensing elements outside [0,1] (min=-0.0025, max=1.0479) -> clamped
2026-09-28 21:21:42 | src.evaluation.evaluator       | WARNING | SNR=17.0 dB: 1/256 sensing elements outside [0,1] (min=0.2267, max=1.0594) -> clamped
2026-09-28 21:21:43 | src.evaluation.evaluator       | INFO   | Evaluation completed for 14 SNR points
2026-09-28 21:21:43 | src.experiments.run_jamming    | INFO   | jamming barrage r=4 JSR=6.0 dB | BER=0.28069
2026-09-28 21:21:43 | src.evaluation.evaluator       | INFO   | Starting evaluation over 14 SNR points
2026-09-28 21:21:43 | src.evaluation.evaluator       | WARNING | SNR=-1.0 dB: 2/512 sensing elements outside [0,1] (min=0.1401, max=1.0473) -> clamped
2026-09-28 21:21:43 | src.evaluation.evaluator       | WARNING | SNR=1.0 dB: 5/512 sensing elements outside [0,1] (min=-0.0787, max=1.2580) -> clamped
2026-09-28 21:21:44 | src.evaluation.evaluator       | WARNING | SNR=5.0 dB: 1/256 sensing elements outside [0,1] (min=0.1562, max=1.1281) -> clamped
2026-09-28 21:21:44 | src.evaluation.evaluator       | WARNING | SNR=11.0 dB: 3/512 sensing elements outside [0,1] (min=-0.1160, max=1.0147) -> clamped
2026-09-28 21:21:45 | src.evaluation.evaluator       | WARNING | SNR=13.0 dB: 6/768 sensing elements outside [0,1] (min=-0.1914, max=1.0761) -> clamped
2026-09-28 21:21:45 | src.evaluation.evaluator       | WARNING | SNR=15.0 dB: 2/256 sensing elements outside [0,1] (min=-0.0539, max=1.1101) -> clamped
2026-09-28 21:21:45 | src.evaluation.evaluator       | WARNING | SNR=17.0 dB: 1/256 sensing elements outside [0,1] (min=0.1500, max=1.1593) -> clamped
2026-09-28 21:21:46 | src.evaluation.evaluator       | WARNING | SNR=21.0 dB: 1/256 sensing elements outside [0,1] (min=-0.0002, max=0.8824) -> clamped
2026-09-28 21:21:46 | src.evaluation.evaluator       | INFO   | Evaluation completed for 14 SNR points
2026-09-28 21:21:46 | src.experiments.run_jamming    | INFO   | jamming barrage r=4 JSR=8.0 dB | BER=0.36226
2026-09-28 21:21:46 | src.evaluation.evaluator       | INFO   | Starting evaluation over 14 SNR points
2026-09-28 21:21:46 | src.evaluation.evaluator       | WARNING | SNR=-5.0 dB: 2/256 sensing elements outside [0,1] (min=-0.0891, max=0.8883) -> clamped
2026-09-28 21:21:46 | src.evaluation.evaluator       | WARNING | SNR=-3.0 dB: 1/256 sensing elements outside [0,1] (min=0.1403, max=1.1355) -> clamped
2026-09-28 21:21:46 | src.evaluation.evaluator       | WARNING | SNR=-1.0 dB: 3/512 sensing elements outside [0,1] (min=0.0459, max=1.1526) -> clamped
2026-09-28 21:21:46 | src.evaluation.evaluator       | WARNING | SNR=1.0 dB: 8/768 sensing elements outside [0,1] (min=-0.2953, max=1.4685) -> clamped
2026-09-28 21:21:47 | src.evaluation.evaluator       | WARNING | SNR=3.0 dB: 2/256 sensing elements outside [0,1] (min=-0.0588, max=0.9876) -> clamped
2026-09-28 21:21:47 | src.evaluation.evaluator       | WARNING | SNR=5.0 dB: 2/512 sensing elements outside [0,1] (min=0.0308, max=1.2578) -> clamped
2026-09-28 21:21:47 | src.evaluation.evaluator       | WARNING | SNR=7.0 dB: 1/256 sensing elements outside [0,1] (min=0.0404, max=1.0207) -> clamped
2026-09-28 21:21:47 | src.evaluation.evaluator       | WARNING | SNR=11.0 dB: 5/512 sensing elements outside [0,1] (min=-0.2465, max=1.1205) -> clamped
2026-09-28 21:21:47 | src.evaluation.evaluator       | WARNING | SNR=13.0 dB: 5/768 sensing elements outside [0,1] (min=-0.3012, max=1.2923) -> clamped
2026-09-28 21:21:48 | src.evaluation.evaluator       | WARNING | SNR=15.0 dB: 3/512 sensing elements outside [0,1] (min=0.0903, max=1.0600) -> clamped
2026-09-28 21:21:48 | src.evaluation.evaluator       | WARNING | SNR=17.0 dB: 1/256 sensing elements outside [0,1] (min=0.0706, max=1.2832) -> clamped
2026-09-28 21:21:48 | src.evaluation.evaluator       | WARNING | SNR=19.0 dB: 1/256 sensing elements outside [0,1] (min=-0.0529, max=0.8263) -> clamped
2026-09-28 21:21:48 | src.evaluation.evaluator       | WARNING | SNR=21.0 dB: 4/768 sensing elements outside [0,1] (min=-0.0399, max=1.0735) -> clamped
2026-09-28 21:21:48 | src.evaluation.evaluator       | INFO   | Evaluation completed for 14 SNR points
2026-09-28 21:21:48 | src.experiments.run_jamming    | INFO   | jamming barrage r=4 JSR=10.0 dB | BER=0.41397
2026-09-28 21:21:48 | src.experiments.run_jamming    | INFO   | Results for barrage saved to /content/drive/MyDrive/DHUC_RUN/conv1d/full/jamming/conv1d/jamming/jamming_results_barrage.csv
2026-09-28 21:21:48 | src.experiments.run_jamming    | INFO   | Per-realization results for barrage saved to /content/drive/MyDrive/DHUC_RUN/conv1d/full/jamming/conv1d/jamming/jamming_realizations_barrage.csv
2026-09-28 21:21:48 | src.experiments.run_jamming    | INFO   | Processing jamming: partial_band (5 realization(s))
2026-09-28 21:21:48 | src.evaluation.evaluator       | INFO   | Starting evaluation over 14 SNR points
2026-09-28 21:21:49 | src.evaluation.evaluator       | WARNING | SNR=-5.0 dB: 1/256 sensing elements outside [0,1] (min=-0.0008, max=0.8050) -> clamped
2026-09-28 21:21:50 | src.evaluation.evaluator       | WARNING | SNR=-3.0 dB: 1/256 sensing elements outside [0,1] (min=0.2492, max=1.0738) -> clamped
2026-09-28 21:21:52 | src.evaluation.evaluator       | WARNING | SNR=-1.0 dB: 1/256 sensing elements outside [0,1] (min=-0.0048, max=0.7737) -> clamped
2026-09-28 21:21:54 | src.evaluation.evaluator       | WARNING | SNR=1.0 dB: 2/512 sensing elements outside [0,1] (min=-0.0479, max=1.1360) -> clamped
2026-09-28 21:21:56 | src.evaluation.evaluator       | WARNING | SNR=3.0 dB: 3/768 sensing elements outside [0,1] (min=-0.0171, max=1.0361) -> clamped
2026-09-28 21:21:58 | src.evaluation.evaluator       | WARNING | SNR=5.0 dB: 4/1024 sensing elements outside [0,1] (min=-0.0310, max=1.0627) -> clamped
2026-09-28 21:22:00 | src.evaluation.evaluator       | WARNING | SNR=7.0 dB: 4/1024 sensing elements outside [0,1] (min=-0.0055, max=1.0809) -> clamped
2026-09-28 21:22:01 | src.evaluation.evaluator       | WARNING | SNR=9.0 dB: 5/1280 sensing elements outside [0,1] (min=-0.0420, max=1.0416) -> clamped
2026-09-28 21:22:03 | src.evaluation.evaluator       | WARNING | SNR=11.0 dB: 5/1280 sensing elements outside [0,1] (min=-0.0188, max=1.2047) -> clamped
2026-09-28 21:22:05 | src.evaluation.evaluator       | WARNING | SNR=13.0 dB: 16/2816 sensing elements outside [0,1] (min=-0.0706, max=1.0586) -> clamped
2026-09-28 21:22:07 | src.evaluation.evaluator       | WARNING | SNR=15.0 dB: 7/1536 sensing elements outside [0,1] (min=-0.0124, max=1.0935) -> clamped
2026-09-28 21:22:09 | src.evaluation.evaluator       | WARNING | SNR=17.0 dB: 16/2560 sensing elements outside [0,1] (min=-0.0283, max=1.0611) -> clamped
2026-09-28 21:22:11 | src.evaluation.evaluator       | WARNING | SNR=19.0 dB: 15/3072 sensing elements outside [0,1] (min=-0.0303, max=1.0769) -> clamped
2026-09-28 21:22:13 | src.evaluation.evaluator       | WARNING | SNR=21.0 dB: 22/4180 sensing elements outside [0,1] (min=-0.0380, max=1.1843) -> clamped
2026-09-28 21:22:13 | src.evaluation.evaluator       | INFO   | Evaluation completed for 14 SNR points
2026-09-28 21:22:13 | src.experiments.run_jamming    | INFO   | jamming partial_band r=0 JSR=-10.0 dB | BER=0.01647
2026-09-28 21:22:13 | src.evaluation.evaluator       | INFO   | Starting evaluation over 14 SNR points
2026-09-28 21:22:13 | src.evaluation.evaluator       | WARNING | SNR=-5.0 dB: 1/256 sensing elements outside [0,1] (min=-0.0166, max=0.8246) -> clamped
2026-09-28 21:22:14 | src.evaluation.evaluator       | WARNING | SNR=-3.0 dB: 1/256 sensing elements outside [0,1] (min=0.2547, max=1.0582) -> clamped
2026-09-28 21:22:16 | src.evaluation.evaluator       | WARNING | SNR=-1.0 dB: 1/256 sensing elements outside [0,1] (min=-0.0036, max=0.7707) -> clamped
2026-09-28 21:22:17 | src.evaluation.evaluator       | WARNING | SNR=1.0 dB: 2/512 sensing elements outside [0,1] (min=-0.0352, max=1.1272) -> clamped
2026-09-28 21:22:19 | src.evaluation.evaluator       | WARNING | SNR=3.0 dB: 2/512 sensing elements outside [0,1] (min=-0.0121, max=1.0394) -> clamped
2026-09-28 21:22:22 | src.evaluation.evaluator       | WARNING | SNR=5.0 dB: 2/512 sensing elements outside [0,1] (min=-0.0373, max=1.0402) -> clamped
2026-09-28 21:22:24 | src.evaluation.evaluator       | WARNING | SNR=7.0 dB: 2/512 sensing elements outside [0,1] (min=0.0158, max=1.0716) -> clamped
2026-09-28 21:22:25 | src.evaluation.evaluator       | WARNING | SNR=9.0 dB: 5/1280 sensing elements outside [0,1] (min=-0.0310, max=1.0318) -> clamped
2026-09-28 21:22:27 | src.evaluation.evaluator       | WARNING | SNR=11.0 dB: 2/512 sensing elements outside [0,1] (min=-0.0144, max=1.1850) -> clamped
2026-09-28 21:22:29 | src.evaluation.evaluator       | WARNING | SNR=13.0 dB: 9/2048 sensing elements outside [0,1] (min=-0.0710, max=1.0479) -> clamped
2026-09-28 21:22:31 | src.evaluation.evaluator       | WARNING | SNR=15.0 dB: 4/768 sensing elements outside [0,1] (min=-0.0041, max=1.0690) -> clamped
2026-09-28 21:22:32 | src.evaluation.evaluator       | WARNING | SNR=17.0 dB: 8/1536 sensing elements outside [0,1] (min=-0.0261, max=1.0391) -> clamped
2026-09-28 21:22:35 | src.evaluation.evaluator       | WARNING | SNR=19.0 dB: 10/2048 sensing elements outside [0,1] (min=-0.0123, max=1.0663) -> clamped
2026-09-28 21:22:37 | src.evaluation.evaluator       | WARNING | SNR=21.0 dB: 11/2388 sensing elements outside [0,1] (min=-0.0341, max=1.1755) -> clamped
2026-09-28 21:22:37 | src.evaluation.evaluator       | INFO   | Evaluation completed for 14 SNR points
2026-09-28 21:22:37 | src.experiments.run_jamming    | INFO   | jamming partial_band r=0 JSR=-8.0 dB | BER=0.02166
2026-09-28 21:22:37 | src.evaluation.evaluator       | INFO   | Starting evaluation over 14 SNR points
2026-09-28 21:22:37 | src.evaluation.evaluator       | WARNING | SNR=-5.0 dB: 1/256 sensing elements outside [0,1] (min=-0.0297, max=0.8411) -> clamped
2026-09-28 21:22:38 | src.evaluation.evaluator       | WARNING | SNR=-3.0 dB: 1/256 sensing elements outside [0,1] (min=0.2378, max=1.0285) -> clamped
2026-09-28 21:22:39 | src.evaluation.evaluator       | WARNING | SNR=-1.0 dB: 1/256 sensing elements outside [0,1] (min=-0.0013, max=0.7752) -> clamped
2026-09-28 21:22:41 | src.evaluation.evaluator       | WARNING | SNR=1.0 dB: 2/512 sensing elements outside [0,1] (min=-0.0094, max=1.1169) -> clamped
2026-09-28 21:22:42 | src.evaluation.evaluator       | WARNING | SNR=3.0 dB: 1/256 sensing elements outside [0,1] (min=0.0812, max=1.0369) -> clamped
2026-09-28 21:22:44 | src.evaluation.evaluator       | WARNING | SNR=5.0 dB: 2/512 sensing elements outside [0,1] (min=-0.0356, max=1.0143) -> clamped
2026-09-28 21:22:46 | src.evaluation.evaluator       | WARNING | SNR=7.0 dB: 1/256 sensing elements outside [0,1] (min=0.1078, max=1.0493) -> clamped
2026-09-28 21:22:48 | src.evaluation.evaluator       | WARNING | SNR=9.0 dB: 2/512 sensing elements outside [0,1] (min=-0.0125, max=1.0249) -> clamped
2026-09-28 21:22:50 | src.evaluation.evaluator       | WARNING | SNR=11.0 dB: 2/512 sensing elements outside [0,1] (min=-0.0039, max=1.1645) -> clamped
2026-09-28 21:22:52 | src.evaluation.evaluator       | WARNING | SNR=13.0 dB: 5/1024 sensing elements outside [0,1] (min=-0.0676, max=1.0304) -> clamped
2026-09-28 21:22:54 | src.evaluation.evaluator       | WARNING | SNR=15.0 dB: 2/512 sensing elements outside [0,1] (min=0.0451, max=1.0267) -> clamped
2026-09-28 21:22:55 | src.evaluation.evaluator       | WARNING | SNR=17.0 dB: 4/1024 sensing elements outside [0,1] (min=-0.0022, max=1.0214) -> clamped
2026-09-28 21:22:57 | src.evaluation.evaluator       | WARNING | SNR=19.0 dB: 5/1280 sensing elements outside [0,1] (min=0.0268, max=1.0508) -> clamped
2026-09-28 21:22:59 | src.evaluation.evaluator       | WARNING | SNR=21.0 dB: 7/1620 sensing elements outside [0,1] (min=-0.0350, max=1.1605) -> clamped
2026-09-28 21:22:59 | src.evaluation.evaluator       | INFO   | Evaluation completed for 14 SNR points
2026-09-28 21:22:59 | src.experiments.run_jamming    | INFO   | jamming partial_band r=0 JSR=-6.0 dB | BER=0.03850
2026-09-28 21:22:59 | src.evaluation.evaluator       | INFO   | Starting evaluation over 14 SNR points
2026-09-28 21:22:59 | src.evaluation.evaluator       | WARNING | SNR=-5.0 dB: 1/256 sensing elements outside [0,1] (min=-0.0426, max=0.8463) -> clamped
2026-09-28 21:23:05 | src.evaluation.evaluator       | WARNING | SNR=7.0 dB: 1/256 sensing elements outside [0,1] (min=0.1132, max=1.0059) -> clamped
2026-09-28 21:23:09 | src.evaluation.evaluator       | WARNING | SNR=13.0 dB: 2/512 sensing elements outside [0,1] (min=-0.0625, max=0.9420) -> clamped
2026-09-28 21:23:12 | src.evaluation.evaluator       | WARNING | SNR=17.0 dB: 1/256 sensing elements outside [0,1] (min=0.0584, max=1.0142) -> clamped
2026-09-28 21:23:13 | src.evaluation.evaluator       | WARNING | SNR=19.0 dB: 2/512 sensing elements outside [0,1] (min=0.0813, max=1.0381) -> clamped
2026-09-28 21:23:15 | src.evaluation.evaluator       | WARNING | SNR=21.0 dB: 4/1024 sensing elements outside [0,1] (min=-0.0107, max=1.1418) -> clamped
2026-09-28 21:23:15 | src.evaluation.evaluator       | INFO   | Evaluation completed for 14 SNR points
2026-09-28 21:23:15 | src.experiments.run_jamming    | INFO   | jamming partial_band r=0 JSR=-4.0 dB | BER=0.07665
2026-09-28 21:23:15 | src.evaluation.evaluator       | INFO   | Starting evaluation over 14 SNR points
2026-09-28 21:23:20 | src.evaluation.evaluator       | WARNING | SNR=13.0 dB: 1/256 sensing elements outside [0,1] (min=-0.0145, max=0.8884) -> clamped
2026-09-28 21:23:22 | src.evaluation.evaluator       | INFO   | Evaluation completed for 14 SNR points
2026-09-28 21:23:22 | src.experiments.run_jamming    | INFO   | jamming partial_band r=0 JSR=-2.0 dB | BER=0.16096
2026-09-28 21:23:22 | src.evaluation.evaluator       | INFO   | Starting evaluation over 14 SNR points
2026-09-28 21:23:25 | src.evaluation.evaluator       | INFO   | Evaluation completed for 14 SNR points
2026-09-28 21:23:25 | src.experiments.run_jamming    | INFO   | jamming partial_band r=0 JSR=0.0 dB | BER=0.29715
2026-09-28 21:23:25 | src.evaluation.evaluator       | INFO   | Starting evaluation over 14 SNR points
2026-09-28 21:23:28 | src.evaluation.evaluator       | INFO   | Evaluation completed for 14 SNR points
2026-09-28 21:23:28 | src.experiments.run_jamming    | INFO   | jamming partial_band r=0 JSR=2.0 dB | BER=0.42048
2026-09-28 21:23:28 | src.evaluation.evaluator       | INFO   | Starting evaluation over 14 SNR points
2026-09-28 21:23:31 | src.evaluation.evaluator       | INFO   | Evaluation completed for 14 SNR points
2026-09-28 21:23:31 | src.experiments.run_jamming    | INFO   | jamming partial_band r=0 JSR=4.0 dB | BER=0.48438
2026-09-28 21:23:31 | src.evaluation.evaluator       | INFO   | Starting evaluation over 14 SNR points
2026-09-28 21:23:32 | src.evaluation.evaluator       | WARNING | SNR=7.0 dB: 1/256 sensing elements outside [0,1] (min=-0.1268, max=0.6395) -> clamped
2026-09-28 21:23:32 | src.evaluation.evaluator       | WARNING | SNR=11.0 dB: 1/256 sensing elements outside [0,1] (min=-0.0274, max=0.6272) -> clamped
2026-09-28 21:23:33 | src.evaluation.evaluator       | WARNING | SNR=21.0 dB: 1/256 sensing elements outside [0,1] (min=-0.0053, max=0.6660) -> clamped
2026-09-28 21:23:33 | src.evaluation.evaluator       | INFO   | Evaluation completed for 14 SNR points
2026-09-28 21:23:33 | src.experiments.run_jamming    | INFO   | jamming partial_band r=0 JSR=6.0 dB | BER=0.50335
2026-09-28 21:23:33 | src.evaluation.evaluator       | INFO   | Starting evaluation over 14 SNR points
2026-09-28 21:23:33 | src.evaluation.evaluator       | WARNING | SNR=-5.0 dB: 2/256 sensing elements outside [0,1] (min=-0.0489, max=0.8065) -> clamped
2026-09-28 21:23:34 | src.evaluation.evaluator       | WARNING | SNR=7.0 dB: 1/256 sensing elements outside [0,1] (min=-0.2832, max=0.6830) -> clamped
2026-09-28 21:23:34 | src.evaluation.evaluator       | WARNING | SNR=9.0 dB: 1/256 sensing elements outside [0,1] (min=-0.0655, max=0.6924) -> clamped
2026-09-28 21:23:34 | src.evaluation.evaluator       | WARNING | SNR=11.0 dB: 1/256 sensing elements outside [0,1] (min=-0.1102, max=0.6323) -> clamped
2026-09-28 21:23:35 | src.evaluation.evaluator       | WARNING | SNR=15.0 dB: 1/256 sensing elements outside [0,1] (min=-0.0440, max=0.7142) -> clamped
2026-09-28 21:23:35 | src.evaluation.evaluator       | WARNING | SNR=21.0 dB: 1/256 sensing elements outside [0,1] (min=-0.1381, max=0.6545) -> clamped
2026-09-28 21:23:35 | src.evaluation.evaluator       | INFO   | Evaluation completed for 14 SNR points
2026-09-28 21:23:35 | src.experiments.run_jamming    | INFO   | jamming partial_band r=0 JSR=8.0 dB | BER=0.50837
2026-09-28 21:23:35 | src.evaluation.evaluator       | INFO   | Starting evaluation over 14 SNR points
2026-09-28 21:23:35 | src.evaluation.evaluator       | WARNING | SNR=-5.0 dB: 4/256 sensing elements outside [0,1] (min=-0.1659, max=0.9315) -> clamped
2026-09-28 21:23:35 | src.evaluation.evaluator       | WARNING | SNR=-3.0 dB: 1/256 sensing elements outside [0,1] (min=-0.0155, max=0.6977) -> clamped
2026-09-28 21:23:36 | src.evaluation.evaluator       | WARNING | SNR=-1.0 dB: 4/512 sensing elements outside [0,1] (min=-0.1010, max=0.7031) -> clamped
2026-09-28 21:23:36 | src.evaluation.evaluator       | WARNING | SNR=3.0 dB: 1/256 sensing elements outside [0,1] (min=-0.0040, max=0.6420) -> clamped
2026-09-28 21:23:36 | src.evaluation.evaluator       | WARNING | SNR=5.0 dB: 2/512 sensing elements outside [0,1] (min=-0.0772, max=0.7717) -> clamped
2026-09-28 21:23:36 | src.evaluation.evaluator       | WARNING | SNR=7.0 dB: 2/256 sensing elements outside [0,1] (min=-0.4901, max=0.7171) -> clamped
2026-09-28 21:23:36 | src.evaluation.evaluator       | WARNING | SNR=9.0 dB: 2/512 sensing elements outside [0,1] (min=-0.1971, max=0.7178) -> clamped
2026-09-28 21:23:37 | src.evaluation.evaluator       | WARNING | SNR=11.0 dB: 5/512 sensing elements outside [0,1] (min=-0.2250, max=0.7106) -> clamped
2026-09-28 21:23:37 | src.evaluation.evaluator       | WARNING | SNR=13.0 dB: 1/256 sensing elements outside [0,1] (min=-0.0587, max=0.7256) -> clamped
2026-09-28 21:23:37 | src.evaluation.evaluator       | WARNING | SNR=15.0 dB: 1/256 sensing elements outside [0,1] (min=-0.2118, max=0.7470) -> clamped
2026-09-28 21:23:37 | src.evaluation.evaluator       | WARNING | SNR=17.0 dB: 1/256 sensing elements outside [0,1] (min=-0.0737, max=0.7762) -> clamped
2026-09-28 21:23:37 | src.evaluation.evaluator       | WARNING | SNR=19.0 dB: 2/256 sensing elements outside [0,1] (min=-0.0212, max=0.7409) -> clamped
2026-09-28 21:23:37 | src.evaluation.evaluator       | WARNING | SNR=21.0 dB: 3/512 sensing elements outside [0,1] (min=-0.2511, max=0.7159) -> clamped
2026-09-28 21:23:37 | src.evaluation.evaluator       | INFO   | Evaluation completed for 14 SNR points
2026-09-28 21:23:37 | src.experiments.run_jamming    | INFO   | jamming partial_band r=0 JSR=10.0 dB | BER=0.50865
2026-09-28 21:23:38 | src.evaluation.evaluator       | INFO   | Starting evaluation over 14 SNR points
2026-09-28 21:23:39 | src.evaluation.evaluator       | WARNING | SNR=-3.0 dB: 2/512 sensing elements outside [0,1] (min=-0.0063, max=1.0530) -> clamped
2026-09-28 21:23:41 | src.evaluation.evaluator       | WARNING | SNR=-1.0 dB: 1/256 sensing elements outside [0,1] (min=0.0976, max=1.0273) -> clamped
2026-09-28 21:23:44 | src.evaluation.evaluator       | WARNING | SNR=1.0 dB: 3/768 sensing elements outside [0,1] (min=-0.1477, max=1.1242) -> clamped
2026-09-28 21:23:46 | src.evaluation.evaluator       | WARNING | SNR=3.0 dB: 3/512 sensing elements outside [0,1] (min=-0.0358, max=1.0283) -> clamped
2026-09-28 21:23:47 | src.evaluation.evaluator       | WARNING | SNR=5.0 dB: 5/1280 sensing elements outside [0,1] (min=-0.0131, max=1.0295) -> clamped
2026-09-28 21:23:49 | src.evaluation.evaluator       | WARNING | SNR=7.0 dB: 7/1536 sensing elements outside [0,1] (min=-0.0718, max=1.0432) -> clamped
2026-09-28 21:23:51 | src.evaluation.evaluator       | WARNING | SNR=9.0 dB: 5/850 sensing elements outside [0,1] (min=-0.0294, max=1.0622) -> clamped
2026-09-28 21:23:53 | src.evaluation.evaluator       | WARNING | SNR=11.0 dB: 4/768 sensing elements outside [0,1] (min=-0.0271, max=1.2284) -> clamped
2026-09-28 21:23:54 | src.evaluation.evaluator       | WARNING | SNR=13.0 dB: 19/3328 sensing elements outside [0,1] (min=-0.0352, max=1.1475) -> clamped
2026-09-28 21:23:56 | src.evaluation.evaluator       | WARNING | SNR=15.0 dB: 10/2304 sensing elements outside [0,1] (min=-0.0053, max=1.1395) -> clamped
2026-09-28 21:23:59 | src.evaluation.evaluator       | WARNING | SNR=17.0 dB: 11/2304 sensing elements outside [0,1] (min=-0.0112, max=1.0835) -> clamped
2026-09-28 21:24:00 | src.evaluation.evaluator       | WARNING | SNR=19.0 dB: 12/2560 sensing elements outside [0,1] (min=-0.0639, max=1.0367) -> clamped
2026-09-28 21:24:02 | src.evaluation.evaluator       | WARNING | SNR=21.0 dB: 16/3668 sensing elements outside [0,1] (min=-0.0239, max=1.1580) -> clamped
2026-09-28 21:24:02 | src.evaluation.evaluator       | INFO   | Evaluation completed for 14 SNR points
2026-09-28 21:24:02 | src.experiments.run_jamming    | INFO   | jamming partial_band r=1 JSR=-10.0 dB | BER=0.02439
2026-09-28 21:24:02 | src.evaluation.evaluator       | INFO   | Starting evaluation over 14 SNR points
2026-09-28 21:24:03 | src.evaluation.evaluator       | WARNING | SNR=-3.0 dB: 2/512 sensing elements outside [0,1] (min=-0.0007, max=1.0233) -> clamped
2026-09-28 21:24:05 | src.evaluation.evaluator       | WARNING | SNR=1.0 dB: 1/256 sensing elements outside [0,1] (min=-0.1568, max=0.9666) -> clamped
2026-09-28 21:24:07 | src.evaluation.evaluator       | WARNING | SNR=3.0 dB: 3/512 sensing elements outside [0,1] (min=-0.0313, max=1.0226) -> clamped
2026-09-28 21:24:08 | src.evaluation.evaluator       | WARNING | SNR=5.0 dB: 2/512 sensing elements outside [0,1] (min=0.1082, max=1.0134) -> clamped
2026-09-28 21:24:10 | src.evaluation.evaluator       | WARNING | SNR=7.0 dB: 5/1280 sensing elements outside [0,1] (min=-0.0747, max=1.0407) -> clamped
2026-09-28 21:24:13 | src.evaluation.evaluator       | WARNING | SNR=9.0 dB: 4/768 sensing elements outside [0,1] (min=-0.0206, max=1.0645) -> clamped
2026-09-28 21:24:14 | src.evaluation.evaluator       | WARNING | SNR=11.0 dB: 2/256 sensing elements outside [0,1] (min=-0.0278, max=1.2150) -> clamped
2026-09-28 21:24:16 | src.evaluation.evaluator       | WARNING | SNR=13.0 dB: 13/2304 sensing elements outside [0,1] (min=-0.0263, max=1.1378) -> clamped
2026-09-28 21:24:18 | src.evaluation.evaluator       | WARNING | SNR=15.0 dB: 3/768 sensing elements outside [0,1] (min=0.0245, max=1.1392) -> clamped
2026-09-28 21:24:19 | src.evaluation.evaluator       | WARNING | SNR=17.0 dB: 11/2048 sensing elements outside [0,1] (min=-0.0139, max=1.0788) -> clamped
2026-09-28 21:24:21 | src.evaluation.evaluator       | WARNING | SNR=19.0 dB: 10/2304 sensing elements outside [0,1] (min=-0.0603, max=1.0443) -> clamped
2026-09-28 21:24:23 | src.evaluation.evaluator       | WARNING | SNR=21.0 dB: 11/2644 sensing elements outside [0,1] (min=-0.0139, max=1.1539) -> clamped
2026-09-28 21:24:23 | src.evaluation.evaluator       | INFO   | Evaluation completed for 14 SNR points
2026-09-28 21:24:23 | src.experiments.run_jamming    | INFO   | jamming partial_band r=1 JSR=-8.0 dB | BER=0.04498
2026-09-28 21:24:23 | src.evaluation.evaluator       | INFO   | Starting evaluation over 14 SNR points
2026-09-28 21:24:30 | src.evaluation.evaluator       | WARNING | SNR=13.0 dB: 2/512 sensing elements outside [0,1] (min=0.0803, max=1.0919) -> clamped
2026-09-28 21:24:31 | src.evaluation.evaluator       | WARNING | SNR=15.0 dB: 1/256 sensing elements outside [0,1] (min=0.1191, max=1.0228) -> clamped
2026-09-28 21:24:32 | src.evaluation.evaluator       | WARNING | SNR=17.0 dB: 3/512 sensing elements outside [0,1] (min=-0.0037, max=1.0086) -> clamped
2026-09-28 21:24:32 | src.evaluation.evaluator       | WARNING | SNR=19.0 dB: 1/256 sensing elements outside [0,1] (min=0.1051, max=1.0269) -> clamped
2026-09-28 21:24:33 | src.evaluation.evaluator       | INFO   | Evaluation completed for 14 SNR points
2026-09-28 21:24:33 | src.experiments.run_jamming    | INFO   | jamming partial_band r=1 JSR=-6.0 dB | BER=0.09889
2026-09-28 21:24:33 | src.evaluation.evaluator       | INFO   | Starting evaluation over 14 SNR points
2026-09-28 21:24:36 | src.evaluation.evaluator       | WARNING | SNR=13.0 dB: 1/256 sensing elements outside [0,1] (min=0.1260, max=1.0603) -> clamped
2026-09-28 21:24:38 | src.evaluation.evaluator       | INFO   | Evaluation completed for 14 SNR points
2026-09-28 21:24:38 | src.experiments.run_jamming    | INFO   | jamming partial_band r=1 JSR=-4.0 dB | BER=0.20290
2026-09-28 21:24:38 | src.evaluation.evaluator       | INFO   | Starting evaluation over 14 SNR points
2026-09-28 21:24:42 | src.evaluation.evaluator       | INFO   | Evaluation completed for 14 SNR points
2026-09-28 21:24:42 | src.experiments.run_jamming    | INFO   | jamming partial_band r=1 JSR=-2.0 dB | BER=0.34347
2026-09-28 21:24:42 | src.evaluation.evaluator       | INFO   | Starting evaluation over 14 SNR points
2026-09-28 21:24:44 | src.evaluation.evaluator       | INFO   | Evaluation completed for 14 SNR points
2026-09-28 21:24:44 | src.experiments.run_jamming    | INFO   | jamming partial_band r=1 JSR=0.0 dB | BER=0.44196
2026-09-28 21:24:44 | src.evaluation.evaluator       | INFO   | Starting evaluation over 14 SNR points
2026-09-28 21:24:46 | src.evaluation.evaluator       | INFO   | Evaluation completed for 14 SNR points
2026-09-28 21:24:46 | src.experiments.run_jamming    | INFO   | jamming partial_band r=1 JSR=2.0 dB | BER=0.47963
2026-09-28 21:24:46 | src.evaluation.evaluator       | INFO   | Starting evaluation over 14 SNR points
2026-09-28 21:24:48 | src.evaluation.evaluator       | INFO   | Evaluation completed for 14 SNR points
2026-09-28 21:24:48 | src.experiments.run_jamming    | INFO   | jamming partial_band r=1 JSR=4.0 dB | BER=0.48856
2026-09-28 21:24:48 | src.evaluation.evaluator       | INFO   | Starting evaluation over 14 SNR points
2026-09-28 21:24:49 | src.evaluation.evaluator       | WARNING | SNR=3.0 dB: 1/256 sensing elements outside [0,1] (min=-0.0071, max=0.8788) -> clamped
2026-09-28 21:24:49 | src.evaluation.evaluator       | WARNING | SNR=5.0 dB: 1/256 sensing elements outside [0,1] (min=0.0568, max=1.0593) -> clamped
2026-09-28 21:24:51 | src.evaluation.evaluator       | INFO   | Evaluation completed for 14 SNR points
2026-09-28 21:24:51 | src.experiments.run_jamming    | INFO   | jamming partial_band r=1 JSR=6.0 dB | BER=0.48912
2026-09-28 21:24:51 | src.evaluation.evaluator       | INFO   | Starting evaluation over 14 SNR points
2026-09-28 21:24:51 | src.evaluation.evaluator       | WARNING | SNR=-3.0 dB: 1/256 sensing elements outside [0,1] (min=0.1526, max=1.0060) -> clamped
2026-09-28 21:24:51 | src.evaluation.evaluator       | WARNING | SNR=-1.0 dB: 2/512 sensing elements outside [0,1] (min=-0.0918, max=1.0012) -> clamped
2026-09-28 21:24:52 | src.evaluation.evaluator       | WARNING | SNR=3.0 dB: 1/256 sensing elements outside [0,1] (min=-0.0989, max=0.9346) -> clamped
2026-09-28 21:24:52 | src.evaluation.evaluator       | WARNING | SNR=5.0 dB: 2/256 sensing elements outside [0,1] (min=-0.0418, max=1.1458) -> clamped
2026-09-28 21:24:53 | src.evaluation.evaluator       | WARNING | SNR=13.0 dB: 3/512 sensing elements outside [0,1] (min=-0.0564, max=1.0823) -> clamped
2026-09-28 21:24:53 | src.evaluation.evaluator       | WARNING | SNR=17.0 dB: 1/256 sensing elements outside [0,1] (min=-0.0542, max=0.8795) -> clamped
2026-09-28 21:24:54 | src.evaluation.evaluator       | WARNING | SNR=19.0 dB: 1/256 sensing elements outside [0,1] (min=-0.0190, max=0.9447) -> clamped
2026-09-28 21:24:54 | src.evaluation.evaluator       | WARNING | SNR=21.0 dB: 1/256 sensing elements outside [0,1] (min=0.1046, max=1.0821) -> clamped
2026-09-28 21:24:54 | src.evaluation.evaluator       | INFO   | Evaluation completed for 14 SNR points
2026-09-28 21:24:54 | src.experiments.run_jamming    | INFO   | jamming partial_band r=1 JSR=8.0 dB | BER=0.48968
2026-09-28 21:24:54 | src.evaluation.evaluator       | INFO   | Starting evaluation over 14 SNR points
2026-09-28 21:24:54 | src.evaluation.evaluator       | WARNING | SNR=-5.0 dB: 1/256 sensing elements outside [0,1] (min=0.0683, max=1.0039) -> clamped
2026-09-28 21:24:54 | src.evaluation.evaluator       | WARNING | SNR=-3.0 dB: 2/512 sensing elements outside [0,1] (min=-0.0294, max=1.1698) -> clamped
2026-09-28 21:24:54 | src.evaluation.evaluator       | WARNING | SNR=-1.0 dB: 3/512 sensing elements outside [0,1] (min=-0.2229, max=1.1073) -> clamped
2026-09-28 21:24:54 | src.evaluation.evaluator       | WARNING | SNR=1.0 dB: 1/256 sensing elements outside [0,1] (min=-0.0062, max=0.9930) -> clamped
2026-09-28 21:24:55 | src.evaluation.evaluator       | WARNING | SNR=3.0 dB: 2/512 sensing elements outside [0,1] (min=-0.2111, max=1.0666) -> clamped
2026-09-28 21:24:55 | src.evaluation.evaluator       | WARNING | SNR=5.0 dB: 4/512 sensing elements outside [0,1] (min=-0.1428, max=1.2926) -> clamped
2026-09-28 21:24:55 | src.evaluation.evaluator       | WARNING | SNR=7.0 dB: 1/256 sensing elements outside [0,1] (min=0.0269, max=1.0477) -> clamped
2026-09-28 21:24:55 | src.evaluation.evaluator       | WARNING | SNR=9.0 dB: 4/512 sensing elements outside [0,1] (min=-0.0579, max=1.0128) -> clamped
2026-09-28 21:24:55 | src.evaluation.evaluator       | WARNING | SNR=11.0 dB: 1/256 sensing elements outside [0,1] (min=0.0099, max=1.0287) -> clamped
2026-09-28 21:24:55 | src.evaluation.evaluator       | WARNING | SNR=13.0 dB: 4/512 sensing elements outside [0,1] (min=-0.1531, max=1.2125) -> clamped
2026-09-28 21:24:55 | src.evaluation.evaluator       | WARNING | SNR=15.0 dB: 1/256 sensing elements outside [0,1] (min=0.1801, max=1.0290) -> clamped
2026-09-28 21:24:56 | src.evaluation.evaluator       | WARNING | SNR=17.0 dB: 2/512 sensing elements outside [0,1] (min=-0.1804, max=1.0277) -> clamped
2026-09-28 21:24:56 | src.evaluation.evaluator       | WARNING | SNR=19.0 dB: 3/256 sensing elements outside [0,1] (min=-0.0705, max=1.0388) -> clamped
2026-09-28 21:24:56 | src.evaluation.evaluator       | WARNING | SNR=21.0 dB: 2/256 sensing elements outside [0,1] (min=0.0218, max=1.2349) -> clamped
2026-09-28 21:24:56 | src.evaluation.evaluator       | INFO   | Evaluation completed for 14 SNR points
2026-09-28 21:24:56 | src.experiments.run_jamming    | INFO   | jamming partial_band r=1 JSR=10.0 dB | BER=0.48968
2026-09-28 21:24:56 | src.evaluation.evaluator       | INFO   | Starting evaluation over 14 SNR points
2026-09-28 21:24:57 | src.evaluation.evaluator       | WARNING | SNR=-3.0 dB: 1/256 sensing elements outside [0,1] (min=-0.0061, max=0.7491) -> clamped
2026-09-28 21:25:00 | src.evaluation.evaluator       | WARNING | SNR=1.0 dB: 3/768 sensing elements outside [0,1] (min=-0.0950, max=1.1457) -> clamped
2026-09-28 21:25:01 | src.evaluation.evaluator       | WARNING | SNR=3.0 dB: 4/768 sensing elements outside [0,1] (min=-0.0251, max=1.0200) -> clamped
2026-09-28 21:25:03 | src.evaluation.evaluator       | WARNING | SNR=5.0 dB: 7/1280 sensing elements outside [0,1] (min=-0.0058, max=1.0774) -> clamped
2026-09-28 21:25:05 | src.evaluation.evaluator       | WARNING | SNR=7.0 dB: 7/1536 sensing elements outside [0,1] (min=-0.0534, max=1.0692) -> clamped
2026-09-28 21:25:08 | src.evaluation.evaluator       | WARNING | SNR=9.0 dB: 8/2048 sensing elements outside [0,1] (min=-0.0072, max=1.0686) -> clamped
2026-09-28 21:25:09 | src.evaluation.evaluator       | WARNING | SNR=11.0 dB: 9/2048 sensing elements outside [0,1] (min=-0.0158, max=1.2782) -> clamped
2026-09-28 21:25:11 | src.evaluation.evaluator       | WARNING | SNR=13.0 dB: 20/3072 sensing elements outside [0,1] (min=-0.0339, max=1.1003) -> clamped
2026-09-28 21:25:13 | src.evaluation.evaluator       | WARNING | SNR=15.0 dB: 9/2048 sensing elements outside [0,1] (min=-0.0335, max=1.0912) -> clamped
2026-09-28 21:25:14 | src.evaluation.evaluator       | WARNING | SNR=17.0 dB: 15/2816 sensing elements outside [0,1] (min=-0.0274, max=1.0849) -> clamped
2026-09-28 21:25:16 | src.evaluation.evaluator       | WARNING | SNR=19.0 dB: 17/3072 sensing elements outside [0,1] (min=-0.0766, max=1.1145) -> clamped
2026-09-28 21:25:18 | src.evaluation.evaluator       | WARNING | SNR=21.0 dB: 14/2816 sensing elements outside [0,1] (min=-0.0213, max=1.1465) -> clamped
2026-09-28 21:25:18 | src.evaluation.evaluator       | INFO   | Evaluation completed for 14 SNR points
2026-09-28 21:25:18 | src.experiments.run_jamming    | INFO   | jamming partial_band r=2 JSR=-10.0 dB | BER=0.03744
2026-09-28 21:25:18 | src.evaluation.evaluator       | INFO   | Starting evaluation over 14 SNR points
2026-09-28 21:25:20 | src.evaluation.evaluator       | WARNING | SNR=-3.0 dB: 1/256 sensing elements outside [0,1] (min=-0.0032, max=0.7496) -> clamped
2026-09-28 21:25:22 | src.evaluation.evaluator       | WARNING | SNR=3.0 dB: 1/256 sensing elements outside [0,1] (min=0.1136, max=1.0022) -> clamped
2026-09-28 21:25:23 | src.evaluation.evaluator       | WARNING | SNR=5.0 dB: 2/512 sensing elements outside [0,1] (min=0.0355, max=1.0287) -> clamped
2026-09-28 21:25:24 | src.evaluation.evaluator       | WARNING | SNR=7.0 dB: 3/768 sensing elements outside [0,1] (min=0.0773, max=1.0572) -> clamped
2026-09-28 21:25:25 | src.evaluation.evaluator       | WARNING | SNR=9.0 dB: 2/512 sensing elements outside [0,1] (min=0.0609, max=1.0689) -> clamped
2026-09-28 21:25:27 | src.evaluation.evaluator       | WARNING | SNR=13.0 dB: 5/1280 sensing elements outside [0,1] (min=-0.0258, max=1.0761) -> clamped
2026-09-28 21:25:28 | src.evaluation.evaluator       | WARNING | SNR=15.0 dB: 3/512 sensing elements outside [0,1] (min=-0.0383, max=1.0360) -> clamped
2026-09-28 21:25:29 | src.evaluation.evaluator       | WARNING | SNR=17.0 dB: 9/1536 sensing elements outside [0,1] (min=-0.0355, max=1.0471) -> clamped
2026-09-28 21:25:29 | src.evaluation.evaluator       | WARNING | SNR=19.0 dB: 4/768 sensing elements outside [0,1] (min=0.0457, max=1.0561) -> clamped
2026-09-28 21:25:30 | src.evaluation.evaluator       | WARNING | SNR=21.0 dB: 4/1024 sensing elements outside [0,1] (min=-0.0007, max=1.1435) -> clamped
2026-09-28 21:25:30 | src.evaluation.evaluator       | INFO   | Evaluation completed for 14 SNR points
2026-09-28 21:25:30 | src.experiments.run_jamming    | INFO   | jamming partial_band r=2 JSR=-8.0 dB | BER=0.08119
2026-09-28 21:25:30 | src.evaluation.evaluator       | INFO   | Starting evaluation over 14 SNR points
2026-09-28 21:25:33 | src.evaluation.evaluator       | WARNING | SNR=5.0 dB: 1/256 sensing elements outside [0,1] (min=0.1374, max=1.0325) -> clamped
2026-09-28 21:25:35 | src.evaluation.evaluator       | WARNING | SNR=13.0 dB: 1/256 sensing elements outside [0,1] (min=0.0954, max=1.0324) -> clamped
2026-09-28 21:25:36 | src.evaluation.evaluator       | WARNING | SNR=15.0 dB: 1/256 sensing elements outside [0,1] (min=0.0038, max=1.0291) -> clamped
2026-09-28 21:25:36 | src.evaluation.evaluator       | WARNING | SNR=17.0 dB: 2/512 sensing elements outside [0,1] (min=-0.0454, max=1.0061) -> clamped
2026-09-28 21:25:36 | src.evaluation.evaluator       | WARNING | SNR=19.0 dB: 2/512 sensing elements outside [0,1] (min=0.0764, max=1.0347) -> clamped
2026-09-28 21:25:37 | src.evaluation.evaluator       | WARNING | SNR=21.0 dB: 1/256 sensing elements outside [0,1] (min=-0.0094, max=0.9672) -> clamped
2026-09-28 21:25:37 | src.evaluation.evaluator       | INFO   | Evaluation completed for 14 SNR points
2026-09-28 21:25:37 | src.experiments.run_jamming    | INFO   | jamming partial_band r=2 JSR=-6.0 dB | BER=0.17477
2026-09-28 21:25:37 | src.evaluation.evaluator       | INFO   | Starting evaluation over 14 SNR points
2026-09-28 21:25:39 | src.evaluation.evaluator       | WARNING | SNR=17.0 dB: 1/256 sensing elements outside [0,1] (min=-0.0523, max=0.9410) -> clamped
2026-09-28 21:25:40 | src.evaluation.evaluator       | INFO   | Evaluation completed for 14 SNR points
2026-09-28 21:25:40 | src.experiments.run_jamming    | INFO   | jamming partial_band r=2 JSR=-4.0 dB | BER=0.31455
2026-09-28 21:25:40 | src.evaluation.evaluator       | INFO   | Starting evaluation over 14 SNR points
2026-09-28 21:25:42 | src.evaluation.evaluator       | WARNING | SNR=17.0 dB: 1/256 sensing elements outside [0,1] (min=-0.0454, max=0.9118) -> clamped
2026-09-28 21:25:42 | src.evaluation.evaluator       | WARNING | SNR=21.0 dB: 1/256 sensing elements outside [0,1] (min=-0.0023, max=0.9346) -> clamped
2026-09-28 21:25:42 | src.evaluation.evaluator       | INFO   | Evaluation completed for 14 SNR points
2026-09-28 21:25:42 | src.experiments.run_jamming    | INFO   | jamming partial_band r=2 JSR=-2.0 dB | BER=0.43229
2026-09-28 21:25:42 | src.evaluation.evaluator       | INFO   | Starting evaluation over 14 SNR points
2026-09-28 21:25:43 | src.evaluation.evaluator       | WARNING | SNR=1.0 dB: 1/256 sensing elements outside [0,1] (min=0.1393, max=1.0019) -> clamped
2026-09-28 21:25:44 | src.evaluation.evaluator       | WARNING | SNR=17.0 dB: 1/256 sensing elements outside [0,1] (min=-0.0263, max=0.9123) -> clamped
2026-09-28 21:25:44 | src.evaluation.evaluator       | WARNING | SNR=21.0 dB: 1/256 sensing elements outside [0,1] (min=-0.0026, max=0.9076) -> clamped
2026-09-28 21:25:44 | src.evaluation.evaluator       | INFO   | Evaluation completed for 14 SNR points
2026-09-28 21:25:44 | src.experiments.run_jamming    | INFO   | jamming partial_band r=2 JSR=0.0 dB | BER=0.47517
2026-09-28 21:25:44 | src.evaluation.evaluator       | INFO   | Starting evaluation over 14 SNR points
2026-09-28 21:25:45 | src.evaluation.evaluator       | WARNING | SNR=1.0 dB: 1/256 sensing elements outside [0,1] (min=0.0889, max=1.0386) -> clamped
2026-09-28 21:25:47 | src.evaluation.evaluator       | WARNING | SNR=19.0 dB: 1/256 sensing elements outside [0,1] (min=-0.0039, max=0.9481) -> clamped
2026-09-28 21:25:47 | src.evaluation.evaluator       | INFO   | Evaluation completed for 14 SNR points
2026-09-28 21:25:47 | src.experiments.run_jamming    | INFO   | jamming partial_band r=2 JSR=2.0 dB | BER=0.48744
2026-09-28 21:25:47 | src.evaluation.evaluator       | INFO   | Starting evaluation over 14 SNR points
2026-09-28 21:25:48 | src.evaluation.evaluator       | WARNING | SNR=1.0 dB: 1/256 sensing elements outside [0,1] (min=0.0513, max=1.0826) -> clamped
2026-09-28 21:25:48 | src.evaluation.evaluator       | WARNING | SNR=3.0 dB: 1/256 sensing elements outside [0,1] (min=-0.0161, max=0.8388) -> clamped
2026-09-28 21:25:48 | src.evaluation.evaluator       | WARNING | SNR=5.0 dB: 1/256 sensing elements outside [0,1] (min=0.1110, max=1.0107) -> clamped
2026-09-28 21:25:49 | src.evaluation.evaluator       | WARNING | SNR=11.0 dB: 1/256 sensing elements outside [0,1] (min=0.0507, max=1.0276) -> clamped
2026-09-28 21:25:49 | src.evaluation.evaluator       | WARNING | SNR=13.0 dB: 1/256 sensing elements outside [0,1] (min=-0.0012, max=0.8917) -> clamped
2026-09-28 21:25:49 | src.evaluation.evaluator       | WARNING | SNR=19.0 dB: 1/256 sensing elements outside [0,1] (min=-0.0349, max=0.9489) -> clamped
2026-09-28 21:25:50 | src.evaluation.evaluator       | INFO   | Evaluation completed for 14 SNR points
2026-09-28 21:25:50 | src.experiments.run_jamming    | INFO   | jamming partial_band r=2 JSR=4.0 dB | BER=0.48912
2026-09-28 21:25:50 | src.evaluation.evaluator       | INFO   | Starting evaluation over 14 SNR points
2026-09-28 21:25:50 | src.evaluation.evaluator       | WARNING | SNR=-5.0 dB: 2/512 sensing elements outside [0,1] (min=-0.0450, max=1.0157) -> clamped
2026-09-28 21:25:50 | src.evaluation.evaluator       | WARNING | SNR=1.0 dB: 1/256 sensing elements outside [0,1] (min=0.0164, max=1.1107) -> clamped
2026-09-28 21:25:50 | src.evaluation.evaluator       | WARNING | SNR=3.0 dB: 2/512 sensing elements outside [0,1] (min=-0.0139, max=0.8951) -> clamped
2026-09-28 21:25:51 | src.evaluation.evaluator       | WARNING | SNR=5.0 dB: 2/512 sensing elements outside [0,1] (min=-0.0605, max=1.1364) -> clamped
2026-09-28 21:25:51 | src.evaluation.evaluator       | WARNING | SNR=7.0 dB: 1/256 sensing elements outside [0,1] (min=-0.0114, max=0.8594) -> clamped
2026-09-28 21:25:51 | src.evaluation.evaluator       | WARNING | SNR=9.0 dB: 1/256 sensing elements outside [0,1] (min=-0.0619, max=0.8507) -> clamped
2026-09-28 21:25:51 | src.evaluation.evaluator       | WARNING | SNR=11.0 dB: 2/512 sensing elements outside [0,1] (min=-0.0365, max=1.0715) -> clamped
2026-09-28 21:25:51 | src.evaluation.evaluator       | WARNING | SNR=13.0 dB: 4/512 sensing elements outside [0,1] (min=-0.1197, max=0.8897) -> clamped
2026-09-28 21:25:51 | src.evaluation.evaluator       | WARNING | SNR=15.0 dB: 2/256 sensing elements outside [0,1] (min=-0.0336, max=0.8492) -> clamped
2026-09-28 21:25:51 | src.evaluation.evaluator       | WARNING | SNR=17.0 dB: 2/512 sensing elements outside [0,1] (min=-0.0388, max=0.9021) -> clamped
2026-09-28 21:25:52 | src.evaluation.evaluator       | WARNING | SNR=19.0 dB: 1/256 sensing elements outside [0,1] (min=-0.0414, max=0.9871) -> clamped
2026-09-28 21:25:52 | src.evaluation.evaluator       | INFO   | Evaluation completed for 14 SNR points
2026-09-28 21:25:52 | src.experiments.run_jamming    | INFO   | jamming partial_band r=2 JSR=6.0 dB | BER=0.48968
2026-09-28 21:25:52 | src.evaluation.evaluator       | INFO   | Starting evaluation over 14 SNR points
2026-09-28 21:25:52 | src.evaluation.evaluator       | WARNING | SNR=-5.0 dB: 3/512 sensing elements outside [0,1] (min=-0.0517, max=1.0989) -> clamped
2026-09-28 21:25:52 | src.evaluation.evaluator       | WARNING | SNR=-3.0 dB: 1/256 sensing elements outside [0,1] (min=0.0552, max=1.0173) -> clamped
2026-09-28 21:25:52 | src.evaluation.evaluator       | WARNING | SNR=-1.0 dB: 3/512 sensing elements outside [0,1] (min=-0.0270, max=0.9284) -> clamped
2026-09-28 21:25:52 | src.evaluation.evaluator       | WARNING | SNR=1.0 dB: 2/256 sensing elements outside [0,1] (min=-0.0184, max=1.1442) -> clamped
2026-09-28 21:25:53 | src.evaluation.evaluator       | WARNING | SNR=3.0 dB: 3/512 sensing elements outside [0,1] (min=-0.0896, max=0.9749) -> clamped
2026-09-28 21:25:53 | src.evaluation.evaluator       | WARNING | SNR=5.0 dB: 5/512 sensing elements outside [0,1] (min=-0.1832, max=1.2816) -> clamped
2026-09-28 21:25:53 | src.evaluation.evaluator       | WARNING | SNR=7.0 dB: 3/512 sensing elements outside [0,1] (min=-0.0910, max=0.8987) -> clamped
2026-09-28 21:25:53 | src.evaluation.evaluator       | WARNING | SNR=9.0 dB: 2/256 sensing elements outside [0,1] (min=-0.1833, max=0.8802) -> clamped
2026-09-28 21:25:53 | src.evaluation.evaluator       | WARNING | SNR=11.0 dB: 6/512 sensing elements outside [0,1] (min=-0.1187, max=1.0951) -> clamped
2026-09-28 21:25:53 | src.evaluation.evaluator       | WARNING | SNR=13.0 dB: 4/512 sensing elements outside [0,1] (min=-0.2929, max=0.9161) -> clamped
2026-09-28 21:25:53 | src.evaluation.evaluator       | WARNING | SNR=15.0 dB: 4/512 sensing elements outside [0,1] (min=-0.1475, max=1.1412) -> clamped
2026-09-28 21:25:54 | src.evaluation.evaluator       | WARNING | SNR=17.0 dB: 2/512 sensing elements outside [0,1] (min=-0.1543, max=0.9210) -> clamped
2026-09-28 21:25:54 | src.evaluation.evaluator       | WARNING | SNR=19.0 dB: 3/256 sensing elements outside [0,1] (min=-0.0386, max=1.0651) -> clamped
2026-09-28 21:25:54 | src.evaluation.evaluator       | WARNING | SNR=21.0 dB: 5/512 sensing elements outside [0,1] (min=-0.0236, max=1.0534) -> clamped
2026-09-28 21:25:54 | src.evaluation.evaluator       | INFO   | Evaluation completed for 14 SNR points
2026-09-28 21:25:54 | src.experiments.run_jamming    | INFO   | jamming partial_band r=2 JSR=8.0 dB | BER=0.48968
2026-09-28 21:25:54 | src.evaluation.evaluator       | INFO   | Starting evaluation over 14 SNR points
2026-09-28 21:25:54 | src.evaluation.evaluator       | WARNING | SNR=-5.0 dB: 8/512 sensing elements outside [0,1] (min=-0.0939, max=1.2256) -> clamped
2026-09-28 21:25:54 | src.evaluation.evaluator       | WARNING | SNR=-3.0 dB: 7/512 sensing elements outside [0,1] (min=-0.0306, max=1.1161) -> clamped
2026-09-28 21:25:54 | src.evaluation.evaluator       | WARNING | SNR=-1.0 dB: 4/512 sensing elements outside [0,1] (min=-0.0666, max=0.9911) -> clamped
2026-09-28 21:25:55 | src.evaluation.evaluator       | WARNING | SNR=1.0 dB: 6/512 sensing elements outside [0,1] (min=-0.0589, max=1.1960) -> clamped
2026-09-28 21:25:55 | src.evaluation.evaluator       | WARNING | SNR=3.0 dB: 7/512 sensing elements outside [0,1] (min=-0.1928, max=1.0944) -> clamped
2026-09-28 21:25:55 | src.evaluation.evaluator       | WARNING | SNR=5.0 dB: 6/512 sensing elements outside [0,1] (min=-0.3285, max=1.4729) -> clamped
2026-09-28 21:25:55 | src.evaluation.evaluator       | WARNING | SNR=7.0 dB: 7/512 sensing elements outside [0,1] (min=-0.2095, max=1.0280) -> clamped
2026-09-28 21:25:55 | src.evaluation.evaluator       | WARNING | SNR=9.0 dB: 7/512 sensing elements outside [0,1] (min=-0.3306, max=1.0604) -> clamped
2026-09-28 21:25:55 | src.evaluation.evaluator       | WARNING | SNR=11.0 dB: 7/512 sensing elements outside [0,1] (min=-0.2180, max=1.1738) -> clamped
2026-09-28 21:25:55 | src.evaluation.evaluator       | WARNING | SNR=13.0 dB: 10/512 sensing elements outside [0,1] (min=-0.5033, max=1.0187) -> clamped
2026-09-28 21:25:56 | src.evaluation.evaluator       | WARNING | SNR=15.0 dB: 12/512 sensing elements outside [0,1] (min=-0.2880, max=1.3274) -> clamped
2026-09-28 21:25:56 | src.evaluation.evaluator       | WARNING | SNR=17.0 dB: 5/512 sensing elements outside [0,1] (min=-0.2860, max=1.0747) -> clamped
2026-09-28 21:25:56 | src.evaluation.evaluator       | WARNING | SNR=19.0 dB: 8/512 sensing elements outside [0,1] (min=-0.0303, max=1.1799) -> clamped
2026-09-28 21:25:56 | src.evaluation.evaluator       | WARNING | SNR=21.0 dB: 9/512 sensing elements outside [0,1] (min=-0.1276, max=1.1954) -> clamped
2026-09-28 21:25:56 | src.evaluation.evaluator       | INFO   | Evaluation completed for 14 SNR points
2026-09-28 21:25:56 | src.experiments.run_jamming    | INFO   | jamming partial_band r=2 JSR=10.0 dB | BER=0.48968
2026-09-28 21:25:56 | src.evaluation.evaluator       | INFO   | Starting evaluation over 14 SNR points
2026-09-28 21:25:58 | src.evaluation.evaluator       | WARNING | SNR=-3.0 dB: 2/512 sensing elements outside [0,1] (min=-0.0258, max=1.0715) -> clamped
2026-09-28 21:26:02 | src.evaluation.evaluator       | WARNING | SNR=1.0 dB: 3/768 sensing elements outside [0,1] (min=-0.0704, max=1.1201) -> clamped
2026-09-28 21:26:04 | src.evaluation.evaluator       | WARNING | SNR=3.0 dB: 1/256 sensing elements outside [0,1] (min=-0.0215, max=0.8762) -> clamped
2026-09-28 21:26:06 | src.evaluation.evaluator       | WARNING | SNR=5.0 dB: 10/2304 sensing elements outside [0,1] (min=-0.0124, max=1.0570) -> clamped
2026-09-28 21:26:07 | src.evaluation.evaluator       | WARNING | SNR=7.0 dB: 7/1280 sensing elements outside [0,1] (min=-0.0062, max=1.0500) -> clamped
2026-09-28 21:26:09 | src.evaluation.evaluator       | WARNING | SNR=9.0 dB: 5/1280 sensing elements outside [0,1] (min=-0.0406, max=1.0551) -> clamped
2026-09-28 21:26:11 | src.evaluation.evaluator       | WARNING | SNR=11.0 dB: 8/1792 sensing elements outside [0,1] (min=-0.0466, max=1.1922) -> clamped
2026-09-28 21:26:12 | src.evaluation.evaluator       | WARNING | SNR=13.0 dB: 16/3072 sensing elements outside [0,1] (min=-0.0505, max=1.1441) -> clamped
2026-09-28 21:26:15 | src.evaluation.evaluator       | WARNING | SNR=15.0 dB: 8/1536 sensing elements outside [0,1] (min=-0.0022, max=1.1505) -> clamped
2026-09-28 21:26:17 | src.evaluation.evaluator       | WARNING | SNR=17.0 dB: 11/2304 sensing elements outside [0,1] (min=-0.0318, max=1.0926) -> clamped
2026-09-28 21:26:18 | src.evaluation.evaluator       | WARNING | SNR=19.0 dB: 15/3072 sensing elements outside [0,1] (min=-0.0324, max=1.0525) -> clamped
2026-09-28 21:26:20 | src.evaluation.evaluator       | WARNING | SNR=21.0 dB: 14/2644 sensing elements outside [0,1] (min=-0.0025, max=1.1693) -> clamped
2026-09-28 21:26:20 | src.evaluation.evaluator       | INFO   | Evaluation completed for 14 SNR points
2026-09-28 21:26:20 | src.experiments.run_jamming    | INFO   | jamming partial_band r=3 JSR=-10.0 dB | BER=0.02394
2026-09-28 21:26:20 | src.evaluation.evaluator       | INFO   | Starting evaluation over 14 SNR points
2026-09-28 21:26:21 | src.evaluation.evaluator       | WARNING | SNR=-3.0 dB: 2/512 sensing elements outside [0,1] (min=-0.0205, max=1.0534) -> clamped
2026-09-28 21:26:23 | src.evaluation.evaluator       | WARNING | SNR=1.0 dB: 1/256 sensing elements outside [0,1] (min=-0.0588, max=0.8878) -> clamped
2026-09-28 21:26:24 | src.evaluation.evaluator       | WARNING | SNR=3.0 dB: 1/256 sensing elements outside [0,1] (min=-0.0023, max=0.8698) -> clamped
2026-09-28 21:26:26 | src.evaluation.evaluator       | WARNING | SNR=5.0 dB: 4/1024 sensing elements outside [0,1] (min=0.0730, max=1.0303) -> clamped
2026-09-28 21:26:28 | src.evaluation.evaluator       | WARNING | SNR=7.0 dB: 4/1024 sensing elements outside [0,1] (min=0.0053, max=1.0435) -> clamped
2026-09-28 21:26:30 | src.evaluation.evaluator       | WARNING | SNR=9.0 dB: 5/1280 sensing elements outside [0,1] (min=-0.0259, max=1.0225) -> clamped
2026-09-28 21:26:32 | src.evaluation.evaluator       | WARNING | SNR=11.0 dB: 6/1280 sensing elements outside [0,1] (min=-0.0382, max=1.1690) -> clamped
2026-09-28 21:26:34 | src.evaluation.evaluator       | WARNING | SNR=13.0 dB: 11/2304 sensing elements outside [0,1] (min=-0.0461, max=1.1242) -> clamped
2026-09-28 21:26:35 | src.evaluation.evaluator       | WARNING | SNR=15.0 dB: 6/1280 sensing elements outside [0,1] (min=0.0324, max=1.1458) -> clamped
2026-09-28 21:26:37 | src.evaluation.evaluator       | WARNING | SNR=17.0 dB: 9/1792 sensing elements outside [0,1] (min=-0.0306, max=1.0863) -> clamped
2026-09-28 21:26:39 | src.evaluation.evaluator       | WARNING | SNR=19.0 dB: 9/2048 sensing elements outside [0,1] (min=-0.0161, max=1.0601) -> clamped
2026-09-28 21:26:41 | src.evaluation.evaluator       | WARNING | SNR=21.0 dB: 3/768 sensing elements outside [0,1] (min=0.0085, max=1.1505) -> clamped
2026-09-28 21:26:41 | src.evaluation.evaluator       | INFO   | Evaluation completed for 14 SNR points
2026-09-28 21:26:41 | src.experiments.run_jamming    | INFO   | jamming partial_band r=3 JSR=-8.0 dB | BER=0.04895
2026-09-28 21:26:41 | src.evaluation.evaluator       | INFO   | Starting evaluation over 14 SNR points
2026-09-28 21:26:42 | src.evaluation.evaluator       | WARNING | SNR=-3.0 dB: 2/512 sensing elements outside [0,1] (min=-0.0114, max=1.0343) -> clamped
2026-09-28 21:26:44 | src.evaluation.evaluator       | WARNING | SNR=5.0 dB: 1/256 sensing elements outside [0,1] (min=0.1391, max=1.0143) -> clamped
2026-09-28 21:26:47 | src.evaluation.evaluator       | WARNING | SNR=13.0 dB: 2/512 sensing elements outside [0,1] (min=0.0345, max=1.0799) -> clamped
2026-09-28 21:26:48 | src.evaluation.evaluator       | WARNING | SNR=15.0 dB: 1/256 sensing elements outside [0,1] (min=0.0506, max=1.0434) -> clamped
2026-09-28 21:26:49 | src.evaluation.evaluator       | WARNING | SNR=19.0 dB: 1/256 sensing elements outside [0,1] (min=0.1168, max=1.0042) -> clamped
2026-09-28 21:26:50 | src.evaluation.evaluator       | INFO   | Evaluation completed for 14 SNR points
2026-09-28 21:26:50 | src.experiments.run_jamming    | INFO   | jamming partial_band r=3 JSR=-6.0 dB | BER=0.10448
2026-09-28 21:26:50 | src.evaluation.evaluator       | INFO   | Starting evaluation over 14 SNR points
2026-09-28 21:26:55 | src.evaluation.evaluator       | INFO   | Evaluation completed for 14 SNR points
2026-09-28 21:26:55 | src.experiments.run_jamming    | INFO   | jamming partial_band r=3 JSR=-4.0 dB | BER=0.21833
2026-09-28 21:26:55 | src.evaluation.evaluator       | INFO   | Starting evaluation over 14 SNR points
2026-09-28 21:26:58 | src.evaluation.evaluator       | INFO   | Evaluation completed for 14 SNR points
2026-09-28 21:26:58 | src.experiments.run_jamming    | INFO   | jamming partial_band r=3 JSR=-2.0 dB | BER=0.37286
2026-09-28 21:26:58 | src.evaluation.evaluator       | INFO   | Starting evaluation over 14 SNR points
2026-09-28 21:27:00 | src.evaluation.evaluator       | INFO   | Evaluation completed for 14 SNR points
2026-09-28 21:27:00 | src.experiments.run_jamming    | INFO   | jamming partial_band r=3 JSR=0.0 dB | BER=0.46075
2026-09-28 21:27:00 | src.evaluation.evaluator       | INFO   | Starting evaluation over 14 SNR points
2026-09-28 21:27:03 | src.evaluation.evaluator       | INFO   | Evaluation completed for 14 SNR points
2026-09-28 21:27:03 | src.experiments.run_jamming    | INFO   | jamming partial_band r=3 JSR=2.0 dB | BER=0.48493
2026-09-28 21:27:03 | src.evaluation.evaluator       | INFO   | Starting evaluation over 14 SNR points
2026-09-28 21:27:05 | src.evaluation.evaluator       | INFO   | Evaluation completed for 14 SNR points
2026-09-28 21:27:05 | src.experiments.run_jamming    | INFO   | jamming partial_band r=3 JSR=4.0 dB | BER=0.48940
2026-09-28 21:27:05 | src.evaluation.evaluator       | INFO   | Starting evaluation over 14 SNR points
2026-09-28 21:27:05 | src.evaluation.evaluator       | WARNING | SNR=-3.0 dB: 1/256 sensing elements outside [0,1] (min=-0.0176, max=0.8327) -> clamped
2026-09-28 21:27:06 | src.evaluation.evaluator       | WARNING | SNR=11.0 dB: 1/256 sensing elements outside [0,1] (min=-0.0310, max=0.8383) -> clamped
2026-09-28 21:27:07 | src.evaluation.evaluator       | INFO   | Evaluation completed for 14 SNR points
2026-09-28 21:27:07 | src.experiments.run_jamming    | INFO   | jamming partial_band r=3 JSR=6.0 dB | BER=0.48968
2026-09-28 21:27:07 | src.evaluation.evaluator       | INFO   | Starting evaluation over 14 SNR points
2026-09-28 21:27:07 | src.evaluation.evaluator       | WARNING | SNR=-5.0 dB: 2/512 sensing elements outside [0,1] (min=-0.0307, max=1.0070) -> clamped
2026-09-28 21:27:07 | src.evaluation.evaluator       | WARNING | SNR=-3.0 dB: 1/256 sensing elements outside [0,1] (min=-0.1131, max=0.8492) -> clamped
2026-09-28 21:27:08 | src.evaluation.evaluator       | WARNING | SNR=-1.0 dB: 2/256 sensing elements outside [0,1] (min=0.0993, max=1.0206) -> clamped
2026-09-28 21:27:08 | src.evaluation.evaluator       | WARNING | SNR=1.0 dB: 1/256 sensing elements outside [0,1] (min=0.1227, max=1.0453) -> clamped
2026-09-28 21:27:08 | src.evaluation.evaluator       | WARNING | SNR=3.0 dB: 3/512 sensing elements outside [0,1] (min=-0.0668, max=1.0174) -> clamped
2026-09-28 21:27:08 | src.evaluation.evaluator       | WARNING | SNR=7.0 dB: 1/256 sensing elements outside [0,1] (min=0.1376, max=1.0740) -> clamped
2026-09-28 21:27:09 | src.evaluation.evaluator       | WARNING | SNR=9.0 dB: 1/256 sensing elements outside [0,1] (min=0.1389, max=1.0237) -> clamped
2026-09-28 21:27:09 | src.evaluation.evaluator       | WARNING | SNR=11.0 dB: 1/256 sensing elements outside [0,1] (min=-0.1422, max=0.8999) -> clamped
2026-09-28 21:27:09 | src.evaluation.evaluator       | WARNING | SNR=13.0 dB: 2/512 sensing elements outside [0,1] (min=-0.0172, max=1.0257) -> clamped
2026-09-28 21:27:09 | src.evaluation.evaluator       | WARNING | SNR=15.0 dB: 1/256 sensing elements outside [0,1] (min=-0.0461, max=0.9058) -> clamped
2026-09-28 21:27:10 | src.evaluation.evaluator       | WARNING | SNR=19.0 dB: 1/256 sensing elements outside [0,1] (min=0.0757, max=1.0636) -> clamped
2026-09-28 21:27:10 | src.evaluation.evaluator       | WARNING | SNR=21.0 dB: 2/512 sensing elements outside [0,1] (min=-0.0389, max=1.0340) -> clamped
2026-09-28 21:27:10 | src.evaluation.evaluator       | INFO   | Evaluation completed for 14 SNR points
2026-09-28 21:27:10 | src.experiments.run_jamming    | INFO   | jamming partial_band r=3 JSR=8.0 dB | BER=0.48968
2026-09-28 21:27:10 | src.evaluation.evaluator       | INFO   | Starting evaluation over 14 SNR points
2026-09-28 21:27:10 | src.evaluation.evaluator       | WARNING | SNR=-5.0 dB: 4/512 sensing elements outside [0,1] (min=-0.1172, max=1.0181) -> clamped
2026-09-28 21:27:10 | src.evaluation.evaluator       | WARNING | SNR=-3.0 dB: 4/512 sensing elements outside [0,1] (min=-0.2286, max=1.0820) -> clamped
2026-09-28 21:27:11 | src.evaluation.evaluator       | WARNING | SNR=-1.0 dB: 4/256 sensing elements outside [0,1] (min=-0.0235, max=1.1887) -> clamped
2026-09-28 21:27:11 | src.evaluation.evaluator       | WARNING | SNR=1.0 dB: 2/512 sensing elements outside [0,1] (min=0.0369, max=1.2484) -> clamped
2026-09-28 21:27:11 | src.evaluation.evaluator       | WARNING | SNR=3.0 dB: 4/512 sensing elements outside [0,1] (min=-0.2014, max=1.1719) -> clamped
2026-09-28 21:27:11 | src.evaluation.evaluator       | WARNING | SNR=5.0 dB: 1/256 sensing elements outside [0,1] (min=0.1055, max=1.0724) -> clamped
2026-09-28 21:27:11 | src.evaluation.evaluator       | WARNING | SNR=7.0 dB: 1/256 sensing elements outside [0,1] (min=0.0790, max=1.2567) -> clamped
2026-09-28 21:27:11 | src.evaluation.evaluator       | WARNING | SNR=9.0 dB: 2/512 sensing elements outside [0,1] (min=-0.0211, max=1.1738) -> clamped
2026-09-28 21:27:11 | src.evaluation.evaluator       | WARNING | SNR=11.0 dB: 1/256 sensing elements outside [0,1] (min=-0.2673, max=0.9944) -> clamped
2026-09-28 21:27:12 | src.evaluation.evaluator       | WARNING | SNR=13.0 dB: 4/512 sensing elements outside [0,1] (min=-0.1047, max=1.1331) -> clamped
2026-09-28 21:27:12 | src.evaluation.evaluator       | WARNING | SNR=15.0 dB: 3/512 sensing elements outside [0,1] (min=-0.1460, max=0.9953) -> clamped
2026-09-28 21:27:12 | src.evaluation.evaluator       | WARNING | SNR=19.0 dB: 5/512 sensing elements outside [0,1] (min=-0.0108, max=1.2032) -> clamped
2026-09-28 21:27:12 | src.evaluation.evaluator       | WARNING | SNR=21.0 dB: 4/512 sensing elements outside [0,1] (min=-0.2619, max=1.1843) -> clamped
2026-09-28 21:27:12 | src.evaluation.evaluator       | INFO   | Evaluation completed for 14 SNR points
2026-09-28 21:27:12 | src.experiments.run_jamming    | INFO   | jamming partial_band r=3 JSR=10.0 dB | BER=0.48968
2026-09-28 21:27:13 | src.evaluation.evaluator       | INFO   | Starting evaluation over 14 SNR points
2026-09-28 21:27:14 | src.evaluation.evaluator       | WARNING | SNR=-3.0 dB: 2/512 sensing elements outside [0,1] (min=-0.0307, max=1.0075) -> clamped
2026-09-28 21:27:17 | src.evaluation.evaluator       | WARNING | SNR=1.0 dB: 3/768 sensing elements outside [0,1] (min=-0.0600, max=1.0467) -> clamped
2026-09-28 21:27:19 | src.evaluation.evaluator       | WARNING | SNR=3.0 dB: 2/512 sensing elements outside [0,1] (min=-0.0073, max=1.0166) -> clamped
2026-09-28 21:27:21 | src.evaluation.evaluator       | WARNING | SNR=5.0 dB: 7/1536 sensing elements outside [0,1] (min=-0.0079, max=1.0371) -> clamped
2026-09-28 21:27:23 | src.evaluation.evaluator       | WARNING | SNR=7.0 dB: 8/1536 sensing elements outside [0,1] (min=-0.0346, max=1.0642) -> clamped
2026-09-28 21:27:25 | src.evaluation.evaluator       | WARNING | SNR=9.0 dB: 3/768 sensing elements outside [0,1] (min=-0.0245, max=1.0025) -> clamped
2026-09-28 21:27:27 | src.evaluation.evaluator       | WARNING | SNR=11.0 dB: 3/768 sensing elements outside [0,1] (min=0.0095, max=1.2303) -> clamped
2026-09-28 21:27:29 | src.evaluation.evaluator       | WARNING | SNR=13.0 dB: 13/3072 sensing elements outside [0,1] (min=-0.0336, max=1.0934) -> clamped
2026-09-28 21:27:31 | src.evaluation.evaluator       | WARNING | SNR=15.0 dB: 14/3072 sensing elements outside [0,1] (min=-0.0212, max=1.0885) -> clamped
2026-09-28 21:27:32 | src.evaluation.evaluator       | WARNING | SNR=17.0 dB: 10/2048 sensing elements outside [0,1] (min=-0.0374, max=1.0677) -> clamped
2026-09-28 21:27:34 | src.evaluation.evaluator       | WARNING | SNR=19.0 dB: 11/2304 sensing elements outside [0,1] (min=-0.0322, max=1.0496) -> clamped
2026-09-28 21:27:36 | src.evaluation.evaluator       | WARNING | SNR=21.0 dB: 15/3328 sensing elements outside [0,1] (min=0.0124, max=1.1531) -> clamped
2026-09-28 21:27:36 | src.evaluation.evaluator       | INFO   | Evaluation completed for 14 SNR points
2026-09-28 21:27:36 | src.experiments.run_jamming    | INFO   | jamming partial_band r=4 JSR=-10.0 dB | BER=0.01541
2026-09-28 21:27:36 | src.evaluation.evaluator       | INFO   | Starting evaluation over 14 SNR points
2026-09-28 21:27:38 | src.evaluation.evaluator       | WARNING | SNR=-3.0 dB: 1/256 sensing elements outside [0,1] (min=-0.0321, max=0.7140) -> clamped
2026-09-28 21:27:42 | src.evaluation.evaluator       | WARNING | SNR=1.0 dB: 2/512 sensing elements outside [0,1] (min=-0.0448, max=1.0237) -> clamped
2026-09-28 21:27:43 | src.evaluation.evaluator       | WARNING | SNR=3.0 dB: 1/256 sensing elements outside [0,1] (min=0.0824, max=1.0186) -> clamped
2026-09-28 21:27:45 | src.evaluation.evaluator       | WARNING | SNR=5.0 dB: 3/768 sensing elements outside [0,1] (min=0.0496, max=1.0292) -> clamped
2026-09-28 21:27:47 | src.evaluation.evaluator       | WARNING | SNR=7.0 dB: 6/1280 sensing elements outside [0,1] (min=-0.0241, max=1.0586) -> clamped
2026-09-28 21:27:51 | src.evaluation.evaluator       | WARNING | SNR=11.0 dB: 2/512 sensing elements outside [0,1] (min=0.0163, max=1.2272) -> clamped
2026-09-28 21:27:53 | src.evaluation.evaluator       | WARNING | SNR=13.0 dB: 8/1792 sensing elements outside [0,1] (min=-0.0185, max=1.0926) -> clamped
2026-09-28 21:27:55 | src.evaluation.evaluator       | WARNING | SNR=15.0 dB: 8/2048 sensing elements outside [0,1] (min=-0.0032, max=1.0754) -> clamped
2026-09-28 21:27:56 | src.evaluation.evaluator       | WARNING | SNR=17.0 dB: 6/1280 sensing elements outside [0,1] (min=-0.0408, max=1.0579) -> clamped
2026-09-28 21:27:58 | src.evaluation.evaluator       | WARNING | SNR=19.0 dB: 6/1280 sensing elements outside [0,1] (min=-0.0203, max=1.0265) -> clamped
2026-09-28 21:28:00 | src.evaluation.evaluator       | WARNING | SNR=21.0 dB: 9/2048 sensing elements outside [0,1] (min=0.0228, max=1.1430) -> clamped
2026-09-28 21:28:00 | src.evaluation.evaluator       | INFO   | Evaluation completed for 14 SNR points
2026-09-28 21:28:00 | src.experiments.run_jamming    | INFO   | jamming partial_band r=4 JSR=-8.0 dB | BER=0.02089
2026-09-28 21:28:00 | src.evaluation.evaluator       | INFO   | Starting evaluation over 14 SNR points
2026-09-28 21:28:01 | src.evaluation.evaluator       | WARNING | SNR=-3.0 dB: 1/256 sensing elements outside [0,1] (min=-0.0224, max=0.6983) -> clamped
2026-09-28 21:28:05 | src.evaluation.evaluator       | WARNING | SNR=1.0 dB: 2/512 sensing elements outside [0,1] (min=-0.0276, max=1.0059) -> clamped
2026-09-28 21:28:07 | src.evaluation.evaluator       | WARNING | SNR=3.0 dB: 1/256 sensing elements outside [0,1] (min=0.0783, max=1.0121) -> clamped
2026-09-28 21:28:08 | src.evaluation.evaluator       | WARNING | SNR=5.0 dB: 2/512 sensing elements outside [0,1] (min=0.0822, max=1.0265) -> clamped
2026-09-28 21:28:10 | src.evaluation.evaluator       | WARNING | SNR=7.0 dB: 5/1024 sensing elements outside [0,1] (min=-0.0038, max=1.0534) -> clamped
2026-09-28 21:28:14 | src.evaluation.evaluator       | WARNING | SNR=11.0 dB: 2/512 sensing elements outside [0,1] (min=0.0280, max=1.2182) -> clamped
2026-09-28 21:28:15 | src.evaluation.evaluator       | WARNING | SNR=13.0 dB: 6/1280 sensing elements outside [0,1] (min=0.0057, max=1.0575) -> clamped
2026-09-28 21:28:18 | src.evaluation.evaluator       | WARNING | SNR=15.0 dB: 4/1024 sensing elements outside [0,1] (min=0.0552, max=1.0588) -> clamped
2026-09-28 21:28:20 | src.evaluation.evaluator       | WARNING | SNR=17.0 dB: 4/768 sensing elements outside [0,1] (min=-0.0381, max=1.0447) -> clamped
2026-09-28 21:28:21 | src.evaluation.evaluator       | WARNING | SNR=19.0 dB: 1/256 sensing elements outside [0,1] (min=0.0913, max=1.0082) -> clamped
2026-09-28 21:28:23 | src.evaluation.evaluator       | WARNING | SNR=21.0 dB: 4/1024 sensing elements outside [0,1] (min=0.0827, max=1.1278) -> clamped
2026-09-28 21:28:23 | src.evaluation.evaluator       | INFO   | Evaluation completed for 14 SNR points
2026-09-28 21:28:23 | src.experiments.run_jamming    | INFO   | jamming partial_band r=4 JSR=-6.0 dB | BER=0.03333
2026-09-28 21:28:23 | src.evaluation.evaluator       | INFO   | Starting evaluation over 14 SNR points
2026-09-28 21:28:24 | src.evaluation.evaluator       | WARNING | SNR=-3.0 dB: 1/256 sensing elements outside [0,1] (min=-0.0031, max=0.7136) -> clamped
2026-09-28 21:28:28 | src.evaluation.evaluator       | WARNING | SNR=5.0 dB: 1/256 sensing elements outside [0,1] (min=0.2027, max=1.0142) -> clamped
2026-09-28 21:28:30 | src.evaluation.evaluator       | WARNING | SNR=7.0 dB: 1/256 sensing elements outside [0,1] (min=0.0812, max=1.0453) -> clamped
2026-09-28 21:28:32 | src.evaluation.evaluator       | WARNING | SNR=9.0 dB: 1/256 sensing elements outside [0,1] (min=0.2204, max=1.0036) -> clamped
2026-09-28 21:28:34 | src.evaluation.evaluator       | WARNING | SNR=11.0 dB: 3/512 sensing elements outside [0,1] (min=0.0405, max=1.1992) -> clamped
2026-09-28 21:28:36 | src.evaluation.evaluator       | WARNING | SNR=13.0 dB: 1/256 sensing elements outside [0,1] (min=0.0923, max=1.0262) -> clamped
2026-09-28 21:28:38 | src.evaluation.evaluator       | WARNING | SNR=15.0 dB: 1/256 sensing elements outside [0,1] (min=0.1399, max=1.0304) -> clamped
2026-09-28 21:28:39 | src.evaluation.evaluator       | WARNING | SNR=17.0 dB: 2/512 sensing elements outside [0,1] (min=-0.0191, max=0.8789) -> clamped
2026-09-28 21:28:42 | src.evaluation.evaluator       | WARNING | SNR=21.0 dB: 3/768 sensing elements outside [0,1] (min=0.0987, max=1.0995) -> clamped
2026-09-28 21:28:42 | src.evaluation.evaluator       | INFO   | Evaluation completed for 14 SNR points
2026-09-28 21:28:42 | src.experiments.run_jamming    | INFO   | jamming partial_band r=4 JSR=-4.0 dB | BER=0.06483
2026-09-28 21:28:43 | src.evaluation.evaluator       | INFO   | Starting evaluation over 14 SNR points
2026-09-28 21:28:47 | src.evaluation.evaluator       | WARNING | SNR=9.0 dB: 1/256 sensing elements outside [0,1] (min=0.2415, max=1.0037) -> clamped
2026-09-28 21:28:51 | src.evaluation.evaluator       | WARNING | SNR=21.0 dB: 1/256 sensing elements outside [0,1] (min=0.1943, max=1.0455) -> clamped
2026-09-28 21:28:51 | src.evaluation.evaluator       | INFO   | Evaluation completed for 14 SNR points
2026-09-28 21:28:51 | src.experiments.run_jamming    | INFO   | jamming partial_band r=4 JSR=-2.0 dB | BER=0.12696
2026-09-28 21:28:52 | src.evaluation.evaluator       | INFO   | Starting evaluation over 14 SNR points
2026-09-28 21:28:56 | src.evaluation.evaluator       | INFO   | Evaluation completed for 14 SNR points
2026-09-28 21:28:56 | src.experiments.run_jamming    | INFO   | jamming partial_band r=4 JSR=0.0 dB | BER=0.23424
2026-09-28 21:28:56 | src.evaluation.evaluator       | INFO   | Starting evaluation over 14 SNR points
2026-09-28 21:28:59 | src.evaluation.evaluator       | INFO   | Evaluation completed for 14 SNR points
2026-09-28 21:28:59 | src.experiments.run_jamming    | INFO   | jamming partial_band r=4 JSR=2.0 dB | BER=0.35240
2026-09-28 21:28:59 | src.evaluation.evaluator       | INFO   | Starting evaluation over 14 SNR points
2026-09-28 21:29:02 | src.evaluation.evaluator       | INFO   | Evaluation completed for 14 SNR points
2026-09-28 21:29:02 | src.experiments.run_jamming    | INFO   | jamming partial_band r=4 JSR=4.0 dB | BER=0.43499
2026-09-28 21:29:02 | src.evaluation.evaluator       | INFO   | Starting evaluation over 14 SNR points
2026-09-28 21:29:04 | src.evaluation.evaluator       | INFO   | Evaluation completed for 14 SNR points
2026-09-28 21:29:04 | src.experiments.run_jamming    | INFO   | jamming partial_band r=4 JSR=6.0 dB | BER=0.46763
2026-09-28 21:29:04 | src.evaluation.evaluator       | INFO   | Starting evaluation over 14 SNR points
2026-09-28 21:29:06 | src.evaluation.evaluator       | INFO   | Evaluation completed for 14 SNR points
2026-09-28 21:29:06 | src.experiments.run_jamming    | INFO   | jamming partial_band r=4 JSR=8.0 dB | BER=0.48410
2026-09-28 21:29:06 | src.evaluation.evaluator       | INFO   | Starting evaluation over 14 SNR points
2026-09-28 21:29:06 | src.evaluation.evaluator       | WARNING | SNR=-5.0 dB: 2/512 sensing elements outside [0,1] (min=-0.0647, max=0.9548) -> clamped
2026-09-28 21:29:07 | src.evaluation.evaluator       | WARNING | SNR=-3.0 dB: 1/256 sensing elements outside [0,1] (min=-0.0186, max=0.7609) -> clamped
2026-09-28 21:29:07 | src.evaluation.evaluator       | WARNING | SNR=-1.0 dB: 1/256 sensing elements outside [0,1] (min=-0.0881, max=0.7834) -> clamped
2026-09-28 21:29:07 | src.evaluation.evaluator       | WARNING | SNR=5.0 dB: 1/256 sensing elements outside [0,1] (min=-0.0102, max=0.7616) -> clamped
2026-09-28 21:29:07 | src.evaluation.evaluator       | WARNING | SNR=7.0 dB: 1/256 sensing elements outside [0,1] (min=-0.0074, max=0.7881) -> clamped
2026-09-28 21:29:08 | src.evaluation.evaluator       | WARNING | SNR=13.0 dB: 1/256 sensing elements outside [0,1] (min=-0.0596, max=0.7776) -> clamped
2026-09-28 21:29:08 | src.evaluation.evaluator       | WARNING | SNR=15.0 dB: 2/512 sensing elements outside [0,1] (min=-0.0661, max=0.7721) -> clamped
2026-09-28 21:29:08 | src.evaluation.evaluator       | WARNING | SNR=19.0 dB: 1/256 sensing elements outside [0,1] (min=-0.0698, max=0.6953) -> clamped
2026-09-28 21:29:08 | src.evaluation.evaluator       | INFO   | Evaluation completed for 14 SNR points
2026-09-28 21:29:08 | src.experiments.run_jamming    | INFO   | jamming partial_band r=4 JSR=10.0 dB | BER=0.49163
2026-09-28 21:29:08 | src.experiments.run_jamming    | INFO   | Results for partial_band saved to /content/drive/MyDrive/DHUC_RUN/conv1d/full/jamming/conv1d/jamming/jamming_results_partial_band.csv
2026-09-28 21:29:08 | src.experiments.run_jamming    | INFO   | Per-realization results for partial_band saved to /content/drive/MyDrive/DHUC_RUN/conv1d/full/jamming/conv1d/jamming/jamming_realizations_partial_band.csv
2026-09-28 21:29:09 | src.experiments.run_jamming    | INFO   | Overlay plot saved to /content/drive/MyDrive/DHUC_RUN/conv1d/full/jamming/conv1d/jamming/plots/ber_vs_jsr_overlay.pdf
2026-09-28 21:29:10 | src.experiments.run_jamming    | INFO   | Jammed vs clean plot saved to /content/drive/MyDrive/DHUC_RUN/conv1d/full/jamming/conv1d/jamming/plots/ber_vs_jsr_conv1d_vs_clean.pdf
2026-09-28 21:29:10 | src.experiments.run_jamming    | INFO   | Separate plot for cw saved to /content/drive/MyDrive/DHUC_RUN/conv1d/full/jamming/conv1d/jamming/plots/ber_vs_jsr_cw.pdf
2026-09-28 21:29:11 | src.experiments.run_jamming    | INFO   | Separate plot for barrage saved to /content/drive/MyDrive/DHUC_RUN/conv1d/full/jamming/conv1d/jamming/plots/ber_vs_jsr_barrage.pdf
2026-09-28 21:29:12 | src.experiments.run_jamming    | INFO   | Separate plot for partial_band saved to /content/drive/MyDrive/DHUC_RUN/conv1d/full/jamming/conv1d/jamming/plots/ber_vs_jsr_partial_band.pdf
2026-09-28 21:29:12 | src.experiments.pipeline       | INFO   | Jamming evaluation completed. Results saved to /content/drive/MyDrive/DHUC_RUN/conv1d/full/jamming/conv1d/jamming
2026-09-28 21:29:13 | __main__                       | INFO   | Jamming vs clean ber_vs_snr comparison saved to /content/drive/MyDrive/DHUC_RUN/conv1d/full/jamming/conv1d/jamming/ber_vs_jsr_conv1d_vs_clean.pdf
2026-09-28 21:29:13 | __main__                       | INFO   | RSS [jamming conv1d] = 3.94 GB
2026-09-28 21:29:15 | __main__                       | INFO   | Multi-model plot saved to /content/drive/MyDrive/DHUC_RUN/conv1d/full/jamming/plots/ber_vs_jsr_all_models.pdf
2026-09-28 21:29:15 | __main__                       | INFO   | jamming experiment completed.
2026-09-28 21:29:15 | __main__                       | INFO   | Experiment jamming completed successfully.
2026-09-28 21:29:15 | __main__                       | INFO   | ================================================================================
2026-09-28 21:29:15 | __main__                       | INFO   | SUMMARY
2026-09-28 21:29:15 | __main__                       | INFO   | ================================================================================
2026-09-28 21:29:15 | __main__                       | INFO   | jamming: OK
2026-09-28 21:29:15 | __main__                       | INFO   | All requested experiments finished. Output in: /content/drive/MyDrive/DHUC_RUN/conv1d
2026-09-28 21:29:21 | root                           | INFO   | Logging configured: file=/content/drive/MyDrive/DHUC_RUN/conv1d/full/logs/runner.log level=INFO
2026-09-28 21:29:21 | __main__                       | INFO   | Mode: full
2026-09-28 21:29:21 | __main__                       | INFO   | Run root: /content/drive/MyDrive/DHUC_RUN/conv1d/full
2026-09-28 21:29:21 | __main__                       | INFO   | Models: conv1d
2026-09-28 21:29:21 | __main__                       | INFO   | No dataset regeneration: False
2026-09-28 21:29:21 | __main__                       | INFO   | ================================================================================
2026-09-28 21:29:21 | __main__                       | INFO   | EXPERIMENT jamming_interpretability
2026-09-28 21:29:21 | __main__                       | INFO   | ================================================================================
2026-09-28 21:29:21 | __main__                       | INFO   | experiment_name = jamming_interpretability_full
2026-09-28 21:29:21 | __main__                       | INFO   | seed = 42
2026-09-28 21:29:21 | __main__                       | INFO   | lambda_mse = 2
2026-09-28 21:29:21 | __main__                       | INFO   | sequence_length = 100
2026-09-28 21:29:21 | __main__                       | INFO   | map_type = logistic / map_param = 3.9
2026-09-28 21:29:21 | __main__                       | INFO   | backbone_type = conv1d
2026-09-28 21:29:21 | __main__                       | INFO   | epochs = 30
2026-09-28 21:29:21 | src.utils.config_loader        | INFO   | config snapshot saved: /content/drive/MyDrive/DHUC_RUN/conv1d/full/jamming_interpretability/logs/config_used.yaml
2026-09-28 21:29:21 | __main__                       | INFO   | Experiment jamming_interpretability (models=['conv1d'])
2026-09-28 21:29:21 | __main__                       | INFO   |   snr_eval=[-1.0, 3.0, 7.0, 11.0, 15.0, 21.0] jsr=[-10.0, -6.0, -2.0, 2.0, 6.0, 10.0] jammer=['cw', 'barrage', 'partial_band'] ret_subset=3000 realizations=5/{} max_symbols=None
2026-09-28 21:29:21 | src.experiments.pipeline       | INFO   | Dataset already present in data/raw/d1f4aa61
2026-09-28 21:29:22 | src.data.data_loader           | INFO   | split 'test': 240000 total samples, x shape=(240000, 100), tau in [1.00, 33.00], f_d in [1.064e-09, 8.000e-05]
2026-09-28 21:29:56 | __main__                       | INFO   | jamming_interpretability: test set of 240000 samples (SNR [-1.0, 3.0, 7.0, 11.0, 15.0, 21.0])
2026-09-28 21:29:56 | __main__                       | INFO   | ============================================================
2026-09-28 21:29:56 | __main__                       | INFO   | jamming_interpretability architecture: conv1d
2026-09-28 21:29:56 | __main__                       | INFO   | jamming_interpretability conv1d: jamming model loaded from /content/drive/MyDrive/DHUC_RUN/conv1d/full/jamming/conv1d/best_model.keras
2026-09-28 21:29:58 | src.experiments.jamming_interpretability | INFO   | [jamming_interpretability conv1d] probe ready: 7 captured layers
2026-09-28 21:30:40 | src.experiments.jamming_interpretability | INFO   | [jamming_interpretability conv1d] clean | BER=0.0021 corr_tau=0.780 margin=2.84 (41 s)
2026-09-28 21:31:15 | src.experiments.jamming_interpretability | INFO   | [jamming_interpretability conv1d] cw          JSR= -10.0 dB r=0 | BER=0.0125 corr_tau=0.726 margin=2.77 (35 s)
2026-09-28 21:31:51 | src.experiments.jamming_interpretability | INFO   | [jamming_interpretability conv1d] cw          JSR=  -6.0 dB r=0 | BER=0.0935 corr_tau=0.666 margin=2.29 (36 s)
2026-09-28 21:32:27 | src.experiments.jamming_interpretability | INFO   | [jamming_interpretability conv1d] cw          JSR=  -2.0 dB r=0 | BER=0.3877 corr_tau=0.565 margin=0.68 (36 s)
2026-09-28 21:33:02 | src.experiments.jamming_interpretability | INFO   | [jamming_interpretability conv1d] cw          JSR=   2.0 dB r=0 | BER=0.4992 corr_tau=0.441 margin=0.01 (35 s)
2026-09-28 21:33:38 | src.experiments.jamming_interpretability | INFO   | [jamming_interpretability conv1d] cw          JSR=   6.0 dB r=0 | BER=0.5000 corr_tau=0.304 margin=-0.01 (36 s)
2026-09-28 21:34:13 | src.experiments.jamming_interpretability | INFO   | [jamming_interpretability conv1d] cw          JSR=  10.0 dB r=0 | BER=0.5000 corr_tau=0.169 margin=-0.01 (35 s)
2026-09-28 21:34:49 | src.experiments.jamming_interpretability | INFO   | [jamming_interpretability conv1d] cw          JSR= -10.0 dB r=1 | BER=0.0083 corr_tau=0.733 margin=2.80 (36 s)
2026-09-28 21:35:25 | src.experiments.jamming_interpretability | INFO   | [jamming_interpretability conv1d] cw          JSR=  -6.0 dB r=1 | BER=0.0570 corr_tau=0.686 margin=2.50 (36 s)
2026-09-28 21:36:00 | src.experiments.jamming_interpretability | INFO   | [jamming_interpretability conv1d] cw          JSR=  -2.0 dB r=1 | BER=0.3083 corr_tau=0.604 margin=1.12 (35 s)
2026-09-28 21:36:36 | src.experiments.jamming_interpretability | INFO   | [jamming_interpretability conv1d] cw          JSR=   2.0 dB r=1 | BER=0.4966 corr_tau=0.483 margin=0.04 (36 s)
2026-09-28 21:37:11 | src.experiments.jamming_interpretability | INFO   | [jamming_interpretability conv1d] cw          JSR=   6.0 dB r=1 | BER=0.5000 corr_tau=0.336 margin=-0.01 (35 s)
2026-09-28 21:37:46 | src.experiments.jamming_interpretability | INFO   | [jamming_interpretability conv1d] cw          JSR=  10.0 dB r=1 | BER=0.5000 corr_tau=0.185 margin=-0.02 (36 s)
2026-09-28 21:38:22 | src.experiments.jamming_interpretability | INFO   | [jamming_interpretability conv1d] cw          JSR= -10.0 dB r=2 | BER=0.0023 corr_tau=0.720 margin=2.84 (35 s)
2026-09-28 21:38:57 | src.experiments.jamming_interpretability | INFO   | [jamming_interpretability conv1d] cw          JSR=  -6.0 dB r=2 | BER=0.0028 corr_tau=0.660 margin=2.82 (35 s)
2026-09-28 21:39:32 | src.experiments.jamming_interpretability | INFO   | [jamming_interpretability conv1d] cw          JSR=  -2.0 dB r=2 | BER=0.0060 corr_tau=0.561 margin=2.77 (35 s)
2026-09-28 21:40:07 | src.experiments.jamming_interpretability | INFO   | [jamming_interpretability conv1d] cw          JSR=   2.0 dB r=2 | BER=0.0312 corr_tau=0.412 margin=2.50 (35 s)
2026-09-28 21:40:43 | src.experiments.jamming_interpretability | INFO   | [jamming_interpretability conv1d] cw          JSR=   6.0 dB r=2 | BER=0.1982 corr_tau=0.227 margin=1.58 (36 s)
2026-09-28 21:41:17 | src.experiments.jamming_interpretability | INFO   | [jamming_interpretability conv1d] cw          JSR=  10.0 dB r=2 | BER=0.4666 corr_tau=0.117 margin=0.55 (35 s)
2026-09-28 21:41:53 | src.experiments.jamming_interpretability | INFO   | [jamming_interpretability conv1d] cw          JSR= -10.0 dB r=3 | BER=0.0293 corr_tau=0.680 margin=2.63 (35 s)
2026-09-28 21:42:28 | src.experiments.jamming_interpretability | INFO   | [jamming_interpretability conv1d] cw          JSR=  -6.0 dB r=3 | BER=0.2036 corr_tau=0.595 margin=1.64 (35 s)
2026-09-28 21:43:03 | src.experiments.jamming_interpretability | INFO   | [jamming_interpretability conv1d] cw          JSR=  -2.0 dB r=3 | BER=0.4725 corr_tau=0.474 margin=0.20 (35 s)
2026-09-28 21:43:39 | src.experiments.jamming_interpretability | INFO   | [jamming_interpretability conv1d] cw          JSR=   2.0 dB r=3 | BER=0.4999 corr_tau=0.331 margin=-0.02 (36 s)
2026-09-28 21:44:14 | src.experiments.jamming_interpretability | INFO   | [jamming_interpretability conv1d] cw          JSR=   6.0 dB r=3 | BER=0.5000 corr_tau=0.201 margin=-0.02 (35 s)
2026-09-28 21:44:50 | src.experiments.jamming_interpretability | INFO   | [jamming_interpretability conv1d] cw          JSR=  10.0 dB r=3 | BER=0.5000 corr_tau=0.111 margin=-0.02 (36 s)
2026-09-28 21:45:25 | src.experiments.jamming_interpretability | INFO   | [jamming_interpretability conv1d] cw          JSR= -10.0 dB r=4 | BER=0.0216 corr_tau=0.710 margin=2.68 (35 s)
2026-09-28 21:46:00 | src.experiments.jamming_interpretability | INFO   | [jamming_interpretability conv1d] cw          JSR=  -6.0 dB r=4 | BER=0.1528 corr_tau=0.641 margin=1.92 (36 s)
2026-09-28 21:46:35 | src.experiments.jamming_interpretability | INFO   | [jamming_interpretability conv1d] cw          JSR=  -2.0 dB r=4 | BER=0.4374 corr_tau=0.531 margin=0.40 (34 s)
2026-09-28 21:47:10 | src.experiments.jamming_interpretability | INFO   | [jamming_interpretability conv1d] cw          JSR=   2.0 dB r=4 | BER=0.4993 corr_tau=0.383 margin=-0.00 (35 s)
2026-09-28 21:47:45 | src.experiments.jamming_interpretability | INFO   | [jamming_interpretability conv1d] cw          JSR=   6.0 dB r=4 | BER=0.5000 corr_tau=0.237 margin=-0.02 (35 s)
2026-09-28 21:48:20 | src.experiments.jamming_interpretability | INFO   | [jamming_interpretability conv1d] cw          JSR=  10.0 dB r=4 | BER=0.5000 corr_tau=0.130 margin=-0.02 (35 s)
2026-09-28 21:48:57 | src.experiments.jamming_interpretability | INFO   | [jamming_interpretability conv1d] barrage     JSR= -10.0 dB r=0 | BER=0.0035 corr_tau=0.683 margin=2.82 (36 s)
2026-09-28 21:49:32 | src.experiments.jamming_interpretability | INFO   | [jamming_interpretability conv1d] barrage     JSR=  -6.0 dB r=0 | BER=0.0064 corr_tau=0.580 margin=2.78 (34 s)
2026-09-28 21:50:07 | src.experiments.jamming_interpretability | INFO   | [jamming_interpretability conv1d] barrage     JSR=  -2.0 dB r=0 | BER=0.0226 corr_tau=0.418 margin=2.61 (36 s)
2026-09-28 21:50:42 | src.experiments.jamming_interpretability | INFO   | [jamming_interpretability conv1d] barrage     JSR=   2.0 dB r=0 | BER=0.0920 corr_tau=0.243 margin=2.04 (35 s)
2026-09-28 21:51:17 | src.experiments.jamming_interpretability | INFO   | [jamming_interpretability conv1d] barrage     JSR=   6.0 dB r=0 | BER=0.2442 corr_tau=0.120 margin=1.10 (35 s)
2026-09-28 21:51:53 | src.experiments.jamming_interpretability | INFO   | [jamming_interpretability conv1d] barrage     JSR=  10.0 dB r=0 | BER=0.3833 corr_tau=0.060 margin=0.45 (35 s)
2026-09-28 21:52:29 | src.experiments.jamming_interpretability | INFO   | [jamming_interpretability conv1d] barrage     JSR= -10.0 dB r=1 | BER=0.0035 corr_tau=0.683 margin=2.82 (35 s)
2026-09-28 21:53:05 | src.experiments.jamming_interpretability | INFO   | [jamming_interpretability conv1d] barrage     JSR=  -6.0 dB r=1 | BER=0.0068 corr_tau=0.581 margin=2.78 (36 s)
2026-09-28 21:53:40 | src.experiments.jamming_interpretability | INFO   | [jamming_interpretability conv1d] barrage     JSR=  -2.0 dB r=1 | BER=0.0226 corr_tau=0.420 margin=2.61 (35 s)
2026-09-28 21:54:15 | src.experiments.jamming_interpretability | INFO   | [jamming_interpretability conv1d] barrage     JSR=   2.0 dB r=1 | BER=0.0922 corr_tau=0.244 margin=2.04 (36 s)
2026-09-28 21:54:50 | src.experiments.jamming_interpretability | INFO   | [jamming_interpretability conv1d] barrage     JSR=   6.0 dB r=1 | BER=0.2436 corr_tau=0.122 margin=1.10 (35 s)
2026-09-28 21:55:25 | src.experiments.jamming_interpretability | INFO   | [jamming_interpretability conv1d] barrage     JSR=  10.0 dB r=1 | BER=0.3833 corr_tau=0.061 margin=0.45 (35 s)
2026-09-28 21:56:02 | src.experiments.jamming_interpretability | INFO   | [jamming_interpretability conv1d] barrage     JSR= -10.0 dB r=2 | BER=0.0033 corr_tau=0.683 margin=2.82 (35 s)
2026-09-28 21:56:37 | src.experiments.jamming_interpretability | INFO   | [jamming_interpretability conv1d] barrage     JSR=  -6.0 dB r=2 | BER=0.0065 corr_tau=0.580 margin=2.78 (35 s)
2026-09-28 21:57:12 | src.experiments.jamming_interpretability | INFO   | [jamming_interpretability conv1d] barrage     JSR=  -2.0 dB r=2 | BER=0.0225 corr_tau=0.419 margin=2.61 (35 s)
2026-09-28 21:57:47 | src.experiments.jamming_interpretability | INFO   | [jamming_interpretability conv1d] barrage     JSR=   2.0 dB r=2 | BER=0.0923 corr_tau=0.244 margin=2.04 (35 s)
2026-09-28 21:58:22 | src.experiments.jamming_interpretability | INFO   | [jamming_interpretability conv1d] barrage     JSR=   6.0 dB r=2 | BER=0.2431 corr_tau=0.123 margin=1.10 (36 s)
2026-09-28 21:58:58 | src.experiments.jamming_interpretability | INFO   | [jamming_interpretability conv1d] barrage     JSR=  10.0 dB r=2 | BER=0.3834 corr_tau=0.063 margin=0.45 (36 s)
2026-09-28 21:59:35 | src.experiments.jamming_interpretability | INFO   | [jamming_interpretability conv1d] barrage     JSR= -10.0 dB r=3 | BER=0.0036 corr_tau=0.683 margin=2.82 (35 s)
2026-09-28 22:00:10 | src.experiments.jamming_interpretability | INFO   | [jamming_interpretability conv1d] barrage     JSR=  -6.0 dB r=3 | BER=0.0068 corr_tau=0.579 margin=2.78 (36 s)
2026-09-28 22:00:45 | src.experiments.jamming_interpretability | INFO   | [jamming_interpretability conv1d] barrage     JSR=  -2.0 dB r=3 | BER=0.0226 corr_tau=0.418 margin=2.61 (35 s)
2026-09-28 22:01:20 | src.experiments.jamming_interpretability | INFO   | [jamming_interpretability conv1d] barrage     JSR=   2.0 dB r=3 | BER=0.0922 corr_tau=0.242 margin=2.04 (36 s)
2026-09-28 22:01:56 | src.experiments.jamming_interpretability | INFO   | [jamming_interpretability conv1d] barrage     JSR=   6.0 dB r=3 | BER=0.2447 corr_tau=0.120 margin=1.10 (35 s)
2026-09-28 22:02:31 | src.experiments.jamming_interpretability | INFO   | [jamming_interpretability conv1d] barrage     JSR=  10.0 dB r=3 | BER=0.3829 corr_tau=0.060 margin=0.45 (35 s)
2026-09-28 22:03:08 | src.experiments.jamming_interpretability | INFO   | [jamming_interpretability conv1d] barrage     JSR= -10.0 dB r=4 | BER=0.0033 corr_tau=0.685 margin=2.82 (35 s)
2026-09-28 22:03:43 | src.experiments.jamming_interpretability | INFO   | [jamming_interpretability conv1d] barrage     JSR=  -6.0 dB r=4 | BER=0.0065 corr_tau=0.582 margin=2.78 (35 s)
2026-09-28 22:04:18 | src.experiments.jamming_interpretability | INFO   | [jamming_interpretability conv1d] barrage     JSR=  -2.0 dB r=4 | BER=0.0225 corr_tau=0.420 margin=2.61 (36 s)
2026-09-28 22:04:53 | src.experiments.jamming_interpretability | INFO   | [jamming_interpretability conv1d] barrage     JSR=   2.0 dB r=4 | BER=0.0916 corr_tau=0.243 margin=2.04 (35 s)
2026-09-28 22:05:28 | src.experiments.jamming_interpretability | INFO   | [jamming_interpretability conv1d] barrage     JSR=   6.0 dB r=4 | BER=0.2437 corr_tau=0.120 margin=1.10 (35 s)
2026-09-28 22:06:03 | src.experiments.jamming_interpretability | INFO   | [jamming_interpretability conv1d] barrage     JSR=  10.0 dB r=4 | BER=0.3819 corr_tau=0.060 margin=0.45 (35 s)
2026-09-28 22:06:40 | src.experiments.jamming_interpretability | INFO   | [jamming_interpretability conv1d] partial_band JSR= -10.0 dB r=0 | BER=0.0036 corr_tau=0.708 margin=2.83 (35 s)
2026-09-28 22:07:16 | src.experiments.jamming_interpretability | INFO   | [jamming_interpretability conv1d] partial_band JSR=  -6.0 dB r=0 | BER=0.0156 corr_tau=0.626 margin=2.74 (35 s)
2026-09-28 22:07:50 | src.experiments.jamming_interpretability | INFO   | [jamming_interpretability conv1d] partial_band JSR=  -2.0 dB r=0 | BER=0.1051 corr_tau=0.493 margin=2.20 (35 s)
2026-09-28 22:08:26 | src.experiments.jamming_interpretability | INFO   | [jamming_interpretability conv1d] partial_band JSR=   2.0 dB r=0 | BER=0.3655 corr_tau=0.328 margin=0.83 (35 s)
2026-09-28 22:09:01 | src.experiments.jamming_interpretability | INFO   | [jamming_interpretability conv1d] partial_band JSR=   6.0 dB r=0 | BER=0.4897 corr_tau=0.170 margin=0.12 (35 s)
2026-09-28 22:09:36 | src.experiments.jamming_interpretability | INFO   | [jamming_interpretability conv1d] partial_band JSR=  10.0 dB r=0 | BER=0.4988 corr_tau=0.076 margin=0.02 (35 s)
2026-09-28 22:10:14 | src.experiments.jamming_interpretability | INFO   | [jamming_interpretability conv1d] partial_band JSR= -10.0 dB r=1 | BER=0.0108 corr_tau=0.671 margin=2.76 (36 s)
2026-09-28 22:10:48 | src.experiments.jamming_interpretability | INFO   | [jamming_interpretability conv1d] partial_band JSR=  -6.0 dB r=1 | BER=0.0679 corr_tau=0.563 margin=2.38 (35 s)
2026-09-28 22:11:24 | src.experiments.jamming_interpretability | INFO   | [jamming_interpretability conv1d] partial_band JSR=  -2.0 dB r=1 | BER=0.3008 corr_tau=0.412 margin=1.15 (36 s)
2026-09-28 22:11:59 | src.experiments.jamming_interpretability | INFO   | [jamming_interpretability conv1d] partial_band JSR=   2.0 dB r=1 | BER=0.4845 corr_tau=0.259 margin=0.16 (35 s)
2026-09-28 22:12:34 | src.experiments.jamming_interpretability | INFO   | [jamming_interpretability conv1d] partial_band JSR=   6.0 dB r=1 | BER=0.4998 corr_tau=0.144 margin=-0.00 (35 s)
2026-09-28 22:13:10 | src.experiments.jamming_interpretability | INFO   | [jamming_interpretability conv1d] partial_band JSR=  10.0 dB r=1 | BER=0.4999 corr_tau=0.076 margin=-0.01 (36 s)
2026-09-28 22:13:47 | src.experiments.jamming_interpretability | INFO   | [jamming_interpretability conv1d] partial_band JSR= -10.0 dB r=2 | BER=0.0200 corr_tau=0.670 margin=2.69 (35 s)
2026-09-28 22:14:23 | src.experiments.jamming_interpretability | INFO   | [jamming_interpretability conv1d] partial_band JSR=  -6.0 dB r=2 | BER=0.1317 corr_tau=0.562 margin=2.03 (36 s)
2026-09-28 22:14:58 | src.experiments.jamming_interpretability | INFO   | [jamming_interpretability conv1d] partial_band JSR=  -2.0 dB r=2 | BER=0.4057 corr_tau=0.409 margin=0.58 (35 s)
2026-09-28 22:15:33 | src.experiments.jamming_interpretability | INFO   | [jamming_interpretability conv1d] partial_band JSR=   2.0 dB r=2 | BER=0.4981 corr_tau=0.252 margin=0.01 (36 s)
2026-09-28 22:16:09 | src.experiments.jamming_interpretability | INFO   | [jamming_interpretability conv1d] partial_band JSR=   6.0 dB r=2 | BER=0.5000 corr_tau=0.136 margin=-0.03 (35 s)
2026-09-28 22:16:44 | src.experiments.jamming_interpretability | INFO   | [jamming_interpretability conv1d] partial_band JSR=  10.0 dB r=2 | BER=0.5000 corr_tau=0.071 margin=-0.02 (35 s)
2026-09-28 22:17:21 | src.experiments.jamming_interpretability | INFO   | [jamming_interpretability conv1d] partial_band JSR= -10.0 dB r=3 | BER=0.0108 corr_tau=0.671 margin=2.75 (36 s)
2026-09-28 22:17:56 | src.experiments.jamming_interpretability | INFO   | [jamming_interpretability conv1d] partial_band JSR=  -6.0 dB r=3 | BER=0.0721 corr_tau=0.562 margin=2.34 (35 s)
2026-09-28 22:18:32 | src.experiments.jamming_interpretability | INFO   | [jamming_interpretability conv1d] partial_band JSR=  -2.0 dB r=3 | BER=0.3269 corr_tau=0.409 margin=1.01 (35 s)
2026-09-28 22:19:07 | src.experiments.jamming_interpretability | INFO   | [jamming_interpretability conv1d] partial_band JSR=   2.0 dB r=3 | BER=0.4916 corr_tau=0.254 margin=0.09 (35 s)
2026-09-28 22:19:42 | src.experiments.jamming_interpretability | INFO   | [jamming_interpretability conv1d] partial_band JSR=   6.0 dB r=3 | BER=0.5000 corr_tau=0.140 margin=-0.03 (35 s)
2026-09-28 22:20:17 | src.experiments.jamming_interpretability | INFO   | [jamming_interpretability conv1d] partial_band JSR=  10.0 dB r=3 | BER=0.5000 corr_tau=0.075 margin=-0.02 (36 s)
2026-09-28 22:20:54 | src.experiments.jamming_interpretability | INFO   | [jamming_interpretability conv1d] partial_band JSR= -10.0 dB r=4 | BER=0.0037 corr_tau=0.707 margin=2.83 (35 s)
2026-09-28 22:21:30 | src.experiments.jamming_interpretability | INFO   | [jamming_interpretability conv1d] partial_band JSR=  -6.0 dB r=4 | BER=0.0137 corr_tau=0.623 margin=2.75 (36 s)
2026-09-28 22:22:04 | src.experiments.jamming_interpretability | INFO   | [jamming_interpretability conv1d] partial_band JSR=  -2.0 dB r=4 | BER=0.0796 corr_tau=0.488 margin=2.32 (35 s)
2026-09-28 22:22:40 | src.experiments.jamming_interpretability | INFO   | [jamming_interpretability conv1d] partial_band JSR=   2.0 dB r=4 | BER=0.2948 corr_tau=0.316 margin=1.18 (35 s)
2026-09-28 22:23:15 | src.experiments.jamming_interpretability | INFO   | [jamming_interpretability conv1d] partial_band JSR=   6.0 dB r=4 | BER=0.4518 corr_tau=0.160 margin=0.36 (35 s)
2026-09-28 22:23:50 | src.experiments.jamming_interpretability | INFO   | [jamming_interpretability conv1d] partial_band JSR=  10.0 dB r=4 | BER=0.4808 corr_tau=0.071 margin=0.13 (35 s)
2026-09-28 22:23:50 | src.experiments.jamming_interpretability | INFO   | [jamming_interpretability conv1d] completed -> /content/drive/MyDrive/DHUC_RUN/conv1d/full/jamming_interpretability/conv1d (conditions=19)
2026-09-28 22:23:50 | __main__                       | INFO   | jamming_interpretability experiment completed. Output in /content/drive/MyDrive/DHUC_RUN/conv1d/full/jamming_interpretability
2026-09-28 22:23:50 | __main__                       | INFO   | Experiment jamming_interpretability completed successfully.
2026-09-28 22:23:50 | __main__                       | INFO   | ================================================================================
2026-09-28 22:23:50 | __main__                       | INFO   | SUMMARY
2026-09-28 22:23:50 | __main__                       | INFO   | ================================================================================
2026-09-28 22:23:50 | __main__                       | INFO   | jamming_interpretability: OK
2026-09-28 22:23:50 | __main__                       | INFO   | All requested experiments finished. Output in: /content/drive/MyDrive/DHUC_RUN/conv1d
2026-09-28 22:23:57 | root                           | INFO   | Logging configured: file=/content/drive/MyDrive/DHUC_RUN/conv1d/full/logs/runner.log level=INFO
2026-09-28 22:23:57 | __main__                       | INFO   | Mode: full
2026-09-28 22:23:57 | __main__                       | INFO   | Run root: /content/drive/MyDrive/DHUC_RUN/conv1d/full
2026-09-28 22:23:57 | __main__                       | INFO   | Models: conv1d
2026-09-28 22:23:57 | __main__                       | INFO   | No dataset regeneration: False
2026-09-28 22:23:57 | __main__                       | INFO   | ================================================================================
2026-09-28 22:23:57 | __main__                       | INFO   | EXPERIMENT frequency_agility
2026-09-28 22:23:57 | __main__                       | INFO   | ================================================================================
2026-09-28 22:23:57 | __main__                       | INFO   | experiment_name = frequency_agility_full
2026-09-28 22:23:57 | __main__                       | INFO   | seed = 42
2026-09-28 22:23:57 | __main__                       | INFO   | lambda_mse = 2
2026-09-28 22:23:57 | __main__                       | INFO   | sequence_length = 100
2026-09-28 22:23:57 | __main__                       | INFO   | map_type = logistic / map_param = 3.9
2026-09-28 22:23:57 | __main__                       | INFO   | backbone_type = conv1d
2026-09-28 22:23:57 | __main__                       | INFO   | epochs = 5
2026-09-28 22:23:57 | src.utils.config_loader        | INFO   | config snapshot saved: /content/drive/MyDrive/DHUC_RUN/conv1d/full/frequency_agility/logs/config_used.yaml
2026-09-28 22:23:57 | __main__                       | INFO   | ============================================================
2026-09-28 22:23:57 | __main__                       | INFO   | frequency_agility experiment (models=['conv1d'])
2026-09-28 22:23:57 | __main__                       | INFO   | ============================================================
2026-09-28 22:23:57 | __main__                       | INFO   | frequency_agility conv1d: model loaded from /content/drive/MyDrive/DHUC_RUN/conv1d/full/ber_vs_snr/k3_doppler_full/conv1d/best_model.keras
2026-09-28 22:23:59 | src.experiments.frequency_agility | INFO   | [frequency_agility conv1d] channels=8 dwell=1 slot=10.0 us hop_rate=100000 Hz bursts=20000 realizations=5 snr=21.0 dB K=3
2026-09-28 22:23:59 | src.experiments.frequency_agility | INFO   | [frequency_agility conv1d] controlled comparison: fh_off and fh_on share the same per-slot channel process and the same transmission; only the hop sequence and the jammer coverage differ
2026-09-28 22:24:05 | src.experiments.frequency_agility | INFO   | [frequency_agility conv1d] fh_off barrage       cw            JSR= -10.0 dB r=0 jammed=1.000 BER=0.2057 (2 s)
2026-09-28 22:24:07 | src.experiments.frequency_agility | INFO   | [frequency_agility conv1d] fh_off barrage       cw            JSR=  -6.0 dB r=0 jammed=1.000 BER=0.3072 (2 s)
2026-09-28 22:24:09 | src.experiments.frequency_agility | INFO   | [frequency_agility conv1d] fh_off barrage       cw            JSR=  -2.0 dB r=0 jammed=1.000 BER=0.4728 (2 s)
2026-09-28 22:24:11 | src.experiments.frequency_agility | INFO   | [frequency_agility conv1d] fh_off barrage       cw            JSR=   2.0 dB r=0 jammed=1.000 BER=0.5030 (2 s)
2026-09-28 22:24:12 | src.experiments.frequency_agility | INFO   | [frequency_agility conv1d] fh_off barrage       cw            JSR=   6.0 dB r=0 jammed=1.000 BER=0.5031 (2 s)
2026-09-28 22:24:14 | src.experiments.frequency_agility | INFO   | [frequency_agility conv1d] fh_off barrage       cw            JSR=  10.0 dB r=0 jammed=1.000 BER=0.5031 (2 s)
2026-09-28 22:24:16 | src.experiments.frequency_agility | INFO   | [frequency_agility conv1d] fh_off barrage       partial_band  JSR= -10.0 dB r=0 jammed=1.000 BER=0.1668 (2 s)
2026-09-28 22:24:17 | src.experiments.frequency_agility | INFO   | [frequency_agility conv1d] fh_off barrage       partial_band  JSR=  -6.0 dB r=0 jammed=1.000 BER=0.2049 (2 s)
2026-09-28 22:24:19 | src.experiments.frequency_agility | INFO   | [frequency_agility conv1d] fh_off barrage       partial_band  JSR=  -2.0 dB r=0 jammed=1.000 BER=0.3069 (2 s)
2026-09-28 22:24:20 | src.experiments.frequency_agility | INFO   | [frequency_agility conv1d] fh_off barrage       partial_band  JSR=   2.0 dB r=0 jammed=1.000 BER=0.4551 (2 s)
2026-09-28 22:24:22 | src.experiments.frequency_agility | INFO   | [frequency_agility conv1d] fh_off barrage       partial_band  JSR=   6.0 dB r=0 jammed=1.000 BER=0.5011 (2 s)
2026-09-28 22:24:25 | src.experiments.frequency_agility | INFO   | [frequency_agility conv1d] fh_off barrage       partial_band  JSR=  10.0 dB r=0 jammed=1.000 BER=0.5028 (2 s)
2026-09-28 22:24:29 | src.experiments.frequency_agility | INFO   | [frequency_agility conv1d] fh_off barrage       cw            JSR= -10.0 dB r=1 jammed=1.000 BER=0.1832 (2 s)
2026-09-28 22:24:31 | src.experiments.frequency_agility | INFO   | [frequency_agility conv1d] fh_off barrage       cw            JSR=  -6.0 dB r=1 jammed=1.000 BER=0.2552 (2 s)
2026-09-28 22:24:32 | src.experiments.frequency_agility | INFO   | [frequency_agility conv1d] fh_off barrage       cw            JSR=  -2.0 dB r=1 jammed=1.000 BER=0.4206 (2 s)
2026-09-28 22:24:34 | src.experiments.frequency_agility | INFO   | [frequency_agility conv1d] fh_off barrage       cw            JSR=   2.0 dB r=1 jammed=1.000 BER=0.4971 (2 s)
2026-09-28 22:24:35 | src.experiments.frequency_agility | INFO   | [frequency_agility conv1d] fh_off barrage       cw            JSR=   6.0 dB r=1 jammed=1.000 BER=0.4996 (2 s)
2026-09-28 22:24:37 | src.experiments.frequency_agility | INFO   | [frequency_agility conv1d] fh_off barrage       cw            JSR=  10.0 dB r=1 jammed=1.000 BER=0.4996 (2 s)
2026-09-28 22:24:39 | src.experiments.frequency_agility | INFO   | [frequency_agility conv1d] fh_off barrage       partial_band  JSR= -10.0 dB r=1 jammed=1.000 BER=0.1227 (2 s)
2026-09-28 22:24:41 | src.experiments.frequency_agility | INFO   | [frequency_agility conv1d] fh_off barrage       partial_band  JSR=  -6.0 dB r=1 jammed=1.000 BER=0.1013 (2 s)
2026-09-28 22:24:43 | src.experiments.frequency_agility | INFO   | [frequency_agility conv1d] fh_off barrage       partial_band  JSR=  -2.0 dB r=1 jammed=1.000 BER=0.1496 (2 s)
2026-09-28 22:24:44 | src.experiments.frequency_agility | INFO   | [frequency_agility conv1d] fh_off barrage       partial_band  JSR=   2.0 dB r=1 jammed=1.000 BER=0.3966 (2 s)
2026-09-28 22:24:46 | src.experiments.frequency_agility | INFO   | [frequency_agility conv1d] fh_off barrage       partial_band  JSR=   6.0 dB r=1 jammed=1.000 BER=0.4977 (2 s)
2026-09-28 22:24:47 | src.experiments.frequency_agility | INFO   | [frequency_agility conv1d] fh_off barrage       partial_band  JSR=  10.0 dB r=1 jammed=1.000 BER=0.5003 (2 s)
2026-09-28 22:24:53 | src.experiments.frequency_agility | INFO   | [frequency_agility conv1d] fh_off barrage       cw            JSR= -10.0 dB r=2 jammed=1.000 BER=0.1490 (2 s)
2026-09-28 22:24:54 | src.experiments.frequency_agility | INFO   | [frequency_agility conv1d] fh_off barrage       cw            JSR=  -6.0 dB r=2 jammed=1.000 BER=0.1525 (2 s)
2026-09-28 22:24:56 | src.experiments.frequency_agility | INFO   | [frequency_agility conv1d] fh_off barrage       cw            JSR=  -2.0 dB r=2 jammed=1.000 BER=0.1727 (2 s)
2026-09-28 22:24:57 | src.experiments.frequency_agility | INFO   | [frequency_agility conv1d] fh_off barrage       cw            JSR=   2.0 dB r=2 jammed=1.000 BER=0.2495 (2 s)
2026-09-28 22:24:59 | src.experiments.frequency_agility | INFO   | [frequency_agility conv1d] fh_off barrage       cw            JSR=   6.0 dB r=2 jammed=1.000 BER=0.4167 (2 s)
2026-09-28 22:25:00 | src.experiments.frequency_agility | INFO   | [frequency_agility conv1d] fh_off barrage       cw            JSR=  10.0 dB r=2 jammed=1.000 BER=0.5027 (2 s)
2026-09-28 22:25:02 | src.experiments.frequency_agility | INFO   | [frequency_agility conv1d] fh_off barrage       partial_band  JSR= -10.0 dB r=2 jammed=1.000 BER=0.1221 (2 s)
2026-09-28 22:25:04 | src.experiments.frequency_agility | INFO   | [frequency_agility conv1d] fh_off barrage       partial_band  JSR=  -6.0 dB r=2 jammed=1.000 BER=0.1090 (2 s)
2026-09-28 22:25:06 | src.experiments.frequency_agility | INFO   | [frequency_agility conv1d] fh_off barrage       partial_band  JSR=  -2.0 dB r=2 jammed=1.000 BER=0.2401 (2 s)
2026-09-28 22:25:07 | src.experiments.frequency_agility | INFO   | [frequency_agility conv1d] fh_off barrage       partial_band  JSR=   2.0 dB r=2 jammed=1.000 BER=0.4633 (2 s)
2026-09-28 22:25:09 | src.experiments.frequency_agility | INFO   | [frequency_agility conv1d] fh_off barrage       partial_band  JSR=   6.0 dB r=2 jammed=1.000 BER=0.4970 (2 s)
2026-09-28 22:25:11 | src.experiments.frequency_agility | INFO   | [frequency_agility conv1d] fh_off barrage       partial_band  JSR=  10.0 dB r=2 jammed=1.000 BER=0.4973 (2 s)
2026-09-28 22:25:15 | src.experiments.frequency_agility | INFO   | [frequency_agility conv1d] fh_off barrage       cw            JSR= -10.0 dB r=3 jammed=1.000 BER=0.1083 (2 s)
2026-09-28 22:25:17 | src.experiments.frequency_agility | INFO   | [frequency_agility conv1d] fh_off barrage       cw            JSR=  -6.0 dB r=3 jammed=1.000 BER=0.1070 (2 s)
2026-09-28 22:25:19 | src.experiments.frequency_agility | INFO   | [frequency_agility conv1d] fh_off barrage       cw            JSR=  -2.0 dB r=3 jammed=1.000 BER=0.3384 (2 s)
2026-09-28 22:25:21 | src.experiments.frequency_agility | INFO   | [frequency_agility conv1d] fh_off barrage       cw            JSR=   2.0 dB r=3 jammed=1.000 BER=0.4946 (2 s)
2026-09-28 22:25:22 | src.experiments.frequency_agility | INFO   | [frequency_agility conv1d] fh_off barrage       cw            JSR=   6.0 dB r=3 jammed=1.000 BER=0.4997 (2 s)
2026-09-28 22:25:24 | src.experiments.frequency_agility | INFO   | [frequency_agility conv1d] fh_off barrage       cw            JSR=  10.0 dB r=3 jammed=1.000 BER=0.4997 (2 s)
2026-09-28 22:25:26 | src.experiments.frequency_agility | INFO   | [frequency_agility conv1d] fh_off barrage       partial_band  JSR= -10.0 dB r=3 jammed=1.000 BER=0.1203 (2 s)
2026-09-28 22:25:27 | src.experiments.frequency_agility | INFO   | [frequency_agility conv1d] fh_off barrage       partial_band  JSR=  -6.0 dB r=3 jammed=1.000 BER=0.0998 (2 s)
2026-09-28 22:25:29 | src.experiments.frequency_agility | INFO   | [frequency_agility conv1d] fh_off barrage       partial_band  JSR=  -2.0 dB r=3 jammed=1.000 BER=0.1476 (2 s)
2026-09-28 22:25:31 | src.experiments.frequency_agility | INFO   | [frequency_agility conv1d] fh_off barrage       partial_band  JSR=   2.0 dB r=3 jammed=1.000 BER=0.3992 (2 s)
2026-09-28 22:25:33 | src.experiments.frequency_agility | INFO   | [frequency_agility conv1d] fh_off barrage       partial_band  JSR=   6.0 dB r=3 jammed=1.000 BER=0.4968 (2 s)
2026-09-28 22:25:35 | src.experiments.frequency_agility | INFO   | [frequency_agility conv1d] fh_off barrage       partial_band  JSR=  10.0 dB r=3 jammed=1.000 BER=0.4996 (2 s)
2026-09-28 22:25:39 | src.experiments.frequency_agility | INFO   | [frequency_agility conv1d] fh_off barrage       cw            JSR= -10.0 dB r=4 jammed=1.000 BER=0.1206 (2 s)
2026-09-28 22:25:40 | src.experiments.frequency_agility | INFO   | [frequency_agility conv1d] fh_off barrage       cw            JSR=  -6.0 dB r=4 jammed=1.000 BER=0.1213 (2 s)
2026-09-28 22:25:42 | src.experiments.frequency_agility | INFO   | [frequency_agility conv1d] fh_off barrage       cw            JSR=  -2.0 dB r=4 jammed=1.000 BER=0.3144 (2 s)
2026-09-28 22:25:44 | src.experiments.frequency_agility | INFO   | [frequency_agility conv1d] fh_off barrage       cw            JSR=   2.0 dB r=4 jammed=1.000 BER=0.4847 (2 s)
2026-09-28 22:25:46 | src.experiments.frequency_agility | INFO   | [frequency_agility conv1d] fh_off barrage       cw            JSR=   6.0 dB r=4 jammed=1.000 BER=0.4959 (2 s)
2026-09-28 22:25:48 | src.experiments.frequency_agility | INFO   | [frequency_agility conv1d] fh_off barrage       cw            JSR=  10.0 dB r=4 jammed=1.000 BER=0.4959 (2 s)
2026-09-28 22:25:50 | src.experiments.frequency_agility | INFO   | [frequency_agility conv1d] fh_off barrage       partial_band  JSR= -10.0 dB r=4 jammed=1.000 BER=0.1600 (2 s)
2026-09-28 22:25:51 | src.experiments.frequency_agility | INFO   | [frequency_agility conv1d] fh_off barrage       partial_band  JSR=  -6.0 dB r=4 jammed=1.000 BER=0.1898 (2 s)
2026-09-28 22:25:53 | src.experiments.frequency_agility | INFO   | [frequency_agility conv1d] fh_off barrage       partial_band  JSR=  -2.0 dB r=4 jammed=1.000 BER=0.2777 (2 s)
2026-09-28 22:25:54 | src.experiments.frequency_agility | INFO   | [frequency_agility conv1d] fh_off barrage       partial_band  JSR=   2.0 dB r=4 jammed=1.000 BER=0.4273 (2 s)
2026-09-28 22:25:56 | src.experiments.frequency_agility | INFO   | [frequency_agility conv1d] fh_off barrage       partial_band  JSR=   6.0 dB r=4 jammed=1.000 BER=0.4965 (2 s)
2026-09-28 22:25:57 | src.experiments.frequency_agility | INFO   | [frequency_agility conv1d] fh_off barrage       partial_band  JSR=  10.0 dB r=4 jammed=1.000 BER=0.5027 (2 s)
2026-09-28 22:26:03 | src.experiments.frequency_agility | INFO   | [frequency_agility conv1d] fh_off fixed_partial cw            JSR= -10.0 dB r=0 jammed=1.000 BER=0.2079 (2 s)
2026-09-28 22:26:04 | src.experiments.frequency_agility | INFO   | [frequency_agility conv1d] fh_off fixed_partial cw            JSR=  -6.0 dB r=0 jammed=1.000 BER=0.3101 (2 s)
2026-09-28 22:26:06 | src.experiments.frequency_agility | INFO   | [frequency_agility conv1d] fh_off fixed_partial cw            JSR=  -2.0 dB r=0 jammed=1.000 BER=0.4736 (2 s)
2026-09-28 22:26:08 | src.experiments.frequency_agility | INFO   | [frequency_agility conv1d] fh_off fixed_partial cw            JSR=   2.0 dB r=0 jammed=1.000 BER=0.5036 (2 s)
2026-09-28 22:26:09 | src.experiments.frequency_agility | INFO   | [frequency_agility conv1d] fh_off fixed_partial cw            JSR=   6.0 dB r=0 jammed=1.000 BER=0.5036 (2 s)
2026-09-28 22:26:11 | src.experiments.frequency_agility | INFO   | [frequency_agility conv1d] fh_off fixed_partial cw            JSR=  10.0 dB r=0 jammed=1.000 BER=0.5036 (2 s)
2026-09-28 22:26:13 | src.experiments.frequency_agility | INFO   | [frequency_agility conv1d] fh_off fixed_partial partial_band  JSR= -10.0 dB r=0 jammed=1.000 BER=0.1668 (2 s)
2026-09-28 22:26:15 | src.experiments.frequency_agility | INFO   | [frequency_agility conv1d] fh_off fixed_partial partial_band  JSR=  -6.0 dB r=0 jammed=1.000 BER=0.2066 (2 s)
2026-09-28 22:26:17 | src.experiments.frequency_agility | INFO   | [frequency_agility conv1d] fh_off fixed_partial partial_band  JSR=  -2.0 dB r=0 jammed=1.000 BER=0.3068 (2 s)
2026-09-28 22:26:18 | src.experiments.frequency_agility | INFO   | [frequency_agility conv1d] fh_off fixed_partial partial_band  JSR=   2.0 dB r=0 jammed=1.000 BER=0.4576 (2 s)
2026-09-28 22:26:20 | src.experiments.frequency_agility | INFO   | [frequency_agility conv1d] fh_off fixed_partial partial_band  JSR=   6.0 dB r=0 jammed=1.000 BER=0.5013 (2 s)
2026-09-28 22:26:21 | src.experiments.frequency_agility | INFO   | [frequency_agility conv1d] fh_off fixed_partial partial_band  JSR=  10.0 dB r=0 jammed=1.000 BER=0.5033 (2 s)
2026-09-28 22:26:26 | src.experiments.frequency_agility | INFO   | [frequency_agility conv1d] fh_off fixed_partial cw            JSR= -10.0 dB r=1 jammed=1.000 BER=0.1880 (2 s)
2026-09-28 22:26:28 | src.experiments.frequency_agility | INFO   | [frequency_agility conv1d] fh_off fixed_partial cw            JSR=  -6.0 dB r=1 jammed=1.000 BER=0.2589 (2 s)
2026-09-28 22:26:30 | src.experiments.frequency_agility | INFO   | [frequency_agility conv1d] fh_off fixed_partial cw            JSR=  -2.0 dB r=1 jammed=1.000 BER=0.4247 (2 s)
2026-09-28 22:26:32 | src.experiments.frequency_agility | INFO   | [frequency_agility conv1d] fh_off fixed_partial cw            JSR=   2.0 dB r=1 jammed=1.000 BER=0.5032 (2 s)
2026-09-28 22:26:33 | src.experiments.frequency_agility | INFO   | [frequency_agility conv1d] fh_off fixed_partial cw            JSR=   6.0 dB r=1 jammed=1.000 BER=0.5038 (2 s)
2026-09-28 22:26:35 | src.experiments.frequency_agility | INFO   | [frequency_agility conv1d] fh_off fixed_partial cw            JSR=  10.0 dB r=1 jammed=1.000 BER=0.5038 (2 s)
2026-09-28 22:26:36 | src.experiments.frequency_agility | INFO   | [frequency_agility conv1d] fh_off fixed_partial partial_band  JSR= -10.0 dB r=1 jammed=1.000 BER=0.1261 (2 s)
2026-09-28 22:26:38 | src.experiments.frequency_agility | INFO   | [frequency_agility conv1d] fh_off fixed_partial partial_band  JSR=  -6.0 dB r=1 jammed=1.000 BER=0.1043 (2 s)
2026-09-28 22:26:40 | src.experiments.frequency_agility | INFO   | [frequency_agility conv1d] fh_off fixed_partial partial_band  JSR=  -2.0 dB r=1 jammed=1.000 BER=0.1511 (2 s)
2026-09-28 22:26:42 | src.experiments.frequency_agility | INFO   | [frequency_agility conv1d] fh_off fixed_partial partial_band  JSR=   2.0 dB r=1 jammed=1.000 BER=0.3977 (2 s)
2026-09-28 22:26:44 | src.experiments.frequency_agility | INFO   | [frequency_agility conv1d] fh_off fixed_partial partial_band  JSR=   6.0 dB r=1 jammed=1.000 BER=0.4934 (2 s)
2026-09-28 22:26:45 | src.experiments.frequency_agility | INFO   | [frequency_agility conv1d] fh_off fixed_partial partial_band  JSR=  10.0 dB r=1 jammed=1.000 BER=0.4963 (2 s)
2026-09-28 22:26:50 | src.experiments.frequency_agility | INFO   | [frequency_agility conv1d] fh_off fixed_partial cw            JSR= -10.0 dB r=2 jammed=1.000 BER=0.1474 (2 s)
2026-09-28 22:26:51 | src.experiments.frequency_agility | INFO   | [frequency_agility conv1d] fh_off fixed_partial cw            JSR=  -6.0 dB r=2 jammed=1.000 BER=0.1527 (2 s)
2026-09-28 22:26:53 | src.experiments.frequency_agility | INFO   | [frequency_agility conv1d] fh_off fixed_partial cw            JSR=  -2.0 dB r=2 jammed=1.000 BER=0.1752 (2 s)
2026-09-28 22:26:55 | src.experiments.frequency_agility | INFO   | [frequency_agility conv1d] fh_off fixed_partial cw            JSR=   2.0 dB r=2 jammed=1.000 BER=0.2505 (2 s)
2026-09-28 22:26:57 | src.experiments.frequency_agility | INFO   | [frequency_agility conv1d] fh_off fixed_partial cw            JSR=   6.0 dB r=2 jammed=1.000 BER=0.4136 (2 s)
2026-09-28 22:26:59 | src.experiments.frequency_agility | INFO   | [frequency_agility conv1d] fh_off fixed_partial cw            JSR=  10.0 dB r=2 jammed=1.000 BER=0.4938 (2 s)
2026-09-28 22:27:00 | src.experiments.frequency_agility | INFO   | [frequency_agility conv1d] fh_off fixed_partial partial_band  JSR= -10.0 dB r=2 jammed=1.000 BER=0.1213 (2 s)
2026-09-28 22:27:02 | src.experiments.frequency_agility | INFO   | [frequency_agility conv1d] fh_off fixed_partial partial_band  JSR=  -6.0 dB r=2 jammed=1.000 BER=0.1129 (2 s)
2026-09-28 22:27:03 | src.experiments.frequency_agility | INFO   | [frequency_agility conv1d] fh_off fixed_partial partial_band  JSR=  -2.0 dB r=2 jammed=1.000 BER=0.2495 (2 s)
2026-09-28 22:27:05 | src.experiments.frequency_agility | INFO   | [frequency_agility conv1d] fh_off fixed_partial partial_band  JSR=   2.0 dB r=2 jammed=1.000 BER=0.4716 (2 s)
2026-09-28 22:27:07 | src.experiments.frequency_agility | INFO   | [frequency_agility conv1d] fh_off fixed_partial partial_band  JSR=   6.0 dB r=2 jammed=1.000 BER=0.5046 (2 s)
2026-09-28 22:27:09 | src.experiments.frequency_agility | INFO   | [frequency_agility conv1d] fh_off fixed_partial partial_band  JSR=  10.0 dB r=2 jammed=1.000 BER=0.5049 (2 s)
2026-09-28 22:27:13 | src.experiments.frequency_agility | INFO   | [frequency_agility conv1d] fh_off fixed_partial cw            JSR= -10.0 dB r=3 jammed=1.000 BER=0.1255 (2 s)
2026-09-28 22:27:15 | src.experiments.frequency_agility | INFO   | [frequency_agility conv1d] fh_off fixed_partial cw            JSR=  -6.0 dB r=3 jammed=1.000 BER=0.1265 (2 s)
2026-09-28 22:27:17 | src.experiments.frequency_agility | INFO   | [frequency_agility conv1d] fh_off fixed_partial cw            JSR=  -2.0 dB r=3 jammed=1.000 BER=0.3337 (2 s)
2026-09-28 22:27:18 | src.experiments.frequency_agility | INFO   | [frequency_agility conv1d] fh_off fixed_partial cw            JSR=   2.0 dB r=3 jammed=1.000 BER=0.4892 (2 s)
2026-09-28 22:27:20 | src.experiments.frequency_agility | INFO   | [frequency_agility conv1d] fh_off fixed_partial cw            JSR=   6.0 dB r=3 jammed=1.000 BER=0.4958 (2 s)
2026-09-28 22:27:22 | src.experiments.frequency_agility | INFO   | [frequency_agility conv1d] fh_off fixed_partial cw            JSR=  10.0 dB r=3 jammed=1.000 BER=0.4958 (2 s)
2026-09-28 22:27:24 | src.experiments.frequency_agility | INFO   | [frequency_agility conv1d] fh_off fixed_partial partial_band  JSR= -10.0 dB r=3 jammed=1.000 BER=0.1373 (2 s)
2026-09-28 22:27:26 | src.experiments.frequency_agility | INFO   | [frequency_agility conv1d] fh_off fixed_partial partial_band  JSR=  -6.0 dB r=3 jammed=1.000 BER=0.1143 (2 s)
2026-09-28 22:27:27 | src.experiments.frequency_agility | INFO   | [frequency_agility conv1d] fh_off fixed_partial partial_band  JSR=  -2.0 dB r=3 jammed=1.000 BER=0.1537 (2 s)
2026-09-28 22:27:29 | src.experiments.frequency_agility | INFO   | [frequency_agility conv1d] fh_off fixed_partial partial_band  JSR=   2.0 dB r=3 jammed=1.000 BER=0.3940 (2 s)
2026-09-28 22:27:30 | src.experiments.frequency_agility | INFO   | [frequency_agility conv1d] fh_off fixed_partial partial_band  JSR=   6.0 dB r=3 jammed=1.000 BER=0.4919 (2 s)
2026-09-28 22:27:32 | src.experiments.frequency_agility | INFO   | [frequency_agility conv1d] fh_off fixed_partial partial_band  JSR=  10.0 dB r=3 jammed=1.000 BER=0.4958 (2 s)
2026-09-28 22:27:37 | src.experiments.frequency_agility | INFO   | [frequency_agility conv1d] fh_off fixed_partial cw            JSR= -10.0 dB r=4 jammed=1.000 BER=0.1227 (2 s)
2026-09-28 22:27:39 | src.experiments.frequency_agility | INFO   | [frequency_agility conv1d] fh_off fixed_partial cw            JSR=  -6.0 dB r=4 jammed=1.000 BER=0.1231 (2 s)
2026-09-28 22:27:41 | src.experiments.frequency_agility | INFO   | [frequency_agility conv1d] fh_off fixed_partial cw            JSR=  -2.0 dB r=4 jammed=1.000 BER=0.3106 (2 s)
2026-09-28 22:27:42 | src.experiments.frequency_agility | INFO   | [frequency_agility conv1d] fh_off fixed_partial cw            JSR=   2.0 dB r=4 jammed=1.000 BER=0.4894 (2 s)
2026-09-28 22:27:44 | src.experiments.frequency_agility | INFO   | [frequency_agility conv1d] fh_off fixed_partial cw            JSR=   6.0 dB r=4 jammed=1.000 BER=0.4988 (2 s)
2026-09-28 22:27:45 | src.experiments.frequency_agility | INFO   | [frequency_agility conv1d] fh_off fixed_partial cw            JSR=  10.0 dB r=4 jammed=1.000 BER=0.4988 (2 s)
2026-09-28 22:27:47 | src.experiments.frequency_agility | INFO   | [frequency_agility conv1d] fh_off fixed_partial partial_band  JSR= -10.0 dB r=4 jammed=1.000 BER=0.1617 (2 s)
2026-09-28 22:27:49 | src.experiments.frequency_agility | INFO   | [frequency_agility conv1d] fh_off fixed_partial partial_band  JSR=  -6.0 dB r=4 jammed=1.000 BER=0.1940 (2 s)
2026-09-28 22:27:51 | src.experiments.frequency_agility | INFO   | [frequency_agility conv1d] fh_off fixed_partial partial_band  JSR=  -2.0 dB r=4 jammed=1.000 BER=0.2804 (2 s)
2026-09-28 22:27:53 | src.experiments.frequency_agility | INFO   | [frequency_agility conv1d] fh_off fixed_partial partial_band  JSR=   2.0 dB r=4 jammed=1.000 BER=0.4284 (2 s)
2026-09-28 22:27:54 | src.experiments.frequency_agility | INFO   | [frequency_agility conv1d] fh_off fixed_partial partial_band  JSR=   6.0 dB r=4 jammed=1.000 BER=0.4930 (2 s)
2026-09-28 22:27:56 | src.experiments.frequency_agility | INFO   | [frequency_agility conv1d] fh_off fixed_partial partial_band  JSR=  10.0 dB r=4 jammed=1.000 BER=0.4999 (2 s)
2026-09-28 22:28:00 | src.experiments.frequency_agility | INFO   | [frequency_agility conv1d] fh_off sweep         cw            JSR= -10.0 dB r=0 jammed=1.000 BER=0.2056 (2 s)
2026-09-28 22:28:02 | src.experiments.frequency_agility | INFO   | [frequency_agility conv1d] fh_off sweep         cw            JSR=  -6.0 dB r=0 jammed=1.000 BER=0.3103 (2 s)
2026-09-28 22:28:04 | src.experiments.frequency_agility | INFO   | [frequency_agility conv1d] fh_off sweep         cw            JSR=  -2.0 dB r=0 jammed=1.000 BER=0.4741 (2 s)
2026-09-28 22:28:06 | src.experiments.frequency_agility | INFO   | [frequency_agility conv1d] fh_off sweep         cw            JSR=   2.0 dB r=0 jammed=1.000 BER=0.5017 (2 s)
2026-09-28 22:28:07 | src.experiments.frequency_agility | INFO   | [frequency_agility conv1d] fh_off sweep         cw            JSR=   6.0 dB r=0 jammed=1.000 BER=0.5017 (2 s)
2026-09-28 22:28:09 | src.experiments.frequency_agility | INFO   | [frequency_agility conv1d] fh_off sweep         cw            JSR=  10.0 dB r=0 jammed=1.000 BER=0.5017 (2 s)
2026-09-28 22:28:11 | src.experiments.frequency_agility | INFO   | [frequency_agility conv1d] fh_off sweep         partial_band  JSR= -10.0 dB r=0 jammed=1.000 BER=0.1666 (2 s)
2026-09-28 22:28:12 | src.experiments.frequency_agility | INFO   | [frequency_agility conv1d] fh_off sweep         partial_band  JSR=  -6.0 dB r=0 jammed=1.000 BER=0.2051 (2 s)
2026-09-28 22:28:14 | src.experiments.frequency_agility | INFO   | [frequency_agility conv1d] fh_off sweep         partial_band  JSR=  -2.0 dB r=0 jammed=1.000 BER=0.3079 (2 s)
2026-09-28 22:28:16 | src.experiments.frequency_agility | INFO   | [frequency_agility conv1d] fh_off sweep         partial_band  JSR=   2.0 dB r=0 jammed=1.000 BER=0.4592 (2 s)
2026-09-28 22:28:18 | src.experiments.frequency_agility | INFO   | [frequency_agility conv1d] fh_off sweep         partial_band  JSR=   6.0 dB r=0 jammed=1.000 BER=0.4996 (2 s)
2026-09-28 22:28:20 | src.experiments.frequency_agility | INFO   | [frequency_agility conv1d] fh_off sweep         partial_band  JSR=  10.0 dB r=0 jammed=1.000 BER=0.5015 (2 s)
2026-09-28 22:28:24 | src.experiments.frequency_agility | INFO   | [frequency_agility conv1d] fh_off sweep         cw            JSR= -10.0 dB r=1 jammed=1.000 BER=0.1928 (2 s)
2026-09-28 22:28:26 | src.experiments.frequency_agility | INFO   | [frequency_agility conv1d] fh_off sweep         cw            JSR=  -6.0 dB r=1 jammed=1.000 BER=0.2672 (2 s)
2026-09-28 22:28:27 | src.experiments.frequency_agility | INFO   | [frequency_agility conv1d] fh_off sweep         cw            JSR=  -2.0 dB r=1 jammed=1.000 BER=0.4323 (2 s)
2026-09-28 22:28:29 | src.experiments.frequency_agility | INFO   | [frequency_agility conv1d] fh_off sweep         cw            JSR=   2.0 dB r=1 jammed=1.000 BER=0.5073 (2 s)
2026-09-28 22:28:31 | src.experiments.frequency_agility | INFO   | [frequency_agility conv1d] fh_off sweep         cw            JSR=   6.0 dB r=1 jammed=1.000 BER=0.5075 (2 s)
2026-09-28 22:28:33 | src.experiments.frequency_agility | INFO   | [frequency_agility conv1d] fh_off sweep         cw            JSR=  10.0 dB r=1 jammed=1.000 BER=0.5075 (2 s)
2026-09-28 22:28:35 | src.experiments.frequency_agility | INFO   | [frequency_agility conv1d] fh_off sweep         partial_band  JSR= -10.0 dB r=1 jammed=1.000 BER=0.1318 (2 s)
2026-09-28 22:28:36 | src.experiments.frequency_agility | INFO   | [frequency_agility conv1d] fh_off sweep         partial_band  JSR=  -6.0 dB r=1 jammed=1.000 BER=0.1099 (2 s)
2026-09-28 22:28:38 | src.experiments.frequency_agility | INFO   | [frequency_agility conv1d] fh_off sweep         partial_band  JSR=  -2.0 dB r=1 jammed=1.000 BER=0.1503 (2 s)
2026-09-28 22:28:40 | src.experiments.frequency_agility | INFO   | [frequency_agility conv1d] fh_off sweep         partial_band  JSR=   2.0 dB r=1 jammed=1.000 BER=0.3925 (2 s)
2026-09-28 22:28:41 | src.experiments.frequency_agility | INFO   | [frequency_agility conv1d] fh_off sweep         partial_band  JSR=   6.0 dB r=1 jammed=1.000 BER=0.4893 (2 s)
2026-09-28 22:28:43 | src.experiments.frequency_agility | INFO   | [frequency_agility conv1d] fh_off sweep         partial_band  JSR=  10.0 dB r=1 jammed=1.000 BER=0.4925 (2 s)
2026-09-28 22:28:48 | src.experiments.frequency_agility | INFO   | [frequency_agility conv1d] fh_off sweep         cw            JSR= -10.0 dB r=2 jammed=1.000 BER=0.1509 (2 s)
2026-09-28 22:28:50 | src.experiments.frequency_agility | INFO   | [frequency_agility conv1d] fh_off sweep         cw            JSR=  -6.0 dB r=2 jammed=1.000 BER=0.1573 (2 s)
2026-09-28 22:28:51 | src.experiments.frequency_agility | INFO   | [frequency_agility conv1d] fh_off sweep         cw            JSR=  -2.0 dB r=2 jammed=1.000 BER=0.1787 (2 s)
2026-09-28 22:28:53 | src.experiments.frequency_agility | INFO   | [frequency_agility conv1d] fh_off sweep         cw            JSR=   2.0 dB r=2 jammed=1.000 BER=0.2495 (2 s)
2026-09-28 22:28:54 | src.experiments.frequency_agility | INFO   | [frequency_agility conv1d] fh_off sweep         cw            JSR=   6.0 dB r=2 jammed=1.000 BER=0.4200 (2 s)
2026-09-28 22:28:56 | src.experiments.frequency_agility | INFO   | [frequency_agility conv1d] fh_off sweep         cw            JSR=  10.0 dB r=2 jammed=1.000 BER=0.4998 (2 s)
2026-09-28 22:28:59 | src.experiments.frequency_agility | INFO   | [frequency_agility conv1d] fh_off sweep         partial_band  JSR= -10.0 dB r=2 jammed=1.000 BER=0.1246 (2 s)
2026-09-28 22:29:00 | src.experiments.frequency_agility | INFO   | [frequency_agility conv1d] fh_off sweep         partial_band  JSR=  -6.0 dB r=2 jammed=1.000 BER=0.1152 (2 s)
2026-09-28 22:29:02 | src.experiments.frequency_agility | INFO   | [frequency_agility conv1d] fh_off sweep         partial_band  JSR=  -2.0 dB r=2 jammed=1.000 BER=0.2465 (2 s)
2026-09-28 22:29:03 | src.experiments.frequency_agility | INFO   | [frequency_agility conv1d] fh_off sweep         partial_band  JSR=   2.0 dB r=2 jammed=1.000 BER=0.4629 (2 s)
2026-09-28 22:29:05 | src.experiments.frequency_agility | INFO   | [frequency_agility conv1d] fh_off sweep         partial_band  JSR=   6.0 dB r=2 jammed=1.000 BER=0.4997 (2 s)
2026-09-28 22:29:07 | src.experiments.frequency_agility | INFO   | [frequency_agility conv1d] fh_off sweep         partial_band  JSR=  10.0 dB r=2 jammed=1.000 BER=0.5000 (2 s)
2026-09-28 22:29:12 | src.experiments.frequency_agility | INFO   | [frequency_agility conv1d] fh_off sweep         cw            JSR= -10.0 dB r=3 jammed=1.000 BER=0.1125 (2 s)
2026-09-28 22:29:14 | src.experiments.frequency_agility | INFO   | [frequency_agility conv1d] fh_off sweep         cw            JSR=  -6.0 dB r=3 jammed=1.000 BER=0.1130 (2 s)
2026-09-28 22:29:15 | src.experiments.frequency_agility | INFO   | [frequency_agility conv1d] fh_off sweep         cw            JSR=  -2.0 dB r=3 jammed=1.000 BER=0.3404 (2 s)
2026-09-28 22:29:17 | src.experiments.frequency_agility | INFO   | [frequency_agility conv1d] fh_off sweep         cw            JSR=   2.0 dB r=3 jammed=1.000 BER=0.4943 (2 s)
2026-09-28 22:29:18 | src.experiments.frequency_agility | INFO   | [frequency_agility conv1d] fh_off sweep         cw            JSR=   6.0 dB r=3 jammed=1.000 BER=0.4993 (2 s)
2026-09-28 22:29:20 | src.experiments.frequency_agility | INFO   | [frequency_agility conv1d] fh_off sweep         cw            JSR=  10.0 dB r=3 jammed=1.000 BER=0.4993 (2 s)
2026-09-28 22:29:22 | src.experiments.frequency_agility | INFO   | [frequency_agility conv1d] fh_off sweep         partial_band  JSR= -10.0 dB r=3 jammed=1.000 BER=0.1225 (2 s)
2026-09-28 22:29:23 | src.experiments.frequency_agility | INFO   | [frequency_agility conv1d] fh_off sweep         partial_band  JSR=  -6.0 dB r=3 jammed=1.000 BER=0.1038 (2 s)
2026-09-28 22:29:25 | src.experiments.frequency_agility | INFO   | [frequency_agility conv1d] fh_off sweep         partial_band  JSR=  -2.0 dB r=3 jammed=1.000 BER=0.1487 (2 s)
2026-09-28 22:29:27 | src.experiments.frequency_agility | INFO   | [frequency_agility conv1d] fh_off sweep         partial_band  JSR=   2.0 dB r=3 jammed=1.000 BER=0.3985 (2 s)
2026-09-28 22:29:29 | src.experiments.frequency_agility | INFO   | [frequency_agility conv1d] fh_off sweep         partial_band  JSR=   6.0 dB r=3 jammed=1.000 BER=0.4961 (2 s)
2026-09-28 22:29:30 | src.experiments.frequency_agility | INFO   | [frequency_agility conv1d] fh_off sweep         partial_band  JSR=  10.0 dB r=3 jammed=1.000 BER=0.4993 (2 s)
2026-09-28 22:29:35 | src.experiments.frequency_agility | INFO   | [frequency_agility conv1d] fh_off sweep         cw            JSR= -10.0 dB r=4 jammed=1.000 BER=0.1257 (2 s)
2026-09-28 22:29:36 | src.experiments.frequency_agility | INFO   | [frequency_agility conv1d] fh_off sweep         cw            JSR=  -6.0 dB r=4 jammed=1.000 BER=0.1268 (2 s)
2026-09-28 22:29:38 | src.experiments.frequency_agility | INFO   | [frequency_agility conv1d] fh_off sweep         cw            JSR=  -2.0 dB r=4 jammed=1.000 BER=0.3141 (2 s)
2026-09-28 22:29:41 | src.experiments.frequency_agility | INFO   | [frequency_agility conv1d] fh_off sweep         cw            JSR=   2.0 dB r=4 jammed=1.000 BER=0.4918 (2 s)
2026-09-28 22:29:42 | src.experiments.frequency_agility | INFO   | [frequency_agility conv1d] fh_off sweep         cw            JSR=   6.0 dB r=4 jammed=1.000 BER=0.5010 (2 s)
2026-09-28 22:29:44 | src.experiments.frequency_agility | INFO   | [frequency_agility conv1d] fh_off sweep         cw            JSR=  10.0 dB r=4 jammed=1.000 BER=0.5010 (2 s)
2026-09-28 22:29:45 | src.experiments.frequency_agility | INFO   | [frequency_agility conv1d] fh_off sweep         partial_band  JSR= -10.0 dB r=4 jammed=1.000 BER=0.1658 (2 s)
2026-09-28 22:29:47 | src.experiments.frequency_agility | INFO   | [frequency_agility conv1d] fh_off sweep         partial_band  JSR=  -6.0 dB r=4 jammed=1.000 BER=0.1974 (2 s)
2026-09-28 22:29:48 | src.experiments.frequency_agility | INFO   | [frequency_agility conv1d] fh_off sweep         partial_band  JSR=  -2.0 dB r=4 jammed=1.000 BER=0.2848 (2 s)
2026-09-28 22:29:50 | src.experiments.frequency_agility | INFO   | [frequency_agility conv1d] fh_off sweep         partial_band  JSR=   2.0 dB r=4 jammed=1.000 BER=0.4233 (2 s)
2026-09-28 22:29:52 | src.experiments.frequency_agility | INFO   | [frequency_agility conv1d] fh_off sweep         partial_band  JSR=   6.0 dB r=4 jammed=1.000 BER=0.4905 (2 s)
2026-09-28 22:29:54 | src.experiments.frequency_agility | INFO   | [frequency_agility conv1d] fh_off sweep         partial_band  JSR=  10.0 dB r=4 jammed=1.000 BER=0.4975 (2 s)
2026-09-28 22:29:59 | src.experiments.frequency_agility | INFO   | [frequency_agility conv1d] fh_off follower      cw            JSR= -10.0 dB r=0 jammed=1.000 BER=0.1920 (2 s)
2026-09-28 22:30:00 | src.experiments.frequency_agility | INFO   | [frequency_agility conv1d] fh_off follower      cw            JSR=  -6.0 dB r=0 jammed=1.000 BER=0.3006 (2 s)
2026-09-28 22:30:02 | src.experiments.frequency_agility | INFO   | [frequency_agility conv1d] fh_off follower      cw            JSR=  -2.0 dB r=0 jammed=1.000 BER=0.4688 (2 s)
2026-09-28 22:30:03 | src.experiments.frequency_agility | INFO   | [frequency_agility conv1d] fh_off follower      cw            JSR=   2.0 dB r=0 jammed=1.000 BER=0.5034 (2 s)
2026-09-28 22:30:05 | src.experiments.frequency_agility | INFO   | [frequency_agility conv1d] fh_off follower      cw            JSR=   6.0 dB r=0 jammed=1.000 BER=0.5034 (2 s)
2026-09-28 22:30:07 | src.experiments.frequency_agility | INFO   | [frequency_agility conv1d] fh_off follower      cw            JSR=  10.0 dB r=0 jammed=1.000 BER=0.5034 (2 s)
2026-09-28 22:30:09 | src.experiments.frequency_agility | INFO   | [frequency_agility conv1d] fh_off follower      partial_band  JSR= -10.0 dB r=0 jammed=1.000 BER=0.1565 (2 s)
2026-09-28 22:30:11 | src.experiments.frequency_agility | INFO   | [frequency_agility conv1d] fh_off follower      partial_band  JSR=  -6.0 dB r=0 jammed=1.000 BER=0.1936 (2 s)
2026-09-28 22:30:12 | src.experiments.frequency_agility | INFO   | [frequency_agility conv1d] fh_off follower      partial_band  JSR=  -2.0 dB r=0 jammed=1.000 BER=0.2945 (2 s)
2026-09-28 22:30:14 | src.experiments.frequency_agility | INFO   | [frequency_agility conv1d] fh_off follower      partial_band  JSR=   2.0 dB r=0 jammed=1.000 BER=0.4516 (2 s)
2026-09-28 22:30:15 | src.experiments.frequency_agility | INFO   | [frequency_agility conv1d] fh_off follower      partial_band  JSR=   6.0 dB r=0 jammed=1.000 BER=0.5003 (2 s)
2026-09-28 22:30:17 | src.experiments.frequency_agility | INFO   | [frequency_agility conv1d] fh_off follower      partial_band  JSR=  10.0 dB r=0 jammed=1.000 BER=0.5033 (2 s)
2026-09-28 22:30:23 | src.experiments.frequency_agility | INFO   | [frequency_agility conv1d] fh_off follower      cw            JSR= -10.0 dB r=1 jammed=1.000 BER=0.1900 (2 s)
2026-09-28 22:30:24 | src.experiments.frequency_agility | INFO   | [frequency_agility conv1d] fh_off follower      cw            JSR=  -6.0 dB r=1 jammed=1.000 BER=0.2636 (2 s)
2026-09-28 22:30:26 | src.experiments.frequency_agility | INFO   | [frequency_agility conv1d] fh_off follower      cw            JSR=  -2.0 dB r=1 jammed=1.000 BER=0.4254 (2 s)
2026-09-28 22:30:27 | src.experiments.frequency_agility | INFO   | [frequency_agility conv1d] fh_off follower      cw            JSR=   2.0 dB r=1 jammed=1.000 BER=0.5015 (2 s)
2026-09-28 22:30:29 | src.experiments.frequency_agility | INFO   | [frequency_agility conv1d] fh_off follower      cw            JSR=   6.0 dB r=1 jammed=1.000 BER=0.5023 (2 s)
2026-09-28 22:30:30 | src.experiments.frequency_agility | INFO   | [frequency_agility conv1d] fh_off follower      cw            JSR=  10.0 dB r=1 jammed=1.000 BER=0.5023 (2 s)
2026-09-28 22:30:32 | src.experiments.frequency_agility | INFO   | [frequency_agility conv1d] fh_off follower      partial_band  JSR= -10.0 dB r=1 jammed=1.000 BER=0.1290 (2 s)
2026-09-28 22:30:35 | src.experiments.frequency_agility | INFO   | [frequency_agility conv1d] fh_off follower      partial_band  JSR=  -6.0 dB r=1 jammed=1.000 BER=0.1087 (2 s)
2026-09-28 22:30:36 | src.experiments.frequency_agility | INFO   | [frequency_agility conv1d] fh_off follower      partial_band  JSR=  -2.0 dB r=1 jammed=1.000 BER=0.1512 (2 s)
2026-09-28 22:30:38 | src.experiments.frequency_agility | INFO   | [frequency_agility conv1d] fh_off follower      partial_band  JSR=   2.0 dB r=1 jammed=1.000 BER=0.3954 (2 s)
2026-09-28 22:30:39 | src.experiments.frequency_agility | INFO   | [frequency_agility conv1d] fh_off follower      partial_band  JSR=   6.0 dB r=1 jammed=1.000 BER=0.4944 (2 s)
2026-09-28 22:30:41 | src.experiments.frequency_agility | INFO   | [frequency_agility conv1d] fh_off follower      partial_band  JSR=  10.0 dB r=1 jammed=1.000 BER=0.4976 (2 s)
2026-09-28 22:30:45 | src.experiments.frequency_agility | INFO   | [frequency_agility conv1d] fh_off follower      cw            JSR= -10.0 dB r=2 jammed=1.000 BER=0.1553 (2 s)
2026-09-28 22:30:48 | src.experiments.frequency_agility | INFO   | [frequency_agility conv1d] fh_off follower      cw            JSR=  -6.0 dB r=2 jammed=1.000 BER=0.1605 (2 s)
2026-09-28 22:30:50 | src.experiments.frequency_agility | INFO   | [frequency_agility conv1d] fh_off follower      cw            JSR=  -2.0 dB r=2 jammed=1.000 BER=0.1849 (2 s)
2026-09-28 22:30:51 | src.experiments.frequency_agility | INFO   | [frequency_agility conv1d] fh_off follower      cw            JSR=   2.0 dB r=2 jammed=1.000 BER=0.2633 (2 s)
2026-09-28 22:30:53 | src.experiments.frequency_agility | INFO   | [frequency_agility conv1d] fh_off follower      cw            JSR=   6.0 dB r=2 jammed=1.000 BER=0.4205 (2 s)
2026-09-28 22:30:54 | src.experiments.frequency_agility | INFO   | [frequency_agility conv1d] fh_off follower      cw            JSR=  10.0 dB r=2 jammed=1.000 BER=0.4943 (2 s)
2026-09-28 22:30:56 | src.experiments.frequency_agility | INFO   | [frequency_agility conv1d] fh_off follower      partial_band  JSR= -10.0 dB r=2 jammed=1.000 BER=0.1243 (2 s)
2026-09-28 22:30:57 | src.experiments.frequency_agility | INFO   | [frequency_agility conv1d] fh_off follower      partial_band  JSR=  -6.0 dB r=2 jammed=1.000 BER=0.1169 (2 s)
2026-09-28 22:30:59 | src.experiments.frequency_agility | INFO   | [frequency_agility conv1d] fh_off follower      partial_band  JSR=  -2.0 dB r=2 jammed=1.000 BER=0.2465 (2 s)
2026-09-28 22:31:01 | src.experiments.frequency_agility | INFO   | [frequency_agility conv1d] fh_off follower      partial_band  JSR=   2.0 dB r=2 jammed=1.000 BER=0.4666 (2 s)
2026-09-28 22:31:03 | src.experiments.frequency_agility | INFO   | [frequency_agility conv1d] fh_off follower      partial_band  JSR=   6.0 dB r=2 jammed=1.000 BER=0.5038 (2 s)
2026-09-28 22:31:05 | src.experiments.frequency_agility | INFO   | [frequency_agility conv1d] fh_off follower      partial_band  JSR=  10.0 dB r=2 jammed=1.000 BER=0.5039 (2 s)
2026-09-28 22:31:09 | src.experiments.frequency_agility | INFO   | [frequency_agility conv1d] fh_off follower      cw            JSR= -10.0 dB r=3 jammed=1.000 BER=0.1116 (2 s)
2026-09-28 22:31:11 | src.experiments.frequency_agility | INFO   | [frequency_agility conv1d] fh_off follower      cw            JSR=  -6.0 dB r=3 jammed=1.000 BER=0.1085 (2 s)
2026-09-28 22:31:12 | src.experiments.frequency_agility | INFO   | [frequency_agility conv1d] fh_off follower      cw            JSR=  -2.0 dB r=3 jammed=1.000 BER=0.3343 (2 s)
2026-09-28 22:31:14 | src.experiments.frequency_agility | INFO   | [frequency_agility conv1d] fh_off follower      cw            JSR=   2.0 dB r=3 jammed=1.000 BER=0.4935 (2 s)
2026-09-28 22:31:16 | src.experiments.frequency_agility | INFO   | [frequency_agility conv1d] fh_off follower      cw            JSR=   6.0 dB r=3 jammed=1.000 BER=0.4985 (2 s)
2026-09-28 22:31:18 | src.experiments.frequency_agility | INFO   | [frequency_agility conv1d] fh_off follower      cw            JSR=  10.0 dB r=3 jammed=1.000 BER=0.4985 (2 s)
2026-09-28 22:31:20 | src.experiments.frequency_agility | INFO   | [frequency_agility conv1d] fh_off follower      partial_band  JSR= -10.0 dB r=3 jammed=1.000 BER=0.1212 (2 s)
2026-09-28 22:31:21 | src.experiments.frequency_agility | INFO   | [frequency_agility conv1d] fh_off follower      partial_band  JSR=  -6.0 dB r=3 jammed=1.000 BER=0.0990 (2 s)
2026-09-28 22:31:23 | src.experiments.frequency_agility | INFO   | [frequency_agility conv1d] fh_off follower      partial_band  JSR=  -2.0 dB r=3 jammed=1.000 BER=0.1405 (2 s)
2026-09-28 22:31:24 | src.experiments.frequency_agility | INFO   | [frequency_agility conv1d] fh_off follower      partial_band  JSR=   2.0 dB r=3 jammed=1.000 BER=0.3948 (2 s)
2026-09-28 22:31:26 | src.experiments.frequency_agility | INFO   | [frequency_agility conv1d] fh_off follower      partial_band  JSR=   6.0 dB r=3 jammed=1.000 BER=0.4954 (2 s)
2026-09-28 22:31:28 | src.experiments.frequency_agility | INFO   | [frequency_agility conv1d] fh_off follower      partial_band  JSR=  10.0 dB r=3 jammed=1.000 BER=0.4985 (2 s)
2026-09-28 22:31:33 | src.experiments.frequency_agility | INFO   | [frequency_agility conv1d] fh_off follower      cw            JSR= -10.0 dB r=4 jammed=1.000 BER=0.1275 (2 s)
2026-09-28 22:31:35 | src.experiments.frequency_agility | INFO   | [frequency_agility conv1d] fh_off follower      cw            JSR=  -6.0 dB r=4 jammed=1.000 BER=0.1283 (2 s)
2026-09-28 22:31:36 | src.experiments.frequency_agility | INFO   | [frequency_agility conv1d] fh_off follower      cw            JSR=  -2.0 dB r=4 jammed=1.000 BER=0.3192 (2 s)
2026-09-28 22:31:38 | src.experiments.frequency_agility | INFO   | [frequency_agility conv1d] fh_off follower      cw            JSR=   2.0 dB r=4 jammed=1.000 BER=0.4914 (2 s)
2026-09-28 22:31:39 | src.experiments.frequency_agility | INFO   | [frequency_agility conv1d] fh_off follower      cw            JSR=   6.0 dB r=4 jammed=1.000 BER=0.5010 (2 s)
2026-09-28 22:31:41 | src.experiments.frequency_agility | INFO   | [frequency_agility conv1d] fh_off follower      cw            JSR=  10.0 dB r=4 jammed=1.000 BER=0.5010 (2 s)
2026-09-28 22:31:44 | src.experiments.frequency_agility | INFO   | [frequency_agility conv1d] fh_off follower      partial_band  JSR= -10.0 dB r=4 jammed=1.000 BER=0.1675 (2 s)
2026-09-28 22:31:45 | src.experiments.frequency_agility | INFO   | [frequency_agility conv1d] fh_off follower      partial_band  JSR=  -6.0 dB r=4 jammed=1.000 BER=0.2000 (2 s)
2026-09-28 22:31:47 | src.experiments.frequency_agility | INFO   | [frequency_agility conv1d] fh_off follower      partial_band  JSR=  -2.0 dB r=4 jammed=1.000 BER=0.2884 (2 s)
2026-09-28 22:31:48 | src.experiments.frequency_agility | INFO   | [frequency_agility conv1d] fh_off follower      partial_band  JSR=   2.0 dB r=4 jammed=1.000 BER=0.4308 (2 s)
2026-09-28 22:31:50 | src.experiments.frequency_agility | INFO   | [frequency_agility conv1d] fh_off follower      partial_band  JSR=   6.0 dB r=4 jammed=1.000 BER=0.4918 (2 s)
2026-09-28 22:31:51 | src.experiments.frequency_agility | INFO   | [frequency_agility conv1d] fh_off follower      partial_band  JSR=  10.0 dB r=4 jammed=1.000 BER=0.4975 (2 s)
2026-09-28 22:31:57 | src.experiments.frequency_agility | INFO   | [frequency_agility conv1d] fh_off_blind barrage       cw            JSR= -10.0 dB r=0 jammed=1.000 BER=0.2057 (2 s)
2026-09-28 22:31:58 | src.experiments.frequency_agility | INFO   | [frequency_agility conv1d] fh_off_blind barrage       cw            JSR=  -6.0 dB r=0 jammed=1.000 BER=0.3072 (2 s)
2026-09-28 22:32:00 | src.experiments.frequency_agility | INFO   | [frequency_agility conv1d] fh_off_blind barrage       cw            JSR=  -2.0 dB r=0 jammed=1.000 BER=0.4728 (2 s)
2026-09-28 22:32:02 | src.experiments.frequency_agility | INFO   | [frequency_agility conv1d] fh_off_blind barrage       cw            JSR=   2.0 dB r=0 jammed=1.000 BER=0.5030 (2 s)
2026-09-28 22:32:03 | src.experiments.frequency_agility | INFO   | [frequency_agility conv1d] fh_off_blind barrage       cw            JSR=   6.0 dB r=0 jammed=1.000 BER=0.5031 (2 s)
2026-09-28 22:32:05 | src.experiments.frequency_agility | INFO   | [frequency_agility conv1d] fh_off_blind barrage       cw            JSR=  10.0 dB r=0 jammed=1.000 BER=0.5031 (2 s)
2026-09-28 22:32:06 | src.experiments.frequency_agility | INFO   | [frequency_agility conv1d] fh_off_blind barrage       partial_band  JSR= -10.0 dB r=0 jammed=1.000 BER=0.1668 (2 s)
2026-09-28 22:32:08 | src.experiments.frequency_agility | INFO   | [frequency_agility conv1d] fh_off_blind barrage       partial_band  JSR=  -6.0 dB r=0 jammed=1.000 BER=0.2049 (2 s)
2026-09-28 22:32:10 | src.experiments.frequency_agility | INFO   | [frequency_agility conv1d] fh_off_blind barrage       partial_band  JSR=  -2.0 dB r=0 jammed=1.000 BER=0.3069 (2 s)
2026-09-28 22:32:12 | src.experiments.frequency_agility | INFO   | [frequency_agility conv1d] fh_off_blind barrage       partial_band  JSR=   2.0 dB r=0 jammed=1.000 BER=0.4551 (2 s)
2026-09-28 22:32:13 | src.experiments.frequency_agility | INFO   | [frequency_agility conv1d] fh_off_blind barrage       partial_band  JSR=   6.0 dB r=0 jammed=1.000 BER=0.5011 (2 s)
2026-09-28 22:32:15 | src.experiments.frequency_agility | INFO   | [frequency_agility conv1d] fh_off_blind barrage       partial_band  JSR=  10.0 dB r=0 jammed=1.000 BER=0.5028 (2 s)
2026-09-28 22:32:19 | src.experiments.frequency_agility | INFO   | [frequency_agility conv1d] fh_off_blind barrage       cw            JSR= -10.0 dB r=1 jammed=1.000 BER=0.1832 (2 s)
2026-09-28 22:32:21 | src.experiments.frequency_agility | INFO   | [frequency_agility conv1d] fh_off_blind barrage       cw            JSR=  -6.0 dB r=1 jammed=1.000 BER=0.2552 (2 s)
2026-09-28 22:32:23 | src.experiments.frequency_agility | INFO   | [frequency_agility conv1d] fh_off_blind barrage       cw            JSR=  -2.0 dB r=1 jammed=1.000 BER=0.4206 (2 s)
2026-09-28 22:32:25 | src.experiments.frequency_agility | INFO   | [frequency_agility conv1d] fh_off_blind barrage       cw            JSR=   2.0 dB r=1 jammed=1.000 BER=0.4971 (2 s)
2026-09-28 22:32:27 | src.experiments.frequency_agility | INFO   | [frequency_agility conv1d] fh_off_blind barrage       cw            JSR=   6.0 dB r=1 jammed=1.000 BER=0.4996 (2 s)
2026-09-28 22:32:28 | src.experiments.frequency_agility | INFO   | [frequency_agility conv1d] fh_off_blind barrage       cw            JSR=  10.0 dB r=1 jammed=1.000 BER=0.4996 (2 s)
2026-09-28 22:32:30 | src.experiments.frequency_agility | INFO   | [frequency_agility conv1d] fh_off_blind barrage       partial_band  JSR= -10.0 dB r=1 jammed=1.000 BER=0.1227 (2 s)
2026-09-28 22:32:32 | src.experiments.frequency_agility | INFO   | [frequency_agility conv1d] fh_off_blind barrage       partial_band  JSR=  -6.0 dB r=1 jammed=1.000 BER=0.1013 (2 s)
2026-09-28 22:32:33 | src.experiments.frequency_agility | INFO   | [frequency_agility conv1d] fh_off_blind barrage       partial_band  JSR=  -2.0 dB r=1 jammed=1.000 BER=0.1496 (2 s)
2026-09-28 22:32:35 | src.experiments.frequency_agility | INFO   | [frequency_agility conv1d] fh_off_blind barrage       partial_band  JSR=   2.0 dB r=1 jammed=1.000 BER=0.3966 (2 s)
2026-09-28 22:32:37 | src.experiments.frequency_agility | INFO   | [frequency_agility conv1d] fh_off_blind barrage       partial_band  JSR=   6.0 dB r=1 jammed=1.000 BER=0.4977 (2 s)
2026-09-28 22:32:39 | src.experiments.frequency_agility | INFO   | [frequency_agility conv1d] fh_off_blind barrage       partial_band  JSR=  10.0 dB r=1 jammed=1.000 BER=0.5003 (2 s)
2026-09-28 22:32:43 | src.experiments.frequency_agility | INFO   | [frequency_agility conv1d] fh_off_blind barrage       cw            JSR= -10.0 dB r=2 jammed=1.000 BER=0.1490 (2 s)
2026-09-28 22:32:45 | src.experiments.frequency_agility | INFO   | [frequency_agility conv1d] fh_off_blind barrage       cw            JSR=  -6.0 dB r=2 jammed=1.000 BER=0.1525 (2 s)
2026-09-28 22:32:46 | src.experiments.frequency_agility | INFO   | [frequency_agility conv1d] fh_off_blind barrage       cw            JSR=  -2.0 dB r=2 jammed=1.000 BER=0.1727 (2 s)
2026-09-28 22:32:48 | src.experiments.frequency_agility | INFO   | [frequency_agility conv1d] fh_off_blind barrage       cw            JSR=   2.0 dB r=2 jammed=1.000 BER=0.2495 (2 s)
2026-09-28 22:32:50 | src.experiments.frequency_agility | INFO   | [frequency_agility conv1d] fh_off_blind barrage       cw            JSR=   6.0 dB r=2 jammed=1.000 BER=0.4167 (2 s)
2026-09-28 22:32:52 | src.experiments.frequency_agility | INFO   | [frequency_agility conv1d] fh_off_blind barrage       cw            JSR=  10.0 dB r=2 jammed=1.000 BER=0.5027 (2 s)
2026-09-28 22:32:54 | src.experiments.frequency_agility | INFO   | [frequency_agility conv1d] fh_off_blind barrage       partial_band  JSR= -10.0 dB r=2 jammed=1.000 BER=0.1221 (2 s)
2026-09-28 22:32:55 | src.experiments.frequency_agility | INFO   | [frequency_agility conv1d] fh_off_blind barrage       partial_band  JSR=  -6.0 dB r=2 jammed=1.000 BER=0.1090 (2 s)
2026-09-28 22:32:57 | src.experiments.frequency_agility | INFO   | [frequency_agility conv1d] fh_off_blind barrage       partial_band  JSR=  -2.0 dB r=2 jammed=1.000 BER=0.2401 (2 s)
2026-09-28 22:32:59 | src.experiments.frequency_agility | INFO   | [frequency_agility conv1d] fh_off_blind barrage       partial_band  JSR=   2.0 dB r=2 jammed=1.000 BER=0.4633 (2 s)
2026-09-28 22:33:00 | src.experiments.frequency_agility | INFO   | [frequency_agility conv1d] fh_off_blind barrage       partial_band  JSR=   6.0 dB r=2 jammed=1.000 BER=0.4970 (2 s)
2026-09-28 22:33:02 | src.experiments.frequency_agility | INFO   | [frequency_agility conv1d] fh_off_blind barrage       partial_band  JSR=  10.0 dB r=2 jammed=1.000 BER=0.4973 (2 s)
2026-09-28 22:33:07 | src.experiments.frequency_agility | INFO   | [frequency_agility conv1d] fh_off_blind barrage       cw            JSR= -10.0 dB r=3 jammed=1.000 BER=0.1083 (2 s)
2026-09-28 22:33:09 | src.experiments.frequency_agility | INFO   | [frequency_agility conv1d] fh_off_blind barrage       cw            JSR=  -6.0 dB r=3 jammed=1.000 BER=0.1070 (2 s)
2026-09-28 22:33:10 | src.experiments.frequency_agility | INFO   | [frequency_agility conv1d] fh_off_blind barrage       cw            JSR=  -2.0 dB r=3 jammed=1.000 BER=0.3384 (2 s)
2026-09-28 22:33:12 | src.experiments.frequency_agility | INFO   | [frequency_agility conv1d] fh_off_blind barrage       cw            JSR=   2.0 dB r=3 jammed=1.000 BER=0.4946 (2 s)
2026-09-28 22:33:14 | src.experiments.frequency_agility | INFO   | [frequency_agility conv1d] fh_off_blind barrage       cw            JSR=   6.0 dB r=3 jammed=1.000 BER=0.4997 (2 s)
2026-09-28 22:33:15 | src.experiments.frequency_agility | INFO   | [frequency_agility conv1d] fh_off_blind barrage       cw            JSR=  10.0 dB r=3 jammed=1.000 BER=0.4997 (2 s)
2026-09-28 22:33:17 | src.experiments.frequency_agility | INFO   | [frequency_agility conv1d] fh_off_blind barrage       partial_band  JSR= -10.0 dB r=3 jammed=1.000 BER=0.1203 (2 s)
2026-09-28 22:33:19 | src.experiments.frequency_agility | INFO   | [frequency_agility conv1d] fh_off_blind barrage       partial_band  JSR=  -6.0 dB r=3 jammed=1.000 BER=0.0998 (2 s)
2026-09-28 22:33:21 | src.experiments.frequency_agility | INFO   | [frequency_agility conv1d] fh_off_blind barrage       partial_band  JSR=  -2.0 dB r=3 jammed=1.000 BER=0.1476 (2 s)
2026-09-28 22:33:23 | src.experiments.frequency_agility | INFO   | [frequency_agility conv1d] fh_off_blind barrage       partial_band  JSR=   2.0 dB r=3 jammed=1.000 BER=0.3992 (2 s)
2026-09-28 22:33:24 | src.experiments.frequency_agility | INFO   | [frequency_agility conv1d] fh_off_blind barrage       partial_band  JSR=   6.0 dB r=3 jammed=1.000 BER=0.4968 (2 s)
2026-09-28 22:33:26 | src.experiments.frequency_agility | INFO   | [frequency_agility conv1d] fh_off_blind barrage       partial_band  JSR=  10.0 dB r=3 jammed=1.000 BER=0.4996 (2 s)
2026-09-28 22:33:30 | src.experiments.frequency_agility | INFO   | [frequency_agility conv1d] fh_off_blind barrage       cw            JSR= -10.0 dB r=4 jammed=1.000 BER=0.1206 (2 s)
2026-09-28 22:33:32 | src.experiments.frequency_agility | INFO   | [frequency_agility conv1d] fh_off_blind barrage       cw            JSR=  -6.0 dB r=4 jammed=1.000 BER=0.1213 (2 s)
2026-09-28 22:33:34 | src.experiments.frequency_agility | INFO   | [frequency_agility conv1d] fh_off_blind barrage       cw            JSR=  -2.0 dB r=4 jammed=1.000 BER=0.3144 (2 s)
2026-09-28 22:33:36 | src.experiments.frequency_agility | INFO   | [frequency_agility conv1d] fh_off_blind barrage       cw            JSR=   2.0 dB r=4 jammed=1.000 BER=0.4847 (2 s)
2026-09-28 22:33:38 | src.experiments.frequency_agility | INFO   | [frequency_agility conv1d] fh_off_blind barrage       cw            JSR=   6.0 dB r=4 jammed=1.000 BER=0.4959 (2 s)
2026-09-28 22:33:39 | src.experiments.frequency_agility | INFO   | [frequency_agility conv1d] fh_off_blind barrage       cw            JSR=  10.0 dB r=4 jammed=1.000 BER=0.4959 (2 s)
2026-09-28 22:33:41 | src.experiments.frequency_agility | INFO   | [frequency_agility conv1d] fh_off_blind barrage       partial_band  JSR= -10.0 dB r=4 jammed=1.000 BER=0.1600 (2 s)
2026-09-28 22:33:43 | src.experiments.frequency_agility | INFO   | [frequency_agility conv1d] fh_off_blind barrage       partial_band  JSR=  -6.0 dB r=4 jammed=1.000 BER=0.1898 (2 s)
2026-09-28 22:33:45 | src.experiments.frequency_agility | INFO   | [frequency_agility conv1d] fh_off_blind barrage       partial_band  JSR=  -2.0 dB r=4 jammed=1.000 BER=0.2777 (2 s)
2026-09-28 22:33:47 | src.experiments.frequency_agility | INFO   | [frequency_agility conv1d] fh_off_blind barrage       partial_band  JSR=   2.0 dB r=4 jammed=1.000 BER=0.4273 (2 s)
2026-09-28 22:33:48 | src.experiments.frequency_agility | INFO   | [frequency_agility conv1d] fh_off_blind barrage       partial_band  JSR=   6.0 dB r=4 jammed=1.000 BER=0.4965 (2 s)
2026-09-28 22:33:50 | src.experiments.frequency_agility | INFO   | [frequency_agility conv1d] fh_off_blind barrage       partial_band  JSR=  10.0 dB r=4 jammed=1.000 BER=0.5027 (2 s)
2026-09-28 22:33:54 | src.experiments.frequency_agility | INFO   | [frequency_agility conv1d] fh_off_blind fixed_partial cw            JSR= -10.0 dB r=0 jammed=0.000 BER=0.1432 (2 s)
2026-09-28 22:33:56 | src.experiments.frequency_agility | INFO   | [frequency_agility conv1d] fh_off_blind fixed_partial cw            JSR=  -6.0 dB r=0 jammed=0.000 BER=0.1432 (2 s)
2026-09-28 22:33:57 | src.experiments.frequency_agility | INFO   | [frequency_agility conv1d] fh_off_blind fixed_partial cw            JSR=  -2.0 dB r=0 jammed=0.000 BER=0.1432 (2 s)
2026-09-28 22:33:59 | src.experiments.frequency_agility | INFO   | [frequency_agility conv1d] fh_off_blind fixed_partial cw            JSR=   2.0 dB r=0 jammed=0.000 BER=0.1432 (2 s)
2026-09-28 22:34:01 | src.experiments.frequency_agility | INFO   | [frequency_agility conv1d] fh_off_blind fixed_partial cw            JSR=   6.0 dB r=0 jammed=0.000 BER=0.1432 (2 s)
2026-09-28 22:34:03 | src.experiments.frequency_agility | INFO   | [frequency_agility conv1d] fh_off_blind fixed_partial cw            JSR=  10.0 dB r=0 jammed=0.000 BER=0.1432 (2 s)
2026-09-28 22:34:05 | src.experiments.frequency_agility | INFO   | [frequency_agility conv1d] fh_off_blind fixed_partial partial_band  JSR= -10.0 dB r=0 jammed=0.000 BER=0.1432 (2 s)
2026-09-28 22:34:06 | src.experiments.frequency_agility | INFO   | [frequency_agility conv1d] fh_off_blind fixed_partial partial_band  JSR=  -6.0 dB r=0 jammed=0.000 BER=0.1432 (2 s)
2026-09-28 22:34:08 | src.experiments.frequency_agility | INFO   | [frequency_agility conv1d] fh_off_blind fixed_partial partial_band  JSR=  -2.0 dB r=0 jammed=0.000 BER=0.1432 (1 s)
2026-09-28 22:34:09 | src.experiments.frequency_agility | INFO   | [frequency_agility conv1d] fh_off_blind fixed_partial partial_band  JSR=   2.0 dB r=0 jammed=0.000 BER=0.1432 (1 s)
2026-09-28 22:34:11 | src.experiments.frequency_agility | INFO   | [frequency_agility conv1d] fh_off_blind fixed_partial partial_band  JSR=   6.0 dB r=0 jammed=0.000 BER=0.1432 (1 s)
2026-09-28 22:34:13 | src.experiments.frequency_agility | INFO   | [frequency_agility conv1d] fh_off_blind fixed_partial partial_band  JSR=  10.0 dB r=0 jammed=0.000 BER=0.1432 (2 s)
2026-09-28 22:34:18 | src.experiments.frequency_agility | INFO   | [frequency_agility conv1d] fh_off_blind fixed_partial cw            JSR= -10.0 dB r=1 jammed=0.000 BER=0.1477 (2 s)
2026-09-28 22:34:19 | src.experiments.frequency_agility | INFO   | [frequency_agility conv1d] fh_off_blind fixed_partial cw            JSR=  -6.0 dB r=1 jammed=0.000 BER=0.1477 (1 s)
2026-09-28 22:34:21 | src.experiments.frequency_agility | INFO   | [frequency_agility conv1d] fh_off_blind fixed_partial cw            JSR=  -2.0 dB r=1 jammed=0.000 BER=0.1477 (2 s)
2026-09-28 22:34:22 | src.experiments.frequency_agility | INFO   | [frequency_agility conv1d] fh_off_blind fixed_partial cw            JSR=   2.0 dB r=1 jammed=0.000 BER=0.1477 (1 s)
2026-09-28 22:34:24 | src.experiments.frequency_agility | INFO   | [frequency_agility conv1d] fh_off_blind fixed_partial cw            JSR=   6.0 dB r=1 jammed=0.000 BER=0.1477 (1 s)
2026-09-28 22:34:25 | src.experiments.frequency_agility | INFO   | [frequency_agility conv1d] fh_off_blind fixed_partial cw            JSR=  10.0 dB r=1 jammed=0.000 BER=0.1477 (2 s)
2026-09-28 22:34:28 | src.experiments.frequency_agility | INFO   | [frequency_agility conv1d] fh_off_blind fixed_partial partial_band  JSR= -10.0 dB r=1 jammed=0.000 BER=0.1477 (2 s)
2026-09-28 22:34:29 | src.experiments.frequency_agility | INFO   | [frequency_agility conv1d] fh_off_blind fixed_partial partial_band  JSR=  -6.0 dB r=1 jammed=0.000 BER=0.1477 (2 s)
2026-09-28 22:34:31 | src.experiments.frequency_agility | INFO   | [frequency_agility conv1d] fh_off_blind fixed_partial partial_band  JSR=  -2.0 dB r=1 jammed=0.000 BER=0.1477 (1 s)
2026-09-28 22:34:32 | src.experiments.frequency_agility | INFO   | [frequency_agility conv1d] fh_off_blind fixed_partial partial_band  JSR=   2.0 dB r=1 jammed=0.000 BER=0.1477 (1 s)
2026-09-28 22:34:34 | src.experiments.frequency_agility | INFO   | [frequency_agility conv1d] fh_off_blind fixed_partial partial_band  JSR=   6.0 dB r=1 jammed=0.000 BER=0.1477 (2 s)
2026-09-28 22:34:35 | src.experiments.frequency_agility | INFO   | [frequency_agility conv1d] fh_off_blind fixed_partial partial_band  JSR=  10.0 dB r=1 jammed=0.000 BER=0.1477 (2 s)
2026-09-28 22:34:40 | src.experiments.frequency_agility | INFO   | [frequency_agility conv1d] fh_off_blind fixed_partial cw            JSR= -10.0 dB r=2 jammed=0.000 BER=0.1454 (2 s)
2026-09-28 22:34:42 | src.experiments.frequency_agility | INFO   | [frequency_agility conv1d] fh_off_blind fixed_partial cw            JSR=  -6.0 dB r=2 jammed=0.000 BER=0.1454 (2 s)
2026-09-28 22:34:44 | src.experiments.frequency_agility | INFO   | [frequency_agility conv1d] fh_off_blind fixed_partial cw            JSR=  -2.0 dB r=2 jammed=0.000 BER=0.1454 (1 s)
2026-09-28 22:34:45 | src.experiments.frequency_agility | INFO   | [frequency_agility conv1d] fh_off_blind fixed_partial cw            JSR=   2.0 dB r=2 jammed=0.000 BER=0.1454 (2 s)
2026-09-28 22:34:47 | src.experiments.frequency_agility | INFO   | [frequency_agility conv1d] fh_off_blind fixed_partial cw            JSR=   6.0 dB r=2 jammed=0.000 BER=0.1454 (1 s)
2026-09-28 22:34:48 | src.experiments.frequency_agility | INFO   | [frequency_agility conv1d] fh_off_blind fixed_partial cw            JSR=  10.0 dB r=2 jammed=0.000 BER=0.1454 (1 s)
2026-09-28 22:34:50 | src.experiments.frequency_agility | INFO   | [frequency_agility conv1d] fh_off_blind fixed_partial partial_band  JSR= -10.0 dB r=2 jammed=0.000 BER=0.1454 (2 s)
2026-09-28 22:34:51 | src.experiments.frequency_agility | INFO   | [frequency_agility conv1d] fh_off_blind fixed_partial partial_band  JSR=  -6.0 dB r=2 jammed=0.000 BER=0.1454 (2 s)
2026-09-28 22:34:53 | src.experiments.frequency_agility | INFO   | [frequency_agility conv1d] fh_off_blind fixed_partial partial_band  JSR=  -2.0 dB r=2 jammed=0.000 BER=0.1454 (2 s)
2026-09-28 22:34:55 | src.experiments.frequency_agility | INFO   | [frequency_agility conv1d] fh_off_blind fixed_partial partial_band  JSR=   2.0 dB r=2 jammed=0.000 BER=0.1454 (2 s)
2026-09-28 22:34:57 | src.experiments.frequency_agility | INFO   | [frequency_agility conv1d] fh_off_blind fixed_partial partial_band  JSR=   6.0 dB r=2 jammed=0.000 BER=0.1454 (2 s)
2026-09-28 22:34:58 | src.experiments.frequency_agility | INFO   | [frequency_agility conv1d] fh_off_blind fixed_partial partial_band  JSR=  10.0 dB r=2 jammed=0.000 BER=0.1454 (1 s)
2026-09-28 22:35:03 | src.experiments.frequency_agility | INFO   | [frequency_agility conv1d] fh_off_blind fixed_partial cw            JSR= -10.0 dB r=3 jammed=1.000 BER=0.1255 (2 s)
2026-09-28 22:35:04 | src.experiments.frequency_agility | INFO   | [frequency_agility conv1d] fh_off_blind fixed_partial cw            JSR=  -6.0 dB r=3 jammed=1.000 BER=0.1265 (2 s)
2026-09-28 22:35:06 | src.experiments.frequency_agility | INFO   | [frequency_agility conv1d] fh_off_blind fixed_partial cw            JSR=  -2.0 dB r=3 jammed=1.000 BER=0.3337 (2 s)
2026-09-28 22:35:08 | src.experiments.frequency_agility | INFO   | [frequency_agility conv1d] fh_off_blind fixed_partial cw            JSR=   2.0 dB r=3 jammed=1.000 BER=0.4892 (2 s)
2026-09-28 22:35:10 | src.experiments.frequency_agility | INFO   | [frequency_agility conv1d] fh_off_blind fixed_partial cw            JSR=   6.0 dB r=3 jammed=1.000 BER=0.4958 (2 s)
2026-09-28 22:35:12 | src.experiments.frequency_agility | INFO   | [frequency_agility conv1d] fh_off_blind fixed_partial cw            JSR=  10.0 dB r=3 jammed=1.000 BER=0.4958 (2 s)
2026-09-28 22:35:13 | src.experiments.frequency_agility | INFO   | [frequency_agility conv1d] fh_off_blind fixed_partial partial_band  JSR= -10.0 dB r=3 jammed=1.000 BER=0.1373 (2 s)
2026-09-28 22:35:15 | src.experiments.frequency_agility | INFO   | [frequency_agility conv1d] fh_off_blind fixed_partial partial_band  JSR=  -6.0 dB r=3 jammed=1.000 BER=0.1143 (2 s)
2026-09-28 22:35:17 | src.experiments.frequency_agility | INFO   | [frequency_agility conv1d] fh_off_blind fixed_partial partial_band  JSR=  -2.0 dB r=3 jammed=1.000 BER=0.1537 (2 s)
2026-09-28 22:35:18 | src.experiments.frequency_agility | INFO   | [frequency_agility conv1d] fh_off_blind fixed_partial partial_band  JSR=   2.0 dB r=3 jammed=1.000 BER=0.3940 (2 s)
2026-09-28 22:35:20 | src.experiments.frequency_agility | INFO   | [frequency_agility conv1d] fh_off_blind fixed_partial partial_band  JSR=   6.0 dB r=3 jammed=1.000 BER=0.4919 (2 s)
2026-09-28 22:35:22 | src.experiments.frequency_agility | INFO   | [frequency_agility conv1d] fh_off_blind fixed_partial partial_band  JSR=  10.0 dB r=3 jammed=1.000 BER=0.4958 (2 s)
2026-09-28 22:35:27 | src.experiments.frequency_agility | INFO   | [frequency_agility conv1d] fh_off_blind fixed_partial cw            JSR= -10.0 dB r=4 jammed=1.000 BER=0.1227 (2 s)
2026-09-28 22:35:28 | src.experiments.frequency_agility | INFO   | [frequency_agility conv1d] fh_off_blind fixed_partial cw            JSR=  -6.0 dB r=4 jammed=1.000 BER=0.1231 (2 s)
2026-09-28 22:35:30 | src.experiments.frequency_agility | INFO   | [frequency_agility conv1d] fh_off_blind fixed_partial cw            JSR=  -2.0 dB r=4 jammed=1.000 BER=0.3106 (2 s)
2026-09-28 22:35:31 | src.experiments.frequency_agility | INFO   | [frequency_agility conv1d] fh_off_blind fixed_partial cw            JSR=   2.0 dB r=4 jammed=1.000 BER=0.4894 (2 s)
2026-09-28 22:35:33 | src.experiments.frequency_agility | INFO   | [frequency_agility conv1d] fh_off_blind fixed_partial cw            JSR=   6.0 dB r=4 jammed=1.000 BER=0.4988 (2 s)
2026-09-28 22:35:35 | src.experiments.frequency_agility | INFO   | [frequency_agility conv1d] fh_off_blind fixed_partial cw            JSR=  10.0 dB r=4 jammed=1.000 BER=0.4988 (2 s)
2026-09-28 22:35:37 | src.experiments.frequency_agility | INFO   | [frequency_agility conv1d] fh_off_blind fixed_partial partial_band  JSR= -10.0 dB r=4 jammed=1.000 BER=0.1617 (2 s)
2026-09-28 22:35:39 | src.experiments.frequency_agility | INFO   | [frequency_agility conv1d] fh_off_blind fixed_partial partial_band  JSR=  -6.0 dB r=4 jammed=1.000 BER=0.1940 (2 s)
2026-09-28 22:35:40 | src.experiments.frequency_agility | INFO   | [frequency_agility conv1d] fh_off_blind fixed_partial partial_band  JSR=  -2.0 dB r=4 jammed=1.000 BER=0.2804 (2 s)
2026-09-28 22:35:42 | src.experiments.frequency_agility | INFO   | [frequency_agility conv1d] fh_off_blind fixed_partial partial_band  JSR=   2.0 dB r=4 jammed=1.000 BER=0.4284 (2 s)
2026-09-28 22:35:43 | src.experiments.frequency_agility | INFO   | [frequency_agility conv1d] fh_off_blind fixed_partial partial_band  JSR=   6.0 dB r=4 jammed=1.000 BER=0.4930 (2 s)
2026-09-28 22:35:45 | src.experiments.frequency_agility | INFO   | [frequency_agility conv1d] fh_off_blind fixed_partial partial_band  JSR=  10.0 dB r=4 jammed=1.000 BER=0.4999 (2 s)
2026-09-28 22:35:50 | src.experiments.frequency_agility | INFO   | [frequency_agility conv1d] fh_off_blind sweep         cw            JSR= -10.0 dB r=0 jammed=0.125 BER=0.1529 (2 s)
2026-09-28 22:35:52 | src.experiments.frequency_agility | INFO   | [frequency_agility conv1d] fh_off_blind sweep         cw            JSR=  -6.0 dB r=0 jammed=0.125 BER=0.1643 (2 s)
2026-09-28 22:35:53 | src.experiments.frequency_agility | INFO   | [frequency_agility conv1d] fh_off_blind sweep         cw            JSR=  -2.0 dB r=0 jammed=0.125 BER=0.1862 (1 s)
2026-09-28 22:35:55 | src.experiments.frequency_agility | INFO   | [frequency_agility conv1d] fh_off_blind sweep         cw            JSR=   2.0 dB r=0 jammed=0.125 BER=0.1893 (2 s)
2026-09-28 22:35:56 | src.experiments.frequency_agility | INFO   | [frequency_agility conv1d] fh_off_blind sweep         cw            JSR=   6.0 dB r=0 jammed=0.125 BER=0.1893 (1 s)
2026-09-28 22:35:58 | src.experiments.frequency_agility | INFO   | [frequency_agility conv1d] fh_off_blind sweep         cw            JSR=  10.0 dB r=0 jammed=0.125 BER=0.1893 (1 s)
2026-09-28 22:36:00 | src.experiments.frequency_agility | INFO   | [frequency_agility conv1d] fh_off_blind sweep         partial_band  JSR= -10.0 dB r=0 jammed=0.125 BER=0.1470 (1 s)
2026-09-28 22:36:01 | src.experiments.frequency_agility | INFO   | [frequency_agility conv1d] fh_off_blind sweep         partial_band  JSR=  -6.0 dB r=0 jammed=0.125 BER=0.1513 (2 s)
2026-09-28 22:36:03 | src.experiments.frequency_agility | INFO   | [frequency_agility conv1d] fh_off_blind sweep         partial_band  JSR=  -2.0 dB r=0 jammed=0.125 BER=0.1640 (2 s)
2026-09-28 22:36:05 | src.experiments.frequency_agility | INFO   | [frequency_agility conv1d] fh_off_blind sweep         partial_band  JSR=   2.0 dB r=0 jammed=0.125 BER=0.1839 (2 s)
2026-09-28 22:36:07 | src.experiments.frequency_agility | INFO   | [frequency_agility conv1d] fh_off_blind sweep         partial_band  JSR=   6.0 dB r=0 jammed=0.125 BER=0.1892 (1 s)
2026-09-28 22:36:08 | src.experiments.frequency_agility | INFO   | [frequency_agility conv1d] fh_off_blind sweep         partial_band  JSR=  10.0 dB r=0 jammed=0.125 BER=0.1893 (2 s)
2026-09-28 22:36:12 | src.experiments.frequency_agility | INFO   | [frequency_agility conv1d] fh_off_blind sweep         cw            JSR= -10.0 dB r=1 jammed=0.125 BER=0.1580 (1 s)
2026-09-28 22:36:14 | src.experiments.frequency_agility | INFO   | [frequency_agility conv1d] fh_off_blind sweep         cw            JSR=  -6.0 dB r=1 jammed=0.125 BER=0.1682 (2 s)
2026-09-28 22:36:16 | src.experiments.frequency_agility | INFO   | [frequency_agility conv1d] fh_off_blind sweep         cw            JSR=  -2.0 dB r=1 jammed=0.125 BER=0.1877 (2 s)
2026-09-28 22:36:18 | src.experiments.frequency_agility | INFO   | [frequency_agility conv1d] fh_off_blind sweep         cw            JSR=   2.0 dB r=1 jammed=0.125 BER=0.1984 (2 s)
2026-09-28 22:36:20 | src.experiments.frequency_agility | INFO   | [frequency_agility conv1d] fh_off_blind sweep         cw            JSR=   6.0 dB r=1 jammed=0.125 BER=0.1984 (2 s)
2026-09-28 22:36:21 | src.experiments.frequency_agility | INFO   | [frequency_agility conv1d] fh_off_blind sweep         cw            JSR=  10.0 dB r=1 jammed=0.125 BER=0.1984 (2 s)
2026-09-28 22:36:23 | src.experiments.frequency_agility | INFO   | [frequency_agility conv1d] fh_off_blind sweep         partial_band  JSR= -10.0 dB r=1 jammed=0.125 BER=0.1505 (2 s)
2026-09-28 22:36:24 | src.experiments.frequency_agility | INFO   | [frequency_agility conv1d] fh_off_blind sweep         partial_band  JSR=  -6.0 dB r=1 jammed=0.125 BER=0.1479 (2 s)
2026-09-28 22:36:26 | src.experiments.frequency_agility | INFO   | [frequency_agility conv1d] fh_off_blind sweep         partial_band  JSR=  -2.0 dB r=1 jammed=0.125 BER=0.1520 (1 s)
2026-09-28 22:36:27 | src.experiments.frequency_agility | INFO   | [frequency_agility conv1d] fh_off_blind sweep         partial_band  JSR=   2.0 dB r=1 jammed=0.125 BER=0.1820 (2 s)
2026-09-28 22:36:29 | src.experiments.frequency_agility | INFO   | [frequency_agility conv1d] fh_off_blind sweep         partial_band  JSR=   6.0 dB r=1 jammed=0.125 BER=0.1939 (2 s)
2026-09-28 22:36:31 | src.experiments.frequency_agility | INFO   | [frequency_agility conv1d] fh_off_blind sweep         partial_band  JSR=  10.0 dB r=1 jammed=0.125 BER=0.1941 (2 s)
2026-09-28 22:36:36 | src.experiments.frequency_agility | INFO   | [frequency_agility conv1d] fh_off_blind sweep         cw            JSR= -10.0 dB r=2 jammed=0.125 BER=0.1494 (2 s)
2026-09-28 22:36:37 | src.experiments.frequency_agility | INFO   | [frequency_agility conv1d] fh_off_blind sweep         cw            JSR=  -6.0 dB r=2 jammed=0.125 BER=0.1501 (2 s)
2026-09-28 22:36:39 | src.experiments.frequency_agility | INFO   | [frequency_agility conv1d] fh_off_blind sweep         cw            JSR=  -2.0 dB r=2 jammed=0.125 BER=0.1534 (2 s)
2026-09-28 22:36:40 | src.experiments.frequency_agility | INFO   | [frequency_agility conv1d] fh_off_blind sweep         cw            JSR=   2.0 dB r=2 jammed=0.125 BER=0.1628 (2 s)
2026-09-28 22:36:42 | src.experiments.frequency_agility | INFO   | [frequency_agility conv1d] fh_off_blind sweep         cw            JSR=   6.0 dB r=2 jammed=0.125 BER=0.1840 (2 s)
2026-09-28 22:36:44 | src.experiments.frequency_agility | INFO   | [frequency_agility conv1d] fh_off_blind sweep         cw            JSR=  10.0 dB r=2 jammed=0.125 BER=0.1942 (2 s)
2026-09-28 22:36:46 | src.experiments.frequency_agility | INFO   | [frequency_agility conv1d] fh_off_blind sweep         partial_band  JSR= -10.0 dB r=2 jammed=0.125 BER=0.1462 (2 s)
2026-09-28 22:36:48 | src.experiments.frequency_agility | INFO   | [frequency_agility conv1d] fh_off_blind sweep         partial_band  JSR=  -6.0 dB r=2 jammed=0.125 BER=0.1451 (2 s)
2026-09-28 22:36:49 | src.experiments.frequency_agility | INFO   | [frequency_agility conv1d] fh_off_blind sweep         partial_band  JSR=  -2.0 dB r=2 jammed=0.125 BER=0.1608 (2 s)
2026-09-28 22:36:51 | src.experiments.frequency_agility | INFO   | [frequency_agility conv1d] fh_off_blind sweep         partial_band  JSR=   2.0 dB r=2 jammed=0.125 BER=0.1867 (2 s)
2026-09-28 22:36:52 | src.experiments.frequency_agility | INFO   | [frequency_agility conv1d] fh_off_blind sweep         partial_band  JSR=   6.0 dB r=2 jammed=0.125 BER=0.1915 (2 s)
2026-09-28 22:36:54 | src.experiments.frequency_agility | INFO   | [frequency_agility conv1d] fh_off_blind sweep         partial_band  JSR=  10.0 dB r=2 jammed=0.125 BER=0.1915 (1 s)
2026-09-28 22:36:59 | src.experiments.frequency_agility | INFO   | [frequency_agility conv1d] fh_off_blind sweep         cw            JSR= -10.0 dB r=3 jammed=0.125 BER=0.1389 (2 s)
2026-09-28 22:37:01 | src.experiments.frequency_agility | INFO   | [frequency_agility conv1d] fh_off_blind sweep         cw            JSR=  -6.0 dB r=3 jammed=0.125 BER=0.1380 (2 s)
2026-09-28 22:37:02 | src.experiments.frequency_agility | INFO   | [frequency_agility conv1d] fh_off_blind sweep         cw            JSR=  -2.0 dB r=3 jammed=0.125 BER=0.1672 (2 s)
2026-09-28 22:37:04 | src.experiments.frequency_agility | INFO   | [frequency_agility conv1d] fh_off_blind sweep         cw            JSR=   2.0 dB r=3 jammed=0.125 BER=0.1872 (1 s)
2026-09-28 22:37:05 | src.experiments.frequency_agility | INFO   | [frequency_agility conv1d] fh_off_blind sweep         cw            JSR=   6.0 dB r=3 jammed=0.125 BER=0.1877 (2 s)
2026-09-28 22:37:07 | src.experiments.frequency_agility | INFO   | [frequency_agility conv1d] fh_off_blind sweep         cw            JSR=  10.0 dB r=3 jammed=0.125 BER=0.1877 (1 s)
2026-09-28 22:37:08 | src.experiments.frequency_agility | INFO   | [frequency_agility conv1d] fh_off_blind sweep         partial_band  JSR= -10.0 dB r=3 jammed=0.125 BER=0.1402 (2 s)
2026-09-28 22:37:10 | src.experiments.frequency_agility | INFO   | [frequency_agility conv1d] fh_off_blind sweep         partial_band  JSR=  -6.0 dB r=3 jammed=0.125 BER=0.1376 (2 s)
2026-09-28 22:37:12 | src.experiments.frequency_agility | INFO   | [frequency_agility conv1d] fh_off_blind sweep         partial_band  JSR=  -2.0 dB r=3 jammed=0.125 BER=0.1438 (2 s)
2026-09-28 22:37:14 | src.experiments.frequency_agility | INFO   | [frequency_agility conv1d] fh_off_blind sweep         partial_band  JSR=   2.0 dB r=3 jammed=0.125 BER=0.1741 (2 s)
2026-09-28 22:37:15 | src.experiments.frequency_agility | INFO   | [frequency_agility conv1d] fh_off_blind sweep         partial_band  JSR=   6.0 dB r=3 jammed=0.125 BER=0.1872 (2 s)
2026-09-28 22:37:17 | src.experiments.frequency_agility | INFO   | [frequency_agility conv1d] fh_off_blind sweep         partial_band  JSR=  10.0 dB r=3 jammed=0.125 BER=0.1877 (1 s)
2026-09-28 22:37:21 | src.experiments.frequency_agility | INFO   | [frequency_agility conv1d] fh_off_blind sweep         cw            JSR= -10.0 dB r=4 jammed=0.125 BER=0.1441 (2 s)
2026-09-28 22:37:23 | src.experiments.frequency_agility | INFO   | [frequency_agility conv1d] fh_off_blind sweep         cw            JSR=  -6.0 dB r=4 jammed=0.125 BER=0.1448 (2 s)
2026-09-28 22:37:25 | src.experiments.frequency_agility | INFO   | [frequency_agility conv1d] fh_off_blind sweep         cw            JSR=  -2.0 dB r=4 jammed=0.125 BER=0.1649 (2 s)
2026-09-28 22:37:27 | src.experiments.frequency_agility | INFO   | [frequency_agility conv1d] fh_off_blind sweep         cw            JSR=   2.0 dB r=4 jammed=0.125 BER=0.1875 (2 s)
2026-09-28 22:37:28 | src.experiments.frequency_agility | INFO   | [frequency_agility conv1d] fh_off_blind sweep         cw            JSR=   6.0 dB r=4 jammed=0.125 BER=0.1890 (2 s)
2026-09-28 22:37:30 | src.experiments.frequency_agility | INFO   | [frequency_agility conv1d] fh_off_blind sweep         cw            JSR=  10.0 dB r=4 jammed=0.125 BER=0.1890 (2 s)
2026-09-28 22:37:31 | src.experiments.frequency_agility | INFO   | [frequency_agility conv1d] fh_off_blind sweep         partial_band  JSR= -10.0 dB r=4 jammed=0.125 BER=0.1494 (2 s)
2026-09-28 22:37:33 | src.experiments.frequency_agility | INFO   | [frequency_agility conv1d] fh_off_blind sweep         partial_band  JSR=  -6.0 dB r=4 jammed=0.125 BER=0.1536 (1 s)
2026-09-28 22:37:34 | src.experiments.frequency_agility | INFO   | [frequency_agility conv1d] fh_off_blind sweep         partial_band  JSR=  -2.0 dB r=4 jammed=0.125 BER=0.1641 (2 s)
2026-09-28 22:37:36 | src.experiments.frequency_agility | INFO   | [frequency_agility conv1d] fh_off_blind sweep         partial_band  JSR=   2.0 dB r=4 jammed=0.125 BER=0.1815 (2 s)
2026-09-28 22:37:38 | src.experiments.frequency_agility | INFO   | [frequency_agility conv1d] fh_off_blind sweep         partial_band  JSR=   6.0 dB r=4 jammed=0.125 BER=0.1895 (2 s)
2026-09-28 22:37:40 | src.experiments.frequency_agility | INFO   | [frequency_agility conv1d] fh_off_blind sweep         partial_band  JSR=  10.0 dB r=4 jammed=0.125 BER=0.1908 (2 s)
2026-09-28 22:37:44 | src.experiments.frequency_agility | INFO   | [frequency_agility conv1d] fh_off_blind follower      cw            JSR= -10.0 dB r=0 jammed=0.000 BER=0.1351 (2 s)
2026-09-28 22:37:46 | src.experiments.frequency_agility | INFO   | [frequency_agility conv1d] fh_off_blind follower      cw            JSR=  -6.0 dB r=0 jammed=0.000 BER=0.1351 (2 s)
2026-09-28 22:37:48 | src.experiments.frequency_agility | INFO   | [frequency_agility conv1d] fh_off_blind follower      cw            JSR=  -2.0 dB r=0 jammed=0.000 BER=0.1351 (2 s)
2026-09-28 22:37:49 | src.experiments.frequency_agility | INFO   | [frequency_agility conv1d] fh_off_blind follower      cw            JSR=   2.0 dB r=0 jammed=0.000 BER=0.1351 (2 s)
2026-09-28 22:37:51 | src.experiments.frequency_agility | INFO   | [frequency_agility conv1d] fh_off_blind follower      cw            JSR=   6.0 dB r=0 jammed=0.000 BER=0.1351 (2 s)
2026-09-28 22:37:53 | src.experiments.frequency_agility | INFO   | [frequency_agility conv1d] fh_off_blind follower      cw            JSR=  10.0 dB r=0 jammed=0.000 BER=0.1351 (2 s)
2026-09-28 22:37:55 | src.experiments.frequency_agility | INFO   | [frequency_agility conv1d] fh_off_blind follower      partial_band  JSR= -10.0 dB r=0 jammed=0.000 BER=0.1351 (2 s)
2026-09-28 22:37:56 | src.experiments.frequency_agility | INFO   | [frequency_agility conv1d] fh_off_blind follower      partial_band  JSR=  -6.0 dB r=0 jammed=0.000 BER=0.1351 (2 s)
2026-09-28 22:37:58 | src.experiments.frequency_agility | INFO   | [frequency_agility conv1d] fh_off_blind follower      partial_band  JSR=  -2.0 dB r=0 jammed=0.000 BER=0.1351 (1 s)
2026-09-28 22:37:59 | src.experiments.frequency_agility | INFO   | [frequency_agility conv1d] fh_off_blind follower      partial_band  JSR=   2.0 dB r=0 jammed=0.000 BER=0.1351 (1 s)
2026-09-28 22:38:01 | src.experiments.frequency_agility | INFO   | [frequency_agility conv1d] fh_off_blind follower      partial_band  JSR=   6.0 dB r=0 jammed=0.000 BER=0.1351 (1 s)
2026-09-28 22:38:02 | src.experiments.frequency_agility | INFO   | [frequency_agility conv1d] fh_off_blind follower      partial_band  JSR=  10.0 dB r=0 jammed=0.000 BER=0.1351 (1 s)
2026-09-28 22:38:08 | src.experiments.frequency_agility | INFO   | [frequency_agility conv1d] fh_off_blind follower      cw            JSR= -10.0 dB r=1 jammed=0.000 BER=0.1501 (2 s)
2026-09-28 22:38:09 | src.experiments.frequency_agility | INFO   | [frequency_agility conv1d] fh_off_blind follower      cw            JSR=  -6.0 dB r=1 jammed=0.000 BER=0.1501 (1 s)
2026-09-28 22:38:11 | src.experiments.frequency_agility | INFO   | [frequency_agility conv1d] fh_off_blind follower      cw            JSR=  -2.0 dB r=1 jammed=0.000 BER=0.1501 (1 s)
2026-09-28 22:38:12 | src.experiments.frequency_agility | INFO   | [frequency_agility conv1d] fh_off_blind follower      cw            JSR=   2.0 dB r=1 jammed=0.000 BER=0.1501 (2 s)
2026-09-28 22:38:14 | src.experiments.frequency_agility | INFO   | [frequency_agility conv1d] fh_off_blind follower      cw            JSR=   6.0 dB r=1 jammed=0.000 BER=0.1501 (2 s)
2026-09-28 22:38:15 | src.experiments.frequency_agility | INFO   | [frequency_agility conv1d] fh_off_blind follower      cw            JSR=  10.0 dB r=1 jammed=0.000 BER=0.1501 (2 s)
2026-09-28 22:38:17 | src.experiments.frequency_agility | INFO   | [frequency_agility conv1d] fh_off_blind follower      partial_band  JSR= -10.0 dB r=1 jammed=0.000 BER=0.1501 (1 s)
2026-09-28 22:38:18 | src.experiments.frequency_agility | INFO   | [frequency_agility conv1d] fh_off_blind follower      partial_band  JSR=  -6.0 dB r=1 jammed=0.000 BER=0.1501 (2 s)
2026-09-28 22:38:20 | src.experiments.frequency_agility | INFO   | [frequency_agility conv1d] fh_off_blind follower      partial_band  JSR=  -2.0 dB r=1 jammed=0.000 BER=0.1501 (2 s)
2026-09-28 22:38:22 | src.experiments.frequency_agility | INFO   | [frequency_agility conv1d] fh_off_blind follower      partial_band  JSR=   2.0 dB r=1 jammed=0.000 BER=0.1501 (2 s)
2026-09-28 22:38:24 | src.experiments.frequency_agility | INFO   | [frequency_agility conv1d] fh_off_blind follower      partial_band  JSR=   6.0 dB r=1 jammed=0.000 BER=0.1501 (1 s)
2026-09-28 22:38:25 | src.experiments.frequency_agility | INFO   | [frequency_agility conv1d] fh_off_blind follower      partial_band  JSR=  10.0 dB r=1 jammed=0.000 BER=0.1501 (1 s)
2026-09-28 22:38:30 | src.experiments.frequency_agility | INFO   | [frequency_agility conv1d] fh_off_blind follower      cw            JSR= -10.0 dB r=2 jammed=0.000 BER=0.1522 (2 s)
2026-09-28 22:38:31 | src.experiments.frequency_agility | INFO   | [frequency_agility conv1d] fh_off_blind follower      cw            JSR=  -6.0 dB r=2 jammed=0.000 BER=0.1522 (1 s)
2026-09-28 22:38:33 | src.experiments.frequency_agility | INFO   | [frequency_agility conv1d] fh_off_blind follower      cw            JSR=  -2.0 dB r=2 jammed=0.000 BER=0.1522 (2 s)
2026-09-28 22:38:35 | src.experiments.frequency_agility | INFO   | [frequency_agility conv1d] fh_off_blind follower      cw            JSR=   2.0 dB r=2 jammed=0.000 BER=0.1522 (2 s)
2026-09-28 22:38:37 | src.experiments.frequency_agility | INFO   | [frequency_agility conv1d] fh_off_blind follower      cw            JSR=   6.0 dB r=2 jammed=0.000 BER=0.1522 (2 s)
2026-09-28 22:38:38 | src.experiments.frequency_agility | INFO   | [frequency_agility conv1d] fh_off_blind follower      cw            JSR=  10.0 dB r=2 jammed=0.000 BER=0.1522 (2 s)
2026-09-28 22:38:40 | src.experiments.frequency_agility | INFO   | [frequency_agility conv1d] fh_off_blind follower      partial_band  JSR= -10.0 dB r=2 jammed=0.000 BER=0.1522 (2 s)
2026-09-28 22:38:41 | src.experiments.frequency_agility | INFO   | [frequency_agility conv1d] fh_off_blind follower      partial_band  JSR=  -6.0 dB r=2 jammed=0.000 BER=0.1522 (2 s)
2026-09-28 22:38:43 | src.experiments.frequency_agility | INFO   | [frequency_agility conv1d] fh_off_blind follower      partial_band  JSR=  -2.0 dB r=2 jammed=0.000 BER=0.1522 (1 s)
2026-09-28 22:38:44 | src.experiments.frequency_agility | INFO   | [frequency_agility conv1d] fh_off_blind follower      partial_band  JSR=   2.0 dB r=2 jammed=0.000 BER=0.1522 (1 s)
2026-09-28 22:38:46 | src.experiments.frequency_agility | INFO   | [frequency_agility conv1d] fh_off_blind follower      partial_band  JSR=   6.0 dB r=2 jammed=0.000 BER=0.1522 (2 s)
2026-09-28 22:38:48 | src.experiments.frequency_agility | INFO   | [frequency_agility conv1d] fh_off_blind follower      partial_band  JSR=  10.0 dB r=2 jammed=0.000 BER=0.1522 (2 s)
2026-09-28 22:38:53 | src.experiments.frequency_agility | INFO   | [frequency_agility conv1d] fh_off_blind follower      cw            JSR= -10.0 dB r=3 jammed=0.000 BER=0.1432 (2 s)
2026-09-28 22:38:54 | src.experiments.frequency_agility | INFO   | [frequency_agility conv1d] fh_off_blind follower      cw            JSR=  -6.0 dB r=3 jammed=0.000 BER=0.1432 (1 s)
2026-09-28 22:38:56 | src.experiments.frequency_agility | INFO   | [frequency_agility conv1d] fh_off_blind follower      cw            JSR=  -2.0 dB r=3 jammed=0.000 BER=0.1432 (1 s)
2026-09-28 22:38:57 | src.experiments.frequency_agility | INFO   | [frequency_agility conv1d] fh_off_blind follower      cw            JSR=   2.0 dB r=3 jammed=0.000 BER=0.1432 (1 s)
2026-09-28 22:38:59 | src.experiments.frequency_agility | INFO   | [frequency_agility conv1d] fh_off_blind follower      cw            JSR=   6.0 dB r=3 jammed=0.000 BER=0.1432 (1 s)
2026-09-28 22:39:01 | src.experiments.frequency_agility | INFO   | [frequency_agility conv1d] fh_off_blind follower      cw            JSR=  10.0 dB r=3 jammed=0.000 BER=0.1432 (2 s)
2026-09-28 22:39:03 | src.experiments.frequency_agility | INFO   | [frequency_agility conv1d] fh_off_blind follower      partial_band  JSR= -10.0 dB r=3 jammed=0.000 BER=0.1432 (2 s)
2026-09-28 22:39:05 | src.experiments.frequency_agility | INFO   | [frequency_agility conv1d] fh_off_blind follower      partial_band  JSR=  -6.0 dB r=3 jammed=0.000 BER=0.1432 (2 s)
2026-09-28 22:39:06 | src.experiments.frequency_agility | INFO   | [frequency_agility conv1d] fh_off_blind follower      partial_band  JSR=  -2.0 dB r=3 jammed=0.000 BER=0.1432 (2 s)
2026-09-28 22:39:08 | src.experiments.frequency_agility | INFO   | [frequency_agility conv1d] fh_off_blind follower      partial_band  JSR=   2.0 dB r=3 jammed=0.000 BER=0.1432 (1 s)
2026-09-28 22:39:09 | src.experiments.frequency_agility | INFO   | [frequency_agility conv1d] fh_off_blind follower      partial_band  JSR=   6.0 dB r=3 jammed=0.000 BER=0.1432 (1 s)
2026-09-28 22:39:11 | src.experiments.frequency_agility | INFO   | [frequency_agility conv1d] fh_off_blind follower      partial_band  JSR=  10.0 dB r=3 jammed=0.000 BER=0.1432 (2 s)
2026-09-28 22:39:16 | src.experiments.frequency_agility | INFO   | [frequency_agility conv1d] fh_off_blind follower      cw            JSR= -10.0 dB r=4 jammed=0.000 BER=0.1497 (2 s)
2026-09-28 22:39:17 | src.experiments.frequency_agility | INFO   | [frequency_agility conv1d] fh_off_blind follower      cw            JSR=  -6.0 dB r=4 jammed=0.000 BER=0.1497 (2 s)
2026-09-28 22:39:19 | src.experiments.frequency_agility | INFO   | [frequency_agility conv1d] fh_off_blind follower      cw            JSR=  -2.0 dB r=4 jammed=0.000 BER=0.1497 (1 s)
2026-09-28 22:39:20 | src.experiments.frequency_agility | INFO   | [frequency_agility conv1d] fh_off_blind follower      cw            JSR=   2.0 dB r=4 jammed=0.000 BER=0.1497 (1 s)
2026-09-28 22:39:22 | src.experiments.frequency_agility | INFO   | [frequency_agility conv1d] fh_off_blind follower      cw            JSR=   6.0 dB r=4 jammed=0.000 BER=0.1497 (2 s)
2026-09-28 22:39:23 | src.experiments.frequency_agility | INFO   | [frequency_agility conv1d] fh_off_blind follower      cw            JSR=  10.0 dB r=4 jammed=0.000 BER=0.1497 (2 s)
2026-09-28 22:39:25 | src.experiments.frequency_agility | INFO   | [frequency_agility conv1d] fh_off_blind follower      partial_band  JSR= -10.0 dB r=4 jammed=0.000 BER=0.1497 (2 s)
2026-09-28 22:39:27 | src.experiments.frequency_agility | INFO   | [frequency_agility conv1d] fh_off_blind follower      partial_band  JSR=  -6.0 dB r=4 jammed=0.000 BER=0.1497 (2 s)
2026-09-28 22:39:29 | src.experiments.frequency_agility | INFO   | [frequency_agility conv1d] fh_off_blind follower      partial_band  JSR=  -2.0 dB r=4 jammed=0.000 BER=0.1497 (2 s)
2026-09-28 22:39:31 | src.experiments.frequency_agility | INFO   | [frequency_agility conv1d] fh_off_blind follower      partial_band  JSR=   2.0 dB r=4 jammed=0.000 BER=0.1497 (2 s)
2026-09-28 22:39:32 | src.experiments.frequency_agility | INFO   | [frequency_agility conv1d] fh_off_blind follower      partial_band  JSR=   6.0 dB r=4 jammed=0.000 BER=0.1497 (1 s)
2026-09-28 22:39:34 | src.experiments.frequency_agility | INFO   | [frequency_agility conv1d] fh_off_blind follower      partial_band  JSR=  10.0 dB r=4 jammed=0.000 BER=0.1497 (2 s)
2026-09-28 22:39:38 | src.experiments.frequency_agility | INFO   | [frequency_agility conv1d] fh_on barrage       cw            JSR= -10.0 dB r=0 jammed=1.000 BER=0.2039 (2 s)
2026-09-28 22:39:40 | src.experiments.frequency_agility | INFO   | [frequency_agility conv1d] fh_on barrage       cw            JSR=  -6.0 dB r=0 jammed=1.000 BER=0.3081 (2 s)
2026-09-28 22:39:42 | src.experiments.frequency_agility | INFO   | [frequency_agility conv1d] fh_on barrage       cw            JSR=  -2.0 dB r=0 jammed=1.000 BER=0.4728 (2 s)
2026-09-28 22:39:44 | src.experiments.frequency_agility | INFO   | [frequency_agility conv1d] fh_on barrage       cw            JSR=   2.0 dB r=0 jammed=1.000 BER=0.5031 (2 s)
2026-09-28 22:39:45 | src.experiments.frequency_agility | INFO   | [frequency_agility conv1d] fh_on barrage       cw            JSR=   6.0 dB r=0 jammed=1.000 BER=0.5031 (2 s)
2026-09-28 22:39:47 | src.experiments.frequency_agility | INFO   | [frequency_agility conv1d] fh_on barrage       cw            JSR=  10.0 dB r=0 jammed=1.000 BER=0.5031 (2 s)
2026-09-28 22:39:48 | src.experiments.frequency_agility | INFO   | [frequency_agility conv1d] fh_on barrage       partial_band  JSR= -10.0 dB r=0 jammed=1.000 BER=0.1650 (2 s)
2026-09-28 22:39:50 | src.experiments.frequency_agility | INFO   | [frequency_agility conv1d] fh_on barrage       partial_band  JSR=  -6.0 dB r=0 jammed=1.000 BER=0.2039 (2 s)
2026-09-28 22:39:51 | src.experiments.frequency_agility | INFO   | [frequency_agility conv1d] fh_on barrage       partial_band  JSR=  -2.0 dB r=0 jammed=1.000 BER=0.3041 (2 s)
2026-09-28 22:39:53 | src.experiments.frequency_agility | INFO   | [frequency_agility conv1d] fh_on barrage       partial_band  JSR=   2.0 dB r=0 jammed=1.000 BER=0.4540 (2 s)
2026-09-28 22:39:55 | src.experiments.frequency_agility | INFO   | [frequency_agility conv1d] fh_on barrage       partial_band  JSR=   6.0 dB r=0 jammed=1.000 BER=0.5005 (2 s)
2026-09-28 22:39:57 | src.experiments.frequency_agility | INFO   | [frequency_agility conv1d] fh_on barrage       partial_band  JSR=  10.0 dB r=0 jammed=1.000 BER=0.5030 (2 s)
2026-09-28 22:40:01 | src.experiments.frequency_agility | INFO   | [frequency_agility conv1d] fh_on barrage       cw            JSR= -10.0 dB r=1 jammed=1.000 BER=0.1872 (2 s)
2026-09-28 22:40:03 | src.experiments.frequency_agility | INFO   | [frequency_agility conv1d] fh_on barrage       cw            JSR=  -6.0 dB r=1 jammed=1.000 BER=0.2582 (2 s)
2026-09-28 22:40:04 | src.experiments.frequency_agility | INFO   | [frequency_agility conv1d] fh_on barrage       cw            JSR=  -2.0 dB r=1 jammed=1.000 BER=0.4188 (2 s)
2026-09-28 22:40:06 | src.experiments.frequency_agility | INFO   | [frequency_agility conv1d] fh_on barrage       cw            JSR=   2.0 dB r=1 jammed=1.000 BER=0.4985 (2 s)
2026-09-28 22:40:08 | src.experiments.frequency_agility | INFO   | [frequency_agility conv1d] fh_on barrage       cw            JSR=   6.0 dB r=1 jammed=1.000 BER=0.4996 (2 s)
2026-09-28 22:40:10 | src.experiments.frequency_agility | INFO   | [frequency_agility conv1d] fh_on barrage       cw            JSR=  10.0 dB r=1 jammed=1.000 BER=0.4996 (2 s)
2026-09-28 22:40:12 | src.experiments.frequency_agility | INFO   | [frequency_agility conv1d] fh_on barrage       partial_band  JSR= -10.0 dB r=1 jammed=1.000 BER=0.1255 (2 s)
2026-09-28 22:40:13 | src.experiments.frequency_agility | INFO   | [frequency_agility conv1d] fh_on barrage       partial_band  JSR=  -6.0 dB r=1 jammed=1.000 BER=0.1027 (2 s)
2026-09-28 22:40:15 | src.experiments.frequency_agility | INFO   | [frequency_agility conv1d] fh_on barrage       partial_band  JSR=  -2.0 dB r=1 jammed=1.000 BER=0.1461 (2 s)
2026-09-28 22:40:17 | src.experiments.frequency_agility | INFO   | [frequency_agility conv1d] fh_on barrage       partial_band  JSR=   2.0 dB r=1 jammed=1.000 BER=0.3993 (2 s)
2026-09-28 22:40:18 | src.experiments.frequency_agility | INFO   | [frequency_agility conv1d] fh_on barrage       partial_band  JSR=   6.0 dB r=1 jammed=1.000 BER=0.4975 (2 s)
2026-09-28 22:40:20 | src.experiments.frequency_agility | INFO   | [frequency_agility conv1d] fh_on barrage       partial_band  JSR=  10.0 dB r=1 jammed=1.000 BER=0.5003 (2 s)
2026-09-28 22:40:25 | src.experiments.frequency_agility | INFO   | [frequency_agility conv1d] fh_on barrage       cw            JSR= -10.0 dB r=2 jammed=1.000 BER=0.1500 (2 s)
2026-09-28 22:40:26 | src.experiments.frequency_agility | INFO   | [frequency_agility conv1d] fh_on barrage       cw            JSR=  -6.0 dB r=2 jammed=1.000 BER=0.1546 (2 s)
2026-09-28 22:40:28 | src.experiments.frequency_agility | INFO   | [frequency_agility conv1d] fh_on barrage       cw            JSR=  -2.0 dB r=2 jammed=1.000 BER=0.1757 (2 s)
2026-09-28 22:40:30 | src.experiments.frequency_agility | INFO   | [frequency_agility conv1d] fh_on barrage       cw            JSR=   2.0 dB r=2 jammed=1.000 BER=0.2482 (2 s)
2026-09-28 22:40:31 | src.experiments.frequency_agility | INFO   | [frequency_agility conv1d] fh_on barrage       cw            JSR=   6.0 dB r=2 jammed=1.000 BER=0.4225 (2 s)
2026-09-28 22:40:33 | src.experiments.frequency_agility | INFO   | [frequency_agility conv1d] fh_on barrage       cw            JSR=  10.0 dB r=2 jammed=1.000 BER=0.5017 (2 s)
2026-09-28 22:40:34 | src.experiments.frequency_agility | INFO   | [frequency_agility conv1d] fh_on barrage       partial_band  JSR= -10.0 dB r=2 jammed=1.000 BER=0.1217 (2 s)
2026-09-28 22:40:36 | src.experiments.frequency_agility | INFO   | [frequency_agility conv1d] fh_on barrage       partial_band  JSR=  -6.0 dB r=2 jammed=1.000 BER=0.1080 (2 s)
2026-09-28 22:40:38 | src.experiments.frequency_agility | INFO   | [frequency_agility conv1d] fh_on barrage       partial_band  JSR=  -2.0 dB r=2 jammed=1.000 BER=0.2440 (2 s)
2026-09-28 22:40:40 | src.experiments.frequency_agility | INFO   | [frequency_agility conv1d] fh_on barrage       partial_band  JSR=   2.0 dB r=2 jammed=1.000 BER=0.4612 (2 s)
2026-09-28 22:40:42 | src.experiments.frequency_agility | INFO   | [frequency_agility conv1d] fh_on barrage       partial_band  JSR=   6.0 dB r=2 jammed=1.000 BER=0.4970 (2 s)
2026-09-28 22:40:43 | src.experiments.frequency_agility | INFO   | [frequency_agility conv1d] fh_on barrage       partial_band  JSR=  10.0 dB r=2 jammed=1.000 BER=0.4973 (2 s)
2026-09-28 22:40:48 | src.experiments.frequency_agility | INFO   | [frequency_agility conv1d] fh_on barrage       cw            JSR= -10.0 dB r=3 jammed=1.000 BER=0.1142 (2 s)
2026-09-28 22:40:49 | src.experiments.frequency_agility | INFO   | [frequency_agility conv1d] fh_on barrage       cw            JSR=  -6.0 dB r=3 jammed=1.000 BER=0.1119 (2 s)
2026-09-28 22:40:52 | src.experiments.frequency_agility | INFO   | [frequency_agility conv1d] fh_on barrage       cw            JSR=  -2.0 dB r=3 jammed=1.000 BER=0.3390 (2 s)
2026-09-28 22:40:53 | src.experiments.frequency_agility | INFO   | [frequency_agility conv1d] fh_on barrage       cw            JSR=   2.0 dB r=3 jammed=1.000 BER=0.4940 (2 s)
2026-09-28 22:40:55 | src.experiments.frequency_agility | INFO   | [frequency_agility conv1d] fh_on barrage       cw            JSR=   6.0 dB r=3 jammed=1.000 BER=0.4997 (2 s)
2026-09-28 22:40:56 | src.experiments.frequency_agility | INFO   | [frequency_agility conv1d] fh_on barrage       cw            JSR=  10.0 dB r=3 jammed=1.000 BER=0.4997 (2 s)
2026-09-28 22:40:58 | src.experiments.frequency_agility | INFO   | [frequency_agility conv1d] fh_on barrage       partial_band  JSR= -10.0 dB r=3 jammed=1.000 BER=0.1252 (2 s)
2026-09-28 22:41:00 | src.experiments.frequency_agility | INFO   | [frequency_agility conv1d] fh_on barrage       partial_band  JSR=  -6.0 dB r=3 jammed=1.000 BER=0.1018 (2 s)
2026-09-28 22:41:01 | src.experiments.frequency_agility | INFO   | [frequency_agility conv1d] fh_on barrage       partial_band  JSR=  -2.0 dB r=3 jammed=1.000 BER=0.1456 (2 s)
2026-09-28 22:41:03 | src.experiments.frequency_agility | INFO   | [frequency_agility conv1d] fh_on barrage       partial_band  JSR=   2.0 dB r=3 jammed=1.000 BER=0.4027 (2 s)
2026-09-28 22:41:05 | src.experiments.frequency_agility | INFO   | [frequency_agility conv1d] fh_on barrage       partial_band  JSR=   6.0 dB r=3 jammed=1.000 BER=0.4975 (2 s)
2026-09-28 22:41:07 | src.experiments.frequency_agility | INFO   | [frequency_agility conv1d] fh_on barrage       partial_band  JSR=  10.0 dB r=3 jammed=1.000 BER=0.4997 (2 s)
2026-09-28 22:41:11 | src.experiments.frequency_agility | INFO   | [frequency_agility conv1d] fh_on barrage       cw            JSR= -10.0 dB r=4 jammed=1.000 BER=0.1230 (2 s)
2026-09-28 22:41:13 | src.experiments.frequency_agility | INFO   | [frequency_agility conv1d] fh_on barrage       cw            JSR=  -6.0 dB r=4 jammed=1.000 BER=0.1249 (2 s)
2026-09-28 22:41:14 | src.experiments.frequency_agility | INFO   | [frequency_agility conv1d] fh_on barrage       cw            JSR=  -2.0 dB r=4 jammed=1.000 BER=0.3106 (2 s)
2026-09-28 22:41:16 | src.experiments.frequency_agility | INFO   | [frequency_agility conv1d] fh_on barrage       cw            JSR=   2.0 dB r=4 jammed=1.000 BER=0.4859 (2 s)
2026-09-28 22:41:18 | src.experiments.frequency_agility | INFO   | [frequency_agility conv1d] fh_on barrage       cw            JSR=   6.0 dB r=4 jammed=1.000 BER=0.4959 (2 s)
2026-09-28 22:41:20 | src.experiments.frequency_agility | INFO   | [frequency_agility conv1d] fh_on barrage       cw            JSR=  10.0 dB r=4 jammed=1.000 BER=0.4959 (2 s)
2026-09-28 22:41:22 | src.experiments.frequency_agility | INFO   | [frequency_agility conv1d] fh_on barrage       partial_band  JSR= -10.0 dB r=4 jammed=1.000 BER=0.1636 (2 s)
2026-09-28 22:41:23 | src.experiments.frequency_agility | INFO   | [frequency_agility conv1d] fh_on barrage       partial_band  JSR=  -6.0 dB r=4 jammed=1.000 BER=0.1951 (2 s)
2026-09-28 22:41:25 | src.experiments.frequency_agility | INFO   | [frequency_agility conv1d] fh_on barrage       partial_band  JSR=  -2.0 dB r=4 jammed=1.000 BER=0.2856 (2 s)
2026-09-28 22:41:26 | src.experiments.frequency_agility | INFO   | [frequency_agility conv1d] fh_on barrage       partial_band  JSR=   2.0 dB r=4 jammed=1.000 BER=0.4293 (2 s)
2026-09-28 22:41:28 | src.experiments.frequency_agility | INFO   | [frequency_agility conv1d] fh_on barrage       partial_band  JSR=   6.0 dB r=4 jammed=1.000 BER=0.4961 (2 s)
2026-09-28 22:41:29 | src.experiments.frequency_agility | INFO   | [frequency_agility conv1d] fh_on barrage       partial_band  JSR=  10.0 dB r=4 jammed=1.000 BER=0.5027 (2 s)
2026-09-28 22:41:35 | src.experiments.frequency_agility | INFO   | [frequency_agility conv1d] fh_on fixed_partial cw            JSR= -10.0 dB r=0 jammed=0.250 BER=0.1595 (1 s)
2026-09-28 22:41:36 | src.experiments.frequency_agility | INFO   | [frequency_agility conv1d] fh_on fixed_partial cw            JSR=  -6.0 dB r=0 jammed=0.250 BER=0.1856 (1 s)
2026-09-28 22:41:38 | src.experiments.frequency_agility | INFO   | [frequency_agility conv1d] fh_on fixed_partial cw            JSR=  -2.0 dB r=0 jammed=0.250 BER=0.2248 (2 s)
2026-09-28 22:41:39 | src.experiments.frequency_agility | INFO   | [frequency_agility conv1d] fh_on fixed_partial cw            JSR=   2.0 dB r=0 jammed=0.250 BER=0.2334 (2 s)
2026-09-28 22:41:41 | src.experiments.frequency_agility | INFO   | [frequency_agility conv1d] fh_on fixed_partial cw            JSR=   6.0 dB r=0 jammed=0.250 BER=0.2334 (1 s)
2026-09-28 22:41:42 | src.experiments.frequency_agility | INFO   | [frequency_agility conv1d] fh_on fixed_partial cw            JSR=  10.0 dB r=0 jammed=0.250 BER=0.2334 (2 s)
2026-09-28 22:41:44 | src.experiments.frequency_agility | INFO   | [frequency_agility conv1d] fh_on fixed_partial partial_band  JSR= -10.0 dB r=0 jammed=0.250 BER=0.1495 (2 s)
2026-09-28 22:41:46 | src.experiments.frequency_agility | INFO   | [frequency_agility conv1d] fh_on fixed_partial partial_band  JSR=  -6.0 dB r=0 jammed=0.250 BER=0.1590 (2 s)
2026-09-28 22:41:48 | src.experiments.frequency_agility | INFO   | [frequency_agility conv1d] fh_on fixed_partial partial_band  JSR=  -2.0 dB r=0 jammed=0.250 BER=0.1847 (2 s)
2026-09-28 22:41:50 | src.experiments.frequency_agility | INFO   | [frequency_agility conv1d] fh_on fixed_partial partial_band  JSR=   2.0 dB r=0 jammed=0.250 BER=0.2203 (2 s)
2026-09-28 22:41:51 | src.experiments.frequency_agility | INFO   | [frequency_agility conv1d] fh_on fixed_partial partial_band  JSR=   6.0 dB r=0 jammed=0.250 BER=0.2329 (1 s)
2026-09-28 22:41:53 | src.experiments.frequency_agility | INFO   | [frequency_agility conv1d] fh_on fixed_partial partial_band  JSR=  10.0 dB r=0 jammed=0.250 BER=0.2333 (2 s)
2026-09-28 22:41:57 | src.experiments.frequency_agility | INFO   | [frequency_agility conv1d] fh_on fixed_partial cw            JSR= -10.0 dB r=1 jammed=0.250 BER=0.1560 (2 s)
2026-09-28 22:41:59 | src.experiments.frequency_agility | INFO   | [frequency_agility conv1d] fh_on fixed_partial cw            JSR=  -6.0 dB r=1 jammed=0.250 BER=0.1737 (2 s)
2026-09-28 22:42:01 | src.experiments.frequency_agility | INFO   | [frequency_agility conv1d] fh_on fixed_partial cw            JSR=  -2.0 dB r=1 jammed=0.250 BER=0.2170 (2 s)
2026-09-28 22:42:02 | src.experiments.frequency_agility | INFO   | [frequency_agility conv1d] fh_on fixed_partial cw            JSR=   2.0 dB r=1 jammed=0.250 BER=0.2366 (2 s)
2026-09-28 22:42:04 | src.experiments.frequency_agility | INFO   | [frequency_agility conv1d] fh_on fixed_partial cw            JSR=   6.0 dB r=1 jammed=0.250 BER=0.2367 (1 s)
2026-09-28 22:42:05 | src.experiments.frequency_agility | INFO   | [frequency_agility conv1d] fh_on fixed_partial cw            JSR=  10.0 dB r=1 jammed=0.250 BER=0.2367 (2 s)
2026-09-28 22:42:07 | src.experiments.frequency_agility | INFO   | [frequency_agility conv1d] fh_on fixed_partial partial_band  JSR= -10.0 dB r=1 jammed=0.250 BER=0.1404 (1 s)
2026-09-28 22:42:09 | src.experiments.frequency_agility | INFO   | [frequency_agility conv1d] fh_on fixed_partial partial_band  JSR=  -6.0 dB r=1 jammed=0.250 BER=0.1353 (2 s)
2026-09-28 22:42:10 | src.experiments.frequency_agility | INFO   | [frequency_agility conv1d] fh_on fixed_partial partial_band  JSR=  -2.0 dB r=1 jammed=0.250 BER=0.1468 (2 s)
2026-09-28 22:42:12 | src.experiments.frequency_agility | INFO   | [frequency_agility conv1d] fh_on fixed_partial partial_band  JSR=   2.0 dB r=1 jammed=0.250 BER=0.2095 (2 s)
2026-09-28 22:42:14 | src.experiments.frequency_agility | INFO   | [frequency_agility conv1d] fh_on fixed_partial partial_band  JSR=   6.0 dB r=1 jammed=0.250 BER=0.2339 (2 s)
2026-09-28 22:42:16 | src.experiments.frequency_agility | INFO   | [frequency_agility conv1d] fh_on fixed_partial partial_band  JSR=  10.0 dB r=1 jammed=0.250 BER=0.2347 (1 s)
2026-09-28 22:42:20 | src.experiments.frequency_agility | INFO   | [frequency_agility conv1d] fh_on fixed_partial cw            JSR= -10.0 dB r=2 jammed=0.250 BER=0.1487 (2 s)
2026-09-28 22:42:21 | src.experiments.frequency_agility | INFO   | [frequency_agility conv1d] fh_on fixed_partial cw            JSR=  -6.0 dB r=2 jammed=0.250 BER=0.1499 (1 s)
2026-09-28 22:42:23 | src.experiments.frequency_agility | INFO   | [frequency_agility conv1d] fh_on fixed_partial cw            JSR=  -2.0 dB r=2 jammed=0.250 BER=0.1557 (2 s)
2026-09-28 22:42:25 | src.experiments.frequency_agility | INFO   | [frequency_agility conv1d] fh_on fixed_partial cw            JSR=   2.0 dB r=2 jammed=0.250 BER=0.1744 (2 s)
2026-09-28 22:42:27 | src.experiments.frequency_agility | INFO   | [frequency_agility conv1d] fh_on fixed_partial cw            JSR=   6.0 dB r=2 jammed=0.250 BER=0.2148 (2 s)
2026-09-28 22:42:28 | src.experiments.frequency_agility | INFO   | [frequency_agility conv1d] fh_on fixed_partial cw            JSR=  10.0 dB r=2 jammed=0.250 BER=0.2350 (2 s)
2026-09-28 22:42:30 | src.experiments.frequency_agility | INFO   | [frequency_agility conv1d] fh_on fixed_partial partial_band  JSR= -10.0 dB r=2 jammed=0.250 BER=0.1423 (2 s)
2026-09-28 22:42:32 | src.experiments.frequency_agility | INFO   | [frequency_agility conv1d] fh_on fixed_partial partial_band  JSR=  -6.0 dB r=2 jammed=0.250 BER=0.1398 (1 s)
2026-09-28 22:42:33 | src.experiments.frequency_agility | INFO   | [frequency_agility conv1d] fh_on fixed_partial partial_band  JSR=  -2.0 dB r=2 jammed=0.250 BER=0.1736 (1 s)
2026-09-28 22:42:35 | src.experiments.frequency_agility | INFO   | [frequency_agility conv1d] fh_on fixed_partial partial_band  JSR=   2.0 dB r=2 jammed=0.250 BER=0.2263 (1 s)
2026-09-28 22:42:36 | src.experiments.frequency_agility | INFO   | [frequency_agility conv1d] fh_on fixed_partial partial_band  JSR=   6.0 dB r=2 jammed=0.250 BER=0.2347 (1 s)
2026-09-28 22:42:38 | src.experiments.frequency_agility | INFO   | [frequency_agility conv1d] fh_on fixed_partial partial_band  JSR=  10.0 dB r=2 jammed=0.250 BER=0.2347 (2 s)
2026-09-28 22:42:43 | src.experiments.frequency_agility | INFO   | [frequency_agility conv1d] fh_on fixed_partial cw            JSR= -10.0 dB r=3 jammed=0.250 BER=0.1408 (2 s)
2026-09-28 22:42:45 | src.experiments.frequency_agility | INFO   | [frequency_agility conv1d] fh_on fixed_partial cw            JSR=  -6.0 dB r=3 jammed=0.250 BER=0.1401 (1 s)
2026-09-28 22:42:46 | src.experiments.frequency_agility | INFO   | [frequency_agility conv1d] fh_on fixed_partial cw            JSR=  -2.0 dB r=3 jammed=0.250 BER=0.1954 (2 s)
2026-09-28 22:42:48 | src.experiments.frequency_agility | INFO   | [frequency_agility conv1d] fh_on fixed_partial cw            JSR=   2.0 dB r=3 jammed=0.250 BER=0.2372 (2 s)
2026-09-28 22:42:49 | src.experiments.frequency_agility | INFO   | [frequency_agility conv1d] fh_on fixed_partial cw            JSR=   6.0 dB r=3 jammed=0.250 BER=0.2388 (2 s)
2026-09-28 22:42:51 | src.experiments.frequency_agility | INFO   | [frequency_agility conv1d] fh_on fixed_partial cw            JSR=  10.0 dB r=3 jammed=0.250 BER=0.2388 (2 s)
2026-09-28 22:42:53 | src.experiments.frequency_agility | INFO   | [frequency_agility conv1d] fh_on fixed_partial partial_band  JSR= -10.0 dB r=3 jammed=0.250 BER=0.1434 (2 s)
2026-09-28 22:42:55 | src.experiments.frequency_agility | INFO   | [frequency_agility conv1d] fh_on fixed_partial partial_band  JSR=  -6.0 dB r=3 jammed=0.250 BER=0.1383 (2 s)
2026-09-28 22:42:56 | src.experiments.frequency_agility | INFO   | [frequency_agility conv1d] fh_on fixed_partial partial_band  JSR=  -2.0 dB r=3 jammed=0.250 BER=0.1466 (2 s)
2026-09-28 22:42:58 | src.experiments.frequency_agility | INFO   | [frequency_agility conv1d] fh_on fixed_partial partial_band  JSR=   2.0 dB r=3 jammed=0.250 BER=0.2124 (2 s)
2026-09-28 22:42:59 | src.experiments.frequency_agility | INFO   | [frequency_agility conv1d] fh_on fixed_partial partial_band  JSR=   6.0 dB r=3 jammed=0.250 BER=0.2383 (1 s)
2026-09-28 22:43:01 | src.experiments.frequency_agility | INFO   | [frequency_agility conv1d] fh_on fixed_partial partial_band  JSR=  10.0 dB r=3 jammed=0.250 BER=0.2388 (2 s)
2026-09-28 22:43:06 | src.experiments.frequency_agility | INFO   | [frequency_agility conv1d] fh_on fixed_partial cw            JSR= -10.0 dB r=4 jammed=0.250 BER=0.1399 (2 s)
2026-09-28 22:43:08 | src.experiments.frequency_agility | INFO   | [frequency_agility conv1d] fh_on fixed_partial cw            JSR=  -6.0 dB r=4 jammed=0.250 BER=0.1408 (2 s)
2026-09-28 22:43:10 | src.experiments.frequency_agility | INFO   | [frequency_agility conv1d] fh_on fixed_partial cw            JSR=  -2.0 dB r=4 jammed=0.250 BER=0.1887 (2 s)
2026-09-28 22:43:11 | src.experiments.frequency_agility | INFO   | [frequency_agility conv1d] fh_on fixed_partial cw            JSR=   2.0 dB r=4 jammed=0.250 BER=0.2319 (2 s)
2026-09-28 22:43:13 | src.experiments.frequency_agility | INFO   | [frequency_agility conv1d] fh_on fixed_partial cw            JSR=   6.0 dB r=4 jammed=0.250 BER=0.2344 (1 s)
2026-09-28 22:43:14 | src.experiments.frequency_agility | INFO   | [frequency_agility conv1d] fh_on fixed_partial cw            JSR=  10.0 dB r=4 jammed=0.250 BER=0.2344 (2 s)
2026-09-28 22:43:16 | src.experiments.frequency_agility | INFO   | [frequency_agility conv1d] fh_on fixed_partial partial_band  JSR= -10.0 dB r=4 jammed=0.250 BER=0.1514 (1 s)
2026-09-28 22:43:17 | src.experiments.frequency_agility | INFO   | [frequency_agility conv1d] fh_on fixed_partial partial_band  JSR=  -6.0 dB r=4 jammed=0.250 BER=0.1580 (2 s)
2026-09-28 22:43:19 | src.experiments.frequency_agility | INFO   | [frequency_agility conv1d] fh_on fixed_partial partial_band  JSR=  -2.0 dB r=4 jammed=0.250 BER=0.1776 (1 s)
2026-09-28 22:43:21 | src.experiments.frequency_agility | INFO   | [frequency_agility conv1d] fh_on fixed_partial partial_band  JSR=   2.0 dB r=4 jammed=0.250 BER=0.2149 (2 s)
2026-09-28 22:43:23 | src.experiments.frequency_agility | INFO   | [frequency_agility conv1d] fh_on fixed_partial partial_band  JSR=   6.0 dB r=4 jammed=0.250 BER=0.2323 (2 s)
2026-09-28 22:43:24 | src.experiments.frequency_agility | INFO   | [frequency_agility conv1d] fh_on fixed_partial partial_band  JSR=  10.0 dB r=4 jammed=0.250 BER=0.2338 (2 s)
2026-09-28 22:43:29 | src.experiments.frequency_agility | INFO   | [frequency_agility conv1d] fh_on sweep         cw            JSR= -10.0 dB r=0 jammed=0.121 BER=0.1593 (2 s)
2026-09-28 22:43:30 | src.experiments.frequency_agility | INFO   | [frequency_agility conv1d] fh_on sweep         cw            JSR=  -6.0 dB r=0 jammed=0.121 BER=0.1731 (2 s)
2026-09-28 22:43:32 | src.experiments.frequency_agility | INFO   | [frequency_agility conv1d] fh_on sweep         cw            JSR=  -2.0 dB r=0 jammed=0.121 BER=0.1926 (2 s)
2026-09-28 22:43:33 | src.experiments.frequency_agility | INFO   | [frequency_agility conv1d] fh_on sweep         cw            JSR=   2.0 dB r=0 jammed=0.121 BER=0.1961 (2 s)
2026-09-28 22:43:35 | src.experiments.frequency_agility | INFO   | [frequency_agility conv1d] fh_on sweep         cw            JSR=   6.0 dB r=0 jammed=0.121 BER=0.1961 (2 s)
2026-09-28 22:43:37 | src.experiments.frequency_agility | INFO   | [frequency_agility conv1d] fh_on sweep         cw            JSR=  10.0 dB r=0 jammed=0.121 BER=0.1961 (2 s)
2026-09-28 22:43:39 | src.experiments.frequency_agility | INFO   | [frequency_agility conv1d] fh_on sweep         partial_band  JSR= -10.0 dB r=0 jammed=0.121 BER=0.1547 (2 s)
2026-09-28 22:43:41 | src.experiments.frequency_agility | INFO   | [frequency_agility conv1d] fh_on sweep         partial_band  JSR=  -6.0 dB r=0 jammed=0.121 BER=0.1596 (2 s)
2026-09-28 22:43:42 | src.experiments.frequency_agility | INFO   | [frequency_agility conv1d] fh_on sweep         partial_band  JSR=  -2.0 dB r=0 jammed=0.121 BER=0.1723 (2 s)
2026-09-28 22:43:44 | src.experiments.frequency_agility | INFO   | [frequency_agility conv1d] fh_on sweep         partial_band  JSR=   2.0 dB r=0 jammed=0.121 BER=0.1905 (2 s)
2026-09-28 22:43:45 | src.experiments.frequency_agility | INFO   | [frequency_agility conv1d] fh_on sweep         partial_band  JSR=   6.0 dB r=0 jammed=0.121 BER=0.1959 (2 s)
2026-09-28 22:43:47 | src.experiments.frequency_agility | INFO   | [frequency_agility conv1d] fh_on sweep         partial_band  JSR=  10.0 dB r=0 jammed=0.121 BER=0.1961 (2 s)
2026-09-28 22:43:53 | src.experiments.frequency_agility | INFO   | [frequency_agility conv1d] fh_on sweep         cw            JSR= -10.0 dB r=1 jammed=0.124 BER=0.1483 (2 s)
2026-09-28 22:43:54 | src.experiments.frequency_agility | INFO   | [frequency_agility conv1d] fh_on sweep         cw            JSR=  -6.0 dB r=1 jammed=0.124 BER=0.1588 (2 s)
2026-09-28 22:43:56 | src.experiments.frequency_agility | INFO   | [frequency_agility conv1d] fh_on sweep         cw            JSR=  -2.0 dB r=1 jammed=0.124 BER=0.1780 (2 s)
2026-09-28 22:43:57 | src.experiments.frequency_agility | INFO   | [frequency_agility conv1d] fh_on sweep         cw            JSR=   2.0 dB r=1 jammed=0.124 BER=0.1867 (2 s)
2026-09-28 22:43:59 | src.experiments.frequency_agility | INFO   | [frequency_agility conv1d] fh_on sweep         cw            JSR=   6.0 dB r=1 jammed=0.124 BER=0.1868 (2 s)
2026-09-28 22:44:00 | src.experiments.frequency_agility | INFO   | [frequency_agility conv1d] fh_on sweep         cw            JSR=  10.0 dB r=1 jammed=0.124 BER=0.1868 (2 s)
2026-09-28 22:44:02 | src.experiments.frequency_agility | INFO   | [frequency_agility conv1d] fh_on sweep         partial_band  JSR= -10.0 dB r=1 jammed=0.124 BER=0.1399 (2 s)
2026-09-28 22:44:04 | src.experiments.frequency_agility | INFO   | [frequency_agility conv1d] fh_on sweep         partial_band  JSR=  -6.0 dB r=1 jammed=0.124 BER=0.1378 (2 s)
2026-09-28 22:44:06 | src.experiments.frequency_agility | INFO   | [frequency_agility conv1d] fh_on sweep         partial_band  JSR=  -2.0 dB r=1 jammed=0.124 BER=0.1439 (2 s)
2026-09-28 22:44:07 | src.experiments.frequency_agility | INFO   | [frequency_agility conv1d] fh_on sweep         partial_band  JSR=   2.0 dB r=1 jammed=0.124 BER=0.1747 (1 s)
2026-09-28 22:44:09 | src.experiments.frequency_agility | INFO   | [frequency_agility conv1d] fh_on sweep         partial_band  JSR=   6.0 dB r=1 jammed=0.124 BER=0.1878 (2 s)
2026-09-28 22:44:10 | src.experiments.frequency_agility | INFO   | [frequency_agility conv1d] fh_on sweep         partial_band  JSR=  10.0 dB r=1 jammed=0.124 BER=0.1880 (1 s)
2026-09-28 22:44:15 | src.experiments.frequency_agility | INFO   | [frequency_agility conv1d] fh_on sweep         cw            JSR= -10.0 dB r=2 jammed=0.120 BER=0.1459 (2 s)
2026-09-28 22:44:17 | src.experiments.frequency_agility | INFO   | [frequency_agility conv1d] fh_on sweep         cw            JSR=  -6.0 dB r=2 jammed=0.120 BER=0.1468 (2 s)
2026-09-28 22:44:19 | src.experiments.frequency_agility | INFO   | [frequency_agility conv1d] fh_on sweep         cw            JSR=  -2.0 dB r=2 jammed=0.120 BER=0.1494 (2 s)
2026-09-28 22:44:20 | src.experiments.frequency_agility | INFO   | [frequency_agility conv1d] fh_on sweep         cw            JSR=   2.0 dB r=2 jammed=0.120 BER=0.1596 (1 s)
2026-09-28 22:44:22 | src.experiments.frequency_agility | INFO   | [frequency_agility conv1d] fh_on sweep         cw            JSR=   6.0 dB r=2 jammed=0.120 BER=0.1802 (1 s)
2026-09-28 22:44:23 | src.experiments.frequency_agility | INFO   | [frequency_agility conv1d] fh_on sweep         cw            JSR=  10.0 dB r=2 jammed=0.120 BER=0.1894 (2 s)
2026-09-28 22:44:25 | src.experiments.frequency_agility | INFO   | [frequency_agility conv1d] fh_on sweep         partial_band  JSR= -10.0 dB r=2 jammed=0.120 BER=0.1433 (1 s)
2026-09-28 22:44:26 | src.experiments.frequency_agility | INFO   | [frequency_agility conv1d] fh_on sweep         partial_band  JSR=  -6.0 dB r=2 jammed=0.120 BER=0.1419 (1 s)
2026-09-28 22:44:28 | src.experiments.frequency_agility | INFO   | [frequency_agility conv1d] fh_on sweep         partial_band  JSR=  -2.0 dB r=2 jammed=0.120 BER=0.1577 (2 s)
2026-09-28 22:44:30 | src.experiments.frequency_agility | INFO   | [frequency_agility conv1d] fh_on sweep         partial_band  JSR=   2.0 dB r=2 jammed=0.120 BER=0.1840 (2 s)
2026-09-28 22:44:32 | src.experiments.frequency_agility | INFO   | [frequency_agility conv1d] fh_on sweep         partial_band  JSR=   6.0 dB r=2 jammed=0.120 BER=0.1897 (2 s)
2026-09-28 22:44:34 | src.experiments.frequency_agility | INFO   | [frequency_agility conv1d] fh_on sweep         partial_band  JSR=  10.0 dB r=2 jammed=0.120 BER=0.1898 (2 s)
2026-09-28 22:44:38 | src.experiments.frequency_agility | INFO   | [frequency_agility conv1d] fh_on sweep         cw            JSR= -10.0 dB r=3 jammed=0.121 BER=0.1383 (1 s)
2026-09-28 22:44:39 | src.experiments.frequency_agility | INFO   | [frequency_agility conv1d] fh_on sweep         cw            JSR=  -6.0 dB r=3 jammed=0.121 BER=0.1374 (2 s)
2026-09-28 22:44:41 | src.experiments.frequency_agility | INFO   | [frequency_agility conv1d] fh_on sweep         cw            JSR=  -2.0 dB r=3 jammed=0.121 BER=0.1669 (1 s)
2026-09-28 22:44:43 | src.experiments.frequency_agility | INFO   | [frequency_agility conv1d] fh_on sweep         cw            JSR=   2.0 dB r=3 jammed=0.121 BER=0.1873 (2 s)
2026-09-28 22:44:45 | src.experiments.frequency_agility | INFO   | [frequency_agility conv1d] fh_on sweep         cw            JSR=   6.0 dB r=3 jammed=0.121 BER=0.1878 (2 s)
2026-09-28 22:44:46 | src.experiments.frequency_agility | INFO   | [frequency_agility conv1d] fh_on sweep         cw            JSR=  10.0 dB r=3 jammed=0.121 BER=0.1878 (2 s)
2026-09-28 22:44:48 | src.experiments.frequency_agility | INFO   | [frequency_agility conv1d] fh_on sweep         partial_band  JSR= -10.0 dB r=3 jammed=0.121 BER=0.1403 (2 s)
2026-09-28 22:44:49 | src.experiments.frequency_agility | INFO   | [frequency_agility conv1d] fh_on sweep         partial_band  JSR=  -6.0 dB r=3 jammed=0.121 BER=0.1373 (2 s)
2026-09-28 22:44:51 | src.experiments.frequency_agility | INFO   | [frequency_agility conv1d] fh_on sweep         partial_band  JSR=  -2.0 dB r=3 jammed=0.121 BER=0.1434 (1 s)
2026-09-28 22:44:52 | src.experiments.frequency_agility | INFO   | [frequency_agility conv1d] fh_on sweep         partial_band  JSR=   2.0 dB r=3 jammed=0.121 BER=0.1733 (1 s)
2026-09-28 22:44:54 | src.experiments.frequency_agility | INFO   | [frequency_agility conv1d] fh_on sweep         partial_band  JSR=   6.0 dB r=3 jammed=0.121 BER=0.1875 (1 s)
2026-09-28 22:44:56 | src.experiments.frequency_agility | INFO   | [frequency_agility conv1d] fh_on sweep         partial_band  JSR=  10.0 dB r=3 jammed=0.121 BER=0.1878 (2 s)
2026-09-28 22:45:01 | src.experiments.frequency_agility | INFO   | [frequency_agility conv1d] fh_on sweep         cw            JSR= -10.0 dB r=4 jammed=0.123 BER=0.1461 (1 s)
2026-09-28 22:45:03 | src.experiments.frequency_agility | INFO   | [frequency_agility conv1d] fh_on sweep         cw            JSR=  -6.0 dB r=4 jammed=0.123 BER=0.1460 (1 s)
2026-09-28 22:45:04 | src.experiments.frequency_agility | INFO   | [frequency_agility conv1d] fh_on sweep         cw            JSR=  -2.0 dB r=4 jammed=0.123 BER=0.1698 (2 s)
2026-09-28 22:45:06 | src.experiments.frequency_agility | INFO   | [frequency_agility conv1d] fh_on sweep         cw            JSR=   2.0 dB r=4 jammed=0.123 BER=0.1918 (1 s)
2026-09-28 22:45:07 | src.experiments.frequency_agility | INFO   | [frequency_agility conv1d] fh_on sweep         cw            JSR=   6.0 dB r=4 jammed=0.123 BER=0.1935 (2 s)
2026-09-28 22:45:09 | src.experiments.frequency_agility | INFO   | [frequency_agility conv1d] fh_on sweep         cw            JSR=  10.0 dB r=4 jammed=0.123 BER=0.1935 (1 s)
2026-09-28 22:45:11 | src.experiments.frequency_agility | INFO   | [frequency_agility conv1d] fh_on sweep         partial_band  JSR= -10.0 dB r=4 jammed=0.123 BER=0.1507 (2 s)
2026-09-28 22:45:13 | src.experiments.frequency_agility | INFO   | [frequency_agility conv1d] fh_on sweep         partial_band  JSR=  -6.0 dB r=4 jammed=0.123 BER=0.1542 (2 s)
2026-09-28 22:45:14 | src.experiments.frequency_agility | INFO   | [frequency_agility conv1d] fh_on sweep         partial_band  JSR=  -2.0 dB r=4 jammed=0.123 BER=0.1647 (2 s)
2026-09-28 22:45:16 | src.experiments.frequency_agility | INFO   | [frequency_agility conv1d] fh_on sweep         partial_band  JSR=   2.0 dB r=4 jammed=0.123 BER=0.1819 (1 s)
2026-09-28 22:45:17 | src.experiments.frequency_agility | INFO   | [frequency_agility conv1d] fh_on sweep         partial_band  JSR=   6.0 dB r=4 jammed=0.123 BER=0.1898 (2 s)
2026-09-28 22:45:19 | src.experiments.frequency_agility | INFO   | [frequency_agility conv1d] fh_on sweep         partial_band  JSR=  10.0 dB r=4 jammed=0.123 BER=0.1908 (1 s)
2026-09-28 22:45:23 | src.experiments.frequency_agility | INFO   | [frequency_agility conv1d] fh_on follower      cw            JSR= -10.0 dB r=0 jammed=0.000 BER=0.1476 (2 s)
2026-09-28 22:45:25 | src.experiments.frequency_agility | INFO   | [frequency_agility conv1d] fh_on follower      cw            JSR=  -6.0 dB r=0 jammed=0.000 BER=0.1476 (2 s)
2026-09-28 22:45:27 | src.experiments.frequency_agility | INFO   | [frequency_agility conv1d] fh_on follower      cw            JSR=  -2.0 dB r=0 jammed=0.000 BER=0.1476 (2 s)
2026-09-28 22:45:29 | src.experiments.frequency_agility | INFO   | [frequency_agility conv1d] fh_on follower      cw            JSR=   2.0 dB r=0 jammed=0.000 BER=0.1476 (1 s)
2026-09-28 22:45:30 | src.experiments.frequency_agility | INFO   | [frequency_agility conv1d] fh_on follower      cw            JSR=   6.0 dB r=0 jammed=0.000 BER=0.1476 (1 s)
2026-09-28 22:45:31 | src.experiments.frequency_agility | INFO   | [frequency_agility conv1d] fh_on follower      cw            JSR=  10.0 dB r=0 jammed=0.000 BER=0.1476 (1 s)
2026-09-28 22:45:33 | src.experiments.frequency_agility | INFO   | [frequency_agility conv1d] fh_on follower      partial_band  JSR= -10.0 dB r=0 jammed=0.000 BER=0.1476 (1 s)
2026-09-28 22:45:35 | src.experiments.frequency_agility | INFO   | [frequency_agility conv1d] fh_on follower      partial_band  JSR=  -6.0 dB r=0 jammed=0.000 BER=0.1476 (1 s)
2026-09-28 22:45:36 | src.experiments.frequency_agility | INFO   | [frequency_agility conv1d] fh_on follower      partial_band  JSR=  -2.0 dB r=0 jammed=0.000 BER=0.1476 (2 s)
2026-09-28 22:45:38 | src.experiments.frequency_agility | INFO   | [frequency_agility conv1d] fh_on follower      partial_band  JSR=   2.0 dB r=0 jammed=0.000 BER=0.1476 (2 s)
2026-09-28 22:45:40 | src.experiments.frequency_agility | INFO   | [frequency_agility conv1d] fh_on follower      partial_band  JSR=   6.0 dB r=0 jammed=0.000 BER=0.1476 (2 s)
2026-09-28 22:45:42 | src.experiments.frequency_agility | INFO   | [frequency_agility conv1d] fh_on follower      partial_band  JSR=  10.0 dB r=0 jammed=0.000 BER=0.1476 (1 s)
2026-09-28 22:45:46 | src.experiments.frequency_agility | INFO   | [frequency_agility conv1d] fh_on follower      cw            JSR= -10.0 dB r=1 jammed=0.000 BER=0.1479 (2 s)
2026-09-28 22:45:47 | src.experiments.frequency_agility | INFO   | [frequency_agility conv1d] fh_on follower      cw            JSR=  -6.0 dB r=1 jammed=0.000 BER=0.1479 (1 s)
2026-09-28 22:45:49 | src.experiments.frequency_agility | INFO   | [frequency_agility conv1d] fh_on follower      cw            JSR=  -2.0 dB r=1 jammed=0.000 BER=0.1479 (2 s)
2026-09-28 22:45:51 | src.experiments.frequency_agility | INFO   | [frequency_agility conv1d] fh_on follower      cw            JSR=   2.0 dB r=1 jammed=0.000 BER=0.1479 (2 s)
2026-09-28 22:45:53 | src.experiments.frequency_agility | INFO   | [frequency_agility conv1d] fh_on follower      cw            JSR=   6.0 dB r=1 jammed=0.000 BER=0.1479 (2 s)
2026-09-28 22:45:55 | src.experiments.frequency_agility | INFO   | [frequency_agility conv1d] fh_on follower      cw            JSR=  10.0 dB r=1 jammed=0.000 BER=0.1479 (2 s)
2026-09-28 22:45:56 | src.experiments.frequency_agility | INFO   | [frequency_agility conv1d] fh_on follower      partial_band  JSR= -10.0 dB r=1 jammed=0.000 BER=0.1479 (2 s)
2026-09-28 22:45:58 | src.experiments.frequency_agility | INFO   | [frequency_agility conv1d] fh_on follower      partial_band  JSR=  -6.0 dB r=1 jammed=0.000 BER=0.1479 (2 s)
2026-09-28 22:45:59 | src.experiments.frequency_agility | INFO   | [frequency_agility conv1d] fh_on follower      partial_band  JSR=  -2.0 dB r=1 jammed=0.000 BER=0.1479 (1 s)
2026-09-28 22:46:01 | src.experiments.frequency_agility | INFO   | [frequency_agility conv1d] fh_on follower      partial_band  JSR=   2.0 dB r=1 jammed=0.000 BER=0.1479 (1 s)
2026-09-28 22:46:02 | src.experiments.frequency_agility | INFO   | [frequency_agility conv1d] fh_on follower      partial_band  JSR=   6.0 dB r=1 jammed=0.000 BER=0.1479 (1 s)
2026-09-28 22:46:04 | src.experiments.frequency_agility | INFO   | [frequency_agility conv1d] fh_on follower      partial_band  JSR=  10.0 dB r=1 jammed=0.000 BER=0.1479 (1 s)
2026-09-28 22:46:09 | src.experiments.frequency_agility | INFO   | [frequency_agility conv1d] fh_on follower      cw            JSR= -10.0 dB r=2 jammed=0.000 BER=0.1469 (2 s)
2026-09-28 22:46:11 | src.experiments.frequency_agility | INFO   | [frequency_agility conv1d] fh_on follower      cw            JSR=  -6.0 dB r=2 jammed=0.000 BER=0.1469 (2 s)
2026-09-28 22:46:12 | src.experiments.frequency_agility | INFO   | [frequency_agility conv1d] fh_on follower      cw            JSR=  -2.0 dB r=2 jammed=0.000 BER=0.1469 (2 s)
2026-09-28 22:46:14 | src.experiments.frequency_agility | INFO   | [frequency_agility conv1d] fh_on follower      cw            JSR=   2.0 dB r=2 jammed=0.000 BER=0.1469 (1 s)
2026-09-28 22:46:15 | src.experiments.frequency_agility | INFO   | [frequency_agility conv1d] fh_on follower      cw            JSR=   6.0 dB r=2 jammed=0.000 BER=0.1469 (1 s)
2026-09-28 22:46:17 | src.experiments.frequency_agility | INFO   | [frequency_agility conv1d] fh_on follower      cw            JSR=  10.0 dB r=2 jammed=0.000 BER=0.1469 (1 s)
2026-09-28 22:46:19 | src.experiments.frequency_agility | INFO   | [frequency_agility conv1d] fh_on follower      partial_band  JSR= -10.0 dB r=2 jammed=0.000 BER=0.1469 (2 s)
2026-09-28 22:46:21 | src.experiments.frequency_agility | INFO   | [frequency_agility conv1d] fh_on follower      partial_band  JSR=  -6.0 dB r=2 jammed=0.000 BER=0.1469 (2 s)
2026-09-28 22:46:22 | src.experiments.frequency_agility | INFO   | [frequency_agility conv1d] fh_on follower      partial_band  JSR=  -2.0 dB r=2 jammed=0.000 BER=0.1469 (2 s)
2026-09-28 22:46:24 | src.experiments.frequency_agility | INFO   | [frequency_agility conv1d] fh_on follower      partial_band  JSR=   2.0 dB r=2 jammed=0.000 BER=0.1469 (2 s)
2026-09-28 22:46:25 | src.experiments.frequency_agility | INFO   | [frequency_agility conv1d] fh_on follower      partial_band  JSR=   6.0 dB r=2 jammed=0.000 BER=0.1469 (1 s)
2026-09-28 22:46:27 | src.experiments.frequency_agility | INFO   | [frequency_agility conv1d] fh_on follower      partial_band  JSR=  10.0 dB r=2 jammed=0.000 BER=0.1469 (2 s)
2026-09-28 22:46:31 | src.experiments.frequency_agility | INFO   | [frequency_agility conv1d] fh_on follower      cw            JSR= -10.0 dB r=3 jammed=0.000 BER=0.1497 (1 s)
2026-09-28 22:46:33 | src.experiments.frequency_agility | INFO   | [frequency_agility conv1d] fh_on follower      cw            JSR=  -6.0 dB r=3 jammed=0.000 BER=0.1497 (2 s)
2026-09-28 22:46:35 | src.experiments.frequency_agility | INFO   | [frequency_agility conv1d] fh_on follower      cw            JSR=  -2.0 dB r=3 jammed=0.000 BER=0.1497 (2 s)
2026-09-28 22:46:36 | src.experiments.frequency_agility | INFO   | [frequency_agility conv1d] fh_on follower      cw            JSR=   2.0 dB r=3 jammed=0.000 BER=0.1497 (1 s)
2026-09-28 22:46:38 | src.experiments.frequency_agility | INFO   | [frequency_agility conv1d] fh_on follower      cw            JSR=   6.0 dB r=3 jammed=0.000 BER=0.1497 (2 s)
2026-09-28 22:46:39 | src.experiments.frequency_agility | INFO   | [frequency_agility conv1d] fh_on follower      cw            JSR=  10.0 dB r=3 jammed=0.000 BER=0.1497 (1 s)
2026-09-28 22:46:41 | src.experiments.frequency_agility | INFO   | [frequency_agility conv1d] fh_on follower      partial_band  JSR= -10.0 dB r=3 jammed=0.000 BER=0.1497 (1 s)
2026-09-28 22:46:43 | src.experiments.frequency_agility | INFO   | [frequency_agility conv1d] fh_on follower      partial_band  JSR=  -6.0 dB r=3 jammed=0.000 BER=0.1497 (1 s)
2026-09-28 22:46:44 | src.experiments.frequency_agility | INFO   | [frequency_agility conv1d] fh_on follower      partial_band  JSR=  -2.0 dB r=3 jammed=0.000 BER=0.1497 (1 s)
2026-09-28 22:46:46 | src.experiments.frequency_agility | INFO   | [frequency_agility conv1d] fh_on follower      partial_band  JSR=   2.0 dB r=3 jammed=0.000 BER=0.1497 (2 s)
2026-09-28 22:46:48 | src.experiments.frequency_agility | INFO   | [frequency_agility conv1d] fh_on follower      partial_band  JSR=   6.0 dB r=3 jammed=0.000 BER=0.1497 (2 s)
2026-09-28 22:46:50 | src.experiments.frequency_agility | INFO   | [frequency_agility conv1d] fh_on follower      partial_band  JSR=  10.0 dB r=3 jammed=0.000 BER=0.1497 (2 s)
2026-09-28 22:46:54 | src.experiments.frequency_agility | INFO   | [frequency_agility conv1d] fh_on follower      cw            JSR= -10.0 dB r=4 jammed=0.000 BER=0.1505 (1 s)
2026-09-28 22:46:55 | src.experiments.frequency_agility | INFO   | [frequency_agility conv1d] fh_on follower      cw            JSR=  -6.0 dB r=4 jammed=0.000 BER=0.1505 (1 s)
2026-09-28 22:46:57 | src.experiments.frequency_agility | INFO   | [frequency_agility conv1d] fh_on follower      cw            JSR=  -2.0 dB r=4 jammed=0.000 BER=0.1505 (1 s)
2026-09-28 22:46:58 | src.experiments.frequency_agility | INFO   | [frequency_agility conv1d] fh_on follower      cw            JSR=   2.0 dB r=4 jammed=0.000 BER=0.1505 (1 s)
2026-09-28 22:47:00 | src.experiments.frequency_agility | INFO   | [frequency_agility conv1d] fh_on follower      cw            JSR=   6.0 dB r=4 jammed=0.000 BER=0.1505 (2 s)
2026-09-28 22:47:02 | src.experiments.frequency_agility | INFO   | [frequency_agility conv1d] fh_on follower      cw            JSR=  10.0 dB r=4 jammed=0.000 BER=0.1505 (2 s)
2026-09-28 22:47:04 | src.experiments.frequency_agility | INFO   | [frequency_agility conv1d] fh_on follower      partial_band  JSR= -10.0 dB r=4 jammed=0.000 BER=0.1505 (1 s)
2026-09-28 22:47:05 | src.experiments.frequency_agility | INFO   | [frequency_agility conv1d] fh_on follower      partial_band  JSR=  -6.0 dB r=4 jammed=0.000 BER=0.1505 (1 s)
2026-09-28 22:47:07 | src.experiments.frequency_agility | INFO   | [frequency_agility conv1d] fh_on follower      partial_band  JSR=  -2.0 dB r=4 jammed=0.000 BER=0.1505 (1 s)
2026-09-28 22:47:08 | src.experiments.frequency_agility | INFO   | [frequency_agility conv1d] fh_on follower      partial_band  JSR=   2.0 dB r=4 jammed=0.000 BER=0.1505 (1 s)
2026-09-28 22:47:10 | src.experiments.frequency_agility | INFO   | [frequency_agility conv1d] fh_on follower      partial_band  JSR=   6.0 dB r=4 jammed=0.000 BER=0.1505 (1 s)
2026-09-28 22:47:11 | src.experiments.frequency_agility | INFO   | [frequency_agility conv1d] fh_on follower      partial_band  JSR=  10.0 dB r=4 jammed=0.000 BER=0.1505 (1 s)
2026-09-28 22:47:11 | src.experiments.frequency_agility | INFO   | [frequency_agility conv1d] BER-vs-JSR summary saved to /content/drive/MyDrive/DHUC_RUN/conv1d/full/frequency_agility/conv1d/frequency_agility_vs_jsr.csv
2026-09-28 22:47:28 | src.experiments.frequency_agility | INFO   | [frequency_agility conv1d] dwell=1 (100000 Hz) sweep         JSR=6.0 dB jammed=0.125 BER=0.1861 [0.1812, 0.1910]
2026-09-28 22:47:44 | src.experiments.frequency_agility | INFO   | [frequency_agility conv1d] dwell=1 (100000 Hz) follower      JSR=6.0 dB jammed=0.000 BER=0.1485 [0.1472, 0.1498]
2026-09-28 22:47:59 | src.experiments.frequency_agility | INFO   | [frequency_agility conv1d] dwell=2 (50000 Hz) sweep         JSR=6.0 dB jammed=0.126 BER=0.1896 [0.1843, 0.1948]
2026-09-28 22:48:15 | src.experiments.frequency_agility | INFO   | [frequency_agility conv1d] dwell=2 (50000 Hz) follower      JSR=6.0 dB jammed=0.000 BER=0.1460 [0.1437, 0.1482]
2026-09-28 22:48:31 | src.experiments.frequency_agility | INFO   | [frequency_agility conv1d] dwell=4 (25000 Hz) sweep         JSR=6.0 dB jammed=0.127 BER=0.1914 [0.1870, 0.1958]
2026-09-28 22:48:46 | src.experiments.frequency_agility | INFO   | [frequency_agility conv1d] dwell=4 (25000 Hz) follower      JSR=6.0 dB jammed=0.500 BER=0.3131 [0.2950, 0.3313]
2026-09-28 22:49:02 | src.experiments.frequency_agility | INFO   | [frequency_agility conv1d] dwell=8 (12500 Hz) sweep         JSR=6.0 dB jammed=0.126 BER=0.1908 [0.1852, 0.1965]
2026-09-28 22:49:19 | src.experiments.frequency_agility | INFO   | [frequency_agility conv1d] dwell=8 (12500 Hz) follower      JSR=6.0 dB jammed=0.750 BER=0.3989 [0.3746, 0.4233]
2026-09-28 22:49:34 | src.experiments.frequency_agility | INFO   | [frequency_agility conv1d] dwell=16 (6250 Hz) sweep         JSR=6.0 dB jammed=0.129 BER=0.1930 [0.1876, 0.1983]
2026-09-28 22:49:50 | src.experiments.frequency_agility | INFO   | [frequency_agility conv1d] dwell=16 (6250 Hz) follower      JSR=6.0 dB jammed=0.875 BER=0.4405 [0.4091, 0.4720]
2026-09-28 22:49:50 | src.experiments.frequency_agility | INFO   | [frequency_agility conv1d] BER-vs-hop-rate summary saved to /content/drive/MyDrive/DHUC_RUN/conv1d/full/frequency_agility/conv1d/frequency_agility_vs_dwell.csv
2026-09-28 22:51:11 | src.experiments.frequency_agility | INFO   | [frequency_agility conv1d] BER-vs-reaction-latency summary saved to /content/drive/MyDrive/DHUC_RUN/conv1d/full/frequency_agility/conv1d/frequency_agility_vs_reaction.csv
2026-09-28 22:51:11 | __main__                       | INFO   | RSS [frequency_agility conv1d] = 1.60 GB
2026-09-28 22:51:11 | __main__                       | INFO   | frequency_agility experiment completed. Output in /content/drive/MyDrive/DHUC_RUN/conv1d/full/frequency_agility
2026-09-28 22:51:11 | __main__                       | INFO   | checkpoint provenance saved: /content/drive/MyDrive/DHUC_RUN/conv1d/full/frequency_agility/logs/checkpoint_provenance.json
2026-09-28 22:51:11 | __main__                       | INFO   | Experiment frequency_agility completed successfully.
2026-09-28 22:51:11 | __main__                       | INFO   | ================================================================================
2026-09-28 22:51:11 | __main__                       | INFO   | SUMMARY
2026-09-28 22:51:11 | __main__                       | INFO   | ================================================================================
2026-09-28 22:51:11 | __main__                       | INFO   | frequency_agility: OK
2026-09-28 22:51:11 | __main__                       | INFO   | All requested experiments finished. Output in: /content/drive/MyDrive/DHUC_RUN/conv1d
2026-09-28 22:51:17 | root                           | INFO   | Logging configured: file=/content/drive/MyDrive/DHUC_RUN/conv1d/full/logs/runner.log level=INFO
2026-09-28 22:51:17 | __main__                       | INFO   | Mode: full
2026-09-28 22:51:17 | __main__                       | INFO   | Run root: /content/drive/MyDrive/DHUC_RUN/conv1d/full
2026-09-28 22:51:17 | __main__                       | INFO   | Models: conv1d
2026-09-28 22:51:17 | __main__                       | INFO   | No dataset regeneration: False
2026-09-28 22:51:17 | __main__                       | INFO   | ================================================================================
2026-09-28 22:51:17 | __main__                       | INFO   | EXPERIMENT channel_generalization
2026-09-28 22:51:17 | __main__                       | INFO   | ================================================================================
2026-09-28 22:51:17 | __main__                       | INFO   | experiment_name = channel_generalization_full
2026-09-28 22:51:17 | __main__                       | INFO   | seed = 42
2026-09-28 22:51:17 | __main__                       | INFO   | lambda_mse = 2
2026-09-28 22:51:17 | __main__                       | INFO   | sequence_length = 100
2026-09-28 22:51:17 | __main__                       | INFO   | map_type = logistic / map_param = 3.9
2026-09-28 22:51:17 | __main__                       | INFO   | backbone_type = conv1d
2026-09-28 22:51:17 | __main__                       | INFO   | epochs = 5
2026-09-28 22:51:17 | src.utils.config_loader        | INFO   | config snapshot saved: /content/drive/MyDrive/DHUC_RUN/conv1d/full/channel_generalization/logs/config_used.yaml
2026-09-28 22:51:17 | __main__                       | INFO   | ============================================================
2026-09-28 22:51:17 | __main__                       | INFO   | channel_generalization experiment (models=['conv1d'])
2026-09-28 22:51:17 | __main__                       | INFO   | ============================================================
2026-09-28 22:51:17 | __main__                       | INFO   | channel_generalization conv1d: model loaded from /content/drive/MyDrive/DHUC_RUN/conv1d/full/ber_vs_snr/k3_doppler_full/conv1d/best_model.keras
2026-09-28 22:55:31 | src.experiments.channel_generalization | INFO   | [channel_generalization conv1d] nominal            pooled_ber=0.000278 [0.000254, 0.000304] min_snr@target=n/a
2026-09-28 22:59:19 | src.experiments.channel_generalization | INFO   | [channel_generalization conv1d] b_tdl_d            pooled_ber=0.150898 [0.150160, 0.151639] min_snr@target=n/a
2026-09-28 23:03:07 | src.experiments.channel_generalization | INFO   | [channel_generalization conv1d] b_tdl_d_light      pooled_ber=0.029983 [0.029633, 0.030338] min_snr@target=n/a
2026-09-28 23:07:05 | src.experiments.channel_generalization | INFO   | [channel_generalization conv1d] b_tdl_a            pooled_ber=0.199438 [0.198614, 0.200265] min_snr@target=n/a
2026-09-28 23:09:42 | src.experiments.channel_generalization | INFO   | [channel_generalization conv1d] c_two_ray_jakes    pooled_ber=0.056247 [0.055773, 0.056725] min_snr@target=n/a
2026-09-28 23:09:42 | __main__                       | INFO   | RSS [channel_generalization conv1d] = 1.54 GB
2026-09-28 23:09:42 | __main__                       | INFO   | channel_generalization experiment completed. Output in /content/drive/MyDrive/DHUC_RUN/conv1d/full/channel_generalization
2026-09-28 23:09:42 | __main__                       | INFO   | checkpoint provenance saved: /content/drive/MyDrive/DHUC_RUN/conv1d/full/channel_generalization/logs/checkpoint_provenance.json
2026-09-28 23:09:42 | __main__                       | INFO   | Experiment channel_generalization completed successfully.
2026-09-28 23:09:42 | __main__                       | INFO   | ================================================================================
2026-09-28 23:09:42 | __main__                       | INFO   | SUMMARY
2026-09-28 23:09:42 | __main__                       | INFO   | ================================================================================
2026-09-28 23:09:42 | __main__                       | INFO   | channel_generalization: OK
2026-09-28 23:09:42 | __main__                       | INFO   | All requested experiments finished. Output in: /content/drive/MyDrive/DHUC_RUN/conv1d
2026-09-28 23:09:48 | root                           | INFO   | Logging configured: file=/content/drive/MyDrive/DHUC_RUN/conv1d/full/logs/runner.log level=INFO
2026-09-28 23:09:48 | __main__                       | INFO   | Mode: full
2026-09-28 23:09:48 | __main__                       | INFO   | Run root: /content/drive/MyDrive/DHUC_RUN/conv1d/full
2026-09-28 23:09:48 | __main__                       | INFO   | Models: conv1d
2026-09-28 23:09:48 | __main__                       | INFO   | No dataset regeneration: False
2026-09-28 23:09:48 | __main__                       | INFO   | ================================================================================
2026-09-28 23:09:48 | __main__                       | INFO   | EXPERIMENT peer_estimation
2026-09-28 23:09:48 | __main__                       | INFO   | ================================================================================
2026-09-28 23:09:48 | __main__                       | INFO   | experiment_name = peer_estimation_full
2026-09-28 23:09:48 | __main__                       | INFO   | seed = 42
2026-09-28 23:09:48 | __main__                       | INFO   | lambda_mse = 2
2026-09-28 23:09:48 | __main__                       | INFO   | sequence_length = 100
2026-09-28 23:09:48 | __main__                       | INFO   | map_type = logistic / map_param = 3.9
2026-09-28 23:09:48 | __main__                       | INFO   | backbone_type = conv1d
2026-09-28 23:09:48 | __main__                       | INFO   | epochs = 5
2026-09-28 23:09:48 | src.utils.config_loader        | INFO   | config snapshot saved: /content/drive/MyDrive/DHUC_RUN/conv1d/full/peer_estimation/logs/config_used.yaml
2026-09-28 23:09:48 | __main__                       | INFO   | ============================================================
2026-09-28 23:09:48 | __main__                       | INFO   | peer_estimation experiment (models=['conv1d'])
2026-09-28 23:09:48 | __main__                       | INFO   | ============================================================
2026-09-28 23:09:48 | __main__                       | INFO   | peer_estimation conv1d: model loaded from /content/drive/MyDrive/DHUC_RUN/conv1d/full/ber_vs_snr/iod_peers/conv1d/best_model.keras
2026-09-28 23:09:53 | src.experiments.peer_estimation | INFO   | peer_estimation conv1d: 16000 samples, target_id=0.0800, peer_false=0.0143 -> /content/drive/MyDrive/DHUC_RUN/conv1d/full/peer_estimation/conv1d
2026-09-28 23:09:54 | __main__                       | INFO   | RSS [peer_estimation conv1d] = 1.54 GB
2026-09-28 23:09:54 | __main__                       | INFO   | peer_estimation experiment completed. Output in /content/drive/MyDrive/DHUC_RUN/conv1d/full/peer_estimation
2026-09-28 23:09:54 | __main__                       | INFO   | checkpoint provenance saved: /content/drive/MyDrive/DHUC_RUN/conv1d/full/peer_estimation/logs/checkpoint_provenance.json
2026-09-28 23:09:54 | __main__                       | INFO   | Experiment peer_estimation completed successfully.
2026-09-28 23:09:54 | __main__                       | INFO   | ================================================================================
2026-09-28 23:09:54 | __main__                       | INFO   | SUMMARY
2026-09-28 23:09:54 | __main__                       | INFO   | ================================================================================
2026-09-28 23:09:54 | __main__                       | INFO   | peer_estimation: OK
2026-09-28 23:09:54 | __main__                       | INFO   | All requested experiments finished. Output in: /content/drive/MyDrive/DHUC_RUN/conv1d
